ISO-10303-21;
HEADER;
FILE_DESCRIPTION((''),'2;1');
FILE_NAME('GUDINGZUO-AMS1','2026-03-04T20:44:55',('dl.liu'),(''),
'CREO PARAMETRIC BY PTC INC, 2018020','CREO PARAMETRIC BY PTC INC, 2018020','');
FILE_SCHEMA(('CONFIG_CONTROL_DESIGN','SHAPE_APPEARANCE_LAYERS_GROUPS'));
ENDSEC;
DATA;
#256=DIRECTION('',(0.E0,1.E0,0.E0));
#257=VECTOR('',#256,5.274331513212E0);
#258=CARTESIAN_POINT('',(0.E0,-1.33E1,-8.85E1));
#259=LINE('',#258,#257);
#260=CARTESIAN_POINT('',(0.E0,-1.E1,-8.781939798988E1));
#261=DIRECTION('',(-1.E0,0.E0,0.E0));
#262=DIRECTION('',(0.E0,6.727272727272E-1,7.398905436137E-1));
#263=AXIS2_PLACEMENT_3D('',#260,#261,#262);
#265=CARTESIAN_POINT('',(0.E0,-6.3E0,-8.375E1));
#266=DIRECTION('',(-1.E0,0.E0,0.E0));
#267=DIRECTION('',(0.E0,-6.727272727273E-1,-7.398905436137E-1));
#268=AXIS2_PLACEMENT_3D('',#265,#266,#267);
#270=CARTESIAN_POINT('',(0.E0,-1.E1,-7.968060201012E1));
#271=DIRECTION('',(-1.E0,0.E0,0.E0));
#272=DIRECTION('',(0.E0,1.E0,0.E0));
#273=AXIS2_PLACEMENT_3D('',#270,#271,#272);
#275=DIRECTION('',(0.E0,1.E0,0.E0));
#276=VECTOR('',#275,9.E0);
#277=CARTESIAN_POINT('',(0.E0,-9.E0,-6.405E1));
#278=LINE('',#277,#276);
#279=DIRECTION('',(0.E0,1.E0,0.E0));
#280=VECTOR('',#279,9.E0);
#281=CARTESIAN_POINT('',(0.E0,-9.E0,-2.445E1));
#282=LINE('',#281,#280);
#283=CARTESIAN_POINT('',(0.E0,-1.E1,-8.819397989875E0));
#284=DIRECTION('',(-1.E0,0.E0,0.E0));
#285=DIRECTION('',(0.E0,6.727272727272E-1,7.398905436137E-1));
#286=AXIS2_PLACEMENT_3D('',#283,#284,#285);
#288=CARTESIAN_POINT('',(0.E0,-6.3E0,-4.75E0));
#289=DIRECTION('',(-1.E0,0.E0,0.E0));
#290=DIRECTION('',(0.E0,-6.727272727273E-1,-7.398905436137E-1));
#291=AXIS2_PLACEMENT_3D('',#288,#289,#290);
#293=CARTESIAN_POINT('',(0.E0,-1.E1,-6.806020101248E-1));
#294=DIRECTION('',(-1.E0,0.E0,0.E0));
#295=DIRECTION('',(0.E0,9.871657566062E-1,-1.596989949376E-1));
#296=AXIS2_PLACEMENT_3D('',#293,#294,#295);
#298=DIRECTION('',(0.E0,-1.E0,0.E0));
#299=VECTOR('',#298,5.274331513212E0);
#300=CARTESIAN_POINT('',(0.E0,-8.025668486788E0,0.E0));
#301=LINE('',#300,#299);
#302=DIRECTION('',(0.E0,0.E0,-1.E0));
#303=VECTOR('',#302,7.E0);
#304=CARTESIAN_POINT('',(0.E0,-1.23E1,-1.E0));
#305=LINE('',#304,#303);
#306=DIRECTION('',(0.E0,1.E0,0.E0));
#307=VECTOR('',#306,8.454201624853E-1);
#308=CARTESIAN_POINT('',(0.E0,-1.414542016249E1,-9.E0));
#309=LINE('',#308,#307);
#310=CARTESIAN_POINT('',(0.E0,-1.715E1,-5.65E0));
#311=DIRECTION('',(-1.E0,0.E0,0.E0));
#312=DIRECTION('',(0.E0,6.676844083366E-1,-7.444444444444E-1));
#313=AXIS2_PLACEMENT_3D('',#310,#311,#312);
#315=DIRECTION('',(0.E0,1.E0,0.E0));
#316=VECTOR('',#315,8.454201624853E-1);
#317=CARTESIAN_POINT('',(0.E0,-2.1E1,-9.E0));
#318=LINE('',#317,#316);
#319=DIRECTION('',(0.E0,0.E0,-1.E0));
#320=VECTOR('',#319,7.25E1);
#321=CARTESIAN_POINT('',(0.E0,-2.2E1,-8.E0));
#322=LINE('',#321,#320);
#323=DIRECTION('',(0.E0,1.E0,0.E0));
#324=VECTOR('',#323,8.454201624853E-1);
#325=CARTESIAN_POINT('',(0.E0,-2.1E1,-7.95E1));
#326=LINE('',#325,#324);
#327=CARTESIAN_POINT('',(0.E0,-1.715E1,-8.285E1));
#328=DIRECTION('',(-1.E0,0.E0,0.E0));
#329=DIRECTION('',(0.E0,-6.676844083366E-1,7.444444444444E-1));
#330=AXIS2_PLACEMENT_3D('',#327,#328,#329);
#332=DIRECTION('',(0.E0,1.E0,0.E0));
#333=VECTOR('',#332,8.454201624853E-1);
#334=CARTESIAN_POINT('',(0.E0,-1.414542016249E1,-7.95E1));
#335=LINE('',#334,#333);
#336=DIRECTION('',(0.E0,0.E0,1.E0));
#337=VECTOR('',#336,7.E0);
#338=CARTESIAN_POINT('',(0.E0,-1.23E1,-8.75E1));
#339=LINE('',#338,#337);
#340=DIRECTION('',(1.E0,0.E0,0.E0));
#341=VECTOR('',#340,2.110145586585E1);
#342=CARTESIAN_POINT('',(-2.110145586585E1,-8.025668486788E0,-8.85E1));
#343=LINE('',#342,#341);
#344=DIRECTION('',(1.E0,0.E0,0.E0));
#345=VECTOR('',#344,3.E1);
#346=CARTESIAN_POINT('',(-3.E1,-1.33E1,-8.85E1));
#347=LINE('',#346,#345);
#348=DIRECTION('',(-1.E0,0.E0,0.E0));
#349=VECTOR('',#348,4.E1);
#350=CARTESIAN_POINT('',(1.E1,-2.1E1,-8.85E1));
#351=LINE('',#350,#349);
#352=DIRECTION('',(1.E0,0.E0,0.E0));
#353=VECTOR('',#352,3.110145586584E1);
#354=CARTESIAN_POINT('',(-2.110145586584E1,-1.E0,-8.85E1));
#355=LINE('',#354,#353);
#356=DIRECTION('',(1.072033645371E-12,1.E0,0.E0));
#357=VECTOR('',#356,7.025668486788E0);
#358=CARTESIAN_POINT('',(-2.110145586585E1,-8.025668486788E0,-8.85E1));
#359=LINE('',#358,#357);
#360=CARTESIAN_POINT('',(-2.110145586585E1,-8.025668486788E0,-8.75E1));
#361=DIRECTION('',(1.E0,0.E0,0.E0));
#362=DIRECTION('',(0.E0,-9.871657566062E-1,-1.596989949376E-1));
#363=AXIS2_PLACEMENT_3D('',#360,#361,#362);
#365=CARTESIAN_POINT('',(0.E0,-8.025668486788E0,-8.75E1));
#366=DIRECTION('',(1.E0,0.E0,0.E0));
#367=DIRECTION('',(0.E0,-9.871657566062E-1,-1.596989949376E-1));
#368=AXIS2_PLACEMENT_3D('',#365,#366,#367);
#370=CARTESIAN_POINT('',(-2.763965456682E1,-8.654544637470E0,
-8.633961764576E1));
#371=DIRECTION('',(8.781388583888E-1,3.539677775885E-1,-3.218368496872E-1));
#372=DIRECTION('',(-2.319655934182E-7,-6.727273660190E-1,-7.398904587904E-1));
#373=AXIS2_PLACEMENT_3D('',#370,#371,#372);
#375=DIRECTION('',(1.E0,0.E0,0.E0));
#376=VECTOR('',#375,2.110145586585E1);
#377=CARTESIAN_POINT('',(-2.110145586585E1,-9.012834243394E0,
-8.765969899494E1));
#378=LINE('',#377,#376);
#379=CARTESIAN_POINT('',(-2.763965658964E1,-9.327272724775E0,
-8.707950744853E1));
#380=CARTESIAN_POINT('',(-2.737774853348E1,-9.274590191416E0,
-8.712741451250E1));
#381=CARTESIAN_POINT('',(-2.686788285330E1,-9.199651919798E0,
-8.721437638424E1));
#382=CARTESIAN_POINT('',(-2.616773165286E1,-9.132600190817E0,
-8.731797014879E1));
#383=CARTESIAN_POINT('',(-2.549810585155E1,-9.088969412508E0,
-8.740400010449E1));
#384=CARTESIAN_POINT('',(-2.481540226765E1,-9.058875287887E0,
-8.747869172914E1));
#385=CARTESIAN_POINT('',(-2.411265329269E1,-9.038697588562E0,
-8.754186637927E1));
#386=CARTESIAN_POINT('',(-2.341767810464E1,-9.026104010002E0,
-8.759102065866E1));
#387=CARTESIAN_POINT('',(-2.270853319356E1,-9.018322901180E0,
-8.762798581442E1));
#388=CARTESIAN_POINT('',(-2.195306675323E1,-9.013903326159E0,
-8.765292816312E1));
#389=CARTESIAN_POINT('',(-2.139328042470E1,-9.012834308417E0,
-8.765969893082E1));
#390=CARTESIAN_POINT('',(-2.110145586585E1,-9.012834243394E0,
-8.765969899494E1));
#392=CARTESIAN_POINT('',(-3.526883740920E1,-9.327272727404E0,
-8.042049255386E1));
#393=CARTESIAN_POINT('',(-3.510240523339E1,-9.590660304149E0,
-8.065997575897E1));
#394=CARTESIAN_POINT('',(-3.470896460024E1,-1.006487813569E1,
-8.120691045420E1));
#395=CARTESIAN_POINT('',(-3.393566435913E1,-1.056410532515E1,
-8.217749790690E1));
#396=CARTESIAN_POINT('',(-3.294540818308E1,-1.082281922728E1,
-8.327312213058E1));
#397=CARTESIAN_POINT('',(-3.173557035171E1,-1.079801950899E1,
-8.442024226065E1));
#398=CARTESIAN_POINT('',(-3.037070286621E1,-1.049377923380E1,
-8.550148713792E1));
#399=CARTESIAN_POINT('',(-2.893771569879E1,-9.963560044550E0,
-8.642567704941E1));
#400=CARTESIAN_POINT('',(-2.806240149603E1,-9.546326553250E0,
-8.688033419173E1));
#401=CARTESIAN_POINT('',(-2.763965658964E1,-9.327272724775E0,
-8.707950744853E1));
#403=DIRECTION('',(-1.E0,-3.713599656350E-12,-3.376952066388E-12));
#404=VECTOR('',#403,3.526883740920E1);
#405=CARTESIAN_POINT('',(0.E0,-9.327272727273E0,-8.042049255374E1));
#406=LINE('',#405,#404);
#407=DIRECTION('',(1.E0,-9.036562909700E-11,8.216587947360E-11));
#408=VECTOR('',#407,2.763965658964E1);
#409=CARTESIAN_POINT('',(-2.763965658964E1,-9.327272724775E0,
-8.707950744853E1));
#410=LINE('',#409,#408);
#411=CARTESIAN_POINT('',(-3.526884242575E1,-8.654539282660E0,
-8.116037748522E1));
#412=DIRECTION('',(5.152307081003E-1,-6.341256935676E-1,-5.765604237094E-1));
#413=DIRECTION('',(-1.051764535012E-6,-6.727259767658E-1,7.398917219319E-1));
#414=AXIS2_PLACEMENT_3D('',#411,#412,#413);
#416=CARTESIAN_POINT('',(-2.798379098704E1,-8.654552589962E0,
-8.727853730403E1));
#417=CARTESIAN_POINT('',(-2.771018836011E1,-8.549803953151E0,
-8.737880188305E1));
#418=CARTESIAN_POINT('',(-2.717039510281E1,-8.399043885697E0,
-8.756271949418E1));
#419=CARTESIAN_POINT('',(-2.643464142015E1,-8.265269921176E0,
-8.778050635029E1));
#420=CARTESIAN_POINT('',(-2.572943759781E1,-8.177921149730E0,
-8.796170198558E1));
#421=CARTESIAN_POINT('',(-2.501089242312E1,-8.117755420606E0,
-8.811892764956E1));
#422=CARTESIAN_POINT('',(-2.427113100475E1,-8.077393972347E0,
-8.825193222508E1));
#423=CARTESIAN_POINT('',(-2.353959064575E1,-8.052208355155E0,
-8.835541373025E1));
#424=CARTESIAN_POINT('',(-2.279309813630E1,-8.036645725303E0,
-8.843323548535E1));
#425=CARTESIAN_POINT('',(-2.199795457026E1,-8.027806617771E0,
-8.848574564933E1));
#426=CARTESIAN_POINT('',(-2.140849721683E1,-8.025668721705E0,
-8.849999989229E1));
#427=CARTESIAN_POINT('',(-2.110145586585E1,-8.025668486788E0,-8.85E1));
#429=CARTESIAN_POINT('',(-2.110145586585E1,-1.E0,-6.85E1));
#430=DIRECTION('',(0.E0,-1.E0,0.E0));
#431=DIRECTION('',(-9.959417653658E-1,0.E0,-9.E-2));
#432=AXIS2_PLACEMENT_3D('',#429,#430,#431);
#434=CARTESIAN_POINT('',(-2.110145586585E1,-8.E0,-6.85E1));
#435=DIRECTION('',(0.E0,-1.E0,0.E0));
#436=DIRECTION('',(-9.959417653658E-1,0.E0,-9.E-2));
#437=AXIS2_PLACEMENT_3D('',#434,#435,#436);
#439=CARTESIAN_POINT('',(-3.727208820884E1,-8.000000000003E0,
-8.026905474659E1));
#440=CARTESIAN_POINT('',(-3.721723857556E1,-8.000000234727E0,
-8.034441780036E1));
#441=CARTESIAN_POINT('',(-3.710879227585E1,-8.007824313632E0,
-8.049116120959E1));
#442=CARTESIAN_POINT('',(-3.695590097628E1,-8.037707267714E0,
-8.069252436984E1));
#443=CARTESIAN_POINT('',(-3.679674684999E1,-8.087193503811E0,
-8.089684416467E1));
#444=CARTESIAN_POINT('',(-3.662311090596E1,-8.163208980139E0,
-8.111371173249E1));
#445=CARTESIAN_POINT('',(-3.643461194326E1,-8.273043258551E0,
-8.134232621354E1));
#446=CARTESIAN_POINT('',(-3.623122406602E1,-8.427067123369E0,
-8.158146937374E1));
#447=CARTESIAN_POINT('',(-3.608690367651E1,-8.569865535336E0,
-8.174568307063E1));
#448=CARTESIAN_POINT('',(-3.601448906590E1,-8.654545460022E0,
-8.182671905513E1));
#450=CARTESIAN_POINT('',(-3.601448906590E1,-8.654545460022E0,
-8.182671905513E1));
#451=CARTESIAN_POINT('',(-3.583709032661E1,-8.861929140807E0,
-8.202523004805E1));
#452=CARTESIAN_POINT('',(-3.542624080584E1,-9.227083973862E0,
-8.246946299103E1));
#453=CARTESIAN_POINT('',(-3.461084391904E1,-9.616832921572E0,
-8.326549551308E1));
#454=CARTESIAN_POINT('',(-3.356887899068E1,-9.817672670106E0,
-8.416212774225E1));
#455=CARTESIAN_POINT('',(-3.229517343012E1,-9.798458507569E0,
-8.510140598330E1));
#456=CARTESIAN_POINT('',(-3.085878473759E1,-9.561909686117E0,
-8.598650799169E1));
#457=CARTESIAN_POINT('',(-2.934932640890E1,-9.149111382983E0,
-8.674356086603E1));
#458=CARTESIAN_POINT('',(-2.843054103985E1,-8.825621829682E0,
-8.711480187267E1));
#459=CARTESIAN_POINT('',(-2.798379098704E1,-8.654552589962E0,
-8.727853730403E1));
#461=CARTESIAN_POINT('',(-4.002434940781E1,-1.E0,-7.021E1));
#462=DIRECTION('',(9.E-2,0.E0,-9.959417653658E-1));
#463=DIRECTION('',(-9.959417653658E-1,0.E0,-9.E-2));
#464=AXIS2_PLACEMENT_3D('',#461,#462,#463);
#466=CARTESIAN_POINT('',(-2.110145586585E1,-1.E0,-8.75E1));
#467=DIRECTION('',(1.E0,0.E0,0.E0));
#468=DIRECTION('',(0.E0,0.E0,-1.E0));
#469=AXIS2_PLACEMENT_3D('',#466,#467,#468);
#471=CARTESIAN_POINT('',(1.E1,-1.E0,-8.75E1));
#472=DIRECTION('',(1.E0,0.E0,0.E0));
#473=DIRECTION('',(0.E0,0.E0,-1.E0));
#474=AXIS2_PLACEMENT_3D('',#471,#472,#473);
#476=DIRECTION('',(0.E0,1.E0,0.E0));
#477=VECTOR('',#476,2.E1);
#478=CARTESIAN_POINT('',(1.E1,-2.1E1,-8.85E1));
#479=LINE('',#478,#477);
#480=CARTESIAN_POINT('',(1.E1,-2.1E1,-8.75E1));
#481=DIRECTION('',(1.E0,0.E0,0.E0));
#482=DIRECTION('',(0.E0,-1.E0,0.E0));
#483=AXIS2_PLACEMENT_3D('',#480,#481,#482);
#485=DIRECTION('',(0.E0,0.E0,-1.E0));
#486=VECTOR('',#485,8.65E1);
#487=CARTESIAN_POINT('',(1.E1,-2.2E1,-1.E0));
#488=LINE('',#487,#486);
#489=CARTESIAN_POINT('',(1.E1,-2.1E1,-1.E0));
#490=DIRECTION('',(1.E0,0.E0,0.E0));
#491=DIRECTION('',(0.E0,0.E0,1.E0));
#492=AXIS2_PLACEMENT_3D('',#489,#490,#491);
#494=DIRECTION('',(0.E0,-1.E0,0.E0));
#495=VECTOR('',#494,2.E1);
#496=CARTESIAN_POINT('',(1.E1,-1.E0,0.E0));
#497=LINE('',#496,#495);
#498=CARTESIAN_POINT('',(1.E1,-1.E0,-1.E0));
#499=DIRECTION('',(1.E0,0.E0,0.E0));
#500=DIRECTION('',(0.E0,1.E0,0.E0));
#501=AXIS2_PLACEMENT_3D('',#498,#499,#500);
#503=DIRECTION('',(0.E0,0.E0,1.E0));
#504=VECTOR('',#503,8.65E1);
#505=CARTESIAN_POINT('',(1.E1,0.E0,-8.75E1));
#506=LINE('',#505,#504);
#507=CARTESIAN_POINT('',(-3.E1,-2.1E1,-8.05E1));
#508=DIRECTION('',(-1.E0,0.E0,0.E0));
#509=DIRECTION('',(0.E0,-1.E0,0.E0));
#510=AXIS2_PLACEMENT_3D('',#507,#508,#509);
#512=DIRECTION('',(0.E0,0.E0,1.E0));
#513=VECTOR('',#512,7.E0);
#514=CARTESIAN_POINT('',(-3.E1,-2.2E1,-8.75E1));
#515=LINE('',#514,#513);
#516=CARTESIAN_POINT('',(-3.E1,-2.1E1,-8.75E1));
#517=DIRECTION('',(-1.E0,0.E0,0.E0));
#518=DIRECTION('',(0.E0,0.E0,-1.E0));
#519=AXIS2_PLACEMENT_3D('',#516,#517,#518);
#521=DIRECTION('',(0.E0,-1.E0,0.E0));
#522=VECTOR('',#521,7.7E0);
#523=CARTESIAN_POINT('',(-3.E1,-1.33E1,-8.85E1));
#524=LINE('',#523,#522);
#525=DIRECTION('',(0.E0,0.E0,-1.E0));
#526=VECTOR('',#525,9.E0);
#527=CARTESIAN_POINT('',(-3.E1,-1.33E1,-7.95E1));
#528=LINE('',#527,#526);
#529=DIRECTION('',(0.E0,1.E0,0.E0));
#530=VECTOR('',#529,8.454201624853E-1);
#531=CARTESIAN_POINT('',(-3.E1,-1.414542016249E1,-7.95E1));
#532=LINE('',#531,#530);
#533=CARTESIAN_POINT('',(-3.E1,-1.715E1,-8.285E1));
#534=DIRECTION('',(-1.E0,0.E0,0.E0));
#535=DIRECTION('',(0.E0,-6.676844083366E-1,7.444444444444E-1));
#536=AXIS2_PLACEMENT_3D('',#533,#534,#535);
#538=DIRECTION('',(0.E0,1.E0,0.E0));
#539=VECTOR('',#538,8.454201624853E-1);
#540=CARTESIAN_POINT('',(-3.E1,-2.1E1,-7.95E1));
#541=LINE('',#540,#539);
#542=CARTESIAN_POINT('',(-3.E1,-2.1E1,-8.E0));
#543=DIRECTION('',(-1.E0,0.E0,0.E0));
#544=DIRECTION('',(0.E0,0.E0,-1.E0));
#545=AXIS2_PLACEMENT_3D('',#542,#543,#544);
#547=DIRECTION('',(0.E0,-1.E0,0.E0));
#548=VECTOR('',#547,8.454201624853E-1);
#549=CARTESIAN_POINT('',(-3.E1,-2.015457983751E1,-9.E0));
#550=LINE('',#549,#548);
#551=CARTESIAN_POINT('',(-3.E1,-1.715E1,-5.65E0));
#552=DIRECTION('',(-1.E0,0.E0,0.E0));
#553=DIRECTION('',(0.E0,6.676844083366E-1,-7.444444444444E-1));
#554=AXIS2_PLACEMENT_3D('',#551,#552,#553);
#556=DIRECTION('',(0.E0,-1.E0,0.E0));
#557=VECTOR('',#556,8.454201624853E-1);
#558=CARTESIAN_POINT('',(-3.E1,-1.33E1,-9.E0));
#559=LINE('',#558,#557);
#560=DIRECTION('',(0.E0,0.E0,-1.E0));
#561=VECTOR('',#560,9.E0);
#562=CARTESIAN_POINT('',(-3.E1,-1.33E1,0.E0));
#563=LINE('',#562,#561);
#564=DIRECTION('',(0.E0,1.E0,0.E0));
#565=VECTOR('',#564,7.7E0);
#566=CARTESIAN_POINT('',(-3.E1,-2.1E1,0.E0));
#567=LINE('',#566,#565);
#568=CARTESIAN_POINT('',(-3.E1,-2.1E1,-1.E0));
#569=DIRECTION('',(-1.E0,0.E0,0.E0));
#570=DIRECTION('',(0.E0,-1.E0,0.E0));
#571=AXIS2_PLACEMENT_3D('',#568,#569,#570);
#573=DIRECTION('',(0.E0,0.E0,1.E0));
#574=VECTOR('',#573,7.E0);
#575=CARTESIAN_POINT('',(-3.E1,-2.2E1,-8.E0));
#576=LINE('',#575,#574);
#577=CARTESIAN_POINT('',(2.842170943040E-14,-2.1E1,-8.05E1));
#578=DIRECTION('',(1.E0,0.E0,0.E0));
#579=DIRECTION('',(0.E0,0.E0,1.E0));
#580=AXIS2_PLACEMENT_3D('',#577,#578,#579);
#582=DIRECTION('',(1.E0,0.E0,0.E0));
#583=VECTOR('',#582,3.E1);
#584=CARTESIAN_POINT('',(-3.E1,-2.2E1,-8.05E1));
#585=LINE('',#584,#583);
#586=DIRECTION('',(1.E0,0.E0,0.E0));
#587=VECTOR('',#586,3.E1);
#588=CARTESIAN_POINT('',(-3.E1,-2.2E1,-8.E0));
#589=LINE('',#588,#587);
#590=DIRECTION('',(-1.E0,0.E0,0.E0));
#591=VECTOR('',#590,4.E1);
#592=CARTESIAN_POINT('',(1.E1,-2.2E1,-1.E0));
#593=LINE('',#592,#591);
#594=DIRECTION('',(-1.E0,0.E0,0.E0));
#595=VECTOR('',#594,4.E1);
#596=CARTESIAN_POINT('',(1.E1,-2.2E1,-8.75E1));
#597=LINE('',#596,#595);
#598=CARTESIAN_POINT('',(0.E0,-2.1E1,-8.E0));
#599=DIRECTION('',(1.E0,0.E0,0.E0));
#600=DIRECTION('',(0.E0,-1.E0,0.E0));
#601=AXIS2_PLACEMENT_3D('',#598,#599,#600);
#603=DIRECTION('',(1.E0,0.E0,0.E0));
#604=VECTOR('',#603,3.E1);
#605=CARTESIAN_POINT('',(-3.E1,-2.1E1,-9.E0));
#606=LINE('',#605,#604);
#607=DIRECTION('',(-1.E0,0.E0,0.E0));
#608=VECTOR('',#607,3.E1);
#609=CARTESIAN_POINT('',(0.E0,-2.015457983751E1,-9.E0));
#610=LINE('',#609,#608);
#611=DIRECTION('',(1.E0,0.E0,0.E0));
#612=VECTOR('',#611,3.E1);
#613=CARTESIAN_POINT('',(-3.E1,-1.33E1,-9.E0));
#614=LINE('',#613,#612);
#615=DIRECTION('',(-1.E0,0.E0,0.E0));
#616=VECTOR('',#615,3.E1);
#617=CARTESIAN_POINT('',(0.E0,-1.414542016249E1,-9.E0));
#618=LINE('',#617,#616);
#619=CARTESIAN_POINT('',(0.E0,-1.33E1,-8.E0));
#620=DIRECTION('',(1.E0,0.E0,0.E0));
#621=DIRECTION('',(0.E0,0.E0,-1.E0));
#622=AXIS2_PLACEMENT_3D('',#619,#620,#621);
#624=DIRECTION('',(1.E0,0.E0,0.E0));
#625=VECTOR('',#624,2.7E1);
#626=CARTESIAN_POINT('',(-2.7E1,-1.23E1,-1.E0));
#627=LINE('',#626,#625);
#628=DIRECTION('',(0.E0,0.E0,-1.E0));
#629=VECTOR('',#628,7.E0);
#630=CARTESIAN_POINT('',(-2.7E1,-1.23E1,-1.E0));
#631=LINE('',#630,#629);
#632=DIRECTION('',(1.E0,0.E0,0.E0));
#633=VECTOR('',#632,2.7E1);
#634=CARTESIAN_POINT('',(-2.7E1,-1.23E1,-8.E0));
#635=LINE('',#634,#633);
#636=CARTESIAN_POINT('',(0.E0,-1.33E1,-1.E0));
#637=DIRECTION('',(1.E0,0.E0,0.E0));
#638=DIRECTION('',(0.E0,1.E0,0.E0));
#639=AXIS2_PLACEMENT_3D('',#636,#637,#638);
#641=DIRECTION('',(1.E0,0.E0,0.E0));
#642=VECTOR('',#641,2.110145586584E1);
#643=CARTESIAN_POINT('',(-2.110145586584E1,-8.025668486787E0,0.E0));
#644=LINE('',#643,#642);
#645=DIRECTION('',(1.034613603032E-12,-1.E0,0.E0));
#646=VECTOR('',#645,7.025668486787E0);
#647=CARTESIAN_POINT('',(-2.110145586584E1,-1.E0,0.E0));
#648=LINE('',#647,#646);
#649=DIRECTION('',(-1.E0,0.E0,0.E0));
#650=VECTOR('',#649,3.110145586584E1);
#651=CARTESIAN_POINT('',(1.E1,-1.E0,0.E0));
#652=LINE('',#651,#650);
#653=DIRECTION('',(-1.E0,0.E0,0.E0));
#654=VECTOR('',#653,4.E1);
#655=CARTESIAN_POINT('',(1.E1,-2.1E1,0.E0));
#656=LINE('',#655,#654);
#657=DIRECTION('',(1.E0,0.E0,0.E0));
#658=VECTOR('',#657,3.E1);
#659=CARTESIAN_POINT('',(-3.E1,-1.33E1,0.E0));
#660=LINE('',#659,#658);
#661=CARTESIAN_POINT('',(-2.110145586584E1,-8.025668486788E0,-1.E0));
#662=DIRECTION('',(1.E0,0.E0,0.E0));
#663=DIRECTION('',(0.E0,0.E0,1.E0));
#664=AXIS2_PLACEMENT_3D('',#661,#662,#663);
#666=CARTESIAN_POINT('',(0.E0,-8.025668486788E0,-1.E0));
#667=DIRECTION('',(1.E0,0.E0,0.E0));
#668=DIRECTION('',(0.E0,0.E0,1.E0));
#669=AXIS2_PLACEMENT_3D('',#666,#667,#668);
#671=DIRECTION('',(1.E0,0.E0,0.E0));
#672=VECTOR('',#671,2.110145586583E1);
#673=CARTESIAN_POINT('',(-2.110145586583E1,-9.012834243394E0,
-8.403010050624E-1));
#674=LINE('',#673,#672);
#675=CARTESIAN_POINT('',(-2.763965658565E1,-9.327272722698E0,
-1.420492549579E0));
#676=CARTESIAN_POINT('',(-2.740110192333E1,-9.279279918966E0,
-1.376850957586E0));
#677=CARTESIAN_POINT('',(-2.691223343959E1,-9.204800093841E0,
-1.292753789905E0));
#678=CARTESIAN_POINT('',(-2.617576890870E1,-9.132130929445E0,
-1.182432526682E0));
#679=CARTESIAN_POINT('',(-2.535904486359E1,-9.080652072171E0,
-1.078602913985E0));
#680=CARTESIAN_POINT('',(-2.454045093180E1,-9.049444155646E0,
-9.942561150443E-1));
#681=CARTESIAN_POINT('',(-2.374996144043E1,-9.031098761352E0,
-9.302260559229E-1));
#682=CARTESIAN_POINT('',(-2.294406709549E1,-9.020216676855E0,
-8.820609355098E-1));
#683=CARTESIAN_POINT('',(-2.208355143344E1,-9.014254233722E0,
-8.493583452865E-1));
#684=CARTESIAN_POINT('',(-2.143874812397E1,-9.012834362042E0,
-8.403011348011E-1));
#685=CARTESIAN_POINT('',(-2.110145586583E1,-9.012834243394E0,
-8.403010050624E-1));
#687=CARTESIAN_POINT('',(-3.526882709379E1,-9.327271110490E0,
-8.079508916233E0));
#688=CARTESIAN_POINT('',(-3.510580951207E1,-9.585255021286E0,
-7.844939197495E0));
#689=CARTESIAN_POINT('',(-3.472092517804E1,-1.005240973297E1,
-7.309350591596E0));
#690=CARTESIAN_POINT('',(-3.396122471526E1,-1.055119896010E1,
-6.353536370480E0));
#691=CARTESIAN_POINT('',(-3.299162989614E1,-1.081693172023E1,
-5.274818727808E0));
#692=CARTESIAN_POINT('',(-3.180087412966E1,-1.080345797310E1,
-4.139069461166E0));
#693=CARTESIAN_POINT('',(-3.051046682020E1,-1.053262609426E1,
-3.102256346930E0));
#694=CARTESIAN_POINT('',(-2.908051311040E1,-1.002609698320E1,
-2.155405044285E0));
#695=CARTESIAN_POINT('',(-2.812213787970E1,-9.577270183500E0,
-1.647803614960E0));
#696=CARTESIAN_POINT('',(-2.763965658565E1,-9.327272722698E0,
-1.420492549579E0));
#698=DIRECTION('',(-1.E0,1.655094133540E-10,1.504944967078E-10));
#699=VECTOR('',#698,2.763965658565E1);
#700=CARTESIAN_POINT('',(0.E0,-9.327272727273E0,-1.420492553738E0));
#701=LINE('',#700,#699);
#702=DIRECTION('',(1.E0,-4.584168355707E-8,4.167904853894E-8));
#703=VECTOR('',#702,3.526882709379E1);
#704=CARTESIAN_POINT('',(-3.526882709379E1,-9.327271110490E0,
-8.079508916233E0));
#705=LINE('',#704,#703);
#706=CARTESIAN_POINT('',(-3.526884290885E1,-8.654538688127E0,
-7.339623055370E0));
#707=DIRECTION('',(5.152305834724E-1,-6.341258813782E-1,5.765603285182E-1));
#708=DIRECTION('',(-7.456518329777E-1,2.132863681208E-7,6.663357591912E-1));
#709=AXIS2_PLACEMENT_3D('',#706,#707,#708);
#711=CARTESIAN_POINT('',(-2.798378877210E1,-8.654551562860E0,
-1.221461884191E0));
#712=CARTESIAN_POINT('',(-2.773379975826E1,-8.558840091128E0,
-1.129849841455E0));
#713=CARTESIAN_POINT('',(-2.721753133662E1,-8.409495597784E0,
-9.524362537936E-1));
#714=CARTESIAN_POINT('',(-2.644298048163E1,-8.264290406504E0,
-7.203034847404E-1));
#715=CARTESIAN_POINT('',(-2.558309057944E1,-8.161297844018E0,
-5.016839116111E-1));
#716=CARTESIAN_POINT('',(-2.472145904132E1,-8.098890246697E0,
-3.241178986373E-1));
#717=CARTESIAN_POINT('',(-2.388936075693E1,-8.062197058793E0,
-1.893156061566E-1));
#718=CARTESIAN_POINT('',(-2.304102108796E1,-8.040433504262E0,
-8.791574503644E-2));
#719=CARTESIAN_POINT('',(-2.213533857109E1,-8.028508331030E0,
-1.906797645225E-2));
#720=CARTESIAN_POINT('',(-2.145628895541E1,-8.025668891607E0,
-1.767992876781E-7));
#721=CARTESIAN_POINT('',(-2.110145586584E1,-8.025668486787E0,0.E0));
#723=CARTESIAN_POINT('',(-3.601449007475E1,-8.654547344121E0,
-6.673282073813E0));
#724=CARTESIAN_POINT('',(-3.584080330505E1,-8.857592987767E0,
-6.478924695014E0));
#725=CARTESIAN_POINT('',(-3.543876695888E1,-9.217446599987E0,
-6.043791276918E0));
#726=CARTESIAN_POINT('',(-3.463776750926E1,-9.606778551742E0,
-5.259927640941E0));
#727=CARTESIAN_POINT('',(-3.361752949609E1,-9.813098273102E0,
-4.377118626628E0));
#728=CARTESIAN_POINT('',(-3.236391092869E1,-9.802685509576E0,
-3.447153173816E0));
#729=CARTESIAN_POINT('',(-3.100591955962E1,-9.592130807978E0,
-2.598434179391E0));
#730=CARTESIAN_POINT('',(-2.949958622409E1,-9.197725703128E0,
-1.822795587201E0));
#731=CARTESIAN_POINT('',(-2.849354080464E1,-8.849741338082E0,
-1.408288384275E0));
#732=CARTESIAN_POINT('',(-2.798378877210E1,-8.654551562860E0,
-1.221461884191E0));
#734=CARTESIAN_POINT('',(-3.727208820795E1,-7.999999999998E0,
-8.230945252199E0));
#735=CARTESIAN_POINT('',(-3.713318050372E1,-7.999990137253E0,
-8.040081379466E0));
#736=CARTESIAN_POINT('',(-3.685330279298E1,-8.050642681665E0,
-7.670358269503E0));
#737=CARTESIAN_POINT('',(-3.645710306477E1,-8.239284138812E0,
-7.180223319591E0));
#738=CARTESIAN_POINT('',(-3.615872024457E1,-8.485826433197E0,
-6.834699970977E0));
#739=CARTESIAN_POINT('',(-3.601449007475E1,-8.654547344121E0,
-6.673282073813E0));
#741=CARTESIAN_POINT('',(-2.110145586585E1,-8.E0,-2.E1));
#742=DIRECTION('',(0.E0,1.E0,0.E0));
#743=DIRECTION('',(-9.959417653658E-1,0.E0,9.E-2));
#744=AXIS2_PLACEMENT_3D('',#741,#742,#743);
#746=CARTESIAN_POINT('',(-2.110145586585E1,-1.E0,-2.E1));
#747=DIRECTION('',(0.E0,-1.E0,0.E0));
#748=DIRECTION('',(0.E0,0.E0,1.E0));
#749=AXIS2_PLACEMENT_3D('',#746,#747,#748);
#751=CARTESIAN_POINT('',(-2.763965838252E1,-8.654546175150E0,
-2.160383752703E0));
#752=DIRECTION('',(8.781384957287E-1,3.539686043851E-1,3.218369298714E-1));
#753=DIRECTION('',(-3.441153696164E-1,-1.554299368231E-6,9.389273733316E-1));
#754=AXIS2_PLACEMENT_3D('',#751,#752,#753);
#756=CARTESIAN_POINT('',(-3.646355671188E1,-8.000000000010E0,
-8.819398155888E0));
#757=DIRECTION('',(5.884527286371E-1,6.710876298415E-8,8.085316234753E-1));
#758=DIRECTION('',(-8.085316234753E-1,9.913847520742E-12,5.884527286371E-1));
#759=AXIS2_PLACEMENT_3D('',#756,#757,#758);
#761=CARTESIAN_POINT('',(-3.646355659097E1,-9.E0,-8.819397989815E0));
#762=CARTESIAN_POINT('',(-3.633227009317E1,-8.999997304885E0,
-8.729200907483E0));
#763=CARTESIAN_POINT('',(-3.606549812970E1,-9.025244345375E0,
-8.553016388331E0));
#764=CARTESIAN_POINT('',(-3.568893804158E1,-9.119859382358E0,
-8.320129429634E0));
#765=CARTESIAN_POINT('',(-3.540693183626E1,-9.242484600459E0,
-8.156607202790E0));
#766=CARTESIAN_POINT('',(-3.526882709379E1,-9.327271110490E0,
-8.079508916233E0));
#768=DIRECTION('',(1.E0,0.E0,0.E0));
#769=VECTOR('',#768,2.651435532113E1);
#770=CARTESIAN_POINT('',(-7.14E1,-9.E0,-5.46E1));
#771=LINE('',#770,#769);
#772=CARTESIAN_POINT('',(-4.488564467887E1,-9.E0,-6.96E1));
#773=DIRECTION('',(0.E0,1.E0,0.E0));
#774=DIRECTION('',(0.E0,0.E0,1.E0));
#775=AXIS2_PLACEMENT_3D('',#772,#773,#774);
#777=CARTESIAN_POINT('',(-1.52E1,-9.E0,-6.405E1));
#778=DIRECTION('',(0.E0,-1.E0,0.E0));
#779=DIRECTION('',(-9.829683668499E-1,0.E0,-1.837748344371E-1));
#780=AXIS2_PLACEMENT_3D('',#777,#778,#779);
#782=DIRECTION('',(0.E0,0.E0,-1.E0));
#783=VECTOR('',#782,1.563060201012E1);
#784=CARTESIAN_POINT('',(0.E0,-9.E0,-6.405E1));
#785=LINE('',#784,#783);
#786=DIRECTION('',(-1.E0,0.E0,4.647891461414E-12));
#787=VECTOR('',#786,3.646355659130E1);
#788=CARTESIAN_POINT('',(0.E0,-9.E0,-7.968060201012E1));
#789=LINE('',#788,#787);
#790=CARTESIAN_POINT('',(-2.110145586585E1,-9.E0,-6.85E1));
#791=DIRECTION('',(0.E0,-1.E0,0.E0));
#792=DIRECTION('',(-9.959417653658E-1,0.E0,-9.E-2));
#793=AXIS2_PLACEMENT_3D('',#790,#791,#792);
#795=CARTESIAN_POINT('',(-4.6E1,-9.E0,-7.075E1));
#796=DIRECTION('',(0.E0,1.E0,0.E0));
#797=DIRECTION('',(0.E0,0.E0,1.E0));
#798=AXIS2_PLACEMENT_3D('',#795,#796,#797);
#800=DIRECTION('',(1.E0,0.E0,-1.536509191495E-11));
#801=VECTOR('',#800,5.399999999964E1);
#802=CARTESIAN_POINT('',(-1.E2,-9.E0,-6.475E1));
#803=LINE('',#802,#801);
#804=CARTESIAN_POINT('',(-1.E2,-9.E0,-6.075E1));
#805=DIRECTION('',(0.E0,-1.E0,0.E0));
#806=DIRECTION('',(-1.E0,0.E0,0.E0));
#807=AXIS2_PLACEMENT_3D('',#804,#805,#806);
#809=DIRECTION('',(0.E0,0.E0,-1.E0));
#810=VECTOR('',#809,1.E1);
#811=CARTESIAN_POINT('',(-1.04E2,-9.E0,-5.075E1));
#812=LINE('',#811,#810);
#813=DIRECTION('',(0.E0,0.E0,1.E0));
#814=VECTOR('',#813,1.E1);
#815=CARTESIAN_POINT('',(-1.04E2,-9.E0,-3.775E1));
#816=LINE('',#815,#814);
#817=CARTESIAN_POINT('',(-1.E2,-9.E0,-2.775E1));
#818=DIRECTION('',(0.E0,1.E0,0.E0));
#819=DIRECTION('',(-1.E0,0.E0,0.E0));
#820=AXIS2_PLACEMENT_3D('',#817,#818,#819);
#822=DIRECTION('',(1.E0,0.E0,7.891432363590E-12));
#823=VECTOR('',#822,5.399999999965E1);
#824=CARTESIAN_POINT('',(-1.E2,-9.E0,-2.375E1));
#825=LINE('',#824,#823);
#826=CARTESIAN_POINT('',(-4.6E1,-9.E0,-1.775E1));
#827=DIRECTION('',(0.E0,-1.E0,0.E0));
#828=DIRECTION('',(0.E0,0.E0,-1.E0));
#829=AXIS2_PLACEMENT_3D('',#826,#827,#828);
#831=CARTESIAN_POINT('',(-2.110145586585E1,-9.E0,-2.E1));
#832=DIRECTION('',(0.E0,1.E0,0.E0));
#833=DIRECTION('',(-9.959417653658E-1,0.E0,9.E-2));
#834=AXIS2_PLACEMENT_3D('',#831,#832,#833);
#836=DIRECTION('',(1.E0,0.E0,-1.657267940082E-12));
#837=VECTOR('',#836,3.646355659097E1);
#838=CARTESIAN_POINT('',(-3.646355659097E1,-9.E0,-8.819397989815E0));
#839=LINE('',#838,#837);
#840=DIRECTION('',(0.E0,0.E0,-1.E0));
#841=VECTOR('',#840,1.563060201012E1);
#842=CARTESIAN_POINT('',(0.E0,-9.E0,-8.819397989875E0));
#843=LINE('',#842,#841);
#844=CARTESIAN_POINT('',(-1.52E1,-9.E0,-2.445E1));
#845=DIRECTION('',(0.E0,-1.E0,0.E0));
#846=DIRECTION('',(1.E0,0.E0,0.E0));
#847=AXIS2_PLACEMENT_3D('',#844,#845,#846);
#849=CARTESIAN_POINT('',(-4.488564467887E1,-9.E0,-1.89E1));
#850=DIRECTION('',(0.E0,1.E0,0.E0));
#851=DIRECTION('',(9.829683668499E-1,0.E0,-1.837748344370E-1));
#852=AXIS2_PLACEMENT_3D('',#849,#850,#851);
#854=DIRECTION('',(-1.E0,0.E0,0.E0));
#855=VECTOR('',#854,2.651435532113E1);
#856=CARTESIAN_POINT('',(-4.488564467887E1,-9.E0,-3.39E1));
#857=LINE('',#856,#855);
#858=DIRECTION('',(7.071067811866E-1,-7.071067811865E-1,0.E0));
#859=VECTOR('',#858,3.427564927611E1);
#860=CARTESIAN_POINT('',(-1.05E2,2.123654403271E1,-5.075E1));
#861=LINE('',#860,#859);
#862=DIRECTION('',(0.E0,-1.E0,0.E0));
#863=VECTOR('',#862,7.979435204400E0);
#864=CARTESIAN_POINT('',(-8.076345596729E1,4.979435204400E0,-5.075E1));
#865=LINE('',#864,#863);
#866=DIRECTION('',(7.071067811866E-1,-7.071067811865E-1,0.E0));
#867=VECTOR('',#866,1.324192641963E1);
#868=CARTESIAN_POINT('',(-8.076345596729E1,4.979435204400E0,-5.075E1));
#869=LINE('',#868,#867);
#870=DIRECTION('',(-1.E0,0.E0,0.E0));
#871=VECTOR('',#870,3.26E1);
#872=CARTESIAN_POINT('',(-7.14E1,-9.E0,-5.075E1));
#873=LINE('',#872,#871);
#874=CARTESIAN_POINT('',(-1.04E2,-8.E0,-5.075E1));
#875=DIRECTION('',(0.E0,0.E0,1.E0));
#876=DIRECTION('',(-1.E0,0.E0,0.E0));
#877=AXIS2_PLACEMENT_3D('',#874,#875,#876);
#879=DIRECTION('',(0.E0,0.E0,-1.E0));
#880=VECTOR('',#879,1.3E1);
#881=CARTESIAN_POINT('',(-8.076345596729E1,-3.E0,-3.775E1));
#882=LINE('',#881,#880);
#883=CARTESIAN_POINT('',(-8.076345596729E1,4.979435204400E0,-5.075E1));
#884=CARTESIAN_POINT('',(-8.076345596729E1,4.129405144334E0,-5.020833333333E1));
#885=CARTESIAN_POINT('',(-8.076345596729E1,2.869500917527E0,-4.9125E1));
#886=CARTESIAN_POINT('',(-8.076345596729E1,1.294277203765E0,-4.695833333333E1));
#887=CARTESIAN_POINT('',(-8.076345596729E1,6.189606917E-1,-4.425E1));
#888=CARTESIAN_POINT('',(-8.076345596729E1,1.294277203765E0,-4.154166666667E1));
#889=CARTESIAN_POINT('',(-8.076345596729E1,2.869500917527E0,-3.9375E1));
#890=CARTESIAN_POINT('',(-8.076345596729E1,4.129405144334E0,-3.829166666667E1));
#891=CARTESIAN_POINT('',(-8.076345596729E1,4.979435204400E0,-3.775E1));
#893=DIRECTION('',(7.071067811866E-1,-7.071067811865E-1,0.E0));
#894=VECTOR('',#893,8.162236636409E0);
#895=CARTESIAN_POINT('',(-7.717157287525E1,9.671572875254E0,-5.3E1));
#896=LINE('',#895,#894);
#897=DIRECTION('',(-7.071067811866E-1,7.071067811865E-1,0.E0));
#898=VECTOR('',#897,1.324192641963E1);
#899=CARTESIAN_POINT('',(-7.14E1,-4.384020762890E0,-3.775E1));
#900=LINE('',#899,#898);
#901=DIRECTION('',(0.E0,1.E0,0.E0));
#902=VECTOR('',#901,7.979435204400E0);
#903=CARTESIAN_POINT('',(-8.076345596729E1,-3.E0,-3.775E1));
#904=LINE('',#903,#902);
#905=DIRECTION('',(7.071067811866E-1,-7.071067811865E-1,0.E0));
#906=VECTOR('',#905,3.427564927611E1);
#907=CARTESIAN_POINT('',(-1.05E2,2.123654403271E1,-3.775E1));
#908=LINE('',#907,#906);
#909=CARTESIAN_POINT('',(-1.04E2,-8.E0,-3.775E1));
#910=DIRECTION('',(0.E0,0.E0,-1.E0));
#911=DIRECTION('',(0.E0,-1.E0,0.E0));
#912=AXIS2_PLACEMENT_3D('',#909,#910,#911);
#914=DIRECTION('',(1.E0,0.E0,0.E0));
#915=VECTOR('',#914,3.26E1);
#916=CARTESIAN_POINT('',(-1.04E2,-9.E0,-3.775E1));
#917=LINE('',#916,#915);
#918=DIRECTION('',(0.E0,0.E0,1.E0));
#919=VECTOR('',#918,9.999999996566E0);
#920=CARTESIAN_POINT('',(-1.05E2,-8.E0,-3.775E1));
#921=LINE('',#920,#919);
#922=DIRECTION('',(0.E0,1.E0,0.E0));
#923=VECTOR('',#922,2.923654403271E1);
#924=CARTESIAN_POINT('',(-1.05E2,-8.E0,-3.775E1));
#925=LINE('',#924,#923);
#926=DIRECTION('',(0.E0,0.E0,-1.E0));
#927=VECTOR('',#926,1.3E1);
#928=CARTESIAN_POINT('',(-1.05E2,2.123654403271E1,-3.775E1));
#929=LINE('',#928,#927);
#930=DIRECTION('',(0.E0,1.E0,0.E0));
#931=VECTOR('',#930,2.923654403271E1);
#932=CARTESIAN_POINT('',(-1.05E2,-8.E0,-5.075E1));
#933=LINE('',#932,#931);
#934=DIRECTION('',(0.E0,0.E0,-1.E0));
#935=VECTOR('',#934,9.999999992692E0);
#936=CARTESIAN_POINT('',(-1.05E2,-8.E0,-5.075E1));
#937=LINE('',#936,#935);
#938=DIRECTION('',(0.E0,-1.E0,5.534214356625E-10));
#939=VECTOR('',#938,7.E0);
#940=CARTESIAN_POINT('',(-1.05E2,-1.E0,-6.074999999657E1));
#941=LINE('',#940,#939);
#942=DIRECTION('',(0.E0,0.E0,-1.E0));
#943=VECTOR('',#942,3.149999996566E0);
#944=CARTESIAN_POINT('',(-1.05E2,-1.E0,-5.76E1));
#945=LINE('',#944,#943);
#946=DIRECTION('',(0.E0,-1.E0,0.E0));
#947=VECTOR('',#946,1.307611844575E0);
#948=CARTESIAN_POINT('',(-1.05E2,3.5E1,-5.075E1));
#949=LINE('',#948,#947);
#950=DIRECTION('',(0.E0,-8.164965809277E-1,5.773502691896E-1));
#951=VECTOR('',#950,6.594977170305E0);
#952=CARTESIAN_POINT('',(-1.05E2,3.369238815542E1,-5.075E1));
#953=LINE('',#952,#951);
#954=DIRECTION('',(0.E0,0.E0,1.E0));
#955=VECTOR('',#954,5.384776310850E0);
#956=CARTESIAN_POINT('',(-1.05E2,2.830761184457E1,-4.694238815543E1));
#957=LINE('',#956,#955);
#958=DIRECTION('',(0.E0,8.164965809277E-1,5.773502691896E-1));
#959=VECTOR('',#958,6.594977170305E0);
#960=CARTESIAN_POINT('',(-1.05E2,2.830761184457E1,-4.155761184457E1));
#961=LINE('',#960,#959);
#962=DIRECTION('',(0.E0,-1.E0,0.E0));
#963=VECTOR('',#962,1.307611844575E0);
#964=CARTESIAN_POINT('',(-1.05E2,3.5E1,-3.775E1));
#965=LINE('',#964,#963);
#966=DIRECTION('',(0.E0,0.E0,-1.E0));
#967=VECTOR('',#966,3.149999996566E0);
#968=CARTESIAN_POINT('',(-1.05E2,-1.E0,-2.775000000343E1));
#969=LINE('',#968,#967);
#970=DIRECTION('',(0.E0,1.E0,0.E0));
#971=VECTOR('',#970,7.E0);
#972=CARTESIAN_POINT('',(-1.05E2,-8.E0,-2.775000000343E1));
#973=LINE('',#972,#971);
#974=CARTESIAN_POINT('',(-1.04E2,-8.E0,-2.775E1));
#975=DIRECTION('',(0.E0,0.E0,1.E0));
#976=DIRECTION('',(-1.E0,0.E0,0.E0));
#977=AXIS2_PLACEMENT_3D('',#974,#975,#976);
#979=CARTESIAN_POINT('',(-1.E2,-8.E0,-2.775E1));
#980=DIRECTION('',(0.E0,1.E0,0.E0));
#981=DIRECTION('',(-1.E0,0.E0,0.E0));
#982=AXIS2_PLACEMENT_3D('',#979,#980,#981);
#984=CARTESIAN_POINT('',(-1.E2,-1.E0,-2.775E1));
#985=DIRECTION('',(0.E0,-1.E0,0.E0));
#986=DIRECTION('',(0.E0,0.E0,1.E0));
#987=AXIS2_PLACEMENT_3D('',#984,#985,#986);
#989=CARTESIAN_POINT('',(-1.E2,-1.E0,-2.375E1));
#990=DIRECTION('',(-1.E0,0.E0,0.E0));
#991=DIRECTION('',(0.E0,0.E0,1.E0));
#992=AXIS2_PLACEMENT_3D('',#989,#990,#991);
#994=CARTESIAN_POINT('',(-1.04E2,-1.E0,-2.775E1));
#995=DIRECTION('',(0.E0,0.E0,-1.E0));
#996=DIRECTION('',(-1.E0,0.E0,0.E0));
#997=AXIS2_PLACEMENT_3D('',#994,#995,#996);
#999=CARTESIAN_POINT('',(-1.04E2,-1.E0,-3.09E1));
#1000=DIRECTION('',(0.E0,0.E0,-1.E0));
#1001=DIRECTION('',(-1.E0,0.E0,0.E0));
#1002=AXIS2_PLACEMENT_3D('',#999,#1000,#1001);
#1004=DIRECTION('',(2.706829469562E-14,0.E0,-1.E0));
#1005=VECTOR('',#1004,3.15E0);
#1006=CARTESIAN_POINT('',(-1.04E2,0.E0,-5.76E1));
#1007=LINE('',#1006,#1005);
#1008=CARTESIAN_POINT('',(-1.E2,0.E0,-6.075E1));
#1009=DIRECTION('',(0.E0,-1.E0,0.E0));
#1010=DIRECTION('',(-1.E0,0.E0,0.E0));
#1011=AXIS2_PLACEMENT_3D('',#1008,#1009,#1010);
#1013=DIRECTION('',(1.E0,0.E0,-6.490413145244E-12));
#1014=VECTOR('',#1013,5.399999999967E1);
#1015=CARTESIAN_POINT('',(-1.E2,0.E0,-6.475E1));
#1016=LINE('',#1015,#1014);
#1017=CARTESIAN_POINT('',(-4.6E1,0.E0,-7.075E1));
#1018=DIRECTION('',(0.E0,1.E0,0.E0));
#1019=DIRECTION('',(0.E0,0.E0,1.E0));
#1020=AXIS2_PLACEMENT_3D('',#1017,#1018,#1019);
#1022=CARTESIAN_POINT('',(-2.110145586585E1,0.E0,-6.85E1));
#1023=DIRECTION('',(0.E0,-1.E0,0.E0));
#1024=DIRECTION('',(-9.959417653658E-1,0.E0,-9.000000000001E-2));
#1025=AXIS2_PLACEMENT_3D('',#1022,#1023,#1024);
#1027=DIRECTION('',(1.E0,0.E0,0.E0));
#1028=VECTOR('',#1027,3.110145586585E1);
#1029=CARTESIAN_POINT('',(-2.110145586585E1,0.E0,-8.75E1));
#1030=LINE('',#1029,#1028);
#1031=DIRECTION('',(-1.E0,0.E0,0.E0));
#1032=VECTOR('',#1031,3.110145586585E1);
#1033=CARTESIAN_POINT('',(1.E1,0.E0,-1.E0));
#1034=LINE('',#1033,#1032);
#1035=CARTESIAN_POINT('',(-2.110145586585E1,0.E0,-2.E1));
#1036=DIRECTION('',(0.E0,-1.E0,0.E0));
#1037=DIRECTION('',(0.E0,0.E0,1.E0));
#1038=AXIS2_PLACEMENT_3D('',#1035,#1036,#1037);
#1040=CARTESIAN_POINT('',(-4.6E1,0.E0,-1.775E1));
#1041=DIRECTION('',(0.E0,1.E0,0.E0));
#1042=DIRECTION('',(9.959417653658E-1,0.E0,-8.999999999998E-2));
#1043=AXIS2_PLACEMENT_3D('',#1040,#1041,#1042);
#1045=DIRECTION('',(-1.E0,0.E0,-7.915511867413E-12));
#1046=VECTOR('',#1045,5.399999999965E1);
#1047=CARTESIAN_POINT('',(-4.600000000035E1,0.E0,-2.374999999957E1));
#1048=LINE('',#1047,#1046);
#1049=CARTESIAN_POINT('',(-1.E2,0.E0,-2.775E1));
#1050=DIRECTION('',(0.E0,-1.E0,0.E0));
#1051=DIRECTION('',(0.E0,0.E0,1.E0));
#1052=AXIS2_PLACEMENT_3D('',#1049,#1050,#1051);
#1054=DIRECTION('',(0.E0,0.E0,-1.E0));
#1055=VECTOR('',#1054,3.15E0);
#1056=CARTESIAN_POINT('',(-1.04E2,0.E0,-2.775E1));
#1057=LINE('',#1056,#1055);
#1058=DIRECTION('',(0.E0,0.E0,1.E0));
#1059=VECTOR('',#1058,3.E0);
#1060=CARTESIAN_POINT('',(-5.760050506339E1,0.E0,-3.39E1));
#1061=LINE('',#1060,#1059);
#1062=DIRECTION('',(-1.E0,0.E0,0.E0));
#1063=VECTOR('',#1062,1.271486038452E1);
#1064=CARTESIAN_POINT('',(-4.488564467887E1,0.E0,-3.39E1));
#1065=LINE('',#1064,#1063);
#1066=CARTESIAN_POINT('',(-4.488564467887E1,0.E0,-1.89E1));
#1067=DIRECTION('',(0.E0,-1.E0,0.E0));
#1068=DIRECTION('',(0.E0,0.E0,-1.E0));
#1069=AXIS2_PLACEMENT_3D('',#1066,#1067,#1068);
#1071=CARTESIAN_POINT('',(-1.52E1,1.421085471520E-14,-2.445E1));
#1072=DIRECTION('',(0.E0,1.E0,0.E0));
#1073=DIRECTION('',(-9.829683668499E-1,0.E0,1.837748344371E-1));
#1074=AXIS2_PLACEMENT_3D('',#1071,#1072,#1073);
#1076=DIRECTION('',(0.E0,0.E0,1.E0));
#1077=VECTOR('',#1076,3.96E1);
#1078=CARTESIAN_POINT('',(0.E0,0.E0,-6.405E1));
#1079=LINE('',#1078,#1077);
#1080=CARTESIAN_POINT('',(-1.52E1,1.421085471520E-14,-6.405E1));
#1081=DIRECTION('',(0.E0,1.E0,0.E0));
#1082=DIRECTION('',(1.E0,0.E0,0.E0));
#1083=AXIS2_PLACEMENT_3D('',#1080,#1081,#1082);
#1085=CARTESIAN_POINT('',(-4.488564467887E1,0.E0,-6.96E1));
#1086=DIRECTION('',(0.E0,-1.E0,0.E0));
#1087=DIRECTION('',(9.829683668499E-1,0.E0,1.837748344370E-1));
#1088=AXIS2_PLACEMENT_3D('',#1085,#1086,#1087);
#1090=DIRECTION('',(1.E0,0.E0,0.E0));
#1091=VECTOR('',#1090,1.271486038452E1);
#1092=CARTESIAN_POINT('',(-5.760050506339E1,0.E0,-5.46E1));
#1093=LINE('',#1092,#1091);
#1094=DIRECTION('',(0.E0,0.E0,-1.E0));
#1095=VECTOR('',#1094,3.E0);
#1096=CARTESIAN_POINT('',(-5.760050506339E1,0.E0,-5.46E1));
#1097=LINE('',#1096,#1095);
#1098=DIRECTION('',(1.E0,0.E0,0.E0));
#1099=VECTOR('',#1098,4.639949493661E1);
#1100=CARTESIAN_POINT('',(-1.04E2,0.E0,-5.76E1));
#1101=LINE('',#1100,#1099);
#1102=DIRECTION('',(-7.071067811865E-1,-7.071067811866E-1,0.E0));
#1103=VECTOR('',#1102,6.E0);
#1104=CARTESIAN_POINT('',(-7.434314575051E1,1.674264068712E1,-5.76E1));
#1105=LINE('',#1104,#1103);
#1106=DIRECTION('',(-7.071067811866E-1,7.071067811865E-1,0.E0));
#1107=VECTOR('',#1106,2.2E1);
#1108=CARTESIAN_POINT('',(-7.858578643763E1,1.25E1,-5.76E1));
#1109=LINE('',#1108,#1107);
#1110=DIRECTION('',(7.071067811865E-1,7.071067811866E-1,0.E0));
#1111=VECTOR('',#1110,6.E0);
#1112=CARTESIAN_POINT('',(-9.414213562373E1,2.805634918610E1,-5.76E1));
#1113=LINE('',#1112,#1111);
#1114=DIRECTION('',(-7.071067811866E-1,7.071067811865E-1,0.E0));
#1115=VECTOR('',#1114,3.819805153395E0);
#1116=CARTESIAN_POINT('',(-8.989949493661E1,3.229898987322E1,-5.76E1));
#1117=LINE('',#1116,#1115);
#1118=DIRECTION('',(0.E0,-1.E0,0.E0));
#1119=VECTOR('',#1118,3.6E1);
#1120=CARTESIAN_POINT('',(-1.05E2,3.5E1,-5.76E1));
#1121=LINE('',#1120,#1119);
#1122=DIRECTION('',(-1.894780628694E-14,0.E0,-1.E0));
#1123=VECTOR('',#1122,1.5E0);
#1124=CARTESIAN_POINT('',(-8.933380951166E1,3.173330444827E1,-5.075E1));
#1125=LINE('',#1124,#1123);
#1126=DIRECTION('',(-7.071067811866E-1,7.071067811865E-1,0.E0));
#1127=VECTOR('',#1126,2.04E1);
#1128=CARTESIAN_POINT('',(-7.490883117546E1,1.730832611207E1,-5.225E1));
#1129=LINE('',#1128,#1127);
#1130=DIRECTION('',(0.E0,0.E0,-1.E0));
#1131=VECTOR('',#1130,1.5E0);
#1132=CARTESIAN_POINT('',(-7.490883117546E1,1.730832611207E1,-5.075E1));
#1133=LINE('',#1132,#1131);
#1134=DIRECTION('',(-7.071067811866E-1,7.071067811865E-1,0.E0));
#1135=VECTOR('',#1134,2.04E1);
#1136=CARTESIAN_POINT('',(-7.490883117546E1,1.730832611207E1,-5.075E1));
#1137=LINE('',#1136,#1135);
#1138=DIRECTION('',(0.E0,0.E0,-1.E0));
#1139=VECTOR('',#1138,1.5E0);
#1140=CARTESIAN_POINT('',(-7.490883117546E1,1.730832611207E1,-3.625E1));
#1141=LINE('',#1140,#1139);
#1142=DIRECTION('',(-7.071067811866E-1,7.071067811865E-1,0.E0));
#1143=VECTOR('',#1142,2.04E1);
#1144=CARTESIAN_POINT('',(-7.490883117546E1,1.730832611207E1,-3.625E1));
#1145=LINE('',#1144,#1143);
#1146=DIRECTION('',(0.E0,0.E0,-1.E0));
#1147=VECTOR('',#1146,1.5E0);
#1148=CARTESIAN_POINT('',(-8.933380951166E1,3.173330444827E1,-3.625E1));
#1149=LINE('',#1148,#1147);
#1150=DIRECTION('',(-7.071067811866E-1,7.071067811865E-1,0.E0));
#1151=VECTOR('',#1150,2.04E1);
#1152=CARTESIAN_POINT('',(-7.490883117546E1,1.730832611207E1,-3.775E1));
#1153=LINE('',#1152,#1151);
#1154=DIRECTION('',(-7.071067811866E-1,7.071067811865E-1,0.E0));
#1155=VECTOR('',#1154,2.367766952966E1);
#1156=CARTESIAN_POINT('',(-5.760050506339E1,0.E0,-3.09E1));
#1157=LINE('',#1156,#1155);
#1158=DIRECTION('',(0.E0,0.E0,1.E0));
#1159=VECTOR('',#1158,2.25E0);
#1160=CARTESIAN_POINT('',(-7.222182540695E1,1.462132034356E1,-3.775E1));
#1161=LINE('',#1160,#1159);
#1162=DIRECTION('',(-7.071067811866E-1,7.071067811865E-1,0.E0));
#1163=VECTOR('',#1162,1.162236636409E0);
#1164=CARTESIAN_POINT('',(-7.14E1,1.379949493661E1,-3.55E1));
#1165=LINE('',#1164,#1163);
#1166=DIRECTION('',(7.071067811866E-1,-7.071067811865E-1,0.E0));
#1167=VECTOR('',#1166,2.367766952966E1);
#1168=CARTESIAN_POINT('',(-7.434314575051E1,1.674264068712E1,-5.76E1));
#1169=LINE('',#1168,#1167);
#1170=DIRECTION('',(-7.071067811866E-1,7.071067811865E-1,0.E0));
#1171=VECTOR('',#1170,1.162236636409E0);
#1172=CARTESIAN_POINT('',(-7.14E1,1.379949493661E1,-5.3E1));
#1173=LINE('',#1172,#1171);
#1174=DIRECTION('',(0.E0,0.E0,1.E0));
#1175=VECTOR('',#1174,2.25E0);
#1176=CARTESIAN_POINT('',(-7.222182540695E1,1.462132034356E1,-5.3E1));
#1177=LINE('',#1176,#1175);
#1178=DIRECTION('',(0.E0,0.E0,1.E0));
#1179=VECTOR('',#1178,6.85E0);
#1180=CARTESIAN_POINT('',(-9.414213562373E1,2.805634918610E1,-3.775E1));
#1181=LINE('',#1180,#1179);
#1182=DIRECTION('',(0.E0,0.E0,-1.E0));
#1183=VECTOR('',#1182,6.85E0);
#1184=CARTESIAN_POINT('',(-8.989949493661E1,3.229898987322E1,-3.09E1));
#1185=LINE('',#1184,#1183);
#1186=DIRECTION('',(0.E0,0.E0,1.E0));
#1187=VECTOR('',#1186,6.85E0);
#1188=CARTESIAN_POINT('',(-9.414213562373E1,2.805634918610E1,-5.76E1));
#1189=LINE('',#1188,#1187);
#1190=DIRECTION('',(0.E0,0.E0,-1.E0));
#1191=VECTOR('',#1190,6.85E0);
#1192=CARTESIAN_POINT('',(-8.989949493661E1,3.229898987322E1,-5.075E1));
#1193=LINE('',#1192,#1191);
#1194=DIRECTION('',(0.E0,0.E0,1.E0));
#1195=VECTOR('',#1194,6.85E0);
#1196=CARTESIAN_POINT('',(-7.858578643763E1,1.25E1,-3.775E1));
#1197=LINE('',#1196,#1195);
#1198=DIRECTION('',(0.E0,0.E0,1.E0));
#1199=VECTOR('',#1198,1.5E0);
#1200=CARTESIAN_POINT('',(-9.357645019878E1,2.749066376115E1,-3.775E1));
#1201=LINE('',#1200,#1199);
#1202=DIRECTION('',(0.E0,0.E0,1.E0));
#1203=VECTOR('',#1202,1.5E0);
#1204=CARTESIAN_POINT('',(-9.357645019878E1,2.749066376115E1,-5.225E1));
#1205=LINE('',#1204,#1203);
#1206=DIRECTION('',(0.E0,0.E0,1.E0));
#1207=VECTOR('',#1206,6.85E0);
#1208=CARTESIAN_POINT('',(-7.858578643763E1,1.25E1,-5.76E1));
#1209=LINE('',#1208,#1207);
#1210=DIRECTION('',(0.E0,0.E0,1.E0));
#1211=VECTOR('',#1210,6.85E0);
#1212=CARTESIAN_POINT('',(-7.434314575051E1,1.674264068712E1,-3.775E1));
#1213=LINE('',#1212,#1211);
#1214=DIRECTION('',(0.E0,0.E0,1.E0));
#1215=VECTOR('',#1214,6.85E0);
#1216=CARTESIAN_POINT('',(-7.434314575051E1,1.674264068712E1,-5.76E1));
#1217=LINE('',#1216,#1215);
#1218=DIRECTION('',(-1.E0,0.E0,0.E0));
#1219=VECTOR('',#1218,4.639949493661E1);
#1220=CARTESIAN_POINT('',(-5.760050506339E1,0.E0,-3.09E1));
#1221=LINE('',#1220,#1219);
#1222=DIRECTION('',(0.E0,1.E0,0.E0));
#1223=VECTOR('',#1222,3.6E1);
#1224=CARTESIAN_POINT('',(-1.05E2,-1.E0,-3.09E1));
#1225=LINE('',#1224,#1223);
#1226=DIRECTION('',(-7.071067811866E-1,7.071067811865E-1,0.E0));
#1227=VECTOR('',#1226,3.819805153395E0);
#1228=CARTESIAN_POINT('',(-8.989949493661E1,3.229898987322E1,-3.09E1));
#1229=LINE('',#1228,#1227);
#1230=DIRECTION('',(7.071067811865E-1,7.071067811866E-1,0.E0));
#1231=VECTOR('',#1230,6.E0);
#1232=CARTESIAN_POINT('',(-9.414213562373E1,2.805634918610E1,-3.09E1));
#1233=LINE('',#1232,#1231);
#1234=DIRECTION('',(-7.071067811866E-1,7.071067811865E-1,0.E0));
#1235=VECTOR('',#1234,2.2E1);
#1236=CARTESIAN_POINT('',(-7.858578643763E1,1.25E1,-3.09E1));
#1237=LINE('',#1236,#1235);
#1238=DIRECTION('',(-7.071067811865E-1,-7.071067811866E-1,0.E0));
#1239=VECTOR('',#1238,6.E0);
#1240=CARTESIAN_POINT('',(-7.434314575051E1,1.674264068712E1,-3.09E1));
#1241=LINE('',#1240,#1239);
#1242=DIRECTION('',(0.E0,0.E0,1.E0));
#1243=VECTOR('',#1242,6.85E0);
#1244=CARTESIAN_POINT('',(-1.05E2,3.5E1,-5.76E1));
#1245=LINE('',#1244,#1243);
#1246=DIRECTION('',(-1.E0,0.E0,0.E0));
#1247=VECTOR('',#1246,1.239949493661E1);
#1248=CARTESIAN_POINT('',(-9.260050506339E1,3.5E1,-5.76E1));
#1249=LINE('',#1248,#1247);
#1250=DIRECTION('',(0.E0,0.E0,1.E0));
#1251=VECTOR('',#1250,6.85E0);
#1252=CARTESIAN_POINT('',(-9.260050506339E1,3.5E1,-5.76E1));
#1253=LINE('',#1252,#1251);
#1254=DIRECTION('',(0.E0,0.E0,1.E0));
#1255=VECTOR('',#1254,6.85E0);
#1256=CARTESIAN_POINT('',(-9.260050506339E1,3.5E1,-3.775E1));
#1257=LINE('',#1256,#1255);
#1258=DIRECTION('',(1.E0,0.E0,0.E0));
#1259=VECTOR('',#1258,1.239949493661E1);
#1260=CARTESIAN_POINT('',(-1.05E2,3.5E1,-3.09E1));
#1261=LINE('',#1260,#1259);
#1262=DIRECTION('',(0.E0,0.E0,1.E0));
#1263=VECTOR('',#1262,6.85E0);
#1264=CARTESIAN_POINT('',(-1.05E2,3.5E1,-3.775E1));
#1265=LINE('',#1264,#1263);
#1266=DIRECTION('',(-7.071067811866E-1,7.071067811865E-1,0.E0));
#1267=VECTOR('',#1266,2.04E1);
#1268=CARTESIAN_POINT('',(-7.844436508139E1,1.377279220614E1,-5.075E1));
#1269=LINE('',#1268,#1267);
#1270=DIRECTION('',(-7.071067811865E-1,-7.071067811865E-1,0.E0));
#1271=VECTOR('',#1270,1.E0);
#1272=CARTESIAN_POINT('',(-7.844436508139E1,1.377279220614E1,-5.075E1));
#1273=LINE('',#1272,#1271);
#1274=DIRECTION('',(-7.071067811866E-1,7.071067811865E-1,0.E0));
#1275=VECTOR('',#1274,8.E-1);
#1276=CARTESIAN_POINT('',(-7.858578643763E1,1.25E1,-5.075E1));
#1277=LINE('',#1276,#1275);
#1278=DIRECTION('',(-7.071067811865E-1,-7.071067811866E-1,0.E0));
#1279=VECTOR('',#1278,6.E0);
#1280=CARTESIAN_POINT('',(-7.434314575051E1,1.674264068712E1,-5.075E1));
#1281=LINE('',#1280,#1279);
#1282=DIRECTION('',(-7.071067811866E-1,7.071067811865E-1,0.E0));
#1283=VECTOR('',#1282,3.E0);
#1284=CARTESIAN_POINT('',(-7.222182540695E1,1.462132034356E1,-5.075E1));
#1285=LINE('',#1284,#1283);
#1286=DIRECTION('',(-7.071067811865E-1,-7.071067811866E-1,0.E0));
#1287=VECTOR('',#1286,9.692388155425E0);
#1288=CARTESIAN_POINT('',(-7.222182540695E1,1.462132034356E1,-5.075E1));
#1289=LINE('',#1288,#1287);
#1290=DIRECTION('',(-7.071067811866E-1,7.071067811865E-1,0.E0));
#1291=VECTOR('',#1290,3.666295090390E1);
#1292=CARTESIAN_POINT('',(-7.907537879754E1,7.767766952966E0,-5.075E1));
#1293=LINE('',#1292,#1291);
#1294=DIRECTION('',(1.E0,0.E0,0.E0));
#1295=VECTOR('',#1294,1.239949493661E1);
#1296=CARTESIAN_POINT('',(-1.05E2,3.5E1,-5.075E1));
#1297=LINE('',#1296,#1295);
#1298=DIRECTION('',(-7.071067811866E-1,7.071067811865E-1,0.E0));
#1299=VECTOR('',#1298,3.819805153395E0);
#1300=CARTESIAN_POINT('',(-8.989949493661E1,3.229898987322E1,-5.075E1));
#1301=LINE('',#1300,#1299);
#1302=DIRECTION('',(-7.071067811865E-1,-7.071067811866E-1,0.E0));
#1303=VECTOR('',#1302,6.E0);
#1304=CARTESIAN_POINT('',(-8.989949493661E1,3.229898987322E1,-5.075E1));
#1305=LINE('',#1304,#1303);
#1306=DIRECTION('',(-7.071067811866E-1,7.071067811865E-1,0.E0));
#1307=VECTOR('',#1306,8.E-1);
#1308=CARTESIAN_POINT('',(-9.357645019878E1,2.749066376115E1,-5.075E1));
#1309=LINE('',#1308,#1307);
#1310=DIRECTION('',(-7.071067811865E-1,-7.071067811866E-1,0.E0));
#1311=VECTOR('',#1310,1.E0);
#1312=CARTESIAN_POINT('',(-9.286934341760E1,2.819777054234E1,-5.075E1));
#1313=LINE('',#1312,#1311);
#1314=DIRECTION('',(7.035975447303E-1,7.035975447303E-1,-9.950371902100E-2));
#1315=VECTOR('',#1314,4.019950248448E0);
#1316=CARTESIAN_POINT('',(-9.216223663641E1,2.890487732353E1,-5.035E1));
#1317=LINE('',#1316,#1315);
#1318=DIRECTION('',(6.565321642986E-1,6.565321642986E-1,3.713906763541E-1));
#1319=VECTOR('',#1318,1.077032961427E0);
#1320=CARTESIAN_POINT('',(-9.286934341760E1,2.819777054234E1,-5.075E1));
#1321=LINE('',#1320,#1319);
#1322=DIRECTION('',(6.565321642986E-1,6.565321642986E-1,-3.713906763541E-1));
#1323=VECTOR('',#1322,1.077032961427E0);
#1324=CARTESIAN_POINT('',(-9.286934341760E1,2.819777054234E1,-3.775E1));
#1325=LINE('',#1324,#1323);
#1326=DIRECTION('',(7.035975447303E-1,7.035975447303E-1,9.950371902100E-2));
#1327=VECTOR('',#1326,4.019950248448E0);
#1328=CARTESIAN_POINT('',(-9.216223663641E1,2.890487732353E1,-3.815E1));
#1329=LINE('',#1328,#1327);
#1330=DIRECTION('',(7.071067811866E-1,-7.071067811865E-1,0.E0));
#1331=VECTOR('',#1330,2.04E1);
#1332=CARTESIAN_POINT('',(-9.216223663641E1,2.890487732353E1,-5.035E1));
#1333=LINE('',#1332,#1331);
#1334=DIRECTION('',(6.565321642986E-1,6.565321642986E-1,3.713906763541E-1));
#1335=VECTOR('',#1334,1.077032961427E0);
#1336=CARTESIAN_POINT('',(-7.844436508139E1,1.377279220614E1,-5.075E1));
#1337=LINE('',#1336,#1335);
#1338=DIRECTION('',(7.035975447303E-1,7.035975447303E-1,-9.950371902100E-2));
#1339=VECTOR('',#1338,4.019950248448E0);
#1340=CARTESIAN_POINT('',(-7.773725830020E1,1.447989898732E1,-5.035E1));
#1341=LINE('',#1340,#1339);
#1342=DIRECTION('',(0.E0,0.E0,1.E0));
#1343=VECTOR('',#1342,1.5E0);
#1344=CARTESIAN_POINT('',(-7.915147186258E1,1.306568542495E1,-5.225E1));
#1345=LINE('',#1344,#1343);
#1346=DIRECTION('',(7.035975447303E-1,7.035975447303E-1,9.950371902100E-2));
#1347=VECTOR('',#1346,4.019950248448E0);
#1348=CARTESIAN_POINT('',(-7.773725830020E1,1.447989898732E1,-3.815E1));
#1349=LINE('',#1348,#1347);
#1350=DIRECTION('',(6.565321642986E-1,6.565321642986E-1,-3.713906763541E-1));
#1351=VECTOR('',#1350,1.077032961427E0);
#1352=CARTESIAN_POINT('',(-7.844436508139E1,1.377279220614E1,-3.775E1));
#1353=LINE('',#1352,#1351);
#1354=DIRECTION('',(0.E0,0.E0,1.E0));
#1355=VECTOR('',#1354,1.5E0);
#1356=CARTESIAN_POINT('',(-7.915147186258E1,1.306568542495E1,-3.775E1));
#1357=LINE('',#1356,#1355);
#1358=DIRECTION('',(7.071067811865E-1,7.071067811865E-1,0.E0));
#1359=VECTOR('',#1358,6.E0);
#1360=CARTESIAN_POINT('',(-7.915147186258E1,1.306568542495E1,-5.225E1));
#1361=LINE('',#1360,#1359);
#1362=DIRECTION('',(-7.071067811865E-1,-7.071067811866E-1,0.E0));
#1363=VECTOR('',#1362,6.E0);
#1364=CARTESIAN_POINT('',(-8.933380951166E1,3.173330444827E1,-5.225E1));
#1365=LINE('',#1364,#1363);
#1366=DIRECTION('',(-7.071067811866E-1,7.071067811865E-1,0.E0));
#1367=VECTOR('',#1366,2.04E1);
#1368=CARTESIAN_POINT('',(-7.915147186258E1,1.306568542495E1,-5.225E1));
#1369=LINE('',#1368,#1367);
#1370=DIRECTION('',(7.071067811866E-1,-7.071067811865E-1,0.E0));
#1371=VECTOR('',#1370,2.04E1);
#1372=CARTESIAN_POINT('',(-9.216223663641E1,2.890487732353E1,-3.815E1));
#1373=LINE('',#1372,#1371);
#1374=DIRECTION('',(-7.071067811866E-1,7.071067811865E-1,0.E0));
#1375=VECTOR('',#1374,2.04E1);
#1376=CARTESIAN_POINT('',(-7.844436508139E1,1.377279220614E1,-3.775E1));
#1377=LINE('',#1376,#1375);
#1378=DIRECTION('',(-7.071067811865E-1,-7.071067811866E-1,0.E0));
#1379=VECTOR('',#1378,1.E0);
#1380=CARTESIAN_POINT('',(-9.286934341760E1,2.819777054234E1,-3.775E1));
#1381=LINE('',#1380,#1379);
#1382=DIRECTION('',(-7.071067811866E-1,7.071067811865E-1,0.E0));
#1383=VECTOR('',#1382,8.E-1);
#1384=CARTESIAN_POINT('',(-9.357645019878E1,2.749066376115E1,-3.775E1));
#1385=LINE('',#1384,#1383);
#1386=DIRECTION('',(-7.071067811865E-1,-7.071067811866E-1,0.E0));
#1387=VECTOR('',#1386,6.E0);
#1388=CARTESIAN_POINT('',(-8.989949493661E1,3.229898987322E1,-3.775E1));
#1389=LINE('',#1388,#1387);
#1390=DIRECTION('',(-7.071067811866E-1,7.071067811865E-1,0.E0));
#1391=VECTOR('',#1390,3.819805153395E0);
#1392=CARTESIAN_POINT('',(-8.989949493661E1,3.229898987322E1,-3.775E1));
#1393=LINE('',#1392,#1391);
#1394=DIRECTION('',(-1.E0,0.E0,0.E0));
#1395=VECTOR('',#1394,1.239949493661E1);
#1396=CARTESIAN_POINT('',(-9.260050506339E1,3.5E1,-3.775E1));
#1397=LINE('',#1396,#1395);
#1398=DIRECTION('',(7.071067811865E-1,7.071067811866E-1,0.E0));
#1399=VECTOR('',#1398,9.692388155425E0);
#1400=CARTESIAN_POINT('',(-7.907537879754E1,7.767766952966E0,-3.775E1));
#1401=LINE('',#1400,#1399);
#1402=DIRECTION('',(-7.071067811866E-1,7.071067811865E-1,0.E0));
#1403=VECTOR('',#1402,3.E0);
#1404=CARTESIAN_POINT('',(-7.222182540695E1,1.462132034356E1,-3.775E1));
#1405=LINE('',#1404,#1403);
#1406=DIRECTION('',(-7.071067811865E-1,-7.071067811866E-1,0.E0));
#1407=VECTOR('',#1406,6.E0);
#1408=CARTESIAN_POINT('',(-7.434314575051E1,1.674264068712E1,-3.775E1));
#1409=LINE('',#1408,#1407);
#1410=DIRECTION('',(-7.071067811866E-1,7.071067811865E-1,0.E0));
#1411=VECTOR('',#1410,8.E-1);
#1412=CARTESIAN_POINT('',(-7.858578643763E1,1.25E1,-3.775E1));
#1413=LINE('',#1412,#1411);
#1414=DIRECTION('',(-7.071067811865E-1,-7.071067811865E-1,0.E0));
#1415=VECTOR('',#1414,1.E0);
#1416=CARTESIAN_POINT('',(-7.844436508139E1,1.377279220614E1,-3.775E1));
#1417=LINE('',#1416,#1415);
#1418=DIRECTION('',(-7.071067811866E-1,7.071067811865E-1,0.E0));
#1419=VECTOR('',#1418,3.666295090390E1);
#1420=CARTESIAN_POINT('',(-7.907537879754E1,7.767766952966E0,-3.775E1));
#1421=LINE('',#1420,#1419);
#1422=DIRECTION('',(-7.071067811866E-1,7.071067811865E-1,0.E0));
#1423=VECTOR('',#1422,3.285533905933E1);
#1424=CARTESIAN_POINT('',(-8.176776695297E1,5.075378797541E0,
-4.155761184457E1));
#1425=LINE('',#1424,#1423);
#1426=DIRECTION('',(-7.071067811866E-1,7.071067811865E-1,0.E0));
#1427=VECTOR('',#1426,3.285533905933E1);
#1428=CARTESIAN_POINT('',(-8.176776695297E1,5.075378797541E0,
-4.694238815543E1));
#1429=LINE('',#1428,#1427);
#1430=DIRECTION('',(0.E0,0.E0,-1.E0));
#1431=VECTOR('',#1430,5.384776310850E0);
#1432=CARTESIAN_POINT('',(-8.176776695297E1,5.075378797541E0,
-4.155761184457E1));
#1433=LINE('',#1432,#1431);
#1434=DIRECTION('',(5.E-1,5.E-1,-7.071067811865E-1));
#1435=VECTOR('',#1434,5.384776310850E0);
#1436=CARTESIAN_POINT('',(-8.176776695297E1,5.075378797541E0,
-4.694238815543E1));
#1437=LINE('',#1436,#1435);
#1438=DIRECTION('',(-7.071067811865E-1,-7.071067811866E-1,0.E0));
#1439=VECTOR('',#1438,7.E0);
#1440=CARTESIAN_POINT('',(-7.222182540695E1,1.462132034356E1,-5.3E1));
#1441=LINE('',#1440,#1439);
#1442=CARTESIAN_POINT('',(-7.717157287525E1,9.671572875254E0,-4.425E1));
#1443=DIRECTION('',(-7.071067811866E-1,7.071067811865E-1,0.E0));
#1444=DIRECTION('',(0.E0,0.E0,-1.E0));
#1445=AXIS2_PLACEMENT_3D('',#1442,#1443,#1444);
#1447=DIRECTION('',(7.071067811865E-1,7.071067811866E-1,0.E0));
#1448=VECTOR('',#1447,7.E0);
#1449=CARTESIAN_POINT('',(-7.717157287525E1,9.671572875254E0,-3.55E1));
#1450=LINE('',#1449,#1448);
#1451=DIRECTION('',(-5.E-1,-5.E-1,-7.071067811865E-1));
#1452=VECTOR('',#1451,5.384776310850E0);
#1453=CARTESIAN_POINT('',(-7.907537879754E1,7.767766952966E0,-3.775E1));
#1454=LINE('',#1453,#1452);
#1455=DIRECTION('',(0.E0,1.E0,0.E0));
#1456=VECTOR('',#1455,4.615979237110E0);
#1457=CARTESIAN_POINT('',(-7.14E1,-9.E0,-5.075E1));
#1458=LINE('',#1457,#1456);
#1459=CARTESIAN_POINT('',(-7.14E1,-4.384020762890E0,-5.075E1));
#1460=CARTESIAN_POINT('',(-7.14E1,-3.127463098711E0,-5.155071921383E1));
#1461=CARTESIAN_POINT('',(-7.14E1,-4.617457558967E-1,-5.262871617503E1));
#1462=CARTESIAN_POINT('',(-7.14E1,2.410003884968E0,-5.3E1));
#1463=CARTESIAN_POINT('',(-7.14E1,3.9E0,-5.3E1));
#1465=DIRECTION('',(0.E0,-1.E0,0.E0));
#1466=VECTOR('',#1465,9.899494936612E0);
#1467=CARTESIAN_POINT('',(-7.14E1,1.379949493661E1,-5.3E1));
#1468=LINE('',#1467,#1466);
#1469=DIRECTION('',(0.E0,0.E0,-1.E0));
#1470=VECTOR('',#1469,1.6E0);
#1471=CARTESIAN_POINT('',(-7.14E1,1.379949493661E1,-5.3E1));
#1472=LINE('',#1471,#1470);
#1473=DIRECTION('',(0.E0,0.E0,1.E0));
#1474=VECTOR('',#1473,3.85E0);
#1475=CARTESIAN_POINT('',(-7.14E1,-9.E0,-5.46E1));
#1476=LINE('',#1475,#1474);
#1477=DIRECTION('',(0.E0,1.E0,0.E0));
#1478=VECTOR('',#1477,4.615979237110E0);
#1479=CARTESIAN_POINT('',(-7.14E1,-9.E0,-3.775E1));
#1480=LINE('',#1479,#1478);
#1481=DIRECTION('',(0.E0,0.E0,1.E0));
#1482=VECTOR('',#1481,3.85E0);
#1483=CARTESIAN_POINT('',(-7.14E1,-9.E0,-3.775E1));
#1484=LINE('',#1483,#1482);
#1485=DIRECTION('',(0.E0,0.E0,-1.E0));
#1486=VECTOR('',#1485,1.6E0);
#1487=CARTESIAN_POINT('',(-7.14E1,1.379949493661E1,-3.39E1));
#1488=LINE('',#1487,#1486);
#1489=DIRECTION('',(0.E0,-1.E0,0.E0));
#1490=VECTOR('',#1489,9.899494936612E0);
#1491=CARTESIAN_POINT('',(-7.14E1,1.379949493661E1,-3.55E1));
#1492=LINE('',#1491,#1490);
#1493=CARTESIAN_POINT('',(-7.14E1,3.9E0,-3.55E1));
#1494=CARTESIAN_POINT('',(-7.14E1,2.410003884968E0,-3.55E1));
#1495=CARTESIAN_POINT('',(-7.14E1,-4.617457558967E-1,-3.587128382497E1));
#1496=CARTESIAN_POINT('',(-7.14E1,-3.127463098711E0,-3.694928078617E1));
#1497=CARTESIAN_POINT('',(-7.14E1,-4.384020762890E0,-3.775E1));
#1499=DIRECTION('',(0.E0,1.E0,0.E0));
#1500=VECTOR('',#1499,2.279949493661E1);
#1501=CARTESIAN_POINT('',(-7.14E1,-9.E0,-5.46E1));
#1502=LINE('',#1501,#1500);
#1503=DIRECTION('',(-7.071067811866E-1,7.071067811865E-1,0.E0));
#1504=VECTOR('',#1503,1.951543289326E1);
#1505=CARTESIAN_POINT('',(-5.760050506339E1,0.E0,-5.46E1));
#1506=LINE('',#1505,#1504);
#1507=DIRECTION('',(0.E0,-1.E0,0.E0));
#1508=VECTOR('',#1507,9.E0);
#1509=CARTESIAN_POINT('',(-4.488564467887E1,0.E0,-5.46E1));
#1510=LINE('',#1509,#1508);
#1511=DIRECTION('',(0.E0,-1.E0,1.736882242969E-14));
#1512=VECTOR('',#1511,9.E0);
#1513=CARTESIAN_POINT('',(-3.014111917612E1,0.E0,-6.684337748344E1));
#1514=LINE('',#1513,#1512);
#1515=DIRECTION('',(-7.071067811866E-1,7.071067811865E-1,0.E0));
#1516=VECTOR('',#1515,1.951543289326E1);
#1517=CARTESIAN_POINT('',(-5.760050506339E1,0.E0,-3.39E1));
#1518=LINE('',#1517,#1516);
#1519=DIRECTION('',(0.E0,-1.E0,0.E0));
#1520=VECTOR('',#1519,2.279949493661E1);
#1521=CARTESIAN_POINT('',(-7.14E1,1.379949493661E1,-3.39E1));
#1522=LINE('',#1521,#1520);
#1523=DIRECTION('',(0.E0,1.E0,0.E0));
#1524=VECTOR('',#1523,9.E0);
#1525=CARTESIAN_POINT('',(-4.488564467887E1,-9.E0,-3.39E1));
#1526=LINE('',#1525,#1524);
#1527=DIRECTION('',(0.E0,1.E0,0.E0));
#1528=VECTOR('',#1527,9.E0);
#1529=CARTESIAN_POINT('',(-3.014111917612E1,-9.E0,-2.165662251656E1));
#1530=LINE('',#1529,#1528);
#1531=DIRECTION('',(7.071067811866E-1,-7.071067811865E-1,0.E0));
#1532=VECTOR('',#1531,8.162236636409E0);
#1533=CARTESIAN_POINT('',(-7.717157287525E1,9.671572875254E0,-3.55E1));
#1534=LINE('',#1533,#1532);
#1535=DIRECTION('',(7.071067811865E-1,7.071067811865E-1,0.E0));
#1536=VECTOR('',#1535,6.E0);
#1537=CARTESIAN_POINT('',(-7.915147186258E1,1.306568542495E1,-3.625E1));
#1538=LINE('',#1537,#1536);
#1539=DIRECTION('',(-7.071067811866E-1,7.071067811865E-1,0.E0));
#1540=VECTOR('',#1539,2.04E1);
#1541=CARTESIAN_POINT('',(-7.915147186258E1,1.306568542495E1,-3.625E1));
#1542=LINE('',#1541,#1540);
#1543=DIRECTION('',(-7.071067811865E-1,-7.071067811866E-1,0.E0));
#1544=VECTOR('',#1543,6.E0);
#1545=CARTESIAN_POINT('',(-8.933380951166E1,3.173330444827E1,-3.625E1));
#1546=LINE('',#1545,#1544);
#1547=CARTESIAN_POINT('',(-1.04E2,-1.E0,-5.76E1));
#1548=DIRECTION('',(0.E0,0.E0,1.E0));
#1549=DIRECTION('',(0.E0,1.E0,0.E0));
#1550=AXIS2_PLACEMENT_3D('',#1547,#1548,#1549);
#1552=CARTESIAN_POINT('',(-1.04E2,-1.E0,-6.075E1));
#1553=DIRECTION('',(0.E0,0.E0,-1.E0));
#1554=DIRECTION('',(-1.E0,0.E0,0.E0));
#1555=AXIS2_PLACEMENT_3D('',#1552,#1553,#1554);
#1557=CARTESIAN_POINT('',(-1.E2,-8.E0,-6.075E1));
#1558=DIRECTION('',(0.E0,-1.E0,0.E0));
#1559=DIRECTION('',(-1.E0,0.E0,0.E0));
#1560=AXIS2_PLACEMENT_3D('',#1557,#1558,#1559);
#1562=CARTESIAN_POINT('',(-1.E2,-1.E0,-6.075E1));
#1563=DIRECTION('',(0.E0,-1.E0,0.E0));
#1564=DIRECTION('',(-1.E0,0.E0,0.E0));
#1565=AXIS2_PLACEMENT_3D('',#1562,#1563,#1564);
#1567=CARTESIAN_POINT('',(-1.04E2,-8.E0,-6.075E1));
#1568=DIRECTION('',(0.E0,0.E0,-1.E0));
#1569=DIRECTION('',(0.E0,-1.E0,0.E0));
#1570=AXIS2_PLACEMENT_3D('',#1567,#1568,#1569);
#1572=CARTESIAN_POINT('',(-1.E2,-8.E0,-6.475E1));
#1573=DIRECTION('',(1.E0,0.E0,0.E0));
#1574=DIRECTION('',(0.E0,-1.E0,0.E0));
#1575=AXIS2_PLACEMENT_3D('',#1572,#1573,#1574);
#1577=CARTESIAN_POINT('',(-4.6E1,-8.E0,-6.475E1));
#1578=DIRECTION('',(1.E0,0.E0,0.E0));
#1579=DIRECTION('',(0.E0,-1.E0,1.421085471520E-14));
#1580=AXIS2_PLACEMENT_3D('',#1577,#1578,#1579);
#1582=CARTESIAN_POINT('',(-4.002434940781E1,-8.E0,-7.021E1));
#1583=DIRECTION('',(9.E-2,0.E0,-9.959417653658E-1));
#1584=DIRECTION('',(0.E0,-1.E0,0.E0));
#1585=AXIS2_PLACEMENT_3D('',#1582,#1583,#1584);
#1587=CARTESIAN_POINT('',(-3.646355650916E1,-8.E0,-7.968060212265E1));
#1588=DIRECTION('',(5.884527432974E-1,-4.549017903938E-8,-8.085316128054E-1));
#1589=DIRECTION('',(-2.676886623477E-8,-1.E0,3.678022153509E-8));
#1590=AXIS2_PLACEMENT_3D('',#1587,#1588,#1589);
#1592=CARTESIAN_POINT('',(-3.646355659130E1,-9.E0,-7.968060200996E1));
#1593=CARTESIAN_POINT('',(-3.641146927575E1,-9.000000063916E0,
-7.971638347112E1));
#1594=CARTESIAN_POINT('',(-3.630841525407E1,-9.003911824372E0,
-7.978610817854E1));
#1595=CARTESIAN_POINT('',(-3.616318147948E1,-9.018854307647E0,
-7.988174975893E1));
#1596=CARTESIAN_POINT('',(-3.601198274878E1,-9.043594808707E0,
-7.997879954884E1));
#1597=CARTESIAN_POINT('',(-3.584702090617E1,-9.081610214824E0,
-8.008182036613E1));
#1598=CARTESIAN_POINT('',(-3.566798359218E1,-9.136501132600E0,
-8.019038456072E1));
#1599=CARTESIAN_POINT('',(-3.547461206377E1,-9.213599592851E0,
-8.030406325234E1));
#1600=CARTESIAN_POINT('',(-3.533790660687E1,-9.284797630115E0,
-8.038187232877E1));
#1601=CARTESIAN_POINT('',(-3.526883740920E1,-9.327272727404E0,
-8.042049255386E1));
#1603=CARTESIAN_POINT('',(-4.6E1,-8.E0,-7.075E1));
#1604=DIRECTION('',(0.E0,1.E0,0.E0));
#1605=DIRECTION('',(0.E0,0.E0,1.E0));
#1606=AXIS2_PLACEMENT_3D('',#1603,#1604,#1605);
#1608=DIRECTION('',(-2.877698079828E-12,1.E0,3.185058566097E-11));
#1609=VECTOR('',#1608,7.E0);
#1610=CARTESIAN_POINT('',(-4.102029117292E1,-8.E0,-7.030000000273E1));
#1611=LINE('',#1610,#1609);
#1612=CARTESIAN_POINT('',(-4.6E1,-1.E0,-7.075E1));
#1613=DIRECTION('',(0.E0,1.E0,0.E0));
#1614=DIRECTION('',(0.E0,0.E0,1.E0));
#1615=AXIS2_PLACEMENT_3D('',#1612,#1613,#1614);
#1617=CARTESIAN_POINT('',(-4.6E1,-1.E0,-6.475E1));
#1618=DIRECTION('',(1.E0,0.E0,0.E0));
#1619=DIRECTION('',(0.E0,0.E0,-1.E0));
#1620=AXIS2_PLACEMENT_3D('',#1617,#1618,#1619);
#1622=CARTESIAN_POINT('',(-1.E2,-1.E0,-6.475E1));
#1623=DIRECTION('',(1.E0,0.E0,0.E0));
#1624=DIRECTION('',(0.E0,0.E0,-1.E0));
#1625=AXIS2_PLACEMENT_3D('',#1622,#1623,#1624);
#1627=DIRECTION('',(1.E0,0.E0,0.E0));
#1628=VECTOR('',#1627,5.399999999395E1);
#1629=CARTESIAN_POINT('',(-9.999999999630E1,-8.E0,-6.575E1));
#1630=LINE('',#1629,#1628);
#1631=DIRECTION('',(1.258168172821E-11,-1.E0,0.E0));
#1632=VECTOR('',#1631,7.E0);
#1633=CARTESIAN_POINT('',(-4.600000000243E1,-1.E0,-6.575E1));
#1634=LINE('',#1633,#1632);
#1635=DIRECTION('',(1.E0,0.E0,0.E0));
#1636=VECTOR('',#1635,5.399999999435E1);
#1637=CARTESIAN_POINT('',(-9.999999999677E1,-1.E0,-6.575E1));
#1638=LINE('',#1637,#1636);
#1639=DIRECTION('',(6.852880168091E-11,-1.E0,0.E0));
#1640=VECTOR('',#1639,7.E0);
#1641=CARTESIAN_POINT('',(-9.999999999677E1,-1.E0,-6.575E1));
#1642=LINE('',#1641,#1640);
#1643=CARTESIAN_POINT('',(-2.110145586585E1,-1.E0,-1.E0));
#1644=DIRECTION('',(-1.E0,0.E0,0.E0));
#1645=DIRECTION('',(0.E0,0.E0,1.E0));
#1646=AXIS2_PLACEMENT_3D('',#1643,#1644,#1645);
#1648=CARTESIAN_POINT('',(-4.002434940781E1,-1.E0,-1.829E1));
#1649=DIRECTION('',(-9.E-2,0.E0,-9.959417653658E-1));
#1650=DIRECTION('',(-9.959417653658E-1,0.E0,9.E-2));
#1651=AXIS2_PLACEMENT_3D('',#1648,#1649,#1650);
#1653=CARTESIAN_POINT('',(-4.6E1,-8.E0,-1.775E1));
#1654=DIRECTION('',(0.E0,-1.E0,0.E0));
#1655=DIRECTION('',(0.E0,0.E0,-1.E0));
#1656=AXIS2_PLACEMENT_3D('',#1653,#1654,#1655);
#1658=CARTESIAN_POINT('',(-4.6E1,-1.E0,-1.775E1));
#1659=DIRECTION('',(0.E0,1.E0,0.E0));
#1660=DIRECTION('',(9.959417653658E-1,0.E0,-9.E-2));
#1661=AXIS2_PLACEMENT_3D('',#1658,#1659,#1660);
#1663=DIRECTION('',(8.831031144447E-14,-1.E0,9.668456511593E-13));
#1664=VECTOR('',#1663,7.E0);
#1665=CARTESIAN_POINT('',(-4.102029117295E1,-1.E0,-1.819999999759E1));
#1666=LINE('',#1665,#1664);
#1667=CARTESIAN_POINT('',(-4.6E1,-8.E0,-2.375E1));
#1668=DIRECTION('',(1.E0,0.E0,0.E0));
#1669=DIRECTION('',(0.E0,0.E0,1.E0));
#1670=AXIS2_PLACEMENT_3D('',#1667,#1668,#1669);
#1672=CARTESIAN_POINT('',(-4.002434940781E1,-8.E0,-1.829E1));
#1673=DIRECTION('',(9.E-2,0.E0,9.959417653658E-1));
#1674=DIRECTION('',(-9.959417653658E-1,0.E0,9.E-2));
#1675=AXIS2_PLACEMENT_3D('',#1672,#1673,#1674);
#1677=CARTESIAN_POINT('',(-1.E2,-8.E0,-2.375E1));
#1678=DIRECTION('',(1.E0,0.E0,0.E0));
#1679=DIRECTION('',(0.E0,0.E0,1.E0));
#1680=AXIS2_PLACEMENT_3D('',#1677,#1678,#1679);
#1682=DIRECTION('',(1.E0,0.E0,0.E0));
#1683=VECTOR('',#1682,5.399999999426E1);
#1684=CARTESIAN_POINT('',(-9.999999999677E1,-8.E0,-2.275E1));
#1685=LINE('',#1684,#1683);
#1686=DIRECTION('',(0.E0,1.E0,0.E0));
#1687=VECTOR('',#1686,7.E0);
#1688=CARTESIAN_POINT('',(-9.999999999677E1,-8.E0,-2.275E1));
#1689=LINE('',#1688,#1687);
#1690=DIRECTION('',(-1.E0,0.E0,0.E0));
#1691=VECTOR('',#1690,5.399999999425E1);
#1692=CARTESIAN_POINT('',(-4.600000000252E1,-1.E0,-2.275E1));
#1693=LINE('',#1692,#1691);
#1694=DIRECTION('',(7.623108493655E-13,-1.E0,0.E0));
#1695=VECTOR('',#1694,7.E0);
#1696=CARTESIAN_POINT('',(-4.600000000252E1,-1.E0,-2.275E1));
#1697=LINE('',#1696,#1695);
#1698=CARTESIAN_POINT('',(-4.6E1,-1.E0,-2.375E1));
#1699=DIRECTION('',(-1.E0,0.E0,0.E0));
#1700=DIRECTION('',(0.E0,0.E0,1.E0));
#1701=AXIS2_PLACEMENT_3D('',#1698,#1699,#1700);
#1703=CARTESIAN_POINT('',(-3.E1,-1.33E1,0.E0));
#1704=CARTESIAN_POINT('',(-2.967094305850E1,-1.319031435283E1,0.E0));
#1705=CARTESIAN_POINT('',(-2.904625405028E1,-1.298208468343E1,
-3.523291162204E-2));
#1706=CARTESIAN_POINT('',(-2.833684743325E1,-1.274561581108E1,
-1.545938584824E-1));
#1707=CARTESIAN_POINT('',(-2.782179356005E1,-1.257393118668E1,
-3.053923495054E-1));
#1708=CARTESIAN_POINT('',(-2.746533032912E1,-1.245511010971E1,
-4.499318197542E-1));
#1709=CARTESIAN_POINT('',(-2.716642006095E1,-1.235547335365E1,
-6.551374394630E-1));
#1710=CARTESIAN_POINT('',(-2.7E1,-1.23E1,-8.265717641597E-1));
#1711=CARTESIAN_POINT('',(-2.7E1,-1.23E1,-1.E0));
#1713=CARTESIAN_POINT('',(-2.7E1,-1.23E1,-8.E0));
#1714=CARTESIAN_POINT('',(-2.7E1,-1.23E1,-8.173428235840E0));
#1715=CARTESIAN_POINT('',(-2.716642006095E1,-1.235547335365E1,
-8.344862560537E0));
#1716=CARTESIAN_POINT('',(-2.746533032912E1,-1.245511010971E1,
-8.550068180246E0));
#1717=CARTESIAN_POINT('',(-2.782179356005E1,-1.257393118668E1,
-8.694607650495E0));
#1718=CARTESIAN_POINT('',(-2.833684743325E1,-1.274561581108E1,
-8.845406141518E0));
#1719=CARTESIAN_POINT('',(-2.904625405028E1,-1.298208468343E1,
-8.964767088378E0));
#1720=CARTESIAN_POINT('',(-2.967094305850E1,-1.319031435283E1,-9.E0));
#1721=CARTESIAN_POINT('',(-3.E1,-1.33E1,-9.E0));
#1723=DIRECTION('',(1.E0,0.E0,0.E0));
#1724=VECTOR('',#1723,3.E1);
#1725=CARTESIAN_POINT('',(-3.E1,-2.1E1,-7.95E1));
#1726=LINE('',#1725,#1724);
#1727=DIRECTION('',(-1.E0,0.E0,0.E0));
#1728=VECTOR('',#1727,3.E1);
#1729=CARTESIAN_POINT('',(0.E0,-2.015457983751E1,-7.95E1));
#1730=LINE('',#1729,#1728);
#1731=DIRECTION('',(1.E0,0.E0,0.E0));
#1732=VECTOR('',#1731,3.E1);
#1733=CARTESIAN_POINT('',(-3.E1,-1.33E1,-7.95E1));
#1734=LINE('',#1733,#1732);
#1735=DIRECTION('',(-1.E0,0.E0,0.E0));
#1736=VECTOR('',#1735,3.E1);
#1737=CARTESIAN_POINT('',(0.E0,-1.414542016249E1,-7.95E1));
#1738=LINE('',#1737,#1736);
#1739=CARTESIAN_POINT('',(2.842170943040E-14,-1.33E1,-8.05E1));
#1740=DIRECTION('',(1.E0,0.E0,0.E0));
#1741=DIRECTION('',(0.E0,1.E0,0.E0));
#1742=AXIS2_PLACEMENT_3D('',#1739,#1740,#1741);
#1744=CARTESIAN_POINT('',(-3.E1,-1.33E1,-7.95E1));
#1745=CARTESIAN_POINT('',(-2.967094305850E1,-1.319031435283E1,-7.95E1));
#1746=CARTESIAN_POINT('',(-2.904625405028E1,-1.298208468343E1,
-7.953523291162E1));
#1747=CARTESIAN_POINT('',(-2.833684743325E1,-1.274561581108E1,
-7.965459385848E1));
#1748=CARTESIAN_POINT('',(-2.782179356005E1,-1.257393118668E1,
-7.980539234951E1));
#1749=CARTESIAN_POINT('',(-2.746533032912E1,-1.245511010971E1,
-7.994993181975E1));
#1750=CARTESIAN_POINT('',(-2.716642006095E1,-1.235547335365E1,
-8.015513743946E1));
#1751=CARTESIAN_POINT('',(-2.7E1,-1.23E1,-8.032657176416E1));
#1752=CARTESIAN_POINT('',(-2.7E1,-1.23E1,-8.05E1));
#1754=CARTESIAN_POINT('',(-2.7E1,-1.23E1,-8.75E1));
#1755=CARTESIAN_POINT('',(-2.7E1,-1.23E1,-8.767342823584E1));
#1756=CARTESIAN_POINT('',(-2.716642006095E1,-1.235547335365E1,
-8.784486256054E1));
#1757=CARTESIAN_POINT('',(-2.746533032912E1,-1.245511010971E1,
-8.805006818025E1));
#1758=CARTESIAN_POINT('',(-2.782179356005E1,-1.257393118668E1,
-8.819460765049E1));
#1759=CARTESIAN_POINT('',(-2.833684743325E1,-1.274561581108E1,
-8.834540614152E1));
#1760=CARTESIAN_POINT('',(-2.904625405028E1,-1.298208468343E1,
-8.846476708838E1));
#1761=CARTESIAN_POINT('',(-2.967094305850E1,-1.319031435283E1,-8.85E1));
#1762=CARTESIAN_POINT('',(-3.E1,-1.33E1,-8.85E1));
#1764=CARTESIAN_POINT('',(0.E0,-1.33E1,-8.75E1));
#1765=DIRECTION('',(1.E0,0.E0,0.E0));
#1766=DIRECTION('',(0.E0,0.E0,-1.E0));
#1767=AXIS2_PLACEMENT_3D('',#1764,#1765,#1766);
#1769=DIRECTION('',(1.E0,0.E0,0.E0));
#1770=VECTOR('',#1769,2.7E1);
#1771=CARTESIAN_POINT('',(-2.7E1,-1.23E1,-8.05E1));
#1772=LINE('',#1771,#1770);
#1773=DIRECTION('',(0.E0,0.E0,-1.E0));
#1774=VECTOR('',#1773,7.E0);
#1775=CARTESIAN_POINT('',(-2.7E1,-1.23E1,-8.05E1));
#1776=LINE('',#1775,#1774);
#1777=DIRECTION('',(1.E0,0.E0,0.E0));
#1778=VECTOR('',#1777,2.7E1);
#1779=CARTESIAN_POINT('',(-2.7E1,-1.23E1,-8.75E1));
#1780=LINE('',#1779,#1778);
#1781=CARTESIAN_POINT('',(0.E0,-9.E0,-6.405E1));
#1782=CARTESIAN_POINT('',(0.E0,0.E0,-6.405E1));
#1783=VERTEX_POINT('',#1781);
#1784=VERTEX_POINT('',#1782);
#1785=CARTESIAN_POINT('',(0.E0,0.E0,-2.445E1));
#1786=VERTEX_POINT('',#1785);
#1787=CARTESIAN_POINT('',(0.E0,-9.E0,-2.445E1));
#1788=VERTEX_POINT('',#1787);
#1789=CARTESIAN_POINT('',(-3.014111917612E1,-9.E0,-2.165662251656E1));
#1790=CARTESIAN_POINT('',(-3.014111917612E1,0.E0,-2.165662251656E1));
#1791=VERTEX_POINT('',#1789);
#1792=VERTEX_POINT('',#1790);
#1793=CARTESIAN_POINT('',(-4.488564467887E1,0.E0,-3.39E1));
#1794=VERTEX_POINT('',#1793);
#1795=CARTESIAN_POINT('',(-4.488564467887E1,-9.E0,-3.39E1));
#1796=VERTEX_POINT('',#1795);
#1797=CARTESIAN_POINT('',(-3.014111917612E1,0.E0,-6.684337748344E1));
#1798=CARTESIAN_POINT('',(-3.014111917612E1,-9.E0,-6.684337748344E1));
#1799=VERTEX_POINT('',#1797);
#1800=VERTEX_POINT('',#1798);
#1801=CARTESIAN_POINT('',(-4.488564467887E1,-9.E0,-5.46E1));
#1802=VERTEX_POINT('',#1801);
#1803=CARTESIAN_POINT('',(-4.488564467887E1,0.E0,-5.46E1));
#1804=VERTEX_POINT('',#1803);
#1805=CARTESIAN_POINT('',(-9.260050506339E1,3.5E1,-5.76E1));
#1806=CARTESIAN_POINT('',(-9.260050506339E1,3.5E1,-5.075E1));
#1807=VERTEX_POINT('',#1805);
#1808=VERTEX_POINT('',#1806);
#1809=CARTESIAN_POINT('',(-9.260050506339E1,3.5E1,-3.775E1));
#1810=CARTESIAN_POINT('',(-9.260050506339E1,3.5E1,-3.09E1));
#1811=VERTEX_POINT('',#1809);
#1812=VERTEX_POINT('',#1810);
#1813=CARTESIAN_POINT('',(-1.05E2,3.5E1,-3.09E1));
#1814=VERTEX_POINT('',#1813);
#1815=CARTESIAN_POINT('',(-1.05E2,3.5E1,-5.76E1));
#1816=VERTEX_POINT('',#1815);
#1817=CARTESIAN_POINT('',(0.E0,-1.414542016249E1,-9.E0));
#1818=CARTESIAN_POINT('',(0.E0,-2.015457983751E1,-9.E0));
#1819=VERTEX_POINT('',#1817);
#1820=VERTEX_POINT('',#1818);
#1821=CARTESIAN_POINT('',(0.E0,-2.015457983751E1,-7.95E1));
#1822=CARTESIAN_POINT('',(0.E0,-1.414542016249E1,-7.95E1));
#1823=VERTEX_POINT('',#1821);
#1824=VERTEX_POINT('',#1822);
#1825=CARTESIAN_POINT('',(-3.E1,-1.414542016249E1,-9.E0));
#1826=VERTEX_POINT('',#1825);
#1827=CARTESIAN_POINT('',(-3.E1,-2.015457983751E1,-9.E0));
#1828=VERTEX_POINT('',#1827);
#1829=CARTESIAN_POINT('',(-3.E1,-2.015457983751E1,-7.95E1));
#1830=VERTEX_POINT('',#1829);
#1831=CARTESIAN_POINT('',(-3.E1,-1.414542016249E1,-7.95E1));
#1832=VERTEX_POINT('',#1831);
#1833=CARTESIAN_POINT('',(-7.858578643763E1,1.25E1,-5.76E1));
#1834=CARTESIAN_POINT('',(-9.414213562373E1,2.805634918610E1,-5.76E1));
#1835=VERTEX_POINT('',#1833);
#1836=VERTEX_POINT('',#1834);
#1837=CARTESIAN_POINT('',(-8.989949493661E1,3.229898987322E1,-5.76E1));
#1838=VERTEX_POINT('',#1837);
#1839=CARTESIAN_POINT('',(-7.434314575051E1,1.674264068712E1,-5.76E1));
#1840=VERTEX_POINT('',#1839);
#1841=CARTESIAN_POINT('',(-7.858578643763E1,1.25E1,-3.09E1));
#1842=CARTESIAN_POINT('',(-9.414213562373E1,2.805634918610E1,-3.09E1));
#1843=VERTEX_POINT('',#1841);
#1844=VERTEX_POINT('',#1842);
#1845=CARTESIAN_POINT('',(-8.989949493661E1,3.229898987322E1,-3.09E1));
#1846=VERTEX_POINT('',#1845);
#1847=CARTESIAN_POINT('',(-7.434314575051E1,1.674264068712E1,-3.09E1));
#1848=VERTEX_POINT('',#1847);
#1849=CARTESIAN_POINT('',(-7.717157287525E1,9.671572875254E0,-5.3E1));
#1850=CARTESIAN_POINT('',(-7.717157287525E1,9.671572875254E0,-3.55E1));
#1851=VERTEX_POINT('',#1849);
#1852=VERTEX_POINT('',#1850);
#1853=CARTESIAN_POINT('',(-7.222182540695E1,1.462132034356E1,-5.3E1));
#1854=CARTESIAN_POINT('',(-7.222182540695E1,1.462132034356E1,-5.075E1));
#1855=VERTEX_POINT('',#1853);
#1856=VERTEX_POINT('',#1854);
#1857=CARTESIAN_POINT('',(-7.222182540695E1,1.462132034356E1,-3.775E1));
#1858=CARTESIAN_POINT('',(-7.222182540695E1,1.462132034356E1,-3.55E1));
#1859=VERTEX_POINT('',#1857);
#1860=VERTEX_POINT('',#1858);
#1861=CARTESIAN_POINT('',(-1.05E2,2.830761184457E1,-4.694238815543E1));
#1862=CARTESIAN_POINT('',(-1.05E2,2.830761184457E1,-4.155761184457E1));
#1863=VERTEX_POINT('',#1861);
#1864=VERTEX_POINT('',#1862);
#1865=CARTESIAN_POINT('',(-1.05E2,3.369238815542E1,-5.075E1));
#1866=VERTEX_POINT('',#1865);
#1867=CARTESIAN_POINT('',(-1.05E2,3.5E1,-5.075E1));
#1868=VERTEX_POINT('',#1867);
#1869=CARTESIAN_POINT('',(-1.05E2,3.5E1,-3.775E1));
#1870=CARTESIAN_POINT('',(-1.05E2,3.369238815542E1,-3.775E1));
#1871=VERTEX_POINT('',#1869);
#1872=VERTEX_POINT('',#1870);
#1873=CARTESIAN_POINT('',(-8.176776695297E1,5.075378797541E0,
-4.155761184457E1));
#1874=CARTESIAN_POINT('',(-8.176776695297E1,5.075378797541E0,
-4.694238815543E1));
#1875=VERTEX_POINT('',#1873);
#1876=VERTEX_POINT('',#1874);
#1877=CARTESIAN_POINT('',(-7.907537879754E1,7.767766952966E0,-5.075E1));
#1878=VERTEX_POINT('',#1877);
#1879=CARTESIAN_POINT('',(-7.907537879754E1,7.767766952966E0,-3.775E1));
#1880=VERTEX_POINT('',#1879);
#1881=CARTESIAN_POINT('',(-7.434314575051E1,1.674264068712E1,-3.775E1));
#1882=CARTESIAN_POINT('',(-7.858578643763E1,1.25E1,-3.775E1));
#1883=VERTEX_POINT('',#1881);
#1884=VERTEX_POINT('',#1882);
#1885=CARTESIAN_POINT('',(-7.915147186258E1,1.306568542495E1,-3.775E1));
#1886=VERTEX_POINT('',#1885);
#1887=CARTESIAN_POINT('',(-9.357645019878E1,2.749066376115E1,-3.775E1));
#1888=CARTESIAN_POINT('',(-9.414213562373E1,2.805634918610E1,-3.775E1));
#1889=VERTEX_POINT('',#1887);
#1890=VERTEX_POINT('',#1888);
#1891=CARTESIAN_POINT('',(-8.989949493661E1,3.229898987322E1,-3.775E1));
#1892=VERTEX_POINT('',#1891);
#1893=CARTESIAN_POINT('',(-7.434314575051E1,1.674264068712E1,-5.075E1));
#1894=CARTESIAN_POINT('',(-7.858578643763E1,1.25E1,-5.075E1));
#1895=VERTEX_POINT('',#1893);
#1896=VERTEX_POINT('',#1894);
#1897=CARTESIAN_POINT('',(-7.915147186258E1,1.306568542495E1,-5.075E1));
#1898=VERTEX_POINT('',#1897);
#1899=CARTESIAN_POINT('',(-9.357645019878E1,2.749066376115E1,-5.075E1));
#1900=CARTESIAN_POINT('',(-9.414213562373E1,2.805634918610E1,-5.075E1));
#1901=VERTEX_POINT('',#1899);
#1902=VERTEX_POINT('',#1900);
#1903=CARTESIAN_POINT('',(-8.989949493661E1,3.229898987322E1,-5.075E1));
#1904=VERTEX_POINT('',#1903);
#1905=CARTESIAN_POINT('',(-7.915147186258E1,1.306568542495E1,-5.225E1));
#1906=CARTESIAN_POINT('',(-7.490883117546E1,1.730832611207E1,-5.225E1));
#1907=VERTEX_POINT('',#1905);
#1908=VERTEX_POINT('',#1906);
#1909=CARTESIAN_POINT('',(-8.933380951166E1,3.173330444827E1,-5.225E1));
#1910=CARTESIAN_POINT('',(-9.357645019878E1,2.749066376115E1,-5.225E1));
#1911=VERTEX_POINT('',#1909);
#1912=VERTEX_POINT('',#1910);
#1913=CARTESIAN_POINT('',(-7.915147186258E1,1.306568542495E1,-3.625E1));
#1914=CARTESIAN_POINT('',(-7.490883117546E1,1.730832611207E1,-3.625E1));
#1915=VERTEX_POINT('',#1913);
#1916=VERTEX_POINT('',#1914);
#1917=CARTESIAN_POINT('',(-8.933380951166E1,3.173330444827E1,-3.625E1));
#1918=CARTESIAN_POINT('',(-9.357645019878E1,2.749066376115E1,-3.625E1));
#1919=VERTEX_POINT('',#1917);
#1920=VERTEX_POINT('',#1918);
#1921=CARTESIAN_POINT('',(-1.05E2,2.123654403271E1,-3.775E1));
#1922=CARTESIAN_POINT('',(-1.05E2,2.123654403271E1,-5.075E1));
#1923=VERTEX_POINT('',#1921);
#1924=VERTEX_POINT('',#1922);
#1925=CARTESIAN_POINT('',(-9.216223663641E1,2.890487732353E1,-5.035E1));
#1926=CARTESIAN_POINT('',(-7.773725830020E1,1.447989898732E1,-5.035E1));
#1927=VERTEX_POINT('',#1925);
#1928=VERTEX_POINT('',#1926);
#1929=CARTESIAN_POINT('',(-7.844436508139E1,1.377279220614E1,-5.075E1));
#1930=CARTESIAN_POINT('',(-9.286934341760E1,2.819777054234E1,-5.075E1));
#1931=VERTEX_POINT('',#1929);
#1932=VERTEX_POINT('',#1930);
#1933=CARTESIAN_POINT('',(-7.490883117546E1,1.730832611207E1,-5.075E1));
#1934=CARTESIAN_POINT('',(-8.933380951166E1,3.173330444827E1,-5.075E1));
#1935=VERTEX_POINT('',#1933);
#1936=VERTEX_POINT('',#1934);
#1937=CARTESIAN_POINT('',(-9.216223663641E1,2.890487732353E1,-3.815E1));
#1938=CARTESIAN_POINT('',(-7.773725830020E1,1.447989898732E1,-3.815E1));
#1939=VERTEX_POINT('',#1937);
#1940=VERTEX_POINT('',#1938);
#1941=CARTESIAN_POINT('',(-9.286934341760E1,2.819777054234E1,-3.775E1));
#1942=VERTEX_POINT('',#1941);
#1943=CARTESIAN_POINT('',(-8.933380951166E1,3.173330444827E1,-3.775E1));
#1944=VERTEX_POINT('',#1943);
#1945=CARTESIAN_POINT('',(-7.844436508139E1,1.377279220614E1,-3.775E1));
#1946=VERTEX_POINT('',#1945);
#1947=CARTESIAN_POINT('',(-7.490883117546E1,1.730832611207E1,-3.775E1));
#1948=VERTEX_POINT('',#1947);
#1949=CARTESIAN_POINT('',(-3.E1,-2.2E1,-8.05E1));
#1950=CARTESIAN_POINT('',(0.E0,-2.2E1,-8.05E1));
#1951=VERTEX_POINT('',#1949);
#1952=VERTEX_POINT('',#1950);
#1953=CARTESIAN_POINT('',(-3.E1,-2.1E1,-7.95E1));
#1954=VERTEX_POINT('',#1953);
#1955=CARTESIAN_POINT('',(0.E0,-2.1E1,-7.95E1));
#1956=VERTEX_POINT('',#1955);
#1957=CARTESIAN_POINT('',(-3.E1,-1.33E1,-7.95E1));
#1958=CARTESIAN_POINT('',(0.E0,-1.33E1,-7.95E1));
#1959=VERTEX_POINT('',#1957);
#1960=VERTEX_POINT('',#1958);
#1961=CARTESIAN_POINT('',(-2.7E1,-1.23E1,-8.05E1));
#1962=CARTESIAN_POINT('',(0.E0,-1.23E1,-8.05E1));
#1963=VERTEX_POINT('',#1961);
#1964=VERTEX_POINT('',#1962);
#1965=CARTESIAN_POINT('',(-3.E1,-2.1E1,-9.E0));
#1966=CARTESIAN_POINT('',(0.E0,-2.1E1,-9.E0));
#1967=VERTEX_POINT('',#1965);
#1968=VERTEX_POINT('',#1966);
#1969=CARTESIAN_POINT('',(-3.E1,-2.2E1,-8.E0));
#1970=VERTEX_POINT('',#1969);
#1971=CARTESIAN_POINT('',(0.E0,-2.2E1,-8.E0));
#1972=VERTEX_POINT('',#1971);
#1973=CARTESIAN_POINT('',(-3.E1,-2.2E1,-1.E0));
#1974=CARTESIAN_POINT('',(-3.E1,-2.1E1,0.E0));
#1975=VERTEX_POINT('',#1973);
#1976=VERTEX_POINT('',#1974);
#1977=CARTESIAN_POINT('',(1.E1,-2.1E1,0.E0));
#1978=VERTEX_POINT('',#1977);
#1979=CARTESIAN_POINT('',(1.E1,-2.2E1,-1.E0));
#1980=VERTEX_POINT('',#1979);
#1981=CARTESIAN_POINT('',(-3.E1,-2.1E1,-8.85E1));
#1982=CARTESIAN_POINT('',(-3.E1,-2.2E1,-8.75E1));
#1983=VERTEX_POINT('',#1981);
#1984=VERTEX_POINT('',#1982);
#1985=CARTESIAN_POINT('',(1.E1,-2.2E1,-8.75E1));
#1986=VERTEX_POINT('',#1985);
#1987=CARTESIAN_POINT('',(1.E1,-2.1E1,-8.85E1));
#1988=VERTEX_POINT('',#1987);
#1989=CARTESIAN_POINT('',(-3.E1,-1.33E1,0.E0));
#1990=CARTESIAN_POINT('',(0.E0,-1.33E1,0.E0));
#1991=VERTEX_POINT('',#1989);
#1992=VERTEX_POINT('',#1990);
#1993=CARTESIAN_POINT('',(-2.7E1,-1.23E1,-1.E0));
#1994=CARTESIAN_POINT('',(0.E0,-1.23E1,-1.E0));
#1995=VERTEX_POINT('',#1993);
#1996=VERTEX_POINT('',#1994);
#1997=CARTESIAN_POINT('',(-2.7E1,-1.23E1,-8.E0));
#1998=CARTESIAN_POINT('',(0.E0,-1.23E1,-8.E0));
#1999=VERTEX_POINT('',#1997);
#2000=VERTEX_POINT('',#1998);
#2001=CARTESIAN_POINT('',(-3.E1,-1.33E1,-9.E0));
#2002=CARTESIAN_POINT('',(0.E0,-1.33E1,-9.E0));
#2003=VERTEX_POINT('',#2001);
#2004=VERTEX_POINT('',#2002);
#2005=CARTESIAN_POINT('',(-2.7E1,-1.23E1,-8.75E1));
#2006=CARTESIAN_POINT('',(0.E0,-1.23E1,-8.75E1));
#2007=VERTEX_POINT('',#2005);
#2008=VERTEX_POINT('',#2006);
#2009=CARTESIAN_POINT('',(-3.E1,-1.33E1,-8.85E1));
#2010=CARTESIAN_POINT('',(0.E0,-1.33E1,-8.85E1));
#2011=VERTEX_POINT('',#2009);
#2012=VERTEX_POINT('',#2010);
#2013=CARTESIAN_POINT('',(1.E1,-1.E0,-8.85E1));
#2014=CARTESIAN_POINT('',(1.E1,0.E0,-8.75E1));
#2015=VERTEX_POINT('',#2013);
#2016=VERTEX_POINT('',#2014);
#2017=CARTESIAN_POINT('',(-2.110145586585E1,0.E0,-8.75E1));
#2018=VERTEX_POINT('',#2017);
#2019=CARTESIAN_POINT('',(-2.110145586584E1,-1.E0,-8.85E1));
#2020=VERTEX_POINT('',#2019);
#2021=CARTESIAN_POINT('',(-4.102029117317E1,-1.E0,-7.03E1));
#2022=VERTEX_POINT('',#2021);
#2023=CARTESIAN_POINT('',(-4.002434940781E1,0.E0,-7.021E1));
#2024=VERTEX_POINT('',#2023);
#2025=CARTESIAN_POINT('',(-4.6E1,-1.E0,-6.575E1));
#2026=VERTEX_POINT('',#2025);
#2027=CARTESIAN_POINT('',(-4.6E1,0.E0,-6.475E1));
#2028=VERTEX_POINT('',#2027);
#2029=CARTESIAN_POINT('',(-9.999999999677E1,-1.E0,-6.575E1));
#2030=VERTEX_POINT('',#2029);
#2031=CARTESIAN_POINT('',(-1.E2,0.E0,-6.475E1));
#2032=VERTEX_POINT('',#2031);
#2033=CARTESIAN_POINT('',(-1.05E2,-1.E0,-6.075E1));
#2034=VERTEX_POINT('',#2033);
#2035=CARTESIAN_POINT('',(-1.04E2,0.E0,-6.075E1));
#2036=VERTEX_POINT('',#2035);
#2037=CARTESIAN_POINT('',(-1.05E2,-1.E0,-5.76E1));
#2038=VERTEX_POINT('',#2037);
#2039=CARTESIAN_POINT('',(-1.04E2,0.E0,-5.76E1));
#2040=VERTEX_POINT('',#2039);
#2041=CARTESIAN_POINT('',(-1.04E2,0.E0,-2.775E1));
#2042=CARTESIAN_POINT('',(-1.04E2,0.E0,-3.09E1));
#2043=VERTEX_POINT('',#2041);
#2044=VERTEX_POINT('',#2042);
#2045=CARTESIAN_POINT('',(-1.05E2,-1.E0,-2.775000000343E1));
#2046=CARTESIAN_POINT('',(-1.05E2,-1.E0,-3.09E1));
#2047=VERTEX_POINT('',#2045);
#2048=VERTEX_POINT('',#2046);
#2049=CARTESIAN_POINT('',(-1.E2,-1.E0,-2.275E1));
#2050=VERTEX_POINT('',#2049);
#2051=CARTESIAN_POINT('',(-1.E2,0.E0,-2.375E1));
#2052=VERTEX_POINT('',#2051);
#2053=CARTESIAN_POINT('',(-4.600000000252E1,-1.E0,-2.275E1));
#2054=VERTEX_POINT('',#2053);
#2055=CARTESIAN_POINT('',(-4.600000000035E1,0.E0,-2.374999999957E1));
#2056=VERTEX_POINT('',#2055);
#2057=CARTESIAN_POINT('',(-4.102029117317E1,-1.E0,-1.82E1));
#2058=VERTEX_POINT('',#2057);
#2059=CARTESIAN_POINT('',(-4.002434940781E1,0.E0,-1.829E1));
#2060=VERTEX_POINT('',#2059);
#2061=CARTESIAN_POINT('',(-2.110145586585E1,-1.E0,0.E0));
#2062=VERTEX_POINT('',#2061);
#2063=CARTESIAN_POINT('',(-2.110145586585E1,0.E0,-1.E0));
#2064=VERTEX_POINT('',#2063);
#2065=CARTESIAN_POINT('',(1.E1,0.E0,-1.E0));
#2066=CARTESIAN_POINT('',(1.E1,-1.E0,0.E0));
#2067=VERTEX_POINT('',#2065);
#2068=VERTEX_POINT('',#2066);
#2069=CARTESIAN_POINT('',(-7.14E1,-9.E0,-5.46E1));
#2070=VERTEX_POINT('',#2069);
#2071=CARTESIAN_POINT('',(-7.14E1,-9.E0,-3.39E1));
#2072=VERTEX_POINT('',#2071);
#2073=CARTESIAN_POINT('',(-7.14E1,1.379949493661E1,-3.55E1));
#2074=CARTESIAN_POINT('',(-7.14E1,3.9E0,-3.55E1));
#2075=VERTEX_POINT('',#2073);
#2076=VERTEX_POINT('',#2074);
#2077=CARTESIAN_POINT('',(-7.14E1,1.379949493661E1,-5.3E1));
#2078=CARTESIAN_POINT('',(-7.14E1,3.9E0,-5.3E1));
#2079=VERTEX_POINT('',#2077);
#2080=VERTEX_POINT('',#2078);
#2081=CARTESIAN_POINT('',(-5.760050506339E1,0.E0,-3.39E1));
#2082=CARTESIAN_POINT('',(-5.760050506339E1,0.E0,-3.09E1));
#2083=VERTEX_POINT('',#2081);
#2084=VERTEX_POINT('',#2082);
#2085=CARTESIAN_POINT('',(-7.14E1,1.379949493661E1,-3.39E1));
#2086=VERTEX_POINT('',#2085);
#2087=CARTESIAN_POINT('',(-5.760050506339E1,0.E0,-5.46E1));
#2088=CARTESIAN_POINT('',(-7.14E1,1.379949493661E1,-5.46E1));
#2089=VERTEX_POINT('',#2087);
#2090=VERTEX_POINT('',#2088);
#2091=CARTESIAN_POINT('',(-5.760050506339E1,0.E0,-5.76E1));
#2092=VERTEX_POINT('',#2091);
#2093=CARTESIAN_POINT('',(0.E0,-9.E0,-7.968060201012E1));
#2094=CARTESIAN_POINT('',(0.E0,-9.327272727273E0,-8.042049255374E1));
#2095=VERTEX_POINT('',#2093);
#2096=VERTEX_POINT('',#2094);
#2097=CARTESIAN_POINT('',(0.E0,-9.327272727273E0,-8.079507446261E0));
#2098=CARTESIAN_POINT('',(0.E0,-9.E0,-8.819397989875E0));
#2099=VERTEX_POINT('',#2097);
#2100=VERTEX_POINT('',#2098);
#2101=CARTESIAN_POINT('',(0.E0,-9.327272727273E0,-8.707950744626E1));
#2102=VERTEX_POINT('',#2101);
#2103=CARTESIAN_POINT('',(0.E0,-9.327272727273E0,-1.420492553738E0));
#2104=VERTEX_POINT('',#2103);
#2105=CARTESIAN_POINT('',(-2.110145586583E1,-9.012834243394E0,
-8.403010050624E-1));
#2106=CARTESIAN_POINT('',(0.E0,-9.012834243394E0,-8.403010050624E-1));
#2107=VERTEX_POINT('',#2105);
#2108=VERTEX_POINT('',#2106);
#2109=CARTESIAN_POINT('',(-2.110145586584E1,-8.025668486787E0,0.E0));
#2110=CARTESIAN_POINT('',(0.E0,-8.025668486788E0,0.E0));
#2111=VERTEX_POINT('',#2109);
#2112=VERTEX_POINT('',#2110);
#2113=VERTEX_POINT('',#711);
#2114=VERTEX_POINT('',#675);
#2115=VERTEX_POINT('',#723);
#2116=VERTEX_POINT('',#687);
#2117=VERTEX_POINT('',#734);
#2118=VERTEX_POINT('',#761);
#2119=CARTESIAN_POINT('',(-4.102029117317E1,-8.E0,-1.82E1));
#2120=VERTEX_POINT('',#2119);
#2121=CARTESIAN_POINT('',(-4.002434940781E1,-9.E0,-1.829E1));
#2122=VERTEX_POINT('',#2121);
#2123=CARTESIAN_POINT('',(-4.6E1,-8.E0,-2.275E1));
#2124=VERTEX_POINT('',#2123);
#2125=CARTESIAN_POINT('',(-4.6E1,-9.E0,-2.375E1));
#2126=VERTEX_POINT('',#2125);
#2127=CARTESIAN_POINT('',(-9.999999999677E1,-8.E0,-2.275E1));
#2128=VERTEX_POINT('',#2127);
#2129=CARTESIAN_POINT('',(-1.E2,-9.E0,-2.375E1));
#2130=VERTEX_POINT('',#2129);
#2131=CARTESIAN_POINT('',(-1.05E2,-8.E0,-2.775E1));
#2132=VERTEX_POINT('',#2131);
#2133=CARTESIAN_POINT('',(-1.04E2,-9.E0,-2.775E1));
#2134=VERTEX_POINT('',#2133);
#2135=CARTESIAN_POINT('',(-1.04E2,-9.E0,-3.775E1));
#2136=CARTESIAN_POINT('',(-1.05E2,-8.E0,-3.775E1));
#2137=VERTEX_POINT('',#2135);
#2138=VERTEX_POINT('',#2136);
#2139=CARTESIAN_POINT('',(-2.110145586585E1,-8.025668486788E0,-8.85E1));
#2140=CARTESIAN_POINT('',(0.E0,-8.025668486788E0,-8.85E1));
#2141=VERTEX_POINT('',#2139);
#2142=VERTEX_POINT('',#2140);
#2143=CARTESIAN_POINT('',(-2.110145586585E1,-9.012834243394E0,
-8.765969899494E1));
#2144=CARTESIAN_POINT('',(0.E0,-9.012834243394E0,-8.765969899494E1));
#2145=VERTEX_POINT('',#2143);
#2146=VERTEX_POINT('',#2144);
#2147=VERTEX_POINT('',#379);
#2148=VERTEX_POINT('',#416);
#2149=VERTEX_POINT('',#392);
#2150=VERTEX_POINT('',#450);
#2151=VERTEX_POINT('',#1592);
#2152=VERTEX_POINT('',#439);
#2153=CARTESIAN_POINT('',(-4.002434940781E1,-9.E0,-7.021E1));
#2154=VERTEX_POINT('',#2153);
#2155=CARTESIAN_POINT('',(-4.102029117317E1,-8.E0,-7.03E1));
#2156=VERTEX_POINT('',#2155);
#2157=CARTESIAN_POINT('',(-4.6E1,-9.E0,-6.475E1));
#2158=VERTEX_POINT('',#2157);
#2159=CARTESIAN_POINT('',(-4.6E1,-8.E0,-6.575E1));
#2160=VERTEX_POINT('',#2159);
#2161=CARTESIAN_POINT('',(-1.E2,-9.E0,-6.475E1));
#2162=VERTEX_POINT('',#2161);
#2163=CARTESIAN_POINT('',(-9.999999999630E1,-8.E0,-6.575E1));
#2164=VERTEX_POINT('',#2163);
#2165=CARTESIAN_POINT('',(-1.04E2,-9.E0,-6.075E1));
#2166=VERTEX_POINT('',#2165);
#2167=CARTESIAN_POINT('',(-1.05E2,-8.E0,-6.075E1));
#2168=VERTEX_POINT('',#2167);
#2169=CARTESIAN_POINT('',(-1.05E2,-8.E0,-5.075E1));
#2170=CARTESIAN_POINT('',(-1.04E2,-9.E0,-5.075E1));
#2171=VERTEX_POINT('',#2169);
#2172=VERTEX_POINT('',#2170);
#2173=CARTESIAN_POINT('',(-7.14E1,-9.E0,-5.075E1));
#2174=CARTESIAN_POINT('',(-7.14E1,-4.384020762890E0,-5.075E1));
#2175=VERTEX_POINT('',#2173);
#2176=VERTEX_POINT('',#2174);
#2177=CARTESIAN_POINT('',(-7.14E1,-9.E0,-3.775E1));
#2178=CARTESIAN_POINT('',(-7.14E1,-4.384020762890E0,-3.775E1));
#2179=VERTEX_POINT('',#2177);
#2180=VERTEX_POINT('',#2178);
#2181=VERTEX_POINT('',#883);
#2182=VERTEX_POINT('',#891);
#2183=CARTESIAN_POINT('',(-8.076345596729E1,-3.E0,-5.075E1));
#2184=VERTEX_POINT('',#2183);
#2185=CARTESIAN_POINT('',(-8.076345596729E1,-3.E0,-3.775E1));
#2186=VERTEX_POINT('',#2185);
#2187=CARTESIAN_POINT('',(0.E0,0.E0,0.E0));
#2188=DIRECTION('',(1.E0,0.E0,0.E0));
#2189=DIRECTION('',(0.E0,0.E0,-1.E0));
#2190=AXIS2_PLACEMENT_3D('',#2187,#2188,#2189);
#2191=PLANE('',#2190);
#2193=ORIENTED_EDGE('',*,*,#2192,.T.);
#2195=ORIENTED_EDGE('',*,*,#2194,.F.);
#2197=ORIENTED_EDGE('',*,*,#2196,.F.);
#2199=ORIENTED_EDGE('',*,*,#2198,.T.);
#2201=ORIENTED_EDGE('',*,*,#2200,.F.);
#2203=ORIENTED_EDGE('',*,*,#2202,.F.);
#2205=ORIENTED_EDGE('',*,*,#2204,.T.);
#2207=ORIENTED_EDGE('',*,*,#2206,.T.);
#2209=ORIENTED_EDGE('',*,*,#2208,.F.);
#2211=ORIENTED_EDGE('',*,*,#2210,.F.);
#2213=ORIENTED_EDGE('',*,*,#2212,.F.);
#2215=ORIENTED_EDGE('',*,*,#2214,.T.);
#2217=ORIENTED_EDGE('',*,*,#2216,.F.);
#2219=ORIENTED_EDGE('',*,*,#2218,.F.);
#2221=ORIENTED_EDGE('',*,*,#2220,.T.);
#2223=ORIENTED_EDGE('',*,*,#2222,.F.);
#2225=ORIENTED_EDGE('',*,*,#2224,.T.);
#2227=ORIENTED_EDGE('',*,*,#2226,.F.);
#2229=ORIENTED_EDGE('',*,*,#2228,.F.);
#2231=ORIENTED_EDGE('',*,*,#2230,.T.);
#2233=ORIENTED_EDGE('',*,*,#2232,.F.);
#2235=ORIENTED_EDGE('',*,*,#2234,.F.);
#2237=ORIENTED_EDGE('',*,*,#2236,.T.);
#2239=ORIENTED_EDGE('',*,*,#2238,.F.);
#2241=ORIENTED_EDGE('',*,*,#2240,.T.);
#2243=ORIENTED_EDGE('',*,*,#2242,.T.);
#2245=ORIENTED_EDGE('',*,*,#2244,.T.);
#2247=ORIENTED_EDGE('',*,*,#2246,.F.);
#2249=ORIENTED_EDGE('',*,*,#2248,.F.);
#2251=ORIENTED_EDGE('',*,*,#2250,.F.);
#2252=EDGE_LOOP('',(#2193,#2195,#2197,#2199,#2201,#2203,#2205,#2207,#2209,#2211,
#2213,#2215,#2217,#2219,#2221,#2223,#2225,#2227,#2229,#2231,#2233,#2235,#2237,
#2239,#2241,#2243,#2245,#2247,#2249,#2251));
#2253=FACE_OUTER_BOUND('',#2252,.F.);
#2254=ADVANCED_FACE('',(#2253),#2191,.F.);
#2255=CARTESIAN_POINT('',(0.E0,-2.2E1,-8.85E1));
#2256=DIRECTION('',(0.E0,0.E0,-1.E0));
#2257=DIRECTION('',(0.E0,1.E0,0.E0));
#2258=AXIS2_PLACEMENT_3D('',#2255,#2256,#2257);
#2259=PLANE('',#2258);
#2261=ORIENTED_EDGE('',*,*,#2260,.T.);
#2262=ORIENTED_EDGE('',*,*,#2192,.F.);
#2264=ORIENTED_EDGE('',*,*,#2263,.F.);
#2266=ORIENTED_EDGE('',*,*,#2265,.T.);
#2268=ORIENTED_EDGE('',*,*,#2267,.F.);
#2270=ORIENTED_EDGE('',*,*,#2269,.T.);
#2272=ORIENTED_EDGE('',*,*,#2271,.F.);
#2274=ORIENTED_EDGE('',*,*,#2273,.F.);
#2275=EDGE_LOOP('',(#2261,#2262,#2264,#2266,#2268,#2270,#2272,#2274));
#2276=FACE_OUTER_BOUND('',#2275,.F.);
#2277=ADVANCED_FACE('',(#2276),#2259,.T.);
#2278=CARTESIAN_POINT('',(-2.880928525479E1,-8.025668486788E0,-8.75E1));
#2279=DIRECTION('',(1.E0,0.E0,0.E0));
#2280=DIRECTION('',(0.E0,-9.871657566062E-1,-1.596989949376E-1));
#2281=AXIS2_PLACEMENT_3D('',#2278,#2279,#2280);
#2282=CYLINDRICAL_SURFACE('',#2281,1.E0);
#2283=ORIENTED_EDGE('',*,*,#2260,.F.);
#2285=ORIENTED_EDGE('',*,*,#2284,.F.);
#2287=ORIENTED_EDGE('',*,*,#2286,.T.);
#2288=ORIENTED_EDGE('',*,*,#2194,.T.);
#2289=EDGE_LOOP('',(#2283,#2285,#2287,#2288));
#2290=FACE_OUTER_BOUND('',#2289,.F.);
#2291=ADVANCED_FACE('',(#2290),#2282,.T.);
#2292=CARTESIAN_POINT('',(-2.763336441411E1,-9.490576840013E0,
-8.690101458855E1));
#2293=CARTESIAN_POINT('',(-2.759738941191E1,-9.481385157653E0,
-8.690592297218E1));
#2294=CARTESIAN_POINT('',(-2.732550135734E1,-9.414197393373E0,
-8.694301467423E1));
#2295=CARTESIAN_POINT('',(-2.681769030896E1,-9.317644805086E0,
-8.701262599314E1));
#2296=CARTESIAN_POINT('',(-2.611454185526E1,-9.224232250047E0,
-8.710226260651E1));
#2297=CARTESIAN_POINT('',(-2.543641072293E1,-9.158821716532E0,
-8.718005497896E1));
#2298=CARTESIAN_POINT('',(-2.476016384241E1,-9.111182142537E0,
-8.724784274369E1));
#2299=CARTESIAN_POINT('',(-2.407603935475E1,-9.076495522119E0,
-8.730555936082E1));
#2300=CARTESIAN_POINT('',(-2.338141350603E1,-9.051822632188E0,
-8.735247143724E1));
#2301=CARTESIAN_POINT('',(-2.266562350366E1,-9.034953678566E0,
-8.738825227160E1));
#2302=CARTESIAN_POINT('',(-2.190392703633E1,-9.024622086274E0,
-8.741208722534E1));
#2303=CARTESIAN_POINT('',(-2.133519757571E1,-9.022095791787E0,
-8.741822221432E1));
#2304=CARTESIAN_POINT('',(-2.101760629231E1,-9.022310127342E0,
-8.741770115723E1));
#2305=CARTESIAN_POINT('',(-2.097568327550E1,-9.022366390384E0,
-8.741756350038E1));
#2306=CARTESIAN_POINT('',(-2.799658905292E1,-9.127598601557E0,
-8.744734959222E1));
#2307=CARTESIAN_POINT('',(-2.795538737502E1,-9.122085409923E0,
-8.745809290499E1));
#2308=CARTESIAN_POINT('',(-2.764588052623E1,-9.083405341469E0,
-8.753741079466E1));
#2309=CARTESIAN_POINT('',(-2.708859080215E1,-9.046822657955E0,
-8.766042449143E1));
#2310=CARTESIAN_POINT('',(-2.633622222666E1,-9.030206154658E0,
-8.779348878703E1));
#2311=CARTESIAN_POINT('',(-2.561981949230E1,-9.030230247486E0,
-8.789670062039E1));
#2312=CARTESIAN_POINT('',(-2.491045682466E1,-9.038329103443E0,
-8.797954357108E1));
#2313=CARTESIAN_POINT('',(-2.419587325591E1,-9.050152200356E0,
-8.804573821335E1));
#2314=CARTESIAN_POINT('',(-2.347211977912E1,-9.062647872506E0,
-8.809699268443E1));
#2315=CARTESIAN_POINT('',(-2.272736996909E1,-9.073759901395E0,
-8.813469564881E1));
#2316=CARTESIAN_POINT('',(-2.193546491278E1,-9.081891550129E0,
-8.815917280146E1));
#2317=CARTESIAN_POINT('',(-2.134438426439E1,-9.084091178436E0,
-8.816538009357E1));
#2318=CARTESIAN_POINT('',(-2.101431079321E1,-9.083904392572E0,
-8.816485302454E1));
#2319=CARTESIAN_POINT('',(-2.097073991605E1,-9.083854852038E0,
-8.816471402554E1));
#2320=CARTESIAN_POINT('',(-2.828152833695E1,-8.435812715084E0,
-8.739861423924E1));
#2321=CARTESIAN_POINT('',(-2.823622648226E1,-8.428025651571E0,
-8.741835612626E1));
#2322=CARTESIAN_POINT('',(-2.789720877118E1,-8.374340631540E0,
-8.756381083039E1));
#2323=CARTESIAN_POINT('',(-2.730110444887E1,-8.335161352549E0,
-8.778515031473E1));
#2324=CARTESIAN_POINT('',(-2.651012410324E1,-8.334773205597E0,
-8.801953746456E1));
#2325=CARTESIAN_POINT('',(-2.576369839765E1,-8.357798114819E0,
-8.819843737570E1));
#2326=CARTESIAN_POINT('',(-2.502835734731E1,-8.390714681810E0,
-8.834015284122E1));
#2327=CARTESIAN_POINT('',(-2.428987950534E1,-8.426522613775E0,
-8.845214125950E1));
#2328=CARTESIAN_POINT('',(-2.354327624195E1,-8.460156883584E0,
-8.853807325358E1));
#2329=CARTESIAN_POINT('',(-2.277580829560E1,-8.488285225980E0,
-8.860083825414E1));
#2330=CARTESIAN_POINT('',(-2.196020546994E1,-8.508162134395E0,
-8.864137318569E1));
#2331=CARTESIAN_POINT('',(-2.135159095749E1,-8.513444591390E0,
-8.865162084642E1));
#2332=CARTESIAN_POINT('',(-2.101172556894E1,-8.512996087604E0,
-8.865075074932E1));
#2333=CARTESIAN_POINT('',(-2.096686199271E1,-8.512877337862E0,
-8.865052137221E1));
#2334=CARTESIAN_POINT('',(-2.825075887109E1,-7.991644275533E0,
-8.679541687537E1));
#2335=CARTESIAN_POINT('',(-2.820589977827E1,-7.977525663217E0,
-8.681982299122E1));
#2336=CARTESIAN_POINT('',(-2.787006882844E1,-7.877825800920E0,
-8.700021716135E1));
#2337=CARTESIAN_POINT('',(-2.727815594101E1,-7.775647018758E0,
-8.728287666149E1));
#2338=CARTESIAN_POINT('',(-2.649134512767E1,-7.717397383733E0,
-8.759205537409E1));
#2339=CARTESIAN_POINT('',(-2.574816148395E1,-7.701824051841E0,
-8.783384549027E1));
#2340=CARTESIAN_POINT('',(-2.501562573637E1,-7.707958450360E0,
-8.802919574415E1));
#2341=CARTESIAN_POINT('',(-2.427972814242E1,-7.725241161807E0,
-8.818613638918E1));
#2342=CARTESIAN_POINT('',(-2.353559233708E1,-7.746370496259E0,
-8.830818626404E1));
#2343=CARTESIAN_POINT('',(-2.277057763238E1,-7.766371775091E0,
-8.839827046433E1));
#2344=CARTESIAN_POINT('',(-2.195753383506E1,-7.781489317509E0,
-8.845689873806E1));
#2345=CARTESIAN_POINT('',(-2.135081273522E1,-7.785642766569E0,
-8.847178822784E1));
#2346=CARTESIAN_POINT('',(-2.101200473708E1,-7.785290022737E0,
-8.847052391197E1));
#2347=CARTESIAN_POINT('',(-2.096728075431E1,-7.785196326176E0,
-8.847019042762E1));
#2348=(BOUNDED_SURFACE()B_SPLINE_SURFACE(3,3,((#2292,#2293,#2294,#2295,#2296,
#2297,#2298,#2299,#2300,#2301,#2302,#2303,#2304,#2305),(#2306,#2307,#2308,#2309,
#2310,#2311,#2312,#2313,#2314,#2315,#2316,#2317,#2318,#2319),(#2320,#2321,#2322,
#2323,#2324,#2325,#2326,#2327,#2328,#2329,#2330,#2331,#2332,#2333),(#2334,#2335,
#2336,#2337,#2338,#2339,#2340,#2341,#2342,#2343,#2344,#2345,#2346,#2347)),
.UNSPECIFIED.,.F.,.F.,.F.)B_SPLINE_SURFACE_WITH_KNOTS((4,4),(4,1,1,1,1,1,1,1,1,
1,1,4),(0.E0,1.E0),(-1.886278052840E-2,0.E0,1.226640118254E-1,2.332189505540E-1,
3.376206725561E-1,4.420428296212E-1,5.478720272064E-1,6.532208659420E-1,
7.605528682765E-1,8.746878973330E-1,1.E0,1.019057961960E0),.UNSPECIFIED.)GEOMETRIC_REPRESENTATION_ITEM()RATIONAL_B_SPLINE_SURFACE(((1.263121486326E0,
1.263121486326E0,1.263121486326E0,1.263121486326E0,1.263121486326E0,
1.263121486326E0,1.263121486326E0,1.263121486326E0,1.263121486326E0,
1.263121486326E0,1.263121486326E0,1.263121486326E0,1.263121486326E0,
1.263121486326E0),(9.122928378912E-1,9.122928378912E-1,9.122928378912E-1,
9.122928378912E-1,9.122928378912E-1,9.122928378912E-1,9.122928378912E-1,
9.122928378912E-1,9.122928378912E-1,9.122928378912E-1,9.122928378912E-1,
9.122928378912E-1,9.122928378912E-1,9.122928378912E-1),(9.122928378912E-1,
9.122928378912E-1,9.122928378912E-1,9.122928378912E-1,9.122928378912E-1,
9.122928378912E-1,9.122928378912E-1,9.122928378912E-1,9.122928378912E-1,
9.122928378912E-1,9.122928378912E-1,9.122928378912E-1,9.122928378912E-1,
9.122928378912E-1),(1.263121486326E0,1.263121486326E0,1.263121486326E0,
1.263121486326E0,1.263121486326E0,1.263121486326E0,1.263121486326E0,
1.263121486326E0,1.263121486326E0,1.263121486326E0,1.263121486326E0,
1.263121486326E0,1.263121486326E0,1.263121486326E0)))REPRESENTATION_ITEM('')SURFACE());
#2350=ORIENTED_EDGE('',*,*,#2349,.T.);
#2351=ORIENTED_EDGE('',*,*,#2284,.T.);
#2353=ORIENTED_EDGE('',*,*,#2352,.F.);
#2355=ORIENTED_EDGE('',*,*,#2354,.F.);
#2356=EDGE_LOOP('',(#2350,#2351,#2353,#2355));
#2357=FACE_OUTER_BOUND('',#2356,.F.);
#2358=ADVANCED_FACE('',(#2357),#2348,.T.);
#2359=CARTESIAN_POINT('',(-2.625953099714E2,-1.E1,-8.781939798988E1));
#2360=DIRECTION('',(1.E0,0.E0,0.E0));
#2361=DIRECTION('',(0.E0,1.E0,0.E0));
#2362=AXIS2_PLACEMENT_3D('',#2359,#2360,#2361);
#2363=CYLINDRICAL_SURFACE('',#2362,1.E0);
#2364=ORIENTED_EDGE('',*,*,#2286,.F.);
#2365=ORIENTED_EDGE('',*,*,#2349,.F.);
#2367=ORIENTED_EDGE('',*,*,#2366,.T.);
#2368=ORIENTED_EDGE('',*,*,#2196,.T.);
#2369=EDGE_LOOP('',(#2364,#2365,#2367,#2368));
#2370=FACE_OUTER_BOUND('',#2369,.F.);
#2371=ADVANCED_FACE('',(#2370),#2363,.F.);
#2372=CARTESIAN_POINT('',(-1.05E2,-6.3E0,-8.375E1));
#2373=DIRECTION('',(-1.E0,0.E0,0.E0));
#2374=DIRECTION('',(0.E0,0.E0,-1.E0));
#2375=AXIS2_PLACEMENT_3D('',#2372,#2373,#2374);
#2376=CYLINDRICAL_SURFACE('',#2375,4.5E0);
#2378=ORIENTED_EDGE('',*,*,#2377,.F.);
#2380=ORIENTED_EDGE('',*,*,#2379,.F.);
#2381=ORIENTED_EDGE('',*,*,#2198,.F.);
#2382=ORIENTED_EDGE('',*,*,#2366,.F.);
#2383=EDGE_LOOP('',(#2378,#2380,#2381,#2382));
#2384=FACE_OUTER_BOUND('',#2383,.F.);
#2385=ADVANCED_FACE('',(#2384),#2376,.T.);
#2386=CARTESIAN_POINT('',(-3.513219032341E1,-9.122537378844E0,
-8.027746228562E1));
#2387=CARTESIAN_POINT('',(-3.510943871174E1,-9.154306115791E0,
-8.030433612164E1));
#2388=CARTESIAN_POINT('',(-3.489250458565E1,-9.446479084321E0,
-8.055912157793E1));
#2389=CARTESIAN_POINT('',(-3.439832571882E1,-9.918567411477E0,
-8.111061559674E1));
#2390=CARTESIAN_POINT('',(-3.353925943884E1,-1.034763067778E1,
-8.196204987757E1));
#2391=CARTESIAN_POINT('',(-3.248530877803E1,-1.055004631702E1,
-8.286908092403E1));
#2392=CARTESIAN_POINT('',(-3.125342163795E1,-1.051759986171E1,
-8.376813085075E1));
#2393=CARTESIAN_POINT('',(-2.989975774568E1,-1.027062677652E1,
-8.458728997873E1));
#2394=CARTESIAN_POINT('',(-2.852114951388E1,-9.864221433024E0,
-8.526545827357E1));
#2395=CARTESIAN_POINT('',(-2.756779747232E1,-9.503684245453E0,
-8.564131069694E1));
#2396=CARTESIAN_POINT('',(-2.709050140375E1,-9.303863337858E0,
-8.580727982577E1));
#2397=CARTESIAN_POINT('',(-2.705488726626E1,-9.288846480895E0,
-8.581954060870E1));
#2398=CARTESIAN_POINT('',(-3.616891594638E1,-9.758444526556E0,
-8.045199773713E1));
#2399=CARTESIAN_POINT('',(-3.614134977459E1,-9.796197022897E0,
-8.048565695180E1));
#2400=CARTESIAN_POINT('',(-3.587887920239E1,-1.014279244586E1,
-8.080420288994E1));
#2401=CARTESIAN_POINT('',(-3.528759480420E1,-1.069214377081E1,
-8.148277019873E1));
#2402=CARTESIAN_POINT('',(-3.428221246845E1,-1.117613136581E1,
-8.249780479741E1));
#2403=CARTESIAN_POINT('',(-3.307419551106E1,-1.139743787839E1,
-8.354605761494E1));
#2404=CARTESIAN_POINT('',(-3.168751996922E1,-1.136121678874E1,
-8.455578785953E1));
#2405=CARTESIAN_POINT('',(-3.018558175868E1,-1.109932313312E1,
-8.545304977405E1));
#2406=CARTESIAN_POINT('',(-2.867181804888E1,-1.067450011113E1,
-8.618002551961E1));
#2407=CARTESIAN_POINT('',(-2.763121808515E1,-1.030035076095E1,
-8.657555805014E1));
#2408=CARTESIAN_POINT('',(-2.711013320647E1,-1.009294262708E1,
-8.674888383576E1));
#2409=CARTESIAN_POINT('',(-2.707125012450E1,-1.007735505024E1,
-8.676167964783E1));
#2410=CARTESIAN_POINT('',(-3.669399541853E1,-9.292855576514E0,
-8.146053990957E1));
#2411=CARTESIAN_POINT('',(-3.666813514662E1,-9.326226973722E0,
-8.149128761131E1));
#2412=CARTESIAN_POINT('',(-3.642162828646E1,-9.632976180915E0,
-8.178269555262E1));
#2413=CARTESIAN_POINT('',(-3.586130077195E1,-1.012575824391E1,
-8.241144929570E1));
#2414=CARTESIAN_POINT('',(-3.489137842362E1,-1.056953216837E1,
-8.337617161617E1));
#2415=CARTESIAN_POINT('',(-3.370610109426E1,-1.077700744487E1,
-8.439780961306E1));
#2416=CARTESIAN_POINT('',(-3.232536514177E1,-1.074355001034E1,
-8.540507125318E1));
#2417=CARTESIAN_POINT('',(-3.081214909562E1,-1.049258067400E1,
-8.631864491987E1));
#2418=CARTESIAN_POINT('',(-2.927396293882E1,-1.008124243139E1,
-8.707206284779E1));
#2419=CARTESIAN_POINT('',(-2.821140055417E1,-9.717059430103E0,
-8.748826490854E1));
#2420=CARTESIAN_POINT('',(-2.767940840938E1,-9.515206397679E0,
-8.767180644409E1));
#2421=CARTESIAN_POINT('',(-2.763971275462E1,-9.500036681951E0,
-8.768536381789E1));
#2422=CARTESIAN_POINT('',(-3.595244313378E1,-8.395217677710E0,
-8.185295627314E1));
#2423=CARTESIAN_POINT('',(-3.593235639334E1,-8.420142481372E0,
-8.187528188972E1));
#2424=CARTESIAN_POINT('',(-3.574035997737E1,-8.650069690534E0,
-8.208767372875E1));
#2425=CARTESIAN_POINT('',(-3.529454040126E1,-9.033788354499E0,
-8.256135149414E1));
#2426=CARTESIAN_POINT('',(-3.449086793474E1,-9.400031842046E0,
-8.333419045790E1));
#2427=CARTESIAN_POINT('',(-3.347243998008E1,-9.580841018130E0,
-8.419964516671E1));
#2428=CARTESIAN_POINT('',(-3.224983136852E1,-9.552711806205E0,
-8.509483876336E1));
#2429=CARTESIAN_POINT('',(-3.087854980723E1,-9.322804144565E0,
-8.593947929230E1));
#2430=CARTESIAN_POINT('',(-2.946179005389E1,-8.937464046950E0,
-8.665895423792E1));
#2431=CARTESIAN_POINT('',(-2.847412942013E1,-8.592495789651E0,
-8.706709556451E1));
#2432=CARTESIAN_POINT('',(-2.797979456761E1,-8.401352782854E0,
-8.724902322539E1));
#2433=CARTESIAN_POINT('',(-2.794291106969E1,-8.386988687564E0,
-8.726247368186E1));
#2434=(BOUNDED_SURFACE()B_SPLINE_SURFACE(3,3,((#2386,#2387,#2388,#2389,#2390,
#2391,#2392,#2393,#2394,#2395,#2396,#2397),(#2398,#2399,#2400,#2401,#2402,#2403,
#2404,#2405,#2406,#2407,#2408,#2409),(#2410,#2411,#2412,#2413,#2414,#2415,#2416,
#2417,#2418,#2419,#2420,#2421),(#2422,#2423,#2424,#2425,#2426,#2427,#2428,#2429,
#2430,#2431,#2432,#2433)),.UNSPECIFIED.,.F.,.F.,.F.)B_SPLINE_SURFACE_WITH_KNOTS(
(4,4),(4,1,1,1,1,1,1,1,1,4),(0.E0,1.E0),(-1.289047779171E-2,0.E0,
1.080912111004E-1,2.284390731117E-1,3.650089292340E-1,5.180822843081E-1,
6.820308766921E-1,8.470958212687E-1,1.E0,1.012328568467E0),.UNSPECIFIED.)GEOMETRIC_REPRESENTATION_ITEM()RATIONAL_B_SPLINE_SURFACE(((1.561188946304E0,
1.561188946304E0,1.561188946304E0,1.561188946304E0,1.561188946304E0,
1.561188946304E0,1.561188946304E0,1.561188946304E0,1.561188946304E0,
1.561188946304E0,1.561188946304E0,1.561188946304E0),(8.129370178986E-1,
8.129370178986E-1,8.129370178986E-1,8.129370178986E-1,8.129370178986E-1,
8.129370178986E-1,8.129370178986E-1,8.129370178986E-1,8.129370178986E-1,
8.129370178986E-1,8.129370178986E-1,8.129370178986E-1),(8.129370178986E-1,
8.129370178986E-1,8.129370178986E-1,8.129370178986E-1,8.129370178986E-1,
8.129370178986E-1,8.129370178986E-1,8.129370178986E-1,8.129370178986E-1,
8.129370178986E-1,8.129370178986E-1,8.129370178986E-1),(1.561188946304E0,
1.561188946304E0,1.561188946304E0,1.561188946304E0,1.561188946304E0,
1.561188946304E0,1.561188946304E0,1.561188946304E0,1.561188946304E0,
1.561188946304E0,1.561188946304E0,1.561188946304E0)))REPRESENTATION_ITEM('')SURFACE());
#2435=ORIENTED_EDGE('',*,*,#2377,.T.);
#2436=ORIENTED_EDGE('',*,*,#2354,.T.);
#2438=ORIENTED_EDGE('',*,*,#2437,.F.);
#2440=ORIENTED_EDGE('',*,*,#2439,.F.);
#2441=EDGE_LOOP('',(#2435,#2436,#2438,#2440));
#2442=FACE_OUTER_BOUND('',#2441,.F.);
#2443=ADVANCED_FACE('',(#2442),#2434,.T.);
#2444=CARTESIAN_POINT('',(-2.110145586585E1,-1.495172536627E2,-6.85E1));
#2445=DIRECTION('',(0.E0,1.E0,0.E0));
#2446=DIRECTION('',(0.E0,0.E0,-1.E0));
#2447=AXIS2_PLACEMENT_3D('',#2444,#2445,#2446);
#2448=CYLINDRICAL_SURFACE('',#2447,2.E1);
#2449=ORIENTED_EDGE('',*,*,#2352,.T.);
#2450=ORIENTED_EDGE('',*,*,#2273,.T.);
#2452=ORIENTED_EDGE('',*,*,#2451,.F.);
#2454=ORIENTED_EDGE('',*,*,#2453,.F.);
#2456=ORIENTED_EDGE('',*,*,#2455,.T.);
#2458=ORIENTED_EDGE('',*,*,#2457,.T.);
#2459=ORIENTED_EDGE('',*,*,#2437,.T.);
#2460=EDGE_LOOP('',(#2449,#2450,#2452,#2454,#2456,#2458,#2459));
#2461=FACE_OUTER_BOUND('',#2460,.F.);
#2462=ADVANCED_FACE('',(#2461),#2448,.T.);
#2463=CARTESIAN_POINT('',(-2.110145586585E1,-1.E0,-6.85E1));
#2464=DIRECTION('',(0.E0,1.E0,0.E0));
#2465=DIRECTION('',(-9.971760257392E-1,0.E0,-7.509975826168E-2));
#2466=AXIS2_PLACEMENT_3D('',#2463,#2464,#2465);
#2467=TOROIDAL_SURFACE('',#2466,1.9E1,1.E0);
#2468=ORIENTED_EDGE('',*,*,#2451,.T.);
#2470=ORIENTED_EDGE('',*,*,#2469,.T.);
#2472=ORIENTED_EDGE('',*,*,#2471,.F.);
#2474=ORIENTED_EDGE('',*,*,#2473,.F.);
#2475=EDGE_LOOP('',(#2468,#2470,#2472,#2474));
#2476=FACE_OUTER_BOUND('',#2475,.F.);
#2477=ADVANCED_FACE('',(#2476),#2467,.T.);
#2478=CARTESIAN_POINT('',(-3.030499864290E1,-1.E0,-8.75E1));
#2479=DIRECTION('',(1.E0,0.E0,0.E0));
#2480=DIRECTION('',(0.E0,0.E0,-1.E0));
#2481=AXIS2_PLACEMENT_3D('',#2478,#2479,#2480);
#2482=CYLINDRICAL_SURFACE('',#2481,1.E0);
#2484=ORIENTED_EDGE('',*,*,#2483,.T.);
#2486=ORIENTED_EDGE('',*,*,#2485,.F.);
#2487=ORIENTED_EDGE('',*,*,#2469,.F.);
#2488=ORIENTED_EDGE('',*,*,#2271,.T.);
#2489=EDGE_LOOP('',(#2484,#2486,#2487,#2488));
#2490=FACE_OUTER_BOUND('',#2489,.F.);
#2491=ADVANCED_FACE('',(#2490),#2482,.T.);
#2492=CARTESIAN_POINT('',(1.E1,0.E0,0.E0));
#2493=DIRECTION('',(1.E0,0.E0,0.E0));
#2494=DIRECTION('',(0.E0,0.E0,-1.E0));
#2495=AXIS2_PLACEMENT_3D('',#2492,#2493,#2494);
#2496=PLANE('',#2495);
#2497=ORIENTED_EDGE('',*,*,#2483,.F.);
#2498=ORIENTED_EDGE('',*,*,#2269,.F.);
#2500=ORIENTED_EDGE('',*,*,#2499,.F.);
#2502=ORIENTED_EDGE('',*,*,#2501,.F.);
#2504=ORIENTED_EDGE('',*,*,#2503,.F.);
#2506=ORIENTED_EDGE('',*,*,#2505,.F.);
#2508=ORIENTED_EDGE('',*,*,#2507,.F.);
#2510=ORIENTED_EDGE('',*,*,#2509,.F.);
#2511=EDGE_LOOP('',(#2497,#2498,#2500,#2502,#2504,#2506,#2508,#2510));
#2512=FACE_OUTER_BOUND('',#2511,.F.);
#2513=ADVANCED_FACE('',(#2512),#2496,.T.);
#2514=CARTESIAN_POINT('',(2.098670536627E2,-2.1E1,-8.75E1));
#2515=DIRECTION('',(-1.E0,0.E0,0.E0));
#2516=DIRECTION('',(0.E0,0.E0,-1.E0));
#2517=AXIS2_PLACEMENT_3D('',#2514,#2515,#2516);
#2518=CYLINDRICAL_SURFACE('',#2517,1.E0);
#2520=ORIENTED_EDGE('',*,*,#2519,.T.);
#2522=ORIENTED_EDGE('',*,*,#2521,.F.);
#2523=ORIENTED_EDGE('',*,*,#2499,.T.);
#2524=ORIENTED_EDGE('',*,*,#2267,.T.);
#2525=EDGE_LOOP('',(#2520,#2522,#2523,#2524));
#2526=FACE_OUTER_BOUND('',#2525,.F.);
#2527=ADVANCED_FACE('',(#2526),#2518,.T.);
#2528=CARTESIAN_POINT('',(-3.E1,0.E0,0.E0));
#2529=DIRECTION('',(-1.E0,0.E0,0.E0));
#2530=DIRECTION('',(0.E0,0.E0,-1.E0));
#2531=AXIS2_PLACEMENT_3D('',#2528,#2529,#2530);
#2532=PLANE('',#2531);
#2534=ORIENTED_EDGE('',*,*,#2533,.F.);
#2536=ORIENTED_EDGE('',*,*,#2535,.F.);
#2537=ORIENTED_EDGE('',*,*,#2519,.F.);
#2538=ORIENTED_EDGE('',*,*,#2265,.F.);
#2540=ORIENTED_EDGE('',*,*,#2539,.F.);
#2542=ORIENTED_EDGE('',*,*,#2541,.F.);
#2544=ORIENTED_EDGE('',*,*,#2543,.F.);
#2546=ORIENTED_EDGE('',*,*,#2545,.F.);
#2547=EDGE_LOOP('',(#2534,#2536,#2537,#2538,#2540,#2542,#2544,#2546));
#2548=FACE_OUTER_BOUND('',#2547,.F.);
#2549=ADVANCED_FACE('',(#2548),#2532,.T.);
#2550=CARTESIAN_POINT('',(-3.E1,0.E0,0.E0));
#2551=DIRECTION('',(-1.E0,0.E0,0.E0));
#2552=DIRECTION('',(0.E0,0.E0,-1.E0));
#2553=AXIS2_PLACEMENT_3D('',#2550,#2551,#2552);
#2554=PLANE('',#2553);
#2556=ORIENTED_EDGE('',*,*,#2555,.F.);
#2558=ORIENTED_EDGE('',*,*,#2557,.F.);
#2560=ORIENTED_EDGE('',*,*,#2559,.F.);
#2562=ORIENTED_EDGE('',*,*,#2561,.F.);
#2564=ORIENTED_EDGE('',*,*,#2563,.F.);
#2566=ORIENTED_EDGE('',*,*,#2565,.F.);
#2568=ORIENTED_EDGE('',*,*,#2567,.F.);
#2570=ORIENTED_EDGE('',*,*,#2569,.F.);
#2571=EDGE_LOOP('',(#2556,#2558,#2560,#2562,#2564,#2566,#2568,#2570));
#2572=FACE_OUTER_BOUND('',#2571,.F.);
#2573=ADVANCED_FACE('',(#2572),#2554,.T.);
#2574=CARTESIAN_POINT('',(-2.493207991115E2,-2.1E1,-8.05E1));
#2575=DIRECTION('',(1.E0,0.E0,0.E0));
#2576=DIRECTION('',(0.E0,0.E0,1.E0));
#2577=AXIS2_PLACEMENT_3D('',#2574,#2575,#2576);
#2578=CYLINDRICAL_SURFACE('',#2577,1.E0);
#2580=ORIENTED_EDGE('',*,*,#2579,.F.);
#2581=ORIENTED_EDGE('',*,*,#2533,.T.);
#2583=ORIENTED_EDGE('',*,*,#2582,.T.);
#2584=ORIENTED_EDGE('',*,*,#2238,.T.);
#2585=EDGE_LOOP('',(#2580,#2581,#2583,#2584));
#2586=FACE_OUTER_BOUND('',#2585,.F.);
#2587=ADVANCED_FACE('',(#2586),#2578,.T.);
#2588=CARTESIAN_POINT('',(0.E0,-2.2E1,0.E0));
#2589=DIRECTION('',(0.E0,-1.E0,0.E0));
#2590=DIRECTION('',(0.E0,0.E0,-1.E0));
#2591=AXIS2_PLACEMENT_3D('',#2588,#2589,#2590);
#2592=PLANE('',#2591);
#2593=ORIENTED_EDGE('',*,*,#2579,.T.);
#2594=ORIENTED_EDGE('',*,*,#2236,.F.);
#2596=ORIENTED_EDGE('',*,*,#2595,.F.);
#2597=ORIENTED_EDGE('',*,*,#2569,.T.);
#2599=ORIENTED_EDGE('',*,*,#2598,.F.);
#2600=ORIENTED_EDGE('',*,*,#2501,.T.);
#2601=ORIENTED_EDGE('',*,*,#2521,.T.);
#2602=ORIENTED_EDGE('',*,*,#2535,.T.);
#2603=EDGE_LOOP('',(#2593,#2594,#2596,#2597,#2599,#2600,#2601,#2602));
#2604=FACE_OUTER_BOUND('',#2603,.F.);
#2605=ADVANCED_FACE('',(#2604),#2592,.T.);
#2606=CARTESIAN_POINT('',(-2.994416754649E2,-2.1E1,-8.E0));
#2607=DIRECTION('',(1.E0,0.E0,0.E0));
#2608=DIRECTION('',(0.E0,-1.E0,0.E0));
#2609=AXIS2_PLACEMENT_3D('',#2606,#2607,#2608);
#2610=CYLINDRICAL_SURFACE('',#2609,1.E0);
#2612=ORIENTED_EDGE('',*,*,#2611,.F.);
#2613=ORIENTED_EDGE('',*,*,#2555,.T.);
#2614=ORIENTED_EDGE('',*,*,#2595,.T.);
#2615=ORIENTED_EDGE('',*,*,#2234,.T.);
#2616=EDGE_LOOP('',(#2612,#2613,#2614,#2615));
#2617=FACE_OUTER_BOUND('',#2616,.F.);
#2618=ADVANCED_FACE('',(#2617),#2610,.T.);
#2619=CARTESIAN_POINT('',(0.E0,-1.23E1,-9.E0));
#2620=DIRECTION('',(0.E0,0.E0,-1.E0));
#2621=DIRECTION('',(0.E0,-1.E0,0.E0));
#2622=AXIS2_PLACEMENT_3D('',#2619,#2620,#2621);
#2623=PLANE('',#2622);
#2624=ORIENTED_EDGE('',*,*,#2611,.T.);
#2625=ORIENTED_EDGE('',*,*,#2232,.T.);
#2627=ORIENTED_EDGE('',*,*,#2626,.T.);
#2628=ORIENTED_EDGE('',*,*,#2557,.T.);
#2629=EDGE_LOOP('',(#2624,#2625,#2627,#2628));
#2630=FACE_OUTER_BOUND('',#2629,.F.);
#2631=ADVANCED_FACE('',(#2630),#2623,.T.);
#2632=CARTESIAN_POINT('',(0.E0,-1.23E1,-9.E0));
#2633=DIRECTION('',(0.E0,0.E0,-1.E0));
#2634=DIRECTION('',(0.E0,-1.E0,0.E0));
#2635=AXIS2_PLACEMENT_3D('',#2632,#2633,#2634);
#2636=PLANE('',#2635);
#2638=ORIENTED_EDGE('',*,*,#2637,.F.);
#2639=ORIENTED_EDGE('',*,*,#2561,.T.);
#2641=ORIENTED_EDGE('',*,*,#2640,.F.);
#2642=ORIENTED_EDGE('',*,*,#2228,.T.);
#2643=EDGE_LOOP('',(#2638,#2639,#2641,#2642));
#2644=FACE_OUTER_BOUND('',#2643,.F.);
#2645=ADVANCED_FACE('',(#2644),#2636,.T.);
#2646=CARTESIAN_POINT('',(-3.E1,-1.715E1,-5.65E0));
#2647=DIRECTION('',(-1.E0,0.E0,0.E0));
#2648=DIRECTION('',(0.E0,0.E0,-1.E0));
#2649=AXIS2_PLACEMENT_3D('',#2646,#2647,#2648);
#2650=CYLINDRICAL_SURFACE('',#2649,4.5E0);
#2651=ORIENTED_EDGE('',*,*,#2230,.F.);
#2652=ORIENTED_EDGE('',*,*,#2640,.T.);
#2653=ORIENTED_EDGE('',*,*,#2559,.T.);
#2654=ORIENTED_EDGE('',*,*,#2626,.F.);
#2655=EDGE_LOOP('',(#2651,#2652,#2653,#2654));
#2656=FACE_OUTER_BOUND('',#2655,.F.);
#2657=ADVANCED_FACE('',(#2656),#2650,.T.);
#2658=CARTESIAN_POINT('',(-2.995812049058E2,-1.33E1,-8.E0));
#2659=DIRECTION('',(1.E0,0.E0,0.E0));
#2660=DIRECTION('',(0.E0,0.E0,-1.E0));
#2661=AXIS2_PLACEMENT_3D('',#2658,#2659,#2660);
#2662=CYLINDRICAL_SURFACE('',#2661,1.E0);
#2664=ORIENTED_EDGE('',*,*,#2663,.F.);
#2666=ORIENTED_EDGE('',*,*,#2665,.T.);
#2667=ORIENTED_EDGE('',*,*,#2637,.T.);
#2668=ORIENTED_EDGE('',*,*,#2226,.T.);
#2669=EDGE_LOOP('',(#2664,#2666,#2667,#2668));
#2670=FACE_OUTER_BOUND('',#2669,.F.);
#2671=ADVANCED_FACE('',(#2670),#2662,.T.);
#2672=CARTESIAN_POINT('',(0.E0,-1.23E1,0.E0));
#2673=DIRECTION('',(0.E0,1.E0,0.E0));
#2674=DIRECTION('',(0.E0,0.E0,-1.E0));
#2675=AXIS2_PLACEMENT_3D('',#2672,#2673,#2674);
#2676=PLANE('',#2675);
#2678=ORIENTED_EDGE('',*,*,#2677,.F.);
#2680=ORIENTED_EDGE('',*,*,#2679,.T.);
#2681=ORIENTED_EDGE('',*,*,#2663,.T.);
#2682=ORIENTED_EDGE('',*,*,#2224,.F.);
#2683=EDGE_LOOP('',(#2678,#2680,#2681,#2682));
#2684=FACE_OUTER_BOUND('',#2683,.F.);
#2685=ADVANCED_FACE('',(#2684),#2676,.T.);
#2686=CARTESIAN_POINT('',(-3.076487217436E2,-1.33E1,-1.E0));
#2687=DIRECTION('',(1.E0,0.E0,0.E0));
#2688=DIRECTION('',(0.E0,1.E0,0.E0));
#2689=AXIS2_PLACEMENT_3D('',#2686,#2687,#2688);
#2690=CYLINDRICAL_SURFACE('',#2689,1.E0);
#2692=ORIENTED_EDGE('',*,*,#2691,.F.);
#2694=ORIENTED_EDGE('',*,*,#2693,.T.);
#2695=ORIENTED_EDGE('',*,*,#2677,.T.);
#2696=ORIENTED_EDGE('',*,*,#2222,.T.);
#2697=EDGE_LOOP('',(#2692,#2694,#2695,#2696));
#2698=FACE_OUTER_BOUND('',#2697,.F.);
#2699=ADVANCED_FACE('',(#2698),#2690,.T.);
#2700=CARTESIAN_POINT('',(0.E0,0.E0,0.E0));
#2701=DIRECTION('',(0.E0,0.E0,1.E0));
#2702=DIRECTION('',(0.E0,-1.E0,0.E0));
#2703=AXIS2_PLACEMENT_3D('',#2700,#2701,#2702);
#2704=PLANE('',#2703);
#2706=ORIENTED_EDGE('',*,*,#2705,.F.);
#2708=ORIENTED_EDGE('',*,*,#2707,.F.);
#2710=ORIENTED_EDGE('',*,*,#2709,.F.);
#2711=ORIENTED_EDGE('',*,*,#2505,.T.);
#2713=ORIENTED_EDGE('',*,*,#2712,.T.);
#2714=ORIENTED_EDGE('',*,*,#2565,.T.);
#2715=ORIENTED_EDGE('',*,*,#2691,.T.);
#2716=ORIENTED_EDGE('',*,*,#2220,.F.);
#2717=EDGE_LOOP('',(#2706,#2708,#2710,#2711,#2713,#2714,#2715,#2716));
#2718=FACE_OUTER_BOUND('',#2717,.F.);
#2719=ADVANCED_FACE('',(#2718),#2704,.T.);
#2720=CARTESIAN_POINT('',(-2.897109204656E1,-8.025668486788E0,-1.E0));
#2721=DIRECTION('',(1.E0,0.E0,0.E0));
#2722=DIRECTION('',(0.E0,0.E0,1.E0));
#2723=AXIS2_PLACEMENT_3D('',#2720,#2721,#2722);
#2724=CYLINDRICAL_SURFACE('',#2723,1.E0);
#2726=ORIENTED_EDGE('',*,*,#2725,.F.);
#2728=ORIENTED_EDGE('',*,*,#2727,.F.);
#2729=ORIENTED_EDGE('',*,*,#2705,.T.);
#2730=ORIENTED_EDGE('',*,*,#2218,.T.);
#2731=EDGE_LOOP('',(#2726,#2728,#2729,#2730));
#2732=FACE_OUTER_BOUND('',#2731,.F.);
#2733=ADVANCED_FACE('',(#2732),#2724,.T.);
#2734=CARTESIAN_POINT('',(2.098670536627E2,-1.E1,-6.806020101248E-1));
#2735=DIRECTION('',(-1.E0,0.E0,0.E0));
#2736=DIRECTION('',(0.E0,1.E0,0.E0));
#2737=AXIS2_PLACEMENT_3D('',#2734,#2735,#2736);
#2738=CYLINDRICAL_SURFACE('',#2737,1.E0);
#2739=ORIENTED_EDGE('',*,*,#2725,.T.);
#2740=ORIENTED_EDGE('',*,*,#2216,.T.);
#2742=ORIENTED_EDGE('',*,*,#2741,.T.);
#2744=ORIENTED_EDGE('',*,*,#2743,.T.);
#2745=EDGE_LOOP('',(#2739,#2740,#2742,#2744));
#2746=FACE_OUTER_BOUND('',#2745,.F.);
#2747=ADVANCED_FACE('',(#2746),#2738,.F.);
#2748=CARTESIAN_POINT('',(-1.05E2,-6.3E0,-4.75E0));
#2749=DIRECTION('',(-1.E0,0.E0,0.E0));
#2750=DIRECTION('',(0.E0,0.E0,-1.E0));
#2751=AXIS2_PLACEMENT_3D('',#2748,#2749,#2750);
#2752=CYLINDRICAL_SURFACE('',#2751,4.5E0);
#2754=ORIENTED_EDGE('',*,*,#2753,.T.);
#2755=ORIENTED_EDGE('',*,*,#2741,.F.);
#2756=ORIENTED_EDGE('',*,*,#2214,.F.);
#2758=ORIENTED_EDGE('',*,*,#2757,.F.);
#2759=EDGE_LOOP('',(#2754,#2755,#2756,#2758));
#2760=FACE_OUTER_BOUND('',#2759,.F.);
#2761=ADVANCED_FACE('',(#2760),#2752,.T.);
#2762=CARTESIAN_POINT('',(-3.595244410517E1,-8.395217090903E0,
-6.647044375380E0));
#2763=CARTESIAN_POINT('',(-3.593235688041E1,-8.420141965760E0,
-6.624718540699E0));
#2764=CARTESIAN_POINT('',(-3.574355067797E1,-8.646247339909E0,
-6.415856823711E0));
#2765=CARTESIAN_POINT('',(-3.530594573983E1,-9.025043524638E0,
-5.950614867821E0));
#2766=CARTESIAN_POINT('',(-3.451857991088E1,-9.390415564173E0,
-5.191463302479E0));
#2767=CARTESIAN_POINT('',(-3.352189245841E1,-9.576128729048E0,
-4.340311356954E0));
#2768=CARTESIAN_POINT('',(-3.233410517615E1,-9.559280275513E0,
-3.463563484257E0));
#2769=CARTESIAN_POINT('',(-3.099054215214E1,-9.346924847995E0,
-2.624490883325E0));
#2770=CARTESIAN_POINT('',(-2.954982527974E1,-8.966623442522E0,
-1.879546892145E0));
#2771=CARTESIAN_POINT('',(-2.851651309441E1,-8.608875162062E0,
-1.448503130268E0));
#2772=CARTESIAN_POINT('',(-2.797979685307E1,-8.401354659338E0,
-1.250977454727E0));
#2773=CARTESIAN_POINT('',(-2.794291482064E1,-8.386992316476E0,
-1.237527555166E0));
#2774=CARTESIAN_POINT('',(-3.669399590027E1,-9.292855230601E0,
-7.039460303715E0));
#2775=CARTESIAN_POINT('',(-3.666813546913E1,-9.326226552764E0,
-7.008712734025E0));
#2776=CARTESIAN_POINT('',(-3.642572629884E1,-9.627875632392E0,
-6.722150452465E0));
#2777=CARTESIAN_POINT('',(-3.587553763577E1,-1.011470976032E1,
-6.104251922653E0));
#2778=CARTESIAN_POINT('',(-3.492438840196E1,-1.055814791768E1,
-5.155197079405E0));
#2779=CARTESIAN_POINT('',(-3.376297498344E1,-1.077176316288E1,
-4.148460282661E0));
#2780=CARTESIAN_POINT('',(-3.241971448988E1,-1.075095280857E1,
-3.159679609071E0));
#2781=CARTESIAN_POINT('',(-3.093478604399E1,-1.051865469847E1,
-2.249521080626E0));
#2782=CARTESIAN_POINT('',(-2.936873112081E1,-1.011206736787E1,
-1.467377547190E0));
#2783=CARTESIAN_POINT('',(-2.825700888101E1,-9.734354200425E0,
-1.027471355472E0));
#2784=CARTESIAN_POINT('',(-2.767941126152E1,-9.515208578393E0,
-8.281944303421E-1));
#2785=CARTESIAN_POINT('',(-2.763971767418E1,-9.500041040029E0,
-8.146377888733E-1));
#2786=CARTESIAN_POINT('',(-3.616891614116E1,-9.758444289570E0,
-8.048002181452E0));
#2787=CARTESIAN_POINT('',(-3.614135000420E1,-9.796196634864E0,
-8.014343289482E0));
#2788=CARTESIAN_POINT('',(-3.588324325190E1,-1.013702890111E1,
-7.701095194941E0));
#2789=CARTESIAN_POINT('',(-3.530257406467E1,-1.067990040321E1,
-7.034096841389E0));
#2790=CARTESIAN_POINT('',(-3.431622509442E1,-1.116383007795E1,
-6.034902474728E0));
#2791=CARTESIAN_POINT('',(-3.313182900737E1,-1.139191763972E1,
-5.000986543448E0));
#2792=CARTESIAN_POINT('',(-3.178186137840E1,-1.136905231741E1,
-4.008636461962E0));
#2793=CARTESIAN_POINT('',(-3.030681796827E1,-1.112641028986E1,
-3.113361708984E0));
#2794=CARTESIAN_POINT('',(-2.876465728569E1,-1.070618891387E1,
-2.357555619965E0));
#2795=CARTESIAN_POINT('',(-2.767588921099E1,-1.031812031194E1,
-1.939301861886E0));
#2796=CARTESIAN_POINT('',(-2.711013622659E1,-1.009294494572E1,
-1.751117062413E0));
#2797=CARTESIAN_POINT('',(-2.707125542798E1,-1.007735976666E1,
-1.738322037716E0));
#2798=CARTESIAN_POINT('',(-3.513219083092E1,-9.122536976030E0,
-8.222537932477E0));
#2799=CARTESIAN_POINT('',(-3.510943903804E1,-9.154305665574E0,
-8.195664176092E0));
#2800=CARTESIAN_POINT('',(-3.489611085999E1,-9.441621049371E0,
-7.945115219987E0));
#2801=CARTESIAN_POINT('',(-3.441089077519E1,-9.907956010542E0,
-7.403171981123E0));
#2802=CARTESIAN_POINT('',(-3.356853768275E1,-1.033658186844E1,
-6.565694966102E0));
#2803=CARTESIAN_POINT('',(-3.253594785776E1,-1.054490296068E1,
-5.672085139257E0));
#2804=CARTESIAN_POINT('',(-3.133768302484E1,-1.052484433916E1,
-4.789761316503E0));
#2805=CARTESIAN_POINT('',(-3.000956190808E1,-1.029633016240E1,
-3.973939403391E0));
#2806=CARTESIAN_POINT('',(-2.860617142039E1,-9.894730334773E0,
-3.270138447424E0));
#2807=CARTESIAN_POINT('',(-2.760871708095E1,-9.520805313749E0,
-2.872919031810E0));
#2808=CARTESIAN_POINT('',(-2.709050393472E1,-9.303865446957E0,
-2.692720918855E0));
#2809=CARTESIAN_POINT('',(-2.705489160007E1,-9.288850686740E0,
-2.680460778831E0));
#2810=(BOUNDED_SURFACE()B_SPLINE_SURFACE(3,3,((#2762,#2763,#2764,#2765,#2766,
#2767,#2768,#2769,#2770,#2771,#2772,#2773),(#2774,#2775,#2776,#2777,#2778,#2779,
#2780,#2781,#2782,#2783,#2784,#2785),(#2786,#2787,#2788,#2789,#2790,#2791,#2792,
#2793,#2794,#2795,#2796,#2797),(#2798,#2799,#2800,#2801,#2802,#2803,#2804,#2805,
#2806,#2807,#2808,#2809)),.UNSPECIFIED.,.F.,.F.,.F.)B_SPLINE_SURFACE_WITH_KNOTS(
(4,4),(4,1,1,1,1,1,1,1,1,4),(0.E0,1.E0),(-1.289062100825E-2,0.E0,
1.060803462442E-1,2.245624851611E-1,3.589403079617E-1,5.088368392975E-1,
6.667856743243E-1,8.329343765425E-1,1.E0,1.012327778072E0),.UNSPECIFIED.)GEOMETRIC_REPRESENTATION_ITEM()RATIONAL_B_SPLINE_SURFACE(((1.561188928203E0,
1.561188928203E0,1.561188928203E0,1.561188928203E0,1.561188928203E0,
1.561188928203E0,1.561188928203E0,1.561188928203E0,1.561188928203E0,
1.561188928203E0,1.561188928203E0,1.561188928203E0),(8.129370239323E-1,
8.129370239323E-1,8.129370239323E-1,8.129370239323E-1,8.129370239323E-1,
8.129370239323E-1,8.129370239323E-1,8.129370239323E-1,8.129370239323E-1,
8.129370239323E-1,8.129370239323E-1,8.129370239323E-1),(8.129370239323E-1,
8.129370239323E-1,8.129370239323E-1,8.129370239323E-1,8.129370239323E-1,
8.129370239323E-1,8.129370239323E-1,8.129370239323E-1,8.129370239323E-1,
8.129370239323E-1,8.129370239323E-1,8.129370239323E-1),(1.561188928203E0,
1.561188928203E0,1.561188928203E0,1.561188928203E0,1.561188928203E0,
1.561188928203E0,1.561188928203E0,1.561188928203E0,1.561188928203E0,
1.561188928203E0,1.561188928203E0,1.561188928203E0)))REPRESENTATION_ITEM('')SURFACE());
#2812=ORIENTED_EDGE('',*,*,#2811,.T.);
#2814=ORIENTED_EDGE('',*,*,#2813,.T.);
#2815=ORIENTED_EDGE('',*,*,#2753,.F.);
#2817=ORIENTED_EDGE('',*,*,#2816,.F.);
#2818=EDGE_LOOP('',(#2812,#2814,#2815,#2817));
#2819=FACE_OUTER_BOUND('',#2818,.F.);
#2820=ADVANCED_FACE('',(#2819),#2810,.T.);
#2821=CARTESIAN_POINT('',(-2.110145586585E1,2.002026100591E2,-2.E1));
#2822=DIRECTION('',(0.E0,-1.E0,0.E0));
#2823=DIRECTION('',(0.E0,0.E0,1.E0));
#2824=AXIS2_PLACEMENT_3D('',#2821,#2822,#2823);
#2825=CYLINDRICAL_SURFACE('',#2824,2.E1);
#2827=ORIENTED_EDGE('',*,*,#2826,.F.);
#2828=ORIENTED_EDGE('',*,*,#2811,.F.);
#2830=ORIENTED_EDGE('',*,*,#2829,.F.);
#2832=ORIENTED_EDGE('',*,*,#2831,.F.);
#2834=ORIENTED_EDGE('',*,*,#2833,.F.);
#2836=ORIENTED_EDGE('',*,*,#2835,.F.);
#2837=ORIENTED_EDGE('',*,*,#2707,.T.);
#2838=EDGE_LOOP('',(#2827,#2828,#2830,#2832,#2834,#2836,#2837));
#2839=FACE_OUTER_BOUND('',#2838,.F.);
#2840=ADVANCED_FACE('',(#2839),#2825,.T.);
#2841=CARTESIAN_POINT('',(-2.825076441234E1,-7.991658572874E0,
-1.704592142583E0));
#2842=CARTESIAN_POINT('',(-2.820590349415E1,-7.977531360674E0,
-1.680181283376E0));
#2843=CARTESIAN_POINT('',(-2.788247585108E1,-7.881485683014E0,
-1.506440456460E0));
#2844=CARTESIAN_POINT('',(-2.728659478386E1,-7.776117625649E0,
-1.220570195567E0));
#2845=CARTESIAN_POINT('',(-2.645078616741E1,-7.713939743420E0,
-8.912728298146E-1));
#2846=CARTESIAN_POINT('',(-2.560116737599E1,-7.700481770382E0,
-6.208260332284E-1));
#2847=CARTESIAN_POINT('',(-2.474328650362E1,-7.713087483206E0,
-4.061303007850E-1));
#2848=CARTESIAN_POINT('',(-2.388733136887E1,-7.736282619046E0,
-2.432494826223E-1));
#2849=CARTESIAN_POINT('',(-2.301454662182E1,-7.760711731701E0,
-1.246975427856E-1));
#2850=CARTESIAN_POINT('',(-2.208453264824E1,-7.780227482285E0,
-4.750685418295E-2));
#2851=CARTESIAN_POINT('',(-2.139533330863E1,-7.785691183079E0,
-2.804659523264E-2));
#2852=CARTESIAN_POINT('',(-2.101200334197E1,-7.785289747548E0,
-2.947594515036E-2));
#2853=CARTESIAN_POINT('',(-2.096727880475E1,-7.785195436392E0,
-2.980913644203E-2));
#2854=CARTESIAN_POINT('',(-2.828153400569E1,-8.435823747089E0,
-1.101395351464E0));
#2855=CARTESIAN_POINT('',(-2.823623025088E1,-8.428029756414E0,
-1.081648371156E0));
#2856=CARTESIAN_POINT('',(-2.790973320418E1,-8.376303923474E0,
-9.415545865091E-1));
#2857=CARTESIAN_POINT('',(-2.730958449221E1,-8.335007968088E0,
-7.174445086293E-1));
#2858=CARTESIAN_POINT('',(-2.646934250230E1,-8.334513368387E0,
-4.677738550348E-1));
#2859=CARTESIAN_POINT('',(-2.561609321142E1,-8.363329802080E0,
-2.682614579270E-1));
#2860=CARTESIAN_POINT('',(-2.475503092138E1,-8.403965988114E0,
-1.133972006808E-1));
#2861=CARTESIAN_POINT('',(-2.389616299577E1,-8.445093792371E0,
2.036631620649E-3));
#2862=CARTESIAN_POINT('',(-2.302055012E1,-8.480693840973E0,8.491923905887E-2));
#2863=CARTESIAN_POINT('',(-2.208760052856E1,-8.506574227401E0,
1.383458424290E-1));
#2864=CARTESIAN_POINT('',(-2.139625047919E1,-8.513504520551E0,
1.517340874780E-1));
#2865=CARTESIAN_POINT('',(-2.101172416927E1,-8.512995553870E0,
1.507508042104E-1));
#2866=CARTESIAN_POINT('',(-2.096686003650E1,-8.512876408916E0,
1.505217400177E-1));
#2867=CARTESIAN_POINT('',(-2.799659362308E1,-9.127604287351E0,
-1.052654847341E0));
#2868=CARTESIAN_POINT('',(-2.795539073614E1,-9.122087314195E0,
-1.041909197363E0));
#2869=CARTESIAN_POINT('',(-2.765731775841E1,-9.084823296502E0,
-9.655159539626E-1));
#2870=CARTESIAN_POINT('',(-2.709668937140E1,-9.046926159972E0,
-8.410553474111E-1));
#2871=CARTESIAN_POINT('',(-2.629750242941E1,-9.029173581279E0,
-6.993262008352E-1));
#2872=CARTESIAN_POINT('',(-2.547787320934E1,-9.030916863621E0,
-5.839958022602E-1));
#2873=CARTESIAN_POINT('',(-2.464627228905E1,-9.042344253261E0,
-4.931198508496E-1));
#2874=CARTESIAN_POINT('',(-2.381437812726E1,-9.056873732239E0,
-4.245729268719E-1));
#2875=CARTESIAN_POINT('',(-2.296495500541E1,-9.070686111229E0,
-3.749006600176E-1));
#2876=CARTESIAN_POINT('',(-2.205919056610E1,-9.081226148806E0,
-3.426625645137E-1));
#2877=CARTESIAN_POINT('',(-2.138775706402E1,-9.084116090414E0,
-3.345507683215E-1));
#2878=CARTESIAN_POINT('',(-2.101430943503E1,-9.083903800456E0,
-3.351465619260E-1));
#2879=CARTESIAN_POINT('',(-2.097073802036E1,-9.083854009017E0,
-3.352854173354E-1));
#2880=CARTESIAN_POINT('',(-2.763336741834E1,-9.490579933714E0,
-1.598983241325E0));
#2881=CARTESIAN_POINT('',(-2.759739209043E1,-9.481386468564E0,
-1.594076091058E0));
#2882=CARTESIAN_POINT('',(-2.733555254020E1,-9.416676051912E0,
-1.558358952892E0));
#2883=CARTESIAN_POINT('',(-2.682530247274E1,-9.318672414168E0,
-1.488405030313E0));
#2884=CARTESIAN_POINT('',(-2.607845023005E1,-9.219100659388E0,
-1.392990841630E0));
#2885=CARTESIAN_POINT('',(-2.530167801259E1,-9.146981705730E0,
-1.304946105315E0));
#2886=CARTESIAN_POINT('',(-2.450763281333E1,-9.096299010899E0,
-1.228897577987E0));
#2887=CARTESIAN_POINT('',(-2.371012331045E1,-9.061861999546E0,
-1.167609366641E0));
#2888=CARTESIAN_POINT('',(-2.289408543511E1,-9.039082494028E0,
-1.121016214317E0));
#2889=CARTESIAN_POINT('',(-2.202297512080E1,-9.025359413454E0,
-1.089735905086E0));
#2890=CARTESIAN_POINT('',(-2.137693012917E1,-9.022068648232E0,
-1.081708436508E0));
#2891=CARTESIAN_POINT('',(-2.101760498850E1,-9.022310039507E0,
-1.082298189907E0));
#2892=CARTESIAN_POINT('',(-2.097568145922E1,-9.022366000669E0,
-1.082435920552E0));
#2893=(BOUNDED_SURFACE()B_SPLINE_SURFACE(3,3,((#2841,#2842,#2843,#2844,#2845,
#2846,#2847,#2848,#2849,#2850,#2851,#2852,#2853),(#2854,#2855,#2856,#2857,#2858,
#2859,#2860,#2861,#2862,#2863,#2864,#2865,#2866),(#2867,#2868,#2869,#2870,#2871,
#2872,#2873,#2874,#2875,#2876,#2877,#2878,#2879),(#2880,#2881,#2882,#2883,#2884,
#2885,#2886,#2887,#2888,#2889,#2890,#2891,#2892)),.UNSPECIFIED.,.F.,.F.,.F.)B_SPLINE_SURFACE_WITH_KNOTS((4,4),(4,1,1,1,1,1,1,1,1,1,4),(0.E0,1.E0),(
-1.886385416666E-2,0.E0,1.174367561884E-1,2.348440262502E-1,3.586450886830E-1,
4.825866781135E-1,6.032056852083E-1,7.254168077979E-1,8.557149445069E-1,1.E0,
1.019058491637E0),.UNSPECIFIED.)GEOMETRIC_REPRESENTATION_ITEM()RATIONAL_B_SPLINE_SURFACE(((1.263121267049E0,1.263121267049E0,1.263121267049E0,1.263121267049E0,
1.263121267049E0,1.263121267049E0,1.263121267049E0,1.263121267049E0,
1.263121267049E0,1.263121267049E0,1.263121267049E0,1.263121267049E0,
1.263121267049E0),(9.122929109836E-1,9.122929109836E-1,9.122929109836E-1,
9.122929109836E-1,9.122929109836E-1,9.122929109836E-1,9.122929109836E-1,
9.122929109836E-1,9.122929109836E-1,9.122929109836E-1,9.122929109836E-1,
9.122929109836E-1,9.122929109836E-1),(9.122929109836E-1,9.122929109836E-1,
9.122929109836E-1,9.122929109836E-1,9.122929109836E-1,9.122929109836E-1,
9.122929109836E-1,9.122929109836E-1,9.122929109836E-1,9.122929109836E-1,
9.122929109836E-1,9.122929109836E-1,9.122929109836E-1),(1.263121267049E0,
1.263121267049E0,1.263121267049E0,1.263121267049E0,1.263121267049E0,
1.263121267049E0,1.263121267049E0,1.263121267049E0,1.263121267049E0,
1.263121267049E0,1.263121267049E0,1.263121267049E0,1.263121267049E0)))REPRESENTATION_ITEM('')SURFACE());
#2894=ORIENTED_EDGE('',*,*,#2826,.T.);
#2895=ORIENTED_EDGE('',*,*,#2727,.T.);
#2896=ORIENTED_EDGE('',*,*,#2743,.F.);
#2897=ORIENTED_EDGE('',*,*,#2813,.F.);
#2898=EDGE_LOOP('',(#2894,#2895,#2896,#2897));
#2899=FACE_OUTER_BOUND('',#2898,.F.);
#2900=ADVANCED_FACE('',(#2899),#2893,.T.);
#2901=CARTESIAN_POINT('',(-3.715916129323E1,-7.288962265897E0,
-8.593561576140E0));
#2902=CARTESIAN_POINT('',(-3.712305715386E1,-7.294264015967E0,
-8.525666250629E0));
#2903=CARTESIAN_POINT('',(-3.695281645003E1,-7.331082449095E0,
-8.209824138394E0));
#2904=CARTESIAN_POINT('',(-3.664823620668E1,-7.491348638152E0,
-7.682322901973E0));
#2905=CARTESIAN_POINT('',(-3.624743068746E1,-7.879679698756E0,
-7.059853761842E0));
#2906=CARTESIAN_POINT('',(-3.597224350559E1,-8.296525036060E0,
-6.682108716942E0));
#2907=CARTESIAN_POINT('',(-3.583836176872E1,-8.575005383713E0,
-6.511340145590E0));
#2908=CARTESIAN_POINT('',(-3.581369770680E1,-8.630030549203E0,
-6.480147149700E0));
#2909=CARTESIAN_POINT('',(-3.784758629085E1,-8.143335941517E0,
-8.040472715257E0));
#2910=CARTESIAN_POINT('',(-3.780951292273E1,-8.161821761669E0,
-7.990559551174E0));
#2911=CARTESIAN_POINT('',(-3.763103571917E1,-8.257843240983E0,
-7.762312258518E0));
#2912=CARTESIAN_POINT('',(-3.731951889196E1,-8.497363027783E0,
-7.415734114738E0));
#2913=CARTESIAN_POINT('',(-3.692866282544E1,-8.917715478284E0,
-7.084675986471E0));
#2914=CARTESIAN_POINT('',(-3.668076102462E1,-9.274004074999E0,
-6.958555666682E0));
#2915=CARTESIAN_POINT('',(-3.657179751083E1,-9.465572745182E0,
-6.935601536740E0));
#2916=CARTESIAN_POINT('',(-3.655239676312E1,-9.501685199078E0,
-6.932752664846E0));
#2917=CARTESIAN_POINT('',(-3.734352549278E1,-9.228062299609E0,
-8.321617686125E0));
#2918=CARTESIAN_POINT('',(-3.730689398256E1,-9.239886904476E0,
-8.299914068908E0));
#2919=CARTESIAN_POINT('',(-3.713444749642E1,-9.299537204651E0,
-8.201689460238E0));
#2920=CARTESIAN_POINT('',(-3.682800959576E1,-9.435274999693E0,
-8.061685004297E0));
#2921=CARTESIAN_POINT('',(-3.642986859756E1,-9.653062435333E0,
-7.950578403514E0));
#2922=CARTESIAN_POINT('',(-3.616198859870E1,-9.820924142002E0,
-7.935080870197E0));
#2923=CARTESIAN_POINT('',(-3.603478010621E1,-9.900808806067E0,
-7.951726604519E0));
#2924=CARTESIAN_POINT('',(-3.601152559031E1,-9.915385223540E0,
-7.955700394346E0));
#2925=CARTESIAN_POINT('',(-3.637175773743E1,-8.983435223737E0,
-9.032743814881E0));
#2926=CARTESIAN_POINT('',(-3.633790595340E1,-8.978331354840E0,
-9.008915192426E0));
#2927=CARTESIAN_POINT('',(-3.617708595510E1,-8.958333634257E0,
-8.896184141590E0));
#2928=CARTESIAN_POINT('',(-3.588043960551E1,-8.956479877364E0,
-8.691375836188E0));
#2929=CARTESIAN_POINT('',(-3.546825414735E1,-9.028380035994E0,
-8.412497420644E0));
#2930=CARTESIAN_POINT('',(-3.516185861870E1,-9.150879921719E0,
-8.207558465318E0));
#2931=CARTESIAN_POINT('',(-3.499947603203E1,-9.254896427151E0,
-8.098649641935E0));
#2932=CARTESIAN_POINT('',(-3.496879192097E1,-9.276279715068E0,
-8.078114463752E0));
#2933=(BOUNDED_SURFACE()B_SPLINE_SURFACE(3,3,((#2901,#2902,#2903,#2904,#2905,
#2906,#2907,#2908),(#2909,#2910,#2911,#2912,#2913,#2914,#2915,#2916),(#2917,
#2918,#2919,#2920,#2921,#2922,#2923,#2924),(#2925,#2926,#2927,#2928,#2929,#2930,
#2931,#2932)),.UNSPECIFIED.,.F.,.F.,.F.)B_SPLINE_SURFACE_WITH_KNOTS((4,4),(4,1,
1,1,1,4),(0.E0,1.E0),(-8.731446738670E-2,0.E0,3.232103732249E-1,
6.414870099196E-1,1.E0,1.085863707145E0),.UNSPECIFIED.)GEOMETRIC_REPRESENTATION_ITEM()RATIONAL_B_SPLINE_SURFACE(((1.561207002136E0,1.561207002136E0,
1.561207002136E0,1.561207002136E0,1.561207002136E0,1.561207002136E0,
1.561207002136E0,1.561207002136E0),(8.129309992879E-1,8.129309992879E-1,
8.129309992879E-1,8.129309992879E-1,8.129309992879E-1,8.129309992879E-1,
8.129309992879E-1,8.129309992879E-1),(8.129309992879E-1,8.129309992879E-1,
8.129309992879E-1,8.129309992879E-1,8.129309992879E-1,8.129309992879E-1,
8.129309992879E-1,8.129309992879E-1),(1.561207002136E0,1.561207002136E0,
1.561207002136E0,1.561207002136E0,1.561207002136E0,1.561207002136E0,
1.561207002136E0,1.561207002136E0)))REPRESENTATION_ITEM('')SURFACE());
#2934=ORIENTED_EDGE('',*,*,#2829,.T.);
#2935=ORIENTED_EDGE('',*,*,#2816,.T.);
#2937=ORIENTED_EDGE('',*,*,#2936,.F.);
#2939=ORIENTED_EDGE('',*,*,#2938,.F.);
#2940=EDGE_LOOP('',(#2934,#2935,#2937,#2939));
#2941=FACE_OUTER_BOUND('',#2940,.F.);
#2942=ADVANCED_FACE('',(#2941),#2933,.T.);
#2943=CARTESIAN_POINT('',(-3.169532229013E2,-1.E1,-8.819397989875E0));
#2944=DIRECTION('',(1.E0,0.E0,0.E0));
#2945=DIRECTION('',(0.E0,1.E0,0.E0));
#2946=AXIS2_PLACEMENT_3D('',#2943,#2944,#2945);
#2947=CYLINDRICAL_SURFACE('',#2946,1.E0);
#2948=ORIENTED_EDGE('',*,*,#2936,.T.);
#2949=ORIENTED_EDGE('',*,*,#2757,.T.);
#2950=ORIENTED_EDGE('',*,*,#2212,.T.);
#2952=ORIENTED_EDGE('',*,*,#2951,.F.);
#2953=EDGE_LOOP('',(#2948,#2949,#2950,#2952));
#2954=FACE_OUTER_BOUND('',#2953,.F.);
#2955=ADVANCED_FACE('',(#2954),#2947,.F.);
#2956=CARTESIAN_POINT('',(0.E0,-9.E0,-8.85E1));
#2957=DIRECTION('',(0.E0,-1.E0,0.E0));
#2958=DIRECTION('',(0.E0,0.E0,1.E0));
#2959=AXIS2_PLACEMENT_3D('',#2956,#2957,#2958);
#2960=PLANE('',#2959);
#2962=ORIENTED_EDGE('',*,*,#2961,.F.);
#2964=ORIENTED_EDGE('',*,*,#2963,.F.);
#2966=ORIENTED_EDGE('',*,*,#2965,.T.);
#2968=ORIENTED_EDGE('',*,*,#2967,.T.);
#2970=ORIENTED_EDGE('',*,*,#2969,.T.);
#2971=ORIENTED_EDGE('',*,*,#2202,.T.);
#2973=ORIENTED_EDGE('',*,*,#2972,.T.);
#2975=ORIENTED_EDGE('',*,*,#2974,.F.);
#2977=ORIENTED_EDGE('',*,*,#2976,.F.);
#2979=ORIENTED_EDGE('',*,*,#2978,.F.);
#2981=ORIENTED_EDGE('',*,*,#2980,.F.);
#2983=ORIENTED_EDGE('',*,*,#2982,.F.);
#2984=EDGE_LOOP('',(#2962,#2964,#2966,#2968,#2970,#2971,#2973,#2975,#2977,#2979,
#2981,#2983));
#2985=FACE_OUTER_BOUND('',#2984,.F.);
#2986=ADVANCED_FACE('',(#2985),#2960,.T.);
#2987=CARTESIAN_POINT('',(0.E0,-9.E0,-8.85E1));
#2988=DIRECTION('',(0.E0,-1.E0,0.E0));
#2989=DIRECTION('',(0.E0,0.E0,1.E0));
#2990=AXIS2_PLACEMENT_3D('',#2987,#2988,#2989);
#2991=PLANE('',#2990);
#2993=ORIENTED_EDGE('',*,*,#2992,.F.);
#2995=ORIENTED_EDGE('',*,*,#2994,.T.);
#2997=ORIENTED_EDGE('',*,*,#2996,.T.);
#2999=ORIENTED_EDGE('',*,*,#2998,.T.);
#3001=ORIENTED_EDGE('',*,*,#3000,.T.);
#3003=ORIENTED_EDGE('',*,*,#3002,.T.);
#3004=ORIENTED_EDGE('',*,*,#2951,.T.);
#3005=ORIENTED_EDGE('',*,*,#2210,.T.);
#3007=ORIENTED_EDGE('',*,*,#3006,.T.);
#3009=ORIENTED_EDGE('',*,*,#3008,.T.);
#3011=ORIENTED_EDGE('',*,*,#3010,.T.);
#3013=ORIENTED_EDGE('',*,*,#3012,.F.);
#3014=EDGE_LOOP('',(#2993,#2995,#2997,#2999,#3001,#3003,#3004,#3005,#3007,#3009,
#3011,#3013));
#3015=FACE_OUTER_BOUND('',#3014,.F.);
#3016=ADVANCED_FACE('',(#3015),#2991,.T.);
#3017=CARTESIAN_POINT('',(0.E0,0.E0,-5.075E1));
#3018=DIRECTION('',(0.E0,0.E0,-1.E0));
#3019=DIRECTION('',(-1.E0,0.E0,0.E0));
#3020=AXIS2_PLACEMENT_3D('',#3017,#3018,#3019);
#3021=PLANE('',#3020);
#3023=ORIENTED_EDGE('',*,*,#3022,.T.);
#3025=ORIENTED_EDGE('',*,*,#3024,.F.);
#3027=ORIENTED_EDGE('',*,*,#3026,.T.);
#3029=ORIENTED_EDGE('',*,*,#3028,.F.);
#3030=ORIENTED_EDGE('',*,*,#2961,.T.);
#3032=ORIENTED_EDGE('',*,*,#3031,.F.);
#3034=ORIENTED_EDGE('',*,*,#3033,.T.);
#3035=EDGE_LOOP('',(#3023,#3025,#3027,#3029,#3030,#3032,#3034));
#3036=FACE_OUTER_BOUND('',#3035,.F.);
#3037=ADVANCED_FACE('',(#3036),#3021,.F.);
#3038=CARTESIAN_POINT('',(-1.05E2,2.123654403271E1,-3.775E1));
#3039=DIRECTION('',(7.071067811865E-1,7.071067811866E-1,0.E0));
#3040=DIRECTION('',(7.071067811866E-1,-7.071067811865E-1,0.E0));
#3041=AXIS2_PLACEMENT_3D('',#3038,#3039,#3040);
#3042=PLANE('',#3041);
#3044=ORIENTED_EDGE('',*,*,#3043,.T.);
#3045=ORIENTED_EDGE('',*,*,#3022,.F.);
#3047=ORIENTED_EDGE('',*,*,#3046,.F.);
#3049=ORIENTED_EDGE('',*,*,#3048,.T.);
#3050=EDGE_LOOP('',(#3044,#3045,#3047,#3049));
#3051=FACE_OUTER_BOUND('',#3050,.F.);
#3052=ADVANCED_FACE('',(#3051),#3042,.F.);
#3053=CARTESIAN_POINT('',(-8.076345596729E1,-3.E0,-5.075E1));
#3054=DIRECTION('',(-1.E0,0.E0,0.E0));
#3055=DIRECTION('',(0.E0,1.E0,0.E0));
#3056=AXIS2_PLACEMENT_3D('',#3053,#3054,#3055);
#3057=PLANE('',#3056);
#3059=ORIENTED_EDGE('',*,*,#3058,.F.);
#3060=ORIENTED_EDGE('',*,*,#3024,.T.);
#3061=ORIENTED_EDGE('',*,*,#3043,.F.);
#3063=ORIENTED_EDGE('',*,*,#3062,.T.);
#3064=EDGE_LOOP('',(#3059,#3060,#3061,#3063));
#3065=FACE_OUTER_BOUND('',#3064,.F.);
#3066=ADVANCED_FACE('',(#3065),#3057,.F.);
#3067=CARTESIAN_POINT('',(-7.717157287525E1,9.671572875254E0,-4.425E1));
#3068=DIRECTION('',(-7.071067811866E-1,7.071067811865E-1,0.E0));
#3069=DIRECTION('',(-7.071067811865E-1,-7.071067811866E-1,0.E0));
#3070=AXIS2_PLACEMENT_3D('',#3067,#3068,#3069);
#3071=CYLINDRICAL_SURFACE('',#3070,8.75E0);
#3072=ORIENTED_EDGE('',*,*,#3058,.T.);
#3074=ORIENTED_EDGE('',*,*,#3073,.F.);
#3076=ORIENTED_EDGE('',*,*,#3075,.F.);
#3078=ORIENTED_EDGE('',*,*,#3077,.F.);
#3080=ORIENTED_EDGE('',*,*,#3079,.F.);
#3082=ORIENTED_EDGE('',*,*,#3081,.T.);
#3084=ORIENTED_EDGE('',*,*,#3083,.F.);
#3085=ORIENTED_EDGE('',*,*,#3026,.F.);
#3086=EDGE_LOOP('',(#3072,#3074,#3076,#3078,#3080,#3082,#3084,#3085));
#3087=FACE_OUTER_BOUND('',#3086,.F.);
#3088=ADVANCED_FACE('',(#3087),#3071,.F.);
#3089=CARTESIAN_POINT('',(0.E0,0.E0,-3.775E1));
#3090=DIRECTION('',(0.E0,0.E0,-1.E0));
#3091=DIRECTION('',(-1.E0,0.E0,0.E0));
#3092=AXIS2_PLACEMENT_3D('',#3089,#3090,#3091);
#3093=PLANE('',#3092);
#3094=ORIENTED_EDGE('',*,*,#3073,.T.);
#3095=ORIENTED_EDGE('',*,*,#3062,.F.);
#3096=ORIENTED_EDGE('',*,*,#3048,.F.);
#3098=ORIENTED_EDGE('',*,*,#3097,.F.);
#3100=ORIENTED_EDGE('',*,*,#3099,.F.);
#3101=ORIENTED_EDGE('',*,*,#2992,.T.);
#3103=ORIENTED_EDGE('',*,*,#3102,.T.);
#3104=EDGE_LOOP('',(#3094,#3095,#3096,#3098,#3100,#3101,#3103));
#3105=FACE_OUTER_BOUND('',#3104,.F.);
#3106=ADVANCED_FACE('',(#3105),#3093,.T.);
#3107=CARTESIAN_POINT('',(-1.05E2,0.E0,0.E0));
#3108=DIRECTION('',(-1.E0,0.E0,0.E0));
#3109=DIRECTION('',(0.E0,0.E0,-1.E0));
#3110=AXIS2_PLACEMENT_3D('',#3107,#3108,#3109);
#3111=PLANE('',#3110);
#3113=ORIENTED_EDGE('',*,*,#3112,.F.);
#3114=ORIENTED_EDGE('',*,*,#3097,.T.);
#3115=ORIENTED_EDGE('',*,*,#3046,.T.);
#3116=ORIENTED_EDGE('',*,*,#3033,.F.);
#3118=ORIENTED_EDGE('',*,*,#3117,.T.);
#3120=ORIENTED_EDGE('',*,*,#3119,.F.);
#3122=ORIENTED_EDGE('',*,*,#3121,.F.);
#3124=ORIENTED_EDGE('',*,*,#3123,.F.);
#3126=ORIENTED_EDGE('',*,*,#3125,.T.);
#3128=ORIENTED_EDGE('',*,*,#3127,.T.);
#3130=ORIENTED_EDGE('',*,*,#3129,.T.);
#3132=ORIENTED_EDGE('',*,*,#3131,.T.);
#3134=ORIENTED_EDGE('',*,*,#3133,.T.);
#3136=ORIENTED_EDGE('',*,*,#3135,.F.);
#3138=ORIENTED_EDGE('',*,*,#3137,.T.);
#3140=ORIENTED_EDGE('',*,*,#3139,.F.);
#3142=ORIENTED_EDGE('',*,*,#3141,.F.);
#3144=ORIENTED_EDGE('',*,*,#3143,.F.);
#3145=EDGE_LOOP('',(#3113,#3114,#3115,#3116,#3118,#3120,#3122,#3124,#3126,#3128,
#3130,#3132,#3134,#3136,#3138,#3140,#3142,#3144));
#3146=FACE_OUTER_BOUND('',#3145,.F.);
#3147=ADVANCED_FACE('',(#3146),#3111,.T.);
#3148=CARTESIAN_POINT('',(-1.04E2,-8.E0,-2.038686E2));
#3149=DIRECTION('',(0.E0,0.E0,1.E0));
#3150=DIRECTION('',(-1.E0,0.E0,0.E0));
#3151=AXIS2_PLACEMENT_3D('',#3148,#3149,#3150);
#3152=CYLINDRICAL_SURFACE('',#3151,1.E0);
#3153=ORIENTED_EDGE('',*,*,#3099,.T.);
#3154=ORIENTED_EDGE('',*,*,#3112,.T.);
#3156=ORIENTED_EDGE('',*,*,#3155,.T.);
#3157=ORIENTED_EDGE('',*,*,#2994,.F.);
#3158=EDGE_LOOP('',(#3153,#3154,#3156,#3157));
#3159=FACE_OUTER_BOUND('',#3158,.F.);
#3160=ADVANCED_FACE('',(#3159),#3152,.T.);
#3161=CARTESIAN_POINT('',(-1.E2,-8.E0,-2.775E1));
#3162=DIRECTION('',(0.E0,1.E0,0.E0));
#3163=DIRECTION('',(-9.978753367919E-1,0.E0,-6.515222346590E-2));
#3164=AXIS2_PLACEMENT_3D('',#3161,#3162,#3163);
#3165=TOROIDAL_SURFACE('',#3164,4.E0,1.E0);
#3167=ORIENTED_EDGE('',*,*,#3166,.T.);
#3169=ORIENTED_EDGE('',*,*,#3168,.T.);
#3170=ORIENTED_EDGE('',*,*,#2996,.F.);
#3171=ORIENTED_EDGE('',*,*,#3155,.F.);
#3172=EDGE_LOOP('',(#3167,#3169,#3170,#3171));
#3173=FACE_OUTER_BOUND('',#3172,.F.);
#3174=ADVANCED_FACE('',(#3173),#3165,.T.);
#3175=CARTESIAN_POINT('',(-1.E2,-1.495172536627E2,-2.775E1));
#3176=DIRECTION('',(0.E0,1.E0,0.E0));
#3177=DIRECTION('',(-1.E0,0.E0,0.E0));
#3178=AXIS2_PLACEMENT_3D('',#3175,#3176,#3177);
#3179=CYLINDRICAL_SURFACE('',#3178,5.E0);
#3180=ORIENTED_EDGE('',*,*,#3166,.F.);
#3181=ORIENTED_EDGE('',*,*,#3143,.T.);
#3183=ORIENTED_EDGE('',*,*,#3182,.F.);
#3185=ORIENTED_EDGE('',*,*,#3184,.F.);
#3186=EDGE_LOOP('',(#3180,#3181,#3183,#3185));
#3187=FACE_OUTER_BOUND('',#3186,.F.);
#3188=ADVANCED_FACE('',(#3187),#3179,.T.);
#3189=CARTESIAN_POINT('',(-1.E2,-1.E0,-2.775E1));
#3190=DIRECTION('',(0.E0,1.E0,0.E0));
#3191=DIRECTION('',(5.977000922712E-2,0.E0,9.982121748391E-1));
#3192=AXIS2_PLACEMENT_3D('',#3189,#3190,#3191);
#3193=TOROIDAL_SURFACE('',#3192,4.E0,1.E0);
#3194=ORIENTED_EDGE('',*,*,#3182,.T.);
#3196=ORIENTED_EDGE('',*,*,#3195,.T.);
#3198=ORIENTED_EDGE('',*,*,#3197,.F.);
#3200=ORIENTED_EDGE('',*,*,#3199,.F.);
#3201=EDGE_LOOP('',(#3194,#3196,#3198,#3200));
#3202=FACE_OUTER_BOUND('',#3201,.F.);
#3203=ADVANCED_FACE('',(#3202),#3193,.T.);
#3204=CARTESIAN_POINT('',(-1.04E2,-1.E0,-2.742400797553E1));
#3205=DIRECTION('',(0.E0,0.E0,-1.E0));
#3206=DIRECTION('',(-1.E0,0.E0,0.E0));
#3207=AXIS2_PLACEMENT_3D('',#3204,#3205,#3206);
#3208=CYLINDRICAL_SURFACE('',#3207,1.E0);
#3210=ORIENTED_EDGE('',*,*,#3209,.F.);
#3211=ORIENTED_EDGE('',*,*,#3195,.F.);
#3212=ORIENTED_EDGE('',*,*,#3141,.T.);
#3214=ORIENTED_EDGE('',*,*,#3213,.T.);
#3215=EDGE_LOOP('',(#3210,#3211,#3212,#3214));
#3216=FACE_OUTER_BOUND('',#3215,.F.);
#3217=ADVANCED_FACE('',(#3216),#3208,.T.);
#3218=CARTESIAN_POINT('',(0.E0,0.E0,-8.85E1));
#3219=DIRECTION('',(0.E0,1.E0,0.E0));
#3220=DIRECTION('',(0.E0,0.E0,1.E0));
#3221=AXIS2_PLACEMENT_3D('',#3218,#3219,#3220);
#3222=PLANE('',#3221);
#3224=ORIENTED_EDGE('',*,*,#3223,.F.);
#3226=ORIENTED_EDGE('',*,*,#3225,.T.);
#3228=ORIENTED_EDGE('',*,*,#3227,.T.);
#3230=ORIENTED_EDGE('',*,*,#3229,.T.);
#3232=ORIENTED_EDGE('',*,*,#3231,.T.);
#3233=ORIENTED_EDGE('',*,*,#2471,.T.);
#3234=ORIENTED_EDGE('',*,*,#2485,.T.);
#3235=ORIENTED_EDGE('',*,*,#2509,.T.);
#3237=ORIENTED_EDGE('',*,*,#3236,.T.);
#3239=ORIENTED_EDGE('',*,*,#3238,.T.);
#3241=ORIENTED_EDGE('',*,*,#3240,.T.);
#3243=ORIENTED_EDGE('',*,*,#3242,.T.);
#3244=ORIENTED_EDGE('',*,*,#3197,.T.);
#3245=ORIENTED_EDGE('',*,*,#3209,.T.);
#3247=ORIENTED_EDGE('',*,*,#3246,.F.);
#3249=ORIENTED_EDGE('',*,*,#3248,.F.);
#3251=ORIENTED_EDGE('',*,*,#3250,.F.);
#3253=ORIENTED_EDGE('',*,*,#3252,.T.);
#3255=ORIENTED_EDGE('',*,*,#3254,.T.);
#3256=ORIENTED_EDGE('',*,*,#2206,.F.);
#3258=ORIENTED_EDGE('',*,*,#3257,.T.);
#3260=ORIENTED_EDGE('',*,*,#3259,.T.);
#3262=ORIENTED_EDGE('',*,*,#3261,.F.);
#3264=ORIENTED_EDGE('',*,*,#3263,.T.);
#3265=EDGE_LOOP('',(#3224,#3226,#3228,#3230,#3232,#3233,#3234,#3235,#3237,#3239,
#3241,#3243,#3244,#3245,#3247,#3249,#3251,#3253,#3255,#3256,#3258,#3260,#3262,
#3264));
#3266=FACE_OUTER_BOUND('',#3265,.F.);
#3267=ADVANCED_FACE('',(#3266),#3222,.T.);
#3268=CARTESIAN_POINT('',(-6.04E1,0.E0,-5.76E1));
#3269=DIRECTION('',(0.E0,0.E0,-1.E0));
#3270=DIRECTION('',(-1.E0,0.E0,0.E0));
#3271=AXIS2_PLACEMENT_3D('',#3268,#3269,#3270);
#3272=PLANE('',#3271);
#3273=ORIENTED_EDGE('',*,*,#3223,.T.);
#3275=ORIENTED_EDGE('',*,*,#3274,.F.);
#3277=ORIENTED_EDGE('',*,*,#3276,.T.);
#3279=ORIENTED_EDGE('',*,*,#3278,.T.);
#3281=ORIENTED_EDGE('',*,*,#3280,.T.);
#3283=ORIENTED_EDGE('',*,*,#3282,.T.);
#3285=ORIENTED_EDGE('',*,*,#3284,.T.);
#3286=ORIENTED_EDGE('',*,*,#3123,.T.);
#3288=ORIENTED_EDGE('',*,*,#3287,.F.);
#3289=EDGE_LOOP('',(#3273,#3275,#3277,#3279,#3281,#3283,#3285,#3286,#3288));
#3290=FACE_OUTER_BOUND('',#3289,.F.);
#3291=ADVANCED_FACE('',(#3290),#3272,.T.);
#3292=CARTESIAN_POINT('',(-6.04E1,2.799494936612E0,-5.76E1));
#3293=DIRECTION('',(-7.071067811865E-1,-7.071067811866E-1,0.E0));
#3294=DIRECTION('',(-7.071067811866E-1,7.071067811865E-1,0.E0));
#3295=AXIS2_PLACEMENT_3D('',#3292,#3293,#3294);
#3296=PLANE('',#3295);
#3298=ORIENTED_EDGE('',*,*,#3297,.F.);
#3300=ORIENTED_EDGE('',*,*,#3299,.T.);
#3302=ORIENTED_EDGE('',*,*,#3301,.F.);
#3304=ORIENTED_EDGE('',*,*,#3303,.F.);
#3305=EDGE_LOOP('',(#3298,#3300,#3302,#3304));
#3306=FACE_OUTER_BOUND('',#3305,.F.);
#3307=ADVANCED_FACE('',(#3306),#3296,.F.);
#3308=CARTESIAN_POINT('',(-6.04E1,2.799494936612E0,-5.76E1));
#3309=DIRECTION('',(-7.071067811865E-1,-7.071067811866E-1,0.E0));
#3310=DIRECTION('',(-7.071067811866E-1,7.071067811865E-1,0.E0));
#3311=AXIS2_PLACEMENT_3D('',#3308,#3309,#3310);
#3312=PLANE('',#3311);
#3314=ORIENTED_EDGE('',*,*,#3313,.F.);
#3316=ORIENTED_EDGE('',*,*,#3315,.T.);
#3318=ORIENTED_EDGE('',*,*,#3317,.F.);
#3319=ORIENTED_EDGE('',*,*,#3282,.F.);
#3320=EDGE_LOOP('',(#3314,#3316,#3318,#3319));
#3321=FACE_OUTER_BOUND('',#3320,.F.);
#3322=ADVANCED_FACE('',(#3321),#3312,.F.);
#3323=CARTESIAN_POINT('',(-6.04E1,2.799494936612E0,-5.76E1));
#3324=DIRECTION('',(-7.071067811865E-1,-7.071067811866E-1,0.E0));
#3325=DIRECTION('',(-7.071067811866E-1,7.071067811865E-1,0.E0));
#3326=AXIS2_PLACEMENT_3D('',#3323,#3324,#3325);
#3327=PLANE('',#3326);
#3329=ORIENTED_EDGE('',*,*,#3328,.T.);
#3331=ORIENTED_EDGE('',*,*,#3330,.F.);
#3333=ORIENTED_EDGE('',*,*,#3332,.F.);
#3335=ORIENTED_EDGE('',*,*,#3334,.T.);
#3336=EDGE_LOOP('',(#3329,#3331,#3333,#3335));
#3337=FACE_OUTER_BOUND('',#3336,.F.);
#3338=ADVANCED_FACE('',(#3337),#3327,.F.);
#3339=CARTESIAN_POINT('',(-6.04E1,2.799494936612E0,-5.76E1));
#3340=DIRECTION('',(-7.071067811865E-1,-7.071067811866E-1,0.E0));
#3341=DIRECTION('',(-7.071067811866E-1,7.071067811865E-1,0.E0));
#3342=AXIS2_PLACEMENT_3D('',#3339,#3340,#3341);
#3343=PLANE('',#3342);
#3345=ORIENTED_EDGE('',*,*,#3344,.F.);
#3347=ORIENTED_EDGE('',*,*,#3346,.T.);
#3349=ORIENTED_EDGE('',*,*,#3348,.T.);
#3351=ORIENTED_EDGE('',*,*,#3350,.F.);
#3352=EDGE_LOOP('',(#3345,#3347,#3349,#3351));
#3353=FACE_OUTER_BOUND('',#3352,.F.);
#3354=ADVANCED_FACE('',(#3353),#3343,.F.);
#3355=CARTESIAN_POINT('',(-6.04E1,2.799494936612E0,-5.76E1));
#3356=DIRECTION('',(-7.071067811865E-1,-7.071067811866E-1,0.E0));
#3357=DIRECTION('',(-7.071067811866E-1,7.071067811865E-1,0.E0));
#3358=AXIS2_PLACEMENT_3D('',#3355,#3356,#3357);
#3359=PLANE('',#3358);
#3361=ORIENTED_EDGE('',*,*,#3360,.F.);
#3363=ORIENTED_EDGE('',*,*,#3362,.F.);
#3364=ORIENTED_EDGE('',*,*,#3248,.T.);
#3366=ORIENTED_EDGE('',*,*,#3365,.T.);
#3368=ORIENTED_EDGE('',*,*,#3367,.F.);
#3370=ORIENTED_EDGE('',*,*,#3369,.F.);
#3372=ORIENTED_EDGE('',*,*,#3371,.T.);
#3374=ORIENTED_EDGE('',*,*,#3373,.F.);
#3375=EDGE_LOOP('',(#3361,#3363,#3364,#3366,#3368,#3370,#3372,#3374));
#3376=FACE_OUTER_BOUND('',#3375,.F.);
#3377=ADVANCED_FACE('',(#3376),#3359,.F.);
#3378=CARTESIAN_POINT('',(-6.04E1,2.799494936612E0,-5.76E1));
#3379=DIRECTION('',(-7.071067811865E-1,-7.071067811866E-1,0.E0));
#3380=DIRECTION('',(-7.071067811866E-1,7.071067811865E-1,0.E0));
#3381=AXIS2_PLACEMENT_3D('',#3378,#3379,#3380);
#3382=PLANE('',#3381);
#3383=ORIENTED_EDGE('',*,*,#3274,.T.);
#3384=ORIENTED_EDGE('',*,*,#3263,.F.);
#3386=ORIENTED_EDGE('',*,*,#3385,.T.);
#3388=ORIENTED_EDGE('',*,*,#3387,.F.);
#3390=ORIENTED_EDGE('',*,*,#3389,.T.);
#3392=ORIENTED_EDGE('',*,*,#3391,.T.);
#3394=ORIENTED_EDGE('',*,*,#3393,.T.);
#3396=ORIENTED_EDGE('',*,*,#3395,.F.);
#3397=EDGE_LOOP('',(#3383,#3384,#3386,#3388,#3390,#3392,#3394,#3396));
#3398=FACE_OUTER_BOUND('',#3397,.F.);
#3399=ADVANCED_FACE('',(#3398),#3382,.F.);
#3400=CARTESIAN_POINT('',(-9.414213562373E1,2.805634918610E1,-5.76E1));
#3401=DIRECTION('',(-7.071067811866E-1,7.071067811865E-1,0.E0));
#3402=DIRECTION('',(7.071067811865E-1,7.071067811866E-1,0.E0));
#3403=AXIS2_PLACEMENT_3D('',#3400,#3401,#3402);
#3404=PLANE('',#3403);
#3406=ORIENTED_EDGE('',*,*,#3405,.T.);
#3408=ORIENTED_EDGE('',*,*,#3407,.T.);
#3409=ORIENTED_EDGE('',*,*,#3297,.T.);
#3411=ORIENTED_EDGE('',*,*,#3410,.T.);
#3412=EDGE_LOOP('',(#3406,#3408,#3409,#3411));
#3413=FACE_OUTER_BOUND('',#3412,.F.);
#3414=ADVANCED_FACE('',(#3413),#3404,.F.);
#3415=CARTESIAN_POINT('',(-9.414213562373E1,2.805634918610E1,-5.76E1));
#3416=DIRECTION('',(-7.071067811866E-1,7.071067811865E-1,0.E0));
#3417=DIRECTION('',(7.071067811865E-1,7.071067811866E-1,0.E0));
#3418=AXIS2_PLACEMENT_3D('',#3415,#3416,#3417);
#3419=PLANE('',#3418);
#3421=ORIENTED_EDGE('',*,*,#3420,.T.);
#3423=ORIENTED_EDGE('',*,*,#3422,.F.);
#3424=ORIENTED_EDGE('',*,*,#3313,.T.);
#3425=ORIENTED_EDGE('',*,*,#3280,.F.);
#3426=EDGE_LOOP('',(#3421,#3423,#3424,#3425));
#3427=FACE_OUTER_BOUND('',#3426,.F.);
#3428=ADVANCED_FACE('',(#3427),#3419,.F.);
#3429=CARTESIAN_POINT('',(-7.858578643763E1,1.25E1,-5.76E1));
#3430=DIRECTION('',(-7.071067811865E-1,-7.071067811866E-1,0.E0));
#3431=DIRECTION('',(-7.071067811866E-1,7.071067811865E-1,0.E0));
#3432=AXIS2_PLACEMENT_3D('',#3429,#3430,#3431);
#3433=PLANE('',#3432);
#3435=ORIENTED_EDGE('',*,*,#3434,.T.);
#3437=ORIENTED_EDGE('',*,*,#3436,.T.);
#3438=ORIENTED_EDGE('',*,*,#3405,.F.);
#3440=ORIENTED_EDGE('',*,*,#3439,.F.);
#3442=ORIENTED_EDGE('',*,*,#3441,.T.);
#3444=ORIENTED_EDGE('',*,*,#3443,.F.);
#3446=ORIENTED_EDGE('',*,*,#3445,.F.);
#3448=ORIENTED_EDGE('',*,*,#3447,.F.);
#3449=EDGE_LOOP('',(#3435,#3437,#3438,#3440,#3442,#3444,#3446,#3448));
#3450=FACE_OUTER_BOUND('',#3449,.F.);
#3451=ADVANCED_FACE('',(#3450),#3433,.F.);
#3452=CARTESIAN_POINT('',(-7.858578643763E1,1.25E1,-5.76E1));
#3453=DIRECTION('',(-7.071067811865E-1,-7.071067811866E-1,0.E0));
#3454=DIRECTION('',(-7.071067811866E-1,7.071067811865E-1,0.E0));
#3455=AXIS2_PLACEMENT_3D('',#3452,#3453,#3454);
#3456=PLANE('',#3455);
#3458=ORIENTED_EDGE('',*,*,#3457,.T.);
#3460=ORIENTED_EDGE('',*,*,#3459,.T.);
#3462=ORIENTED_EDGE('',*,*,#3461,.T.);
#3463=ORIENTED_EDGE('',*,*,#3420,.F.);
#3464=ORIENTED_EDGE('',*,*,#3278,.F.);
#3466=ORIENTED_EDGE('',*,*,#3465,.T.);
#3468=ORIENTED_EDGE('',*,*,#3467,.T.);
#3470=ORIENTED_EDGE('',*,*,#3469,.F.);
#3471=EDGE_LOOP('',(#3458,#3460,#3462,#3463,#3464,#3466,#3468,#3470));
#3472=FACE_OUTER_BOUND('',#3471,.F.);
#3473=ADVANCED_FACE('',(#3472),#3456,.F.);
#3474=CARTESIAN_POINT('',(-7.434314575051E1,1.674264068712E1,-5.76E1));
#3475=DIRECTION('',(7.071067811866E-1,-7.071067811865E-1,0.E0));
#3476=DIRECTION('',(-7.071067811865E-1,-7.071067811866E-1,0.E0));
#3477=AXIS2_PLACEMENT_3D('',#3474,#3475,#3476);
#3478=PLANE('',#3477);
#3479=ORIENTED_EDGE('',*,*,#3367,.T.);
#3481=ORIENTED_EDGE('',*,*,#3480,.T.);
#3482=ORIENTED_EDGE('',*,*,#3434,.F.);
#3484=ORIENTED_EDGE('',*,*,#3483,.F.);
#3485=EDGE_LOOP('',(#3479,#3481,#3482,#3484));
#3486=FACE_OUTER_BOUND('',#3485,.F.);
#3487=ADVANCED_FACE('',(#3486),#3478,.F.);
#3488=CARTESIAN_POINT('',(-7.434314575051E1,1.674264068712E1,-5.76E1));
#3489=DIRECTION('',(7.071067811866E-1,-7.071067811865E-1,0.E0));
#3490=DIRECTION('',(-7.071067811865E-1,-7.071067811866E-1,0.E0));
#3491=AXIS2_PLACEMENT_3D('',#3488,#3489,#3490);
#3492=PLANE('',#3491);
#3493=ORIENTED_EDGE('',*,*,#3395,.T.);
#3495=ORIENTED_EDGE('',*,*,#3494,.T.);
#3496=ORIENTED_EDGE('',*,*,#3465,.F.);
#3497=ORIENTED_EDGE('',*,*,#3276,.F.);
#3498=EDGE_LOOP('',(#3493,#3495,#3496,#3497));
#3499=FACE_OUTER_BOUND('',#3498,.F.);
#3500=ADVANCED_FACE('',(#3499),#3492,.F.);
#3501=CARTESIAN_POINT('',(-1.05E2,0.E0,-3.09E1));
#3502=DIRECTION('',(0.E0,0.E0,1.E0));
#3503=DIRECTION('',(1.E0,0.E0,0.E0));
#3504=AXIS2_PLACEMENT_3D('',#3501,#3502,#3503);
#3505=PLANE('',#3504);
#3506=ORIENTED_EDGE('',*,*,#3365,.F.);
#3507=ORIENTED_EDGE('',*,*,#3246,.T.);
#3508=ORIENTED_EDGE('',*,*,#3213,.F.);
#3509=ORIENTED_EDGE('',*,*,#3139,.T.);
#3511=ORIENTED_EDGE('',*,*,#3510,.T.);
#3512=ORIENTED_EDGE('',*,*,#3299,.F.);
#3513=ORIENTED_EDGE('',*,*,#3407,.F.);
#3514=ORIENTED_EDGE('',*,*,#3436,.F.);
#3515=ORIENTED_EDGE('',*,*,#3480,.F.);
#3516=EDGE_LOOP('',(#3506,#3507,#3508,#3509,#3511,#3512,#3513,#3514,#3515));
#3517=FACE_OUTER_BOUND('',#3516,.F.);
#3518=ADVANCED_FACE('',(#3517),#3505,.T.);
#3519=CARTESIAN_POINT('',(0.E0,3.5E1,0.E0));
#3520=DIRECTION('',(0.E0,1.E0,0.E0));
#3521=DIRECTION('',(-1.E0,0.E0,0.E0));
#3522=AXIS2_PLACEMENT_3D('',#3519,#3520,#3521);
#3523=PLANE('',#3522);
#3525=ORIENTED_EDGE('',*,*,#3524,.F.);
#3526=ORIENTED_EDGE('',*,*,#3125,.F.);
#3527=ORIENTED_EDGE('',*,*,#3284,.F.);
#3528=ORIENTED_EDGE('',*,*,#3317,.T.);
#3529=EDGE_LOOP('',(#3525,#3526,#3527,#3528));
#3530=FACE_OUTER_BOUND('',#3529,.F.);
#3531=ADVANCED_FACE('',(#3530),#3523,.T.);
#3532=CARTESIAN_POINT('',(0.E0,3.5E1,0.E0));
#3533=DIRECTION('',(0.E0,1.E0,0.E0));
#3534=DIRECTION('',(-1.E0,0.E0,0.E0));
#3535=AXIS2_PLACEMENT_3D('',#3532,#3533,#3534);
#3536=PLANE('',#3535);
#3538=ORIENTED_EDGE('',*,*,#3537,.F.);
#3539=ORIENTED_EDGE('',*,*,#3301,.T.);
#3540=ORIENTED_EDGE('',*,*,#3510,.F.);
#3541=ORIENTED_EDGE('',*,*,#3137,.F.);
#3542=EDGE_LOOP('',(#3538,#3539,#3540,#3541));
#3543=FACE_OUTER_BOUND('',#3542,.F.);
#3544=ADVANCED_FACE('',(#3543),#3536,.T.);
#3545=CARTESIAN_POINT('',(-4.645E1,2.105E1,-5.075E1));
#3546=DIRECTION('',(0.E0,0.E0,-1.E0));
#3547=DIRECTION('',(-7.071067811865E-1,-7.071067811866E-1,0.E0));
#3548=AXIS2_PLACEMENT_3D('',#3545,#3546,#3547);
#3549=PLANE('',#3548);
#3551=ORIENTED_EDGE('',*,*,#3550,.F.);
#3553=ORIENTED_EDGE('',*,*,#3552,.T.);
#3554=ORIENTED_EDGE('',*,*,#3467,.F.);
#3555=ORIENTED_EDGE('',*,*,#3494,.F.);
#3556=ORIENTED_EDGE('',*,*,#3393,.F.);
#3558=ORIENTED_EDGE('',*,*,#3557,.T.);
#3560=ORIENTED_EDGE('',*,*,#3559,.T.);
#3561=ORIENTED_EDGE('',*,*,#3127,.F.);
#3562=ORIENTED_EDGE('',*,*,#3524,.T.);
#3563=ORIENTED_EDGE('',*,*,#3315,.F.);
#3564=ORIENTED_EDGE('',*,*,#3422,.T.);
#3565=ORIENTED_EDGE('',*,*,#3461,.F.);
#3567=ORIENTED_EDGE('',*,*,#3566,.F.);
#3568=EDGE_LOOP('',(#3551,#3553,#3554,#3555,#3556,#3558,#3560,#3561,#3562,#3563,
#3564,#3565,#3567));
#3569=FACE_OUTER_BOUND('',#3568,.F.);
#3570=ADVANCED_FACE('',(#3569),#3549,.F.);
#3571=CARTESIAN_POINT('',(-9.286934341760E1,2.819777054234E1,-5.075E1));
#3572=DIRECTION('',(-2.626128657195E-1,-2.626128657195E-1,9.284766908852E-1));
#3573=DIRECTION('',(6.565321642986E-1,6.565321642986E-1,3.713906763541E-1));
#3574=AXIS2_PLACEMENT_3D('',#3571,#3572,#3573);
#3575=PLANE('',#3574);
#3576=ORIENTED_EDGE('',*,*,#3550,.T.);
#3578=ORIENTED_EDGE('',*,*,#3577,.T.);
#3580=ORIENTED_EDGE('',*,*,#3579,.T.);
#3582=ORIENTED_EDGE('',*,*,#3581,.F.);
#3583=EDGE_LOOP('',(#3576,#3578,#3580,#3582));
#3584=FACE_OUTER_BOUND('',#3583,.F.);
#3585=ADVANCED_FACE('',(#3584),#3575,.T.);
#3586=CARTESIAN_POINT('',(-8.933380951166E1,3.173330444827E1,-5.225E1));
#3587=DIRECTION('',(7.071067811866E-1,-7.071067811865E-1,0.E0));
#3588=DIRECTION('',(-7.071067811865E-1,-7.071067811866E-1,0.E0));
#3589=AXIS2_PLACEMENT_3D('',#3586,#3587,#3588);
#3590=PLANE('',#3589);
#3591=ORIENTED_EDGE('',*,*,#3328,.F.);
#3593=ORIENTED_EDGE('',*,*,#3592,.F.);
#3594=ORIENTED_EDGE('',*,*,#3577,.F.);
#3595=ORIENTED_EDGE('',*,*,#3566,.T.);
#3596=ORIENTED_EDGE('',*,*,#3459,.F.);
#3598=ORIENTED_EDGE('',*,*,#3597,.F.);
#3599=EDGE_LOOP('',(#3591,#3593,#3594,#3595,#3596,#3598));
#3600=FACE_OUTER_BOUND('',#3599,.F.);
#3601=ADVANCED_FACE('',(#3600),#3590,.F.);
#3602=CARTESIAN_POINT('',(-8.933380951166E1,3.173330444827E1,-5.225E1));
#3603=DIRECTION('',(7.071067811866E-1,-7.071067811865E-1,0.E0));
#3604=DIRECTION('',(-7.071067811865E-1,-7.071067811866E-1,0.E0));
#3605=AXIS2_PLACEMENT_3D('',#3602,#3603,#3604);
#3606=PLANE('',#3605);
#3608=ORIENTED_EDGE('',*,*,#3607,.F.);
#3610=ORIENTED_EDGE('',*,*,#3609,.T.);
#3612=ORIENTED_EDGE('',*,*,#3611,.T.);
#3613=ORIENTED_EDGE('',*,*,#3348,.F.);
#3615=ORIENTED_EDGE('',*,*,#3614,.T.);
#3616=ORIENTED_EDGE('',*,*,#3441,.F.);
#3617=EDGE_LOOP('',(#3608,#3610,#3612,#3613,#3615,#3616));
#3618=FACE_OUTER_BOUND('',#3617,.F.);
#3619=ADVANCED_FACE('',(#3618),#3606,.F.);
#3620=CARTESIAN_POINT('',(-9.216223663641E1,2.890487732353E1,-5.035E1));
#3621=DIRECTION('',(7.035975447303E-2,7.035975447303E-2,9.950371902100E-1));
#3622=DIRECTION('',(7.035975447303E-1,7.035975447303E-1,-9.950371902100E-2));
#3623=AXIS2_PLACEMENT_3D('',#3620,#3621,#3622);
#3624=PLANE('',#3623);
#3625=ORIENTED_EDGE('',*,*,#3334,.F.);
#3627=ORIENTED_EDGE('',*,*,#3626,.F.);
#3628=ORIENTED_EDGE('',*,*,#3579,.F.);
#3629=ORIENTED_EDGE('',*,*,#3592,.T.);
#3630=EDGE_LOOP('',(#3625,#3627,#3628,#3629));
#3631=FACE_OUTER_BOUND('',#3630,.F.);
#3632=ADVANCED_FACE('',(#3631),#3624,.T.);
#3633=CARTESIAN_POINT('',(-7.915147186258E1,1.306568542495E1,-5.225E1));
#3634=DIRECTION('',(-7.071067811865E-1,7.071067811865E-1,0.E0));
#3635=DIRECTION('',(7.071067811865E-1,7.071067811865E-1,0.E0));
#3636=AXIS2_PLACEMENT_3D('',#3633,#3634,#3635);
#3637=PLANE('',#3636);
#3638=ORIENTED_EDGE('',*,*,#3552,.F.);
#3639=ORIENTED_EDGE('',*,*,#3581,.T.);
#3640=ORIENTED_EDGE('',*,*,#3626,.T.);
#3641=ORIENTED_EDGE('',*,*,#3332,.T.);
#3643=ORIENTED_EDGE('',*,*,#3642,.F.);
#3644=ORIENTED_EDGE('',*,*,#3469,.T.);
#3645=EDGE_LOOP('',(#3638,#3639,#3640,#3641,#3643,#3644));
#3646=FACE_OUTER_BOUND('',#3645,.F.);
#3647=ADVANCED_FACE('',(#3646),#3637,.F.);
#3648=CARTESIAN_POINT('',(-7.915147186258E1,1.306568542495E1,-5.225E1));
#3649=DIRECTION('',(-7.071067811865E-1,7.071067811865E-1,0.E0));
#3650=DIRECTION('',(7.071067811865E-1,7.071067811865E-1,0.E0));
#3651=AXIS2_PLACEMENT_3D('',#3648,#3649,#3650);
#3652=PLANE('',#3651);
#3653=ORIENTED_EDGE('',*,*,#3344,.T.);
#3655=ORIENTED_EDGE('',*,*,#3654,.F.);
#3657=ORIENTED_EDGE('',*,*,#3656,.F.);
#3659=ORIENTED_EDGE('',*,*,#3658,.T.);
#3660=ORIENTED_EDGE('',*,*,#3445,.T.);
#3662=ORIENTED_EDGE('',*,*,#3661,.T.);
#3663=EDGE_LOOP('',(#3653,#3655,#3657,#3659,#3660,#3662));
#3664=FACE_OUTER_BOUND('',#3663,.F.);
#3665=ADVANCED_FACE('',(#3664),#3652,.F.);
#3666=CARTESIAN_POINT('',(0.E0,3.5E1,-5.225E1));
#3667=DIRECTION('',(0.E0,0.E0,-1.E0));
#3668=DIRECTION('',(-1.E0,0.E0,0.E0));
#3669=AXIS2_PLACEMENT_3D('',#3666,#3667,#3668);
#3670=PLANE('',#3669);
#3671=ORIENTED_EDGE('',*,*,#3642,.T.);
#3672=ORIENTED_EDGE('',*,*,#3330,.T.);
#3673=ORIENTED_EDGE('',*,*,#3597,.T.);
#3674=ORIENTED_EDGE('',*,*,#3457,.F.);
#3675=EDGE_LOOP('',(#3671,#3672,#3673,#3674));
#3676=FACE_OUTER_BOUND('',#3675,.F.);
#3677=ADVANCED_FACE('',(#3676),#3670,.T.);
#3678=CARTESIAN_POINT('',(-9.216223663641E1,2.890487732353E1,-3.815E1));
#3679=DIRECTION('',(-7.035975447303E-2,-7.035975447303E-2,9.950371902100E-1));
#3680=DIRECTION('',(7.035975447303E-1,7.035975447303E-1,9.950371902100E-2));
#3681=AXIS2_PLACEMENT_3D('',#3678,#3679,#3680);
#3682=PLANE('',#3681);
#3683=ORIENTED_EDGE('',*,*,#3611,.F.);
#3685=ORIENTED_EDGE('',*,*,#3684,.T.);
#3686=ORIENTED_EDGE('',*,*,#3654,.T.);
#3687=ORIENTED_EDGE('',*,*,#3350,.T.);
#3688=EDGE_LOOP('',(#3683,#3685,#3686,#3687));
#3689=FACE_OUTER_BOUND('',#3688,.F.);
#3690=ADVANCED_FACE('',(#3689),#3682,.F.);
#3691=CARTESIAN_POINT('',(-9.286934341760E1,2.819777054234E1,-3.775E1));
#3692=DIRECTION('',(2.626128657195E-1,2.626128657195E-1,9.284766908852E-1));
#3693=DIRECTION('',(6.565321642986E-1,6.565321642986E-1,-3.713906763541E-1));
#3694=AXIS2_PLACEMENT_3D('',#3691,#3692,#3693);
#3695=PLANE('',#3694);
#3696=ORIENTED_EDGE('',*,*,#3609,.F.);
#3698=ORIENTED_EDGE('',*,*,#3697,.F.);
#3699=ORIENTED_EDGE('',*,*,#3656,.T.);
#3700=ORIENTED_EDGE('',*,*,#3684,.F.);
#3701=EDGE_LOOP('',(#3696,#3698,#3699,#3700));
#3702=FACE_OUTER_BOUND('',#3701,.F.);
#3703=ADVANCED_FACE('',(#3702),#3695,.F.);
#3704=CARTESIAN_POINT('',(-6.75E1,0.E0,-3.775E1));
#3705=DIRECTION('',(0.E0,0.E0,1.E0));
#3706=DIRECTION('',(7.071067811865E-1,7.071067811866E-1,0.E0));
#3707=AXIS2_PLACEMENT_3D('',#3704,#3705,#3706);
#3708=PLANE('',#3707);
#3709=ORIENTED_EDGE('',*,*,#3697,.T.);
#3710=ORIENTED_EDGE('',*,*,#3607,.T.);
#3711=ORIENTED_EDGE('',*,*,#3439,.T.);
#3712=ORIENTED_EDGE('',*,*,#3410,.F.);
#3713=ORIENTED_EDGE('',*,*,#3303,.T.);
#3714=ORIENTED_EDGE('',*,*,#3537,.T.);
#3715=ORIENTED_EDGE('',*,*,#3135,.T.);
#3717=ORIENTED_EDGE('',*,*,#3716,.F.);
#3719=ORIENTED_EDGE('',*,*,#3718,.T.);
#3720=ORIENTED_EDGE('',*,*,#3369,.T.);
#3721=ORIENTED_EDGE('',*,*,#3483,.T.);
#3722=ORIENTED_EDGE('',*,*,#3447,.T.);
#3723=ORIENTED_EDGE('',*,*,#3658,.F.);
#3724=EDGE_LOOP('',(#3709,#3710,#3711,#3712,#3713,#3714,#3715,#3717,#3719,#3720,
#3721,#3722,#3723));
#3725=FACE_OUTER_BOUND('',#3724,.F.);
#3726=ADVANCED_FACE('',(#3725),#3708,.F.);
#3727=CARTESIAN_POINT('',(-7.907537879754E1,7.767766952966E0,-3.775E1));
#3728=DIRECTION('',(-5.E-1,-5.E-1,7.071067811866E-1));
#3729=DIRECTION('',(-5.E-1,-5.E-1,-7.071067811865E-1));
#3730=AXIS2_PLACEMENT_3D('',#3727,#3728,#3729);
#3731=PLANE('',#3730);
#3732=ORIENTED_EDGE('',*,*,#3133,.F.);
#3734=ORIENTED_EDGE('',*,*,#3733,.F.);
#3736=ORIENTED_EDGE('',*,*,#3735,.F.);
#3737=ORIENTED_EDGE('',*,*,#3716,.T.);
#3738=EDGE_LOOP('',(#3732,#3734,#3736,#3737));
#3739=FACE_OUTER_BOUND('',#3738,.F.);
#3740=ADVANCED_FACE('',(#3739),#3731,.F.);
#3741=CARTESIAN_POINT('',(-8.176776695297E1,5.075378797541E0,
-4.155761184457E1));
#3742=DIRECTION('',(-7.071067811865E-1,-7.071067811866E-1,0.E0));
#3743=DIRECTION('',(0.E0,0.E0,-1.E0));
#3744=AXIS2_PLACEMENT_3D('',#3741,#3742,#3743);
#3745=PLANE('',#3744);
#3746=ORIENTED_EDGE('',*,*,#3131,.F.);
#3748=ORIENTED_EDGE('',*,*,#3747,.F.);
#3750=ORIENTED_EDGE('',*,*,#3749,.F.);
#3751=ORIENTED_EDGE('',*,*,#3733,.T.);
#3752=EDGE_LOOP('',(#3746,#3748,#3750,#3751));
#3753=FACE_OUTER_BOUND('',#3752,.F.);
#3754=ADVANCED_FACE('',(#3753),#3745,.F.);
#3755=CARTESIAN_POINT('',(-8.176776695297E1,5.075378797541E0,
-4.694238815543E1));
#3756=DIRECTION('',(-5.E-1,-5.E-1,-7.071067811865E-1));
#3757=DIRECTION('',(5.E-1,5.E-1,-7.071067811865E-1));
#3758=AXIS2_PLACEMENT_3D('',#3755,#3756,#3757);
#3759=PLANE('',#3758);
#3760=ORIENTED_EDGE('',*,*,#3129,.F.);
#3761=ORIENTED_EDGE('',*,*,#3559,.F.);
#3763=ORIENTED_EDGE('',*,*,#3762,.F.);
#3764=ORIENTED_EDGE('',*,*,#3747,.T.);
#3765=EDGE_LOOP('',(#3760,#3761,#3763,#3764));
#3766=FACE_OUTER_BOUND('',#3765,.F.);
#3767=ADVANCED_FACE('',(#3766),#3759,.F.);
#3768=CARTESIAN_POINT('',(-2.592157287525E1,6.092157287525E1,-5.225E1));
#3769=DIRECTION('',(-7.071067811866E-1,7.071067811865E-1,0.E0));
#3770=DIRECTION('',(-7.071067811865E-1,-7.071067811866E-1,0.E0));
#3771=AXIS2_PLACEMENT_3D('',#3768,#3769,#3770);
#3772=PLANE('',#3771);
#3773=ORIENTED_EDGE('',*,*,#3749,.T.);
#3774=ORIENTED_EDGE('',*,*,#3762,.T.);
#3775=ORIENTED_EDGE('',*,*,#3557,.F.);
#3776=ORIENTED_EDGE('',*,*,#3391,.F.);
#3778=ORIENTED_EDGE('',*,*,#3777,.T.);
#3779=ORIENTED_EDGE('',*,*,#3079,.T.);
#3781=ORIENTED_EDGE('',*,*,#3780,.T.);
#3782=ORIENTED_EDGE('',*,*,#3371,.F.);
#3783=ORIENTED_EDGE('',*,*,#3718,.F.);
#3784=ORIENTED_EDGE('',*,*,#3735,.T.);
#3785=EDGE_LOOP('',(#3773,#3774,#3775,#3776,#3778,#3779,#3781,#3782,#3783,
#3784));
#3786=FACE_OUTER_BOUND('',#3785,.F.);
#3787=ADVANCED_FACE('',(#3786),#3772,.F.);
#3788=CARTESIAN_POINT('',(-7.080761184458E1,1.603553390593E1,-5.3E1));
#3789=DIRECTION('',(0.E0,0.E0,-1.E0));
#3790=DIRECTION('',(-7.071067811865E-1,-7.071067811866E-1,0.E0));
#3791=AXIS2_PLACEMENT_3D('',#3788,#3789,#3790);
#3792=PLANE('',#3791);
#3794=ORIENTED_EDGE('',*,*,#3793,.T.);
#3795=ORIENTED_EDGE('',*,*,#3081,.F.);
#3796=ORIENTED_EDGE('',*,*,#3777,.F.);
#3797=ORIENTED_EDGE('',*,*,#3389,.F.);
#3798=EDGE_LOOP('',(#3794,#3795,#3796,#3797));
#3799=FACE_OUTER_BOUND('',#3798,.F.);
#3800=ADVANCED_FACE('',(#3799),#3792,.F.);
#3801=CARTESIAN_POINT('',(-7.14E1,-9.E0,-3.39E1));
#3802=DIRECTION('',(-1.E0,0.E0,0.E0));
#3803=DIRECTION('',(0.E0,0.E0,-1.E0));
#3804=AXIS2_PLACEMENT_3D('',#3801,#3802,#3803);
#3805=PLANE('',#3804);
#3806=ORIENTED_EDGE('',*,*,#3028,.T.);
#3807=ORIENTED_EDGE('',*,*,#3083,.T.);
#3808=ORIENTED_EDGE('',*,*,#3793,.F.);
#3809=ORIENTED_EDGE('',*,*,#3387,.T.);
#3811=ORIENTED_EDGE('',*,*,#3810,.F.);
#3812=ORIENTED_EDGE('',*,*,#2963,.T.);
#3813=EDGE_LOOP('',(#3806,#3807,#3808,#3809,#3811,#3812));
#3814=FACE_OUTER_BOUND('',#3813,.F.);
#3815=ADVANCED_FACE('',(#3814),#3805,.F.);
#3816=CARTESIAN_POINT('',(-7.14E1,-9.E0,-3.39E1));
#3817=DIRECTION('',(-1.E0,0.E0,0.E0));
#3818=DIRECTION('',(0.E0,0.E0,-1.E0));
#3819=AXIS2_PLACEMENT_3D('',#3816,#3817,#3818);
#3820=PLANE('',#3819);
#3821=ORIENTED_EDGE('',*,*,#3102,.F.);
#3822=ORIENTED_EDGE('',*,*,#3012,.T.);
#3824=ORIENTED_EDGE('',*,*,#3823,.F.);
#3825=ORIENTED_EDGE('',*,*,#3360,.T.);
#3827=ORIENTED_EDGE('',*,*,#3826,.T.);
#3828=ORIENTED_EDGE('',*,*,#3075,.T.);
#3829=EDGE_LOOP('',(#3821,#3822,#3824,#3825,#3827,#3828));
#3830=FACE_OUTER_BOUND('',#3829,.F.);
#3831=ADVANCED_FACE('',(#3830),#3820,.F.);
#3832=CARTESIAN_POINT('',(-6.04E1,-9.E0,-5.46E1));
#3833=DIRECTION('',(0.E0,0.E0,-1.E0));
#3834=DIRECTION('',(1.E0,0.E0,0.E0));
#3835=AXIS2_PLACEMENT_3D('',#3832,#3833,#3834);
#3836=PLANE('',#3835);
#3837=ORIENTED_EDGE('',*,*,#3810,.T.);
#3838=ORIENTED_EDGE('',*,*,#3385,.F.);
#3839=ORIENTED_EDGE('',*,*,#3261,.T.);
#3841=ORIENTED_EDGE('',*,*,#3840,.T.);
#3842=ORIENTED_EDGE('',*,*,#2965,.F.);
#3843=EDGE_LOOP('',(#3837,#3838,#3839,#3841,#3842));
#3844=FACE_OUTER_BOUND('',#3843,.F.);
#3845=ADVANCED_FACE('',(#3844),#3836,.F.);
#3846=CARTESIAN_POINT('',(-4.488564467887E1,2.86792E1,-6.96E1));
#3847=DIRECTION('',(0.E0,-1.E0,0.E0));
#3848=DIRECTION('',(9.829683668499E-1,0.E0,1.837748344371E-1));
#3849=AXIS2_PLACEMENT_3D('',#3846,#3847,#3848);
#3850=CYLINDRICAL_SURFACE('',#3849,1.5E1);
#3852=ORIENTED_EDGE('',*,*,#3851,.T.);
#3853=ORIENTED_EDGE('',*,*,#2967,.F.);
#3854=ORIENTED_EDGE('',*,*,#3840,.F.);
#3855=ORIENTED_EDGE('',*,*,#3259,.F.);
#3856=EDGE_LOOP('',(#3852,#3853,#3854,#3855));
#3857=FACE_OUTER_BOUND('',#3856,.F.);
#3858=ADVANCED_FACE('',(#3857),#3850,.T.);
#3859=CARTESIAN_POINT('',(-1.52E1,-5.06792E1,-6.405E1));
#3860=DIRECTION('',(0.E0,1.E0,0.E0));
#3861=DIRECTION('',(1.E0,0.E0,0.E0));
#3862=AXIS2_PLACEMENT_3D('',#3859,#3860,#3861);
#3863=CYLINDRICAL_SURFACE('',#3862,1.52E1);
#3864=ORIENTED_EDGE('',*,*,#3851,.F.);
#3865=ORIENTED_EDGE('',*,*,#3257,.F.);
#3866=ORIENTED_EDGE('',*,*,#2204,.F.);
#3867=ORIENTED_EDGE('',*,*,#2969,.F.);
#3868=EDGE_LOOP('',(#3864,#3865,#3866,#3867));
#3869=FACE_OUTER_BOUND('',#3868,.F.);
#3870=ADVANCED_FACE('',(#3869),#3863,.F.);
#3871=CARTESIAN_POINT('',(-3.04E1,-9.E0,-3.39E1));
#3872=DIRECTION('',(0.E0,0.E0,1.E0));
#3873=DIRECTION('',(-1.E0,0.E0,0.E0));
#3874=AXIS2_PLACEMENT_3D('',#3871,#3872,#3873);
#3875=PLANE('',#3874);
#3876=ORIENTED_EDGE('',*,*,#3250,.T.);
#3877=ORIENTED_EDGE('',*,*,#3362,.T.);
#3878=ORIENTED_EDGE('',*,*,#3823,.T.);
#3879=ORIENTED_EDGE('',*,*,#3010,.F.);
#3881=ORIENTED_EDGE('',*,*,#3880,.T.);
#3882=EDGE_LOOP('',(#3876,#3877,#3878,#3879,#3881));
#3883=FACE_OUTER_BOUND('',#3882,.F.);
#3884=ADVANCED_FACE('',(#3883),#3875,.F.);
#3885=CARTESIAN_POINT('',(-4.488564467887E1,-5.06792E1,-1.89E1));
#3886=DIRECTION('',(0.E0,1.E0,0.E0));
#3887=DIRECTION('',(9.829683668499E-1,0.E0,-1.837748344371E-1));
#3888=AXIS2_PLACEMENT_3D('',#3885,#3886,#3887);
#3889=CYLINDRICAL_SURFACE('',#3888,1.5E1);
#3891=ORIENTED_EDGE('',*,*,#3890,.T.);
#3892=ORIENTED_EDGE('',*,*,#3252,.F.);
#3893=ORIENTED_EDGE('',*,*,#3880,.F.);
#3894=ORIENTED_EDGE('',*,*,#3008,.F.);
#3895=EDGE_LOOP('',(#3891,#3892,#3893,#3894));
#3896=FACE_OUTER_BOUND('',#3895,.F.);
#3897=ADVANCED_FACE('',(#3896),#3889,.T.);
#3898=CARTESIAN_POINT('',(-1.52E1,-5.06792E1,-2.445E1));
#3899=DIRECTION('',(0.E0,1.E0,0.E0));
#3900=DIRECTION('',(-1.E0,0.E0,0.E0));
#3901=AXIS2_PLACEMENT_3D('',#3898,#3899,#3900);
#3902=CYLINDRICAL_SURFACE('',#3901,1.52E1);
#3903=ORIENTED_EDGE('',*,*,#3890,.F.);
#3904=ORIENTED_EDGE('',*,*,#3006,.F.);
#3905=ORIENTED_EDGE('',*,*,#2208,.T.);
#3906=ORIENTED_EDGE('',*,*,#3254,.F.);
#3907=EDGE_LOOP('',(#3903,#3904,#3905,#3906));
#3908=FACE_OUTER_BOUND('',#3907,.F.);
#3909=ADVANCED_FACE('',(#3908),#3902,.F.);
#3910=CARTESIAN_POINT('',(-7.717157287525E1,9.671572875254E0,-3.55E1));
#3911=DIRECTION('',(0.E0,0.E0,1.E0));
#3912=DIRECTION('',(7.071067811865E-1,7.071067811866E-1,0.E0));
#3913=AXIS2_PLACEMENT_3D('',#3910,#3911,#3912);
#3914=PLANE('',#3913);
#3915=ORIENTED_EDGE('',*,*,#3826,.F.);
#3916=ORIENTED_EDGE('',*,*,#3373,.T.);
#3917=ORIENTED_EDGE('',*,*,#3780,.F.);
#3918=ORIENTED_EDGE('',*,*,#3077,.T.);
#3919=EDGE_LOOP('',(#3915,#3916,#3917,#3918));
#3920=FACE_OUTER_BOUND('',#3919,.F.);
#3921=ADVANCED_FACE('',(#3920),#3914,.F.);
#3922=CARTESIAN_POINT('',(0.E0,3.5E1,-3.625E1));
#3923=DIRECTION('',(0.E0,0.E0,-1.E0));
#3924=DIRECTION('',(-1.E0,0.E0,0.E0));
#3925=AXIS2_PLACEMENT_3D('',#3922,#3923,#3924);
#3926=PLANE('',#3925);
#3927=ORIENTED_EDGE('',*,*,#3661,.F.);
#3928=ORIENTED_EDGE('',*,*,#3443,.T.);
#3929=ORIENTED_EDGE('',*,*,#3614,.F.);
#3930=ORIENTED_EDGE('',*,*,#3346,.F.);
#3931=EDGE_LOOP('',(#3927,#3928,#3929,#3930));
#3932=FACE_OUTER_BOUND('',#3931,.F.);
#3933=ADVANCED_FACE('',(#3932),#3926,.F.);
#3934=CARTESIAN_POINT('',(-1.04E2,-1.E0,1.153686E2));
#3935=DIRECTION('',(0.E0,0.E0,-1.E0));
#3936=DIRECTION('',(-1.E0,0.E0,0.E0));
#3937=AXIS2_PLACEMENT_3D('',#3934,#3935,#3936);
#3938=CYLINDRICAL_SURFACE('',#3937,1.E0);
#3939=ORIENTED_EDGE('',*,*,#3121,.T.);
#3941=ORIENTED_EDGE('',*,*,#3940,.T.);
#3942=ORIENTED_EDGE('',*,*,#3225,.F.);
#3943=ORIENTED_EDGE('',*,*,#3287,.T.);
#3944=EDGE_LOOP('',(#3939,#3941,#3942,#3943));
#3945=FACE_OUTER_BOUND('',#3944,.F.);
#3946=ADVANCED_FACE('',(#3945),#3938,.T.);
#3947=CARTESIAN_POINT('',(-1.E2,-1.E0,-6.075E1));
#3948=DIRECTION('',(0.E0,-1.E0,0.E0));
#3949=DIRECTION('',(-9.978753367919E-1,0.E0,6.515222346590E-2));
#3950=AXIS2_PLACEMENT_3D('',#3947,#3948,#3949);
#3951=TOROIDAL_SURFACE('',#3950,4.E0,1.E0);
#3953=ORIENTED_EDGE('',*,*,#3952,.T.);
#3955=ORIENTED_EDGE('',*,*,#3954,.T.);
#3956=ORIENTED_EDGE('',*,*,#3227,.F.);
#3957=ORIENTED_EDGE('',*,*,#3940,.F.);
#3958=EDGE_LOOP('',(#3953,#3955,#3956,#3957));
#3959=FACE_OUTER_BOUND('',#3958,.F.);
#3960=ADVANCED_FACE('',(#3959),#3951,.T.);
#3961=CARTESIAN_POINT('',(-1.E2,2.033365645424E2,-6.075E1));
#3962=DIRECTION('',(0.E0,-1.E0,0.E0));
#3963=DIRECTION('',(-1.E0,0.E0,0.E0));
#3964=AXIS2_PLACEMENT_3D('',#3961,#3962,#3963);
#3965=CYLINDRICAL_SURFACE('',#3964,5.E0);
#3967=ORIENTED_EDGE('',*,*,#3966,.T.);
#3969=ORIENTED_EDGE('',*,*,#3968,.F.);
#3970=ORIENTED_EDGE('',*,*,#3952,.F.);
#3971=ORIENTED_EDGE('',*,*,#3119,.T.);
#3972=EDGE_LOOP('',(#3967,#3969,#3970,#3971));
#3973=FACE_OUTER_BOUND('',#3972,.F.);
#3974=ADVANCED_FACE('',(#3973),#3965,.T.);
#3975=CARTESIAN_POINT('',(-1.E2,-8.E0,-6.075E1));
#3976=DIRECTION('',(0.E0,-1.E0,0.E0));
#3977=DIRECTION('',(-9.980662870653E-1,0.E0,6.215856034163E-2));
#3978=AXIS2_PLACEMENT_3D('',#3975,#3976,#3977);
#3979=TOROIDAL_SURFACE('',#3978,4.E0,1.E0);
#3980=ORIENTED_EDGE('',*,*,#2980,.T.);
#3982=ORIENTED_EDGE('',*,*,#3981,.T.);
#3983=ORIENTED_EDGE('',*,*,#3966,.F.);
#3985=ORIENTED_EDGE('',*,*,#3984,.F.);
#3986=EDGE_LOOP('',(#3980,#3982,#3983,#3985));
#3987=FACE_OUTER_BOUND('',#3986,.F.);
#3988=ADVANCED_FACE('',(#3987),#3979,.T.);
#3989=CARTESIAN_POINT('',(-1.003109932848E2,-8.E0,-6.475E1));
#3990=DIRECTION('',(1.E0,0.E0,0.E0));
#3991=DIRECTION('',(0.E0,-1.E0,0.E0));
#3992=AXIS2_PLACEMENT_3D('',#3989,#3990,#3991);
#3993=CYLINDRICAL_SURFACE('',#3992,1.E0);
#3994=ORIENTED_EDGE('',*,*,#2978,.T.);
#3996=ORIENTED_EDGE('',*,*,#3995,.T.);
#3998=ORIENTED_EDGE('',*,*,#3997,.F.);
#3999=ORIENTED_EDGE('',*,*,#3981,.F.);
#4000=EDGE_LOOP('',(#3994,#3996,#3998,#3999));
#4001=FACE_OUTER_BOUND('',#4000,.F.);
#4002=ADVANCED_FACE('',(#4001),#3993,.T.);
#4003=CARTESIAN_POINT('',(-4.6E1,-8.E0,-7.075E1));
#4004=DIRECTION('',(0.E0,-1.E0,0.E0));
#4005=DIRECTION('',(-8.824173272399E-2,0.E0,9.960990897526E-1));
#4006=AXIS2_PLACEMENT_3D('',#4003,#4004,#4005);
#4007=TOROIDAL_SURFACE('',#4006,6.E0,1.E0);
#4008=ORIENTED_EDGE('',*,*,#2976,.T.);
#4010=ORIENTED_EDGE('',*,*,#4009,.T.);
#4012=ORIENTED_EDGE('',*,*,#4011,.F.);
#4013=ORIENTED_EDGE('',*,*,#3995,.F.);
#4014=EDGE_LOOP('',(#4008,#4010,#4012,#4013));
#4015=FACE_OUTER_BOUND('',#4014,.F.);
#4016=ADVANCED_FACE('',(#4015),#4007,.T.);
#4017=CARTESIAN_POINT('',(-2.110145586585E1,-8.E0,-6.85E1));
#4018=DIRECTION('',(0.E0,1.E0,0.E0));
#4019=DIRECTION('',(-9.976866627763E-1,0.E0,-6.798031272532E-2));
#4020=AXIS2_PLACEMENT_3D('',#4017,#4018,#4019);
#4021=TOROIDAL_SURFACE('',#4020,1.9E1,1.E0);
#4022=ORIENTED_EDGE('',*,*,#2974,.T.);
#4024=ORIENTED_EDGE('',*,*,#4023,.T.);
#4025=ORIENTED_EDGE('',*,*,#2455,.F.);
#4026=ORIENTED_EDGE('',*,*,#4009,.F.);
#4027=EDGE_LOOP('',(#4022,#4024,#4025,#4026));
#4028=FACE_OUTER_BOUND('',#4027,.F.);
#4029=ADVANCED_FACE('',(#4028),#4021,.T.);
#4030=CARTESIAN_POINT('',(-3.637167743709E1,-8.983415549610E0,
-7.946737543772E1));
#4031=CARTESIAN_POINT('',(-3.633783670826E1,-8.978321358544E0,
-7.949117532677E1));
#4032=CARTESIAN_POINT('',(-3.625388906950E1,-8.967895089995E0,
-7.955000777122E1));
#4033=CARTESIAN_POINT('',(-3.612001644111E1,-8.959659243451E0,
-7.964310380712E1));
#4034=CARTESIAN_POINT('',(-3.596909431639E1,-8.960983001618E0,
-7.974715067434E1));
#4035=CARTESIAN_POINT('',(-3.581355569373E1,-8.973062066733E0,
-7.985352583165E1));
#4036=CARTESIAN_POINT('',(-3.564634598243E1,-8.998462180943E0,
-7.996702424524E1));
#4037=CARTESIAN_POINT('',(-3.546368750247E1,-9.041909029155E0,
-8.009017620595E1));
#4038=CARTESIAN_POINT('',(-3.526490539540E1,-9.110308760113E0,
-8.022351763524E1));
#4039=CARTESIAN_POINT('',(-3.509752377543E1,-9.192068363904E0,
-8.033559592351E1));
#4040=CARTESIAN_POINT('',(-3.499959192244E1,-9.254891652832E0,
-8.040131508699E1));
#4041=CARTESIAN_POINT('',(-3.496900601807E1,-9.276295543577E0,
-8.042183331423E1));
#4042=CARTESIAN_POINT('',(-3.734338176093E1,-9.228072706177E0,
-8.017845783663E1));
#4043=CARTESIAN_POINT('',(-3.730679747565E1,-9.239886424054E0,
-8.020015267128E1));
#4044=CARTESIAN_POINT('',(-3.721679536911E1,-9.271024557327E0,
-8.025141002882E1));
#4045=CARTESIAN_POINT('',(-3.707604398881E1,-9.326862221557E0,
-8.032335406637E1));
#4046=CARTESIAN_POINT('',(-3.692104968640E1,-9.396152292365E0,
-8.039213641378E1));
#4047=CARTESIAN_POINT('',(-3.676520269875E1,-9.472591794974E0,
-8.045083473025E1));
#4048=CARTESIAN_POINT('',(-3.660235558594E1,-9.559003388094E0,
-8.050033945562E1));
#4049=CARTESIAN_POINT('',(-3.643062459339E1,-9.656631481232E0,
-8.053823959817E1));
#4050=CARTESIAN_POINT('',(-3.625222851721E1,-9.764184402799E0,
-8.055973420156E1));
#4051=CARTESIAN_POINT('',(-3.611163493392E1,-9.852595514859E0,
-8.055834851516E1));
#4052=CARTESIAN_POINT('',(-3.603481282747E1,-9.900743139010E0,
-8.054827935054E1));
#4053=CARTESIAN_POINT('',(-3.601151335959E1,-9.915250352786E0,
-8.054424103584E1));
#4054=CARTESIAN_POINT('',(-3.784739038706E1,-8.143380725870E0,
-8.045968764050E1));
#4055=CARTESIAN_POINT('',(-3.780938305974E1,-8.161851191370E0,
-8.050957036583E1));
#4056=CARTESIAN_POINT('',(-3.771624059052E1,-8.211979738332E0,
-8.062867851823E1));
#4057=CARTESIAN_POINT('',(-3.757192130360E1,-8.306908122766E0,
-8.080092190410E1));
#4058=CARTESIAN_POINT('',(-3.741481482300E1,-8.430264728626E0,
-8.097283822578E1));
#4059=CARTESIAN_POINT('',(-3.725880789099E1,-8.571462098210E0,
-8.112801579938E1));
#4060=CARTESIAN_POINT('',(-3.709822359333E1,-8.736734775113E0,
-8.127034034968E1));
#4061=CARTESIAN_POINT('',(-3.693216052650E1,-8.930562040292E0,
-8.139676006310E1));
#4062=CARTESIAN_POINT('',(-3.676433838229E1,-9.153981381989E0,
-8.149903002805E1));
#4063=CARTESIAN_POINT('',(-3.663763935647E1,-9.349931263241E0,
-8.155053910388E1));
#4064=CARTESIAN_POINT('',(-3.657176656258E1,-9.465453289525E0,
-8.156434801166E1));
#4065=CARTESIAN_POINT('',(-3.655224646127E1,-9.501452439897E0,
-8.156707485570E1));
#4066=CARTESIAN_POINT('',(-3.715901205609E1,-7.288969258907E0,
-7.990669720525E1));
#4067=CARTESIAN_POINT('',(-3.712294832905E1,-7.294273873699E0,
-7.997453067035E1));
#4068=CARTESIAN_POINT('',(-3.703409498805E1,-7.313513387342E0,
-8.013935590330E1));
#4069=CARTESIAN_POINT('',(-3.689464877170E1,-7.366342918853E0,
-8.038913407736E1));
#4070=CARTESIAN_POINT('',(-3.674042711811E1,-7.452126451252E0,
-8.065429117986E1));
#4071=CARTESIAN_POINT('',(-3.658463863916E1,-7.565366702661E0,
-8.091138093851E1));
#4072=CARTESIAN_POINT('',(-3.642096377353E1,-7.713959274566E0,
-8.116987738924E1));
#4073=CARTESIAN_POINT('',(-3.624715941609E1,-7.907683190548E0,
-8.143130976617E1));
#4074=CARTESIAN_POINT('',(-3.606489532533E1,-8.157083085027E0,
-8.169083403285E1));
#4075=CARTESIAN_POINT('',(-3.591921902059E1,-8.406833853012E0,
-8.188554161616E1));
#4076=CARTESIAN_POINT('',(-3.583839158284E1,-8.574905735879E0,
-8.198856179406E1));
#4077=CARTESIAN_POINT('',(-3.581370959755E1,-8.629883150636E0,
-8.201964818106E1));
#4078=(BOUNDED_SURFACE()B_SPLINE_SURFACE(3,3,((#4030,#4031,#4032,#4033,#4034,
#4035,#4036,#4037,#4038,#4039,#4040,#4041),(#4042,#4043,#4044,#4045,#4046,#4047,
#4048,#4049,#4050,#4051,#4052,#4053),(#4054,#4055,#4056,#4057,#4058,#4059,#4060,
#4061,#4062,#4063,#4064,#4065),(#4066,#4067,#4068,#4069,#4070,#4071,#4072,#4073,
#4074,#4075,#4076,#4077)),.UNSPECIFIED.,.F.,.F.,.F.)B_SPLINE_SURFACE_WITH_KNOTS(
(4,4),(4,1,1,1,1,1,1,1,1,4),(0.E0,1.E0),(-8.704779461012E-2,0.E0,
1.268252026906E-1,2.476280205007E-1,3.717750739568E-1,5.064426288974E-1,
6.542993579509E-1,8.178512149461E-1,1.E0,1.085667882145E0),.UNSPECIFIED.)GEOMETRIC_REPRESENTATION_ITEM()RATIONAL_B_SPLINE_SURFACE(((1.561191814918E0,
1.561191814918E0,1.561191814918E0,1.561191814918E0,1.561191814918E0,
1.561191814918E0,1.561191814918E0,1.561191814918E0,1.561191814918E0,
1.561191814918E0,1.561191814918E0,1.561191814918E0),(8.129360616939E-1,
8.129360616939E-1,8.129360616939E-1,8.129360616939E-1,8.129360616939E-1,
8.129360616939E-1,8.129360616939E-1,8.129360616939E-1,8.129360616939E-1,
8.129360616939E-1,8.129360616939E-1,8.129360616939E-1),(8.129360616939E-1,
8.129360616939E-1,8.129360616939E-1,8.129360616939E-1,8.129360616939E-1,
8.129360616939E-1,8.129360616939E-1,8.129360616939E-1,8.129360616939E-1,
8.129360616939E-1,8.129360616939E-1,8.129360616939E-1),(1.561191814918E0,
1.561191814918E0,1.561191814918E0,1.561191814918E0,1.561191814918E0,
1.561191814918E0,1.561191814918E0,1.561191814918E0,1.561191814918E0,
1.561191814918E0,1.561191814918E0,1.561191814918E0)))REPRESENTATION_ITEM('')SURFACE());
#4080=ORIENTED_EDGE('',*,*,#4079,.T.);
#4081=ORIENTED_EDGE('',*,*,#2439,.T.);
#4082=ORIENTED_EDGE('',*,*,#2457,.F.);
#4083=ORIENTED_EDGE('',*,*,#4023,.F.);
#4084=EDGE_LOOP('',(#4080,#4081,#4082,#4083));
#4085=FACE_OUTER_BOUND('',#4084,.F.);
#4086=ADVANCED_FACE('',(#4085),#4078,.T.);
#4087=CARTESIAN_POINT('',(2.098670536627E2,-1.E1,-7.968060201012E1));
#4088=DIRECTION('',(-1.E0,0.E0,0.E0));
#4089=DIRECTION('',(0.E0,1.E0,0.E0));
#4090=AXIS2_PLACEMENT_3D('',#4087,#4088,#4089);
#4091=CYLINDRICAL_SURFACE('',#4090,1.E0);
#4092=ORIENTED_EDGE('',*,*,#4079,.F.);
#4093=ORIENTED_EDGE('',*,*,#2972,.F.);
#4094=ORIENTED_EDGE('',*,*,#2200,.T.);
#4095=ORIENTED_EDGE('',*,*,#2379,.T.);
#4096=EDGE_LOOP('',(#4092,#4093,#4094,#4095));
#4097=FACE_OUTER_BOUND('',#4096,.F.);
#4098=ADVANCED_FACE('',(#4097),#4091,.F.);
#4099=CARTESIAN_POINT('',(-4.6E1,2.033365645424E2,-7.075E1));
#4100=DIRECTION('',(0.E0,-1.E0,0.E0));
#4101=DIRECTION('',(1.E0,0.E0,0.E0));
#4102=AXIS2_PLACEMENT_3D('',#4099,#4100,#4101);
#4103=CYLINDRICAL_SURFACE('',#4102,5.E0);
#4104=ORIENTED_EDGE('',*,*,#4011,.T.);
#4105=ORIENTED_EDGE('',*,*,#2453,.T.);
#4107=ORIENTED_EDGE('',*,*,#4106,.F.);
#4109=ORIENTED_EDGE('',*,*,#4108,.T.);
#4110=EDGE_LOOP('',(#4104,#4105,#4107,#4109));
#4111=FACE_OUTER_BOUND('',#4110,.F.);
#4112=ADVANCED_FACE('',(#4111),#4103,.F.);
#4113=CARTESIAN_POINT('',(-4.6E1,-1.E0,-7.075E1));
#4114=DIRECTION('',(0.E0,-1.E0,0.E0));
#4115=DIRECTION('',(-5.977000922712E-2,0.E0,9.982121748391E-1));
#4116=AXIS2_PLACEMENT_3D('',#4113,#4114,#4115);
#4117=TOROIDAL_SURFACE('',#4116,6.E0,1.E0);
#4118=ORIENTED_EDGE('',*,*,#4106,.T.);
#4119=ORIENTED_EDGE('',*,*,#2473,.T.);
#4120=ORIENTED_EDGE('',*,*,#3231,.F.);
#4122=ORIENTED_EDGE('',*,*,#4121,.F.);
#4123=EDGE_LOOP('',(#4118,#4119,#4120,#4122));
#4124=FACE_OUTER_BOUND('',#4123,.F.);
#4125=ADVANCED_FACE('',(#4124),#4117,.T.);
#4126=CARTESIAN_POINT('',(-1.003259920245E2,-1.E0,-6.475E1));
#4127=DIRECTION('',(1.E0,0.E0,0.E0));
#4128=DIRECTION('',(0.E0,0.E0,-1.E0));
#4129=AXIS2_PLACEMENT_3D('',#4126,#4127,#4128);
#4130=CYLINDRICAL_SURFACE('',#4129,1.E0);
#4132=ORIENTED_EDGE('',*,*,#4131,.T.);
#4133=ORIENTED_EDGE('',*,*,#4121,.T.);
#4134=ORIENTED_EDGE('',*,*,#3229,.F.);
#4135=ORIENTED_EDGE('',*,*,#3954,.F.);
#4136=EDGE_LOOP('',(#4132,#4133,#4134,#4135));
#4137=FACE_OUTER_BOUND('',#4136,.F.);
#4138=ADVANCED_FACE('',(#4137),#4130,.T.);
#4139=CARTESIAN_POINT('',(-1.05E2,0.E0,-6.575E1));
#4140=DIRECTION('',(0.E0,0.E0,1.E0));
#4141=DIRECTION('',(1.E0,0.E0,0.E0));
#4142=AXIS2_PLACEMENT_3D('',#4139,#4140,#4141);
#4143=PLANE('',#4142);
#4144=ORIENTED_EDGE('',*,*,#3997,.T.);
#4145=ORIENTED_EDGE('',*,*,#4108,.F.);
#4146=ORIENTED_EDGE('',*,*,#4131,.F.);
#4147=ORIENTED_EDGE('',*,*,#3968,.T.);
#4148=EDGE_LOOP('',(#4144,#4145,#4146,#4147));
#4149=FACE_OUTER_BOUND('',#4148,.F.);
#4150=ADVANCED_FACE('',(#4149),#4143,.F.);
#4151=CARTESIAN_POINT('',(-1.04E2,-8.E0,1.153686E2));
#4152=DIRECTION('',(0.E0,0.E0,-1.E0));
#4153=DIRECTION('',(0.E0,-1.E0,0.E0));
#4154=AXIS2_PLACEMENT_3D('',#4151,#4152,#4153);
#4155=CYLINDRICAL_SURFACE('',#4154,1.E0);
#4156=ORIENTED_EDGE('',*,*,#3031,.T.);
#4157=ORIENTED_EDGE('',*,*,#2982,.T.);
#4158=ORIENTED_EDGE('',*,*,#3984,.T.);
#4159=ORIENTED_EDGE('',*,*,#3117,.F.);
#4160=EDGE_LOOP('',(#4156,#4157,#4158,#4159));
#4161=FACE_OUTER_BOUND('',#4160,.F.);
#4162=ADVANCED_FACE('',(#4161),#4155,.T.);
#4163=CARTESIAN_POINT('',(2.098670536627E2,-1.E0,-1.E0));
#4164=DIRECTION('',(-1.E0,0.E0,0.E0));
#4165=DIRECTION('',(0.E0,0.E0,1.E0));
#4166=AXIS2_PLACEMENT_3D('',#4163,#4164,#4165);
#4167=CYLINDRICAL_SURFACE('',#4166,1.E0);
#4168=ORIENTED_EDGE('',*,*,#2507,.T.);
#4169=ORIENTED_EDGE('',*,*,#2709,.T.);
#4171=ORIENTED_EDGE('',*,*,#4170,.T.);
#4172=ORIENTED_EDGE('',*,*,#3236,.F.);
#4173=EDGE_LOOP('',(#4168,#4169,#4171,#4172));
#4174=FACE_OUTER_BOUND('',#4173,.F.);
#4175=ADVANCED_FACE('',(#4174),#4167,.T.);
#4176=CARTESIAN_POINT('',(-2.110145586585E1,-1.E0,-2.E1));
#4177=DIRECTION('',(0.E0,-1.E0,0.E0));
#4178=DIRECTION('',(1.629887949481E-2,0.E0,9.998671644410E-1));
#4179=AXIS2_PLACEMENT_3D('',#4176,#4177,#4178);
#4180=TOROIDAL_SURFACE('',#4179,1.9E1,1.E0);
#4181=ORIENTED_EDGE('',*,*,#2835,.T.);
#4183=ORIENTED_EDGE('',*,*,#4182,.T.);
#4184=ORIENTED_EDGE('',*,*,#3238,.F.);
#4185=ORIENTED_EDGE('',*,*,#4170,.F.);
#4186=EDGE_LOOP('',(#4181,#4183,#4184,#4185));
#4187=FACE_OUTER_BOUND('',#4186,.F.);
#4188=ADVANCED_FACE('',(#4187),#4180,.T.);
#4189=CARTESIAN_POINT('',(-4.6E1,-1.E0,-1.775E1));
#4190=DIRECTION('',(0.E0,-1.E0,0.E0));
#4191=DIRECTION('',(9.995404964493E-1,0.E0,-3.031164722993E-2));
#4192=AXIS2_PLACEMENT_3D('',#4189,#4190,#4191);
#4193=TOROIDAL_SURFACE('',#4192,6.E0,1.E0);
#4195=ORIENTED_EDGE('',*,*,#4194,.T.);
#4197=ORIENTED_EDGE('',*,*,#4196,.T.);
#4198=ORIENTED_EDGE('',*,*,#3240,.F.);
#4199=ORIENTED_EDGE('',*,*,#4182,.F.);
#4200=EDGE_LOOP('',(#4195,#4197,#4198,#4199));
#4201=FACE_OUTER_BOUND('',#4200,.F.);
#4202=ADVANCED_FACE('',(#4201),#4193,.T.);
#4203=CARTESIAN_POINT('',(-4.6E1,2.033365645424E2,-1.775E1));
#4204=DIRECTION('',(0.E0,-1.E0,0.E0));
#4205=DIRECTION('',(0.E0,0.E0,-1.E0));
#4206=AXIS2_PLACEMENT_3D('',#4203,#4204,#4205);
#4207=CYLINDRICAL_SURFACE('',#4206,5.E0);
#4209=ORIENTED_EDGE('',*,*,#4208,.F.);
#4211=ORIENTED_EDGE('',*,*,#4210,.F.);
#4212=ORIENTED_EDGE('',*,*,#4194,.F.);
#4213=ORIENTED_EDGE('',*,*,#2833,.T.);
#4214=EDGE_LOOP('',(#4209,#4211,#4212,#4213));
#4215=FACE_OUTER_BOUND('',#4214,.F.);
#4216=ADVANCED_FACE('',(#4215),#4207,.F.);
#4217=CARTESIAN_POINT('',(-4.6E1,-8.E0,-1.775E1));
#4218=DIRECTION('',(0.E0,-1.E0,0.E0));
#4219=DIRECTION('',(-6.515222346590E-2,0.E0,-9.978753367919E-1));
#4220=AXIS2_PLACEMENT_3D('',#4217,#4218,#4219);
#4221=TOROIDAL_SURFACE('',#4220,6.E0,1.E0);
#4222=ORIENTED_EDGE('',*,*,#4208,.T.);
#4224=ORIENTED_EDGE('',*,*,#4223,.T.);
#4225=ORIENTED_EDGE('',*,*,#3000,.F.);
#4227=ORIENTED_EDGE('',*,*,#4226,.F.);
#4228=EDGE_LOOP('',(#4222,#4224,#4225,#4227));
#4229=FACE_OUTER_BOUND('',#4228,.F.);
#4230=ADVANCED_FACE('',(#4229),#4221,.T.);
#4231=CARTESIAN_POINT('',(-2.110145586585E1,-8.E0,-2.E1));
#4232=DIRECTION('',(0.E0,-1.E0,0.E0));
#4233=DIRECTION('',(-9.971760257392E-1,0.E0,7.509975826168E-2));
#4234=AXIS2_PLACEMENT_3D('',#4231,#4232,#4233);
#4235=TOROIDAL_SURFACE('',#4234,1.9E1,1.E0);
#4236=ORIENTED_EDGE('',*,*,#2831,.T.);
#4237=ORIENTED_EDGE('',*,*,#2938,.T.);
#4238=ORIENTED_EDGE('',*,*,#3002,.F.);
#4239=ORIENTED_EDGE('',*,*,#4223,.F.);
#4240=EDGE_LOOP('',(#4236,#4237,#4238,#4239));
#4241=FACE_OUTER_BOUND('',#4240,.F.);
#4242=ADVANCED_FACE('',(#4241),#4235,.T.);
#4243=CARTESIAN_POINT('',(-1.002990282708E2,-8.E0,-2.375E1));
#4244=DIRECTION('',(1.E0,0.E0,0.E0));
#4245=DIRECTION('',(0.E0,0.E0,1.E0));
#4246=AXIS2_PLACEMENT_3D('',#4243,#4244,#4245);
#4247=CYLINDRICAL_SURFACE('',#4246,1.E0);
#4249=ORIENTED_EDGE('',*,*,#4248,.T.);
#4250=ORIENTED_EDGE('',*,*,#4226,.T.);
#4251=ORIENTED_EDGE('',*,*,#2998,.F.);
#4252=ORIENTED_EDGE('',*,*,#3168,.F.);
#4253=EDGE_LOOP('',(#4249,#4250,#4251,#4252));
#4254=FACE_OUTER_BOUND('',#4253,.F.);
#4255=ADVANCED_FACE('',(#4254),#4247,.T.);
#4256=CARTESIAN_POINT('',(-4.1E1,0.E0,-2.275E1));
#4257=DIRECTION('',(0.E0,0.E0,-1.E0));
#4258=DIRECTION('',(-1.E0,0.E0,0.E0));
#4259=AXIS2_PLACEMENT_3D('',#4256,#4257,#4258);
#4260=PLANE('',#4259);
#4261=ORIENTED_EDGE('',*,*,#4248,.F.);
#4262=ORIENTED_EDGE('',*,*,#3184,.T.);
#4264=ORIENTED_EDGE('',*,*,#4263,.F.);
#4265=ORIENTED_EDGE('',*,*,#4210,.T.);
#4266=EDGE_LOOP('',(#4261,#4262,#4264,#4265));
#4267=FACE_OUTER_BOUND('',#4266,.F.);
#4268=ADVANCED_FACE('',(#4267),#4260,.F.);
#4269=CARTESIAN_POINT('',(-4.567400797553E1,-1.E0,-2.375E1));
#4270=DIRECTION('',(-1.E0,0.E0,0.E0));
#4271=DIRECTION('',(0.E0,0.E0,1.E0));
#4272=AXIS2_PLACEMENT_3D('',#4269,#4270,#4271);
#4273=CYLINDRICAL_SURFACE('',#4272,1.E0);
#4274=ORIENTED_EDGE('',*,*,#4263,.T.);
#4275=ORIENTED_EDGE('',*,*,#3199,.T.);
#4276=ORIENTED_EDGE('',*,*,#3242,.F.);
#4277=ORIENTED_EDGE('',*,*,#4196,.F.);
#4278=EDGE_LOOP('',(#4274,#4275,#4276,#4277));
#4279=FACE_OUTER_BOUND('',#4278,.F.);
#4280=ADVANCED_FACE('',(#4279),#4273,.T.);
#4281=CARTESIAN_POINT('',(2.098670536627E2,-2.1E1,-1.E0));
#4282=DIRECTION('',(-1.E0,0.E0,0.E0));
#4283=DIRECTION('',(0.E0,-1.E0,0.E0));
#4284=AXIS2_PLACEMENT_3D('',#4281,#4282,#4283);
#4285=CYLINDRICAL_SURFACE('',#4284,1.E0);
#4286=ORIENTED_EDGE('',*,*,#2567,.T.);
#4287=ORIENTED_EDGE('',*,*,#2712,.F.);
#4288=ORIENTED_EDGE('',*,*,#2503,.T.);
#4289=ORIENTED_EDGE('',*,*,#2598,.T.);
#4290=EDGE_LOOP('',(#4286,#4287,#4288,#4289));
#4291=FACE_OUTER_BOUND('',#4290,.F.);
#4292=ADVANCED_FACE('',(#4291),#4285,.T.);
#4293=CARTESIAN_POINT('',(-2.85E1,-1.28E1,-4.5E0));
#4294=DIRECTION('',(-3.162277660168E-1,9.486832980505E-1,0.E0));
#4295=DIRECTION('',(9.486832980505E-1,3.162277660168E-1,0.E0));
#4296=AXIS2_PLACEMENT_3D('',#4293,#4294,#4295);
#4297=PLANE('',#4296);
#4298=ORIENTED_EDGE('',*,*,#2693,.F.);
#4299=ORIENTED_EDGE('',*,*,#2563,.T.);
#4300=ORIENTED_EDGE('',*,*,#2665,.F.);
#4301=ORIENTED_EDGE('',*,*,#2679,.F.);
#4302=EDGE_LOOP('',(#4298,#4299,#4300,#4301));
#4303=FACE_OUTER_BOUND('',#4302,.F.);
#4304=ADVANCED_FACE('',(#4303),#4297,.T.);
#4305=CARTESIAN_POINT('',(0.E0,-2.2E1,-7.95E1));
#4306=DIRECTION('',(0.E0,0.E0,1.E0));
#4307=DIRECTION('',(0.E0,1.E0,0.E0));
#4308=AXIS2_PLACEMENT_3D('',#4305,#4306,#4307);
#4309=PLANE('',#4308);
#4310=ORIENTED_EDGE('',*,*,#2582,.F.);
#4311=ORIENTED_EDGE('',*,*,#2545,.T.);
#4313=ORIENTED_EDGE('',*,*,#4312,.F.);
#4314=ORIENTED_EDGE('',*,*,#2240,.F.);
#4315=EDGE_LOOP('',(#4310,#4311,#4313,#4314));
#4316=FACE_OUTER_BOUND('',#4315,.F.);
#4317=ADVANCED_FACE('',(#4316),#4309,.T.);
#4318=CARTESIAN_POINT('',(0.E0,-2.2E1,-7.95E1));
#4319=DIRECTION('',(0.E0,0.E0,1.E0));
#4320=DIRECTION('',(0.E0,1.E0,0.E0));
#4321=AXIS2_PLACEMENT_3D('',#4318,#4319,#4320);
#4322=PLANE('',#4321);
#4324=ORIENTED_EDGE('',*,*,#4323,.T.);
#4325=ORIENTED_EDGE('',*,*,#2244,.F.);
#4327=ORIENTED_EDGE('',*,*,#4326,.T.);
#4328=ORIENTED_EDGE('',*,*,#2541,.T.);
#4329=EDGE_LOOP('',(#4324,#4325,#4327,#4328));
#4330=FACE_OUTER_BOUND('',#4329,.F.);
#4331=ADVANCED_FACE('',(#4330),#4322,.T.);
#4332=CARTESIAN_POINT('',(-3.E1,-1.715E1,-8.285E1));
#4333=DIRECTION('',(-1.E0,0.E0,0.E0));
#4334=DIRECTION('',(0.E0,0.E0,-1.E0));
#4335=AXIS2_PLACEMENT_3D('',#4332,#4333,#4334);
#4336=CYLINDRICAL_SURFACE('',#4335,4.5E0);
#4337=ORIENTED_EDGE('',*,*,#2242,.F.);
#4338=ORIENTED_EDGE('',*,*,#4312,.T.);
#4339=ORIENTED_EDGE('',*,*,#2543,.T.);
#4340=ORIENTED_EDGE('',*,*,#4326,.F.);
#4341=EDGE_LOOP('',(#4337,#4338,#4339,#4340));
#4342=FACE_OUTER_BOUND('',#4341,.F.);
#4343=ADVANCED_FACE('',(#4342),#4336,.T.);
#4344=CARTESIAN_POINT('',(-2.476813300237E2,-1.33E1,-8.05E1));
#4345=DIRECTION('',(1.E0,0.E0,0.E0));
#4346=DIRECTION('',(0.E0,1.E0,0.E0));
#4347=AXIS2_PLACEMENT_3D('',#4344,#4345,#4346);
#4348=CYLINDRICAL_SURFACE('',#4347,1.E0);
#4349=ORIENTED_EDGE('',*,*,#4323,.F.);
#4351=ORIENTED_EDGE('',*,*,#4350,.T.);
#4353=ORIENTED_EDGE('',*,*,#4352,.T.);
#4354=ORIENTED_EDGE('',*,*,#2246,.T.);
#4355=EDGE_LOOP('',(#4349,#4351,#4353,#4354));
#4356=FACE_OUTER_BOUND('',#4355,.F.);
#4357=ADVANCED_FACE('',(#4356),#4348,.T.);
#4358=CARTESIAN_POINT('',(-2.85E1,-1.28E1,-8.4E1));
#4359=DIRECTION('',(-3.162277660168E-1,9.486832980505E-1,0.E0));
#4360=DIRECTION('',(9.486832980505E-1,3.162277660168E-1,0.E0));
#4361=AXIS2_PLACEMENT_3D('',#4358,#4359,#4360);
#4362=PLANE('',#4361);
#4363=ORIENTED_EDGE('',*,*,#4350,.F.);
#4364=ORIENTED_EDGE('',*,*,#2539,.T.);
#4366=ORIENTED_EDGE('',*,*,#4365,.F.);
#4368=ORIENTED_EDGE('',*,*,#4367,.F.);
#4369=EDGE_LOOP('',(#4363,#4364,#4366,#4368));
#4370=FACE_OUTER_BOUND('',#4369,.F.);
#4371=ADVANCED_FACE('',(#4370),#4362,.T.);
#4372=CARTESIAN_POINT('',(-2.475931559079E2,-1.33E1,-8.75E1));
#4373=DIRECTION('',(1.E0,0.E0,0.E0));
#4374=DIRECTION('',(0.E0,0.E0,-1.E0));
#4375=AXIS2_PLACEMENT_3D('',#4372,#4373,#4374);
#4376=CYLINDRICAL_SURFACE('',#4375,1.E0);
#4378=ORIENTED_EDGE('',*,*,#4377,.F.);
#4379=ORIENTED_EDGE('',*,*,#4365,.T.);
#4380=ORIENTED_EDGE('',*,*,#2263,.T.);
#4381=ORIENTED_EDGE('',*,*,#2250,.T.);
#4382=EDGE_LOOP('',(#4378,#4379,#4380,#4381));
#4383=FACE_OUTER_BOUND('',#4382,.F.);
#4384=ADVANCED_FACE('',(#4383),#4376,.T.);
#4385=CARTESIAN_POINT('',(0.E0,-1.23E1,-7.95E1));
#4386=DIRECTION('',(0.E0,1.E0,0.E0));
#4387=DIRECTION('',(0.E0,0.E0,-1.E0));
#4388=AXIS2_PLACEMENT_3D('',#4385,#4386,#4387);
#4389=PLANE('',#4388);
#4390=ORIENTED_EDGE('',*,*,#4352,.F.);
#4391=ORIENTED_EDGE('',*,*,#4367,.T.);
#4392=ORIENTED_EDGE('',*,*,#4377,.T.);
#4393=ORIENTED_EDGE('',*,*,#2248,.T.);
#4394=EDGE_LOOP('',(#4390,#4391,#4392,#4393));
#4395=FACE_OUTER_BOUND('',#4394,.F.);
#4396=ADVANCED_FACE('',(#4395),#4389,.T.);
#4397=CLOSED_SHELL('',(#2254,#2277,#2291,#2358,#2371,#2385,#2443,#2462,#2477,
#2491,#2513,#2527,#2549,#2573,#2587,#2605,#2618,#2631,#2645,#2657,#2671,#2685,
#2699,#2719,#2733,#2747,#2761,#2820,#2840,#2900,#2942,#2955,#2986,#3016,#3037,
#3052,#3066,#3088,#3106,#3147,#3160,#3174,#3188,#3203,#3217,#3267,#3291,#3307,
#3322,#3338,#3354,#3377,#3399,#3414,#3428,#3451,#3473,#3487,#3500,#3518,#3531,
#3544,#3570,#3585,#3601,#3619,#3632,#3647,#3665,#3677,#3690,#3703,#3726,#3740,
#3754,#3767,#3787,#3800,#3815,#3831,#3845,#3858,#3870,#3884,#3897,#3909,#3921,
#3933,#3946,#3960,#3974,#3988,#4002,#4016,#4029,#4086,#4098,#4112,#4125,#4138,
#4150,#4162,#4175,#4188,#4202,#4216,#4230,#4242,#4255,#4268,#4280,#4292,#4304,
#4317,#4331,#4343,#4357,#4371,#4384,#4396));
#4398=MANIFOLD_SOLID_BREP('',#4397);
#4400=DIMENSIONAL_EXPONENTS(0.E0,0.E0,0.E0,0.E0,0.E0,0.E0,0.E0);
#4402=PLANE_ANGLE_MEASURE_WITH_UNIT(PLANE_ANGLE_MEASURE(1.745329251994E-2),
#4401);
#4403=(CONVERSION_BASED_UNIT('DEGREE',#4402)NAMED_UNIT(*)PLANE_ANGLE_UNIT());
#4405=UNCERTAINTY_MEASURE_WITH_UNIT(LENGTH_MEASURE(2.022483773006E-2),#4399,
'closure',
'Maximum model space distance between geometric entities at asserted connectivities');
#4406=(GEOMETRIC_REPRESENTATION_CONTEXT(3)GLOBAL_UNCERTAINTY_ASSIGNED_CONTEXT((
#4405))GLOBAL_UNIT_ASSIGNED_CONTEXT((#4399,#4403,#4404))REPRESENTATION_CONTEXT(
'ID1','3'));
#4408=APPLICATION_CONTEXT(
'CONFIGURATION CONTROLLED 3D DESIGNS OF MECHANICAL PARTS AND ASSEMBLIES');
#4409=APPLICATION_PROTOCOL_DEFINITION('international standard',
'config_control_design',1994,#4408);
#4410=DESIGN_CONTEXT('',#4408,'design');
#4411=MECHANICAL_CONTEXT('',#4408,'mechanical');
#4412=PRODUCT('GUDINGZUO-AMS1','GUDINGZUO-AMS1','NOT SPECIFIED',(#4411));
#4413=PRODUCT_DEFINITION_FORMATION_WITH_SPECIFIED_SOURCE('10','LAST_VERSION',
#4412,.MADE.);
#4417=PRODUCT_CATEGORY('part','');
#4418=PRODUCT_RELATED_PRODUCT_CATEGORY('detail','',(#4412));
#4419=PRODUCT_CATEGORY_RELATIONSHIP('','',#4417,#4418);
#4420=SECURITY_CLASSIFICATION_LEVEL('unclassified');
#4421=SECURITY_CLASSIFICATION('','',#4420);
#4422=CC_DESIGN_SECURITY_CLASSIFICATION(#4421,(#4413));
#4423=APPROVAL_STATUS('approved');
#4424=APPROVAL(#4423,'');
#4425=CC_DESIGN_APPROVAL(#4424,(#4421,#4413,#4414));
#4426=CALENDAR_DATE(126,4,3);
#4427=COORDINATED_UNIVERSAL_TIME_OFFSET(8,0,.AHEAD.);
#4428=LOCAL_TIME(20,44,5.5E1,#4427);
#4429=DATE_AND_TIME(#4426,#4428);
#4430=APPROVAL_DATE_TIME(#4429,#4424);
#4431=DATE_TIME_ROLE('creation_date');
#4432=CC_DESIGN_DATE_AND_TIME_ASSIGNMENT(#4429,#4431,(#4414));
#4433=DATE_TIME_ROLE('classification_date');
#4434=CC_DESIGN_DATE_AND_TIME_ASSIGNMENT(#4429,#4433,(#4421));
#4435=PERSON('UNSPECIFIED','UNSPECIFIED',$,$,$,$);
#4436=ORGANIZATION('UNSPECIFIED','UNSPECIFIED','UNSPECIFIED');
#4437=PERSON_AND_ORGANIZATION(#4435,#4436);
#4438=APPROVAL_ROLE('approver');
#4439=APPROVAL_PERSON_ORGANIZATION(#4437,#4424,#4438);
#4440=PERSON_AND_ORGANIZATION_ROLE('creator');
#4441=CC_DESIGN_PERSON_AND_ORGANIZATION_ASSIGNMENT(#4437,#4440,(#4413,#4414));
#4442=PERSON_AND_ORGANIZATION_ROLE('design_supplier');
#4443=CC_DESIGN_PERSON_AND_ORGANIZATION_ASSIGNMENT(#4437,#4442,(#4413));
#4444=PERSON_AND_ORGANIZATION_ROLE('classification_officer');
#4445=CC_DESIGN_PERSON_AND_ORGANIZATION_ASSIGNMENT(#4437,#4444,(#4421));
#4446=PERSON_AND_ORGANIZATION_ROLE('design_owner');
#4447=CC_DESIGN_PERSON_AND_ORGANIZATION_ASSIGNMENT(#4437,#4446,(#4412));
#1=DRAUGHTING_PRE_DEFINED_COLOUR('black');
#2=COLOUR_RGB('',0.E0,0.E0,4.7E-1);
#3=COLOUR_RGB('',0.E0,0.E0,6.E-1);
#4=COLOUR_RGB('',0.E0,0.E0,8.E-1);
#5=COLOUR_RGB('',0.E0,2.745098039216E-2,7.019607843137E-1);
#6=COLOUR_RGB('',0.E0,3.137254901961E-2,3.411764705882E-1);
#7=COLOUR_RGB('',0.E0,2.E-1,1.E0);
#8=COLOUR_RGB('',0.E0,3.3E-1,0.E0);
#9=COLOUR_RGB('',0.E0,3.3E-1,3.3E-1);
#10=COLOUR_RGB('',0.E0,4.E-1,0.E0);
#11=COLOUR_RGB('',0.E0,4.E-1,4.E-1);
#12=COLOUR_RGB('',0.E0,4.E-1,6.E-1);
#13=COLOUR_RGB('',0.E0,4.E-1,1.E0);
#14=COLOUR_RGB('',0.E0,4.392156862745E-1,8.745098039216E-1);
#15=COLOUR_RGB('',0.E0,5.019607843137E-1,5.019607843137E-1);
#16=COLOUR_RGB('',0.E0,6.E-1,0.E0);
#17=COLOUR_RGB('',0.E0,6.E-1,4.509803921569E-1);
#18=COLOUR_RGB('',0.E0,6.E-1,6.E-1);
#19=COLOUR_RGB('',0.E0,6.E-1,1.E0);
#20=COLOUR_RGB('',0.E0,8.E-1,0.E0);
#21=COLOUR_RGB('',0.E0,8.E-1,8.E-1);
#22=COLOUR_RGB('',0.E0,8.E-1,1.E0);
#23=COLOUR_RGB('',0.E0,8.039215686275E-1,5.254901960784E-1);
#24=COLOUR_RGB('',0.E0,9.3E-1,0.E0);
#25=COLOUR_RGB('',0.E0,9.3E-1,9.3E-1);
#26=DRAUGHTING_PRE_DEFINED_COLOUR('green');
#27=COLOUR_RGB('',0.E0,1.E0,2.E-1);
#28=COLOUR_RGB('',0.E0,1.E0,4.E-1);
#29=COLOUR_RGB('',0.E0,1.E0,6.E-1);
#30=COLOUR_RGB('',0.E0,1.E0,8.E-1);
#31=DRAUGHTING_PRE_DEFINED_COLOUR('cyan');
#32=COLOUR_RGB('',3.1E-2,2.E-1,6.27E-1);
#33=COLOUR_RGB('',3.529411764706E-2,5.137254901961E-1,1.725490196078E-1);
#34=COLOUR_RGB('',5.098039215686E-2,2.313725490196E-1,8.E-1);
#35=COLOUR_RGB('',6.6667E-2,5.17647E-1,6.39216E-1);
#36=COLOUR_RGB('',7.E-2,7.E-2,1.E0);
#37=COLOUR_RGB('',7.E-2,6.E-1,3.E-1);
#38=COLOUR_RGB('',8.E-2,1.E-1,1.1E-1);
#39=COLOUR_RGB('',9.803921568627E-2,9.803921568627E-2,4.392156862745E-1);
#40=COLOUR_RGB('',1.019607843137E-1,6.313725490196E-1,5.019607843137E-1);
#41=COLOUR_RGB('',1.176470588235E-1,5.647058823529E-1,1.E0);
#42=COLOUR_RGB('',1.254901960784E-1,6.980392156863E-1,6.666666666667E-1);
#43=COLOUR_RGB('',1.333333333333E-1,5.450980392157E-1,1.333333333333E-1);
#44=COLOUR_RGB('',1.450980392157E-1,3.529411764706E-2,0.E0);
#45=COLOUR_RGB('',1.607843137255E-1,6.313725490196E-1,2.588235294118E-1);
#46=COLOUR_RGB('',1.686274509804E-1,1.686274509804E-1,1.803921568627E-1);
#47=COLOUR_RGB('',1.803921568627E-1,5.450980392157E-1,3.411764705882E-1);
#48=COLOUR_RGB('',1.803921568627E-1,7.607843137255E-1,7.490196078431E-1);
#49=COLOUR_RGB('',1.9E-1,2.3E-1,3.1E-1);
#50=COLOUR_RGB('',1.960784313725E-1,8.039215686275E-1,1.960784313725E-1);
#51=COLOUR_RGB('',2.E-1,2.E-1,6.E-1);
#52=COLOUR_RGB('',2.E-1,4.E-1,2.E-1);
#53=COLOUR_RGB('',2.E-1,1.E0,0.E0);
#54=COLOUR_RGB('',2.E-1,1.E0,2.E-1);
#55=COLOUR_RGB('',2.E-1,1.E0,1.E0);
#56=COLOUR_RGB('',2.039215686275E-1,6.274509803922E-1,9.372549019608E-1);
#57=COLOUR_RGB('',2.313725490196E-1,3.803921568627E-1,5.607843137255E-1);
#58=COLOUR_RGB('',2.352941176471E-1,7.019607843137E-1,4.431372549020E-1);
#59=COLOUR_RGB('',2.431372549020E-1,8.784313725490E-1,8.156862745098E-1);
#60=COLOUR_RGB('',2.470588235294E-1,5.921568627451E-1,6.313725490196E-1);
#61=COLOUR_RGB('',2.470588235294E-1,6.E-1,7.490196078431E-1);
#62=COLOUR_RGB('',2.5098E-1,2.35294E-1,8.62745E-1);
#63=COLOUR_RGB('',2.549019607843E-1,4.117647058824E-1,1.E0);
#64=COLOUR_RGB('',2.58824E-1,7.80392E-1,8.86275E-1);
#65=COLOUR_RGB('',2.627450980392E-1,1.E0,5.137254901961E-1);
#66=COLOUR_RGB('',2.7E-1,0.E0,4.E-1);
#67=COLOUR_RGB('',2.7E-1,2.7E-1,0.E0);
#68=COLOUR_RGB('',2.7E-1,2.7E-1,1.E0);
#69=COLOUR_RGB('',2.745098039216E-1,5.098039215686E-1,7.058823529412E-1);
#70=COLOUR_RGB('',2.784313725490E-1,2.784313725490E-1,2.784313725490E-1);
#71=COLOUR_RGB('',2.784313725490E-1,6.039215686275E-1,1.E0);
#72=COLOUR_RGB('',2.784313725490E-1,8.392156862745E-1,6.117647058824E-1);
#73=COLOUR_RGB('',2.823529411765E-1,2.392156862745E-1,5.450980392157E-1);
#74=COLOUR_RGB('',3.13725E-1,4.70588E-1,1.96078E-1);
#75=COLOUR_RGB('',3.2549E-1,4.98039E-1,9.84314E-1);
#76=COLOUR_RGB('',3.254901960784E-1,5.764705882353E-1,8.117647058824E-1);
#77=COLOUR_RGB('',3.3E-1,0.E0,0.E0);
#78=COLOUR_RGB('',3.3E-1,0.E0,3.3E-1);
#79=COLOUR_RGB('',3.3E-1,0.E0,5.3E-1);
#80=COLOUR_RGB('',3.411764705882E-1,7.019607843137E-1,1.019607843137E-1);
#81=COLOUR_RGB('',3.450980392157E-1,3.647058823529E-1,3.725490196078E-1);
#82=COLOUR_RGB('',3.529411764706E-1,6.862745098039E-1,7.490196078431E-1);
#83=COLOUR_RGB('',3.725490196078E-1,6.196078431373E-1,6.274509803922E-1);
#84=COLOUR_RGB('',3.764705882353E-1,6.E-1,3.019607843137E-1);
#85=COLOUR_RGB('',3.803921568627E-1,4.392156862745E-1,5.960784313725E-1);
#86=COLOUR_RGB('',3.882352941176E-1,4.392156862745E-1,4.901960784314E-1);
#87=COLOUR_RGB('',3.921568627451E-1,5.843137254902E-1,9.294117647059E-1);
#88=COLOUR_RGB('',3.96078E-1,7.13725E-1,1.E0);
#89=COLOUR_RGB('',4.E-1,0.E0,4.E-1);
#90=COLOUR_RGB('',4.E-1,0.E0,6.7E-1);
#91=COLOUR_RGB('',4.E-1,0.E0,1.E0);
#92=COLOUR_RGB('',4.E-1,1.3E-1,0.E0);
#93=COLOUR_RGB('',4.E-1,2.E-1,8.E-1);
#94=COLOUR_RGB('',4.E-1,4.E-1,0.E0);
#95=COLOUR_RGB('',4.E-1,4.E-1,1.E0);
#96=COLOUR_RGB('',4.E-1,8.039215686275E-1,6.666666666667E-1);
#97=COLOUR_RGB('',4.E-1,1.E0,0.E0);
#98=COLOUR_RGB('',4.E-1,1.E0,4.E-1);
#99=COLOUR_RGB('',4.E-1,1.E0,1.E0);
#100=COLOUR_RGB('',4.117647058824E-1,0.E0,2.196078431373E-1);
#101=COLOUR_RGB('',4.156862745098E-1,3.529411764706E-1,8.039215686275E-1);
#102=COLOUR_RGB('',4.156862745098E-1,1.E0,7.176470588235E-1);
#103=COLOUR_RGB('',4.196078431373E-1,5.568627450980E-1,1.372549019608E-1);
#104=COLOUR_RGB('',4.392156862745E-1,2.E-1,2.E-1);
#105=COLOUR_RGB('',4.666666666667E-1,5.333333333333E-1,6.E-1);
#106=COLOUR_RGB('',4.7E-1,0.E0,0.E0);
#107=COLOUR_RGB('',4.7E-1,0.E0,8.E-1);
#108=COLOUR_RGB('',4.705882352941E-1,1.960784313725E-1,1.E0);
#109=COLOUR_RGB('',4.7E-1,2.E-1,7.E-2);
#110=COLOUR_RGB('',4.784313725490E-1,4.509803921569E-1,7.098039215686E-1);
#111=COLOUR_RGB('',4.823529411765E-1,4.078431372549E-1,9.333333333333E-1);
#112=COLOUR_RGB('',4.941176470588E-1,7.490196078431E-1,6.941176470588E-1);
#113=COLOUR_RGB('',4.980392156863E-1,7.490196078431E-1,3.882352941176E-1);
#114=COLOUR_RGB('',4.980392156863E-1,1.E0,8.313725490196E-1);
#115=COLOUR_RGB('',5.019607843137E-1,0.E0,5.019607843137E-1);
#116=COLOUR_RGB('',5.019607843137E-1,3.294117647059E-1,1.E0);
#117=COLOUR_RGB('',5.019607843137E-1,5.019607843137E-1,0.E0);
#118=COLOUR_RGB('',5.01961E-1,5.01961E-1,5.01961E-1);
#119=COLOUR_RGB('',5.019607843137E-1,1.E0,5.019607843137E-1);
#120=COLOUR_RGB('',5.098039215686E-1,3.960784313725E-1,1.058823529412E-1);
#121=COLOUR_RGB('',5.3E-1,0.E0,9.3E-1);
#122=COLOUR_RGB('',5.3E-1,2.7E-1,1.3E-1);
#123=COLOUR_RGB('',5.3E-1,5.3E-1,1.E0);
#124=COLOUR_RGB('',5.294117647059E-1,8.078431372549E-1,9.215686274510E-1);
#125=COLOUR_RGB('',5.411764705882E-1,1.686274509804E-1,8.862745098039E-1);
#126=COLOUR_RGB('',5.5E-1,6.5E-1,7.3E-1);
#127=COLOUR_RGB('',5.607843137255E-1,7.372549019608E-1,5.607843137255E-1);
#128=COLOUR_RGB('',5.68627E-1,9.37255E-1,9.37255E-1);
#129=COLOUR_RGB('',5.764705882353E-1,4.392156862745E-1,8.588235294118E-1);
#130=COLOUR_RGB('',5.764705882353E-1,1.E0,7.137254901961E-1);
#131=COLOUR_RGB('',5.803921568627E-1,0.E0,8.274509803922E-1);
#132=COLOUR_RGB('',5.88235E-1,2.35294E-1,1.56863E-1);
#133=COLOUR_RGB('',5.882352941176E-1,4.980392156863E-1,7.490196078431E-1);
#134=COLOUR_RGB('',6.E-1,0.E0,6.E-1);
#135=COLOUR_RGB('',6.E-1,1.960784313725E-1,8.E-1);
#136=COLOUR_RGB('',6.E-1,2.E-1,4.E-1);
#137=COLOUR_RGB('',6.E-1,2.E-1,1.E0);
#138=COLOUR_RGB('',6.E-1,3.3E-1,2.E-1);
#139=COLOUR_RGB('',6.E-1,3.647058823529E-1,7.490196078431E-1);
#140=COLOUR_RGB('',6.E-1,6.E-1,0.E0);
#141=COLOUR_RGB('',6.E-1,1.E0,6.E-1);
#142=COLOUR_RGB('',6.E-1,1.E0,1.E0);
#143=COLOUR_RGB('',6.039215686275E-1,7.490196078431E-1,9.019607843137E-2);
#144=COLOUR_RGB('',6.23529E-1,6.23529E-1,6.23529E-1);
#145=COLOUR_RGB('',6.27451E-1,4.70588E-1,3.52941E-1);
#146=COLOUR_RGB('',6.392156862745E-1,1.E0,3.333333333333E-1);
#147=COLOUR_RGB('',6.549019607843E-1,7.490196078431E-1,5.058823529412E-1);
#148=COLOUR_RGB('',6.627450980392E-1,8.901960784314E-1,0.E0);
#149=COLOUR_RGB('',6.66667E-1,8.23529E-1,1.96078E-1);
#150=COLOUR_RGB('',6.66667E-1,8.23529E-1,5.88235E-1);
#151=COLOUR_RGB('',6.7E-1,0.E0,0.E0);
#152=COLOUR_RGB('',6.7E-1,4.E-1,2.7E-1);
#153=COLOUR_RGB('',6.7E-1,4.E-1,1.E0);
#154=COLOUR_RGB('',6.7E-1,6.7E-1,1.E0);
#155=COLOUR_RGB('',6.7E-1,1.E0,0.E0);
#156=COLOUR_RGB('',6.784313725490E-1,5.647058823529E-1,7.490196078431E-1);
#157=COLOUR_RGB('',6.784313725490E-1,8.117647058824E-1,1.E0);
#158=COLOUR_RGB('',6.784313725490E-1,8.470588235294E-1,9.019607843137E-1);
#159=COLOUR_RGB('',6.784313725490E-1,1.E0,1.843137254902E-1);
#160=COLOUR_RGB('',6.980392156863E-1,1.333333333333E-1,1.333333333333E-1);
#161=COLOUR_RGB('',7.098039215686E-1,3.058823529412E-1,7.450980392157E-2);
#162=COLOUR_RGB('',7.17647E-1,1.68627E-1,4.43137E-1);
#163=COLOUR_RGB('',7.215686274510E-1,5.254901960784E-1,4.313725490196E-2);
#164=COLOUR_RGB('',7.294117647059E-1,2.705882352941E-1,1.E0);
#165=COLOUR_RGB('',7.294117647059E-1,3.333333333333E-1,8.274509803922E-1);
#166=COLOUR_RGB('',7.294117647059E-1,4.E-1,0.E0);
#167=COLOUR_RGB('',7.3E-1,4.7E-1,3.3E-1);
#168=COLOUR_RGB('',7.372549019608E-1,5.607843137255E-1,5.607843137255E-1);
#169=COLOUR_RGB('',7.411764705882E-1,7.176470588235E-1,4.196078431373E-1);
#170=COLOUR_RGB('',7.490196078431E-1,2.235294117647E-1,3.333333333333E-1);
#171=COLOUR_RGB('',7.52941E-1,7.52941E-1,7.52941E-1);
#172=COLOUR_RGB('',7.647058823529E-1,8.823529411765E-1,7.450980392157E-1);
#173=COLOUR_RGB('',7.803921568627E-1,8.235294117647E-2,5.215686274510E-1);
#174=COLOUR_RGB('',8.E-1,0.E0,8.E-1);
#175=COLOUR_RGB('',8.E-1,2.E-1,2.E-1);
#176=COLOUR_RGB('',8.E-1,2.E-1,8.E-1);
#177=COLOUR_RGB('',8.E-1,5.3E-1,4.E-1);
#178=COLOUR_RGB('',8.E-1,6.E-1,1.E0);
#179=COLOUR_RGB('',8.E-1,8.E-1,0.E0);
#180=COLOUR_RGB('',8.E-1,8.E-1,2.E-1);
#181=COLOUR_RGB('',8.E-1,8.E-1,1.E0);
#182=COLOUR_RGB('',8.E-1,1.E0,2.E-1);
#183=COLOUR_RGB('',8.E-1,1.E0,4.E-1);
#184=COLOUR_RGB('',8.E-1,1.E0,8.E-1);
#185=COLOUR_RGB('',8.E-1,1.E0,1.E0);
#186=COLOUR_RGB('',8.039215686275E-1,3.607843137255E-1,3.607843137255E-1);
#187=COLOUR_RGB('',8.03922E-1,5.88235E-1,1.96078E-1);
#188=COLOUR_RGB('',8.117647058824E-1,8.705882352941E-1,4.196078431373E-1);
#189=COLOUR_RGB('',8.196078431373E-1,7.098039215686E-1,5.490196078431E-2);
#190=COLOUR_RGB('',8.235294117647E-1,4.117647058824E-1,1.176470588235E-1);
#191=COLOUR_RGB('',8.235294117647E-1,7.058823529412E-1,5.490196078431E-1);
#192=COLOUR_RGB('',8.274509803922E-1,8.274509803922E-1,8.274509803922E-1);
#193=COLOUR_RGB('',8.392156862745E-1,8.E-1,7.137254901961E-1);
#194=COLOUR_RGB('',8.431372549020E-1,8.980392156863E-1,9.333333333333E-1);
#195=COLOUR_RGB('',8.549019607843E-1,6.470588235294E-1,1.254901960784E-1);
#196=COLOUR_RGB('',8.588235294118E-1,4.392156862745E-1,5.764705882353E-1);
#197=COLOUR_RGB('',8.627450980392E-1,7.843137254902E-2,2.352941176471E-1);
#198=COLOUR_RGB('',8.666666666667E-1,6.274509803922E-1,8.666666666667E-1);
#199=COLOUR_RGB('',8.7E-1,0.E0,0.E0);
#200=COLOUR_RGB('',8.7E-1,6.E-1,4.7E-1);
#201=COLOUR_RGB('',8.823529411765E-1,7.607843137255E-1,2.823529411765E-1);
#202=COLOUR_RGB('',8.98039E-1,6.07843E-1,1.E0);
#203=COLOUR_RGB('',9.019607843137E-1,7.882352941176E-1,0.E0);
#204=COLOUR_RGB('',9.E-1,8.3E-1,1.2E-1);
#205=COLOUR_RGB('',9.09804E-1,3.68627E-1,8.19608E-1);
#206=COLOUR_RGB('',9.3E-1,0.E0,9.3E-1);
#207=COLOUR_RGB('',9.3E-1,6.7E-1,5.3E-1);
#208=COLOUR_RGB('',9.3E-1,8.E-1,1.E0);
#209=COLOUR_RGB('',9.3E-1,9.3E-1,0.E0);
#210=COLOUR_RGB('',9.3E-1,1.E0,9.3E-1);
#211=COLOUR_RGB('',9.3E-1,1.E0,1.E0);
#212=COLOUR_RGB('',9.333333333333E-1,5.098039215686E-1,9.333333333333E-1);
#213=COLOUR_RGB('',9.333333333333E-1,9.098039215686E-1,6.666666666667E-1);
#214=COLOUR_RGB('',9.411764705882E-1,9.019607843137E-1,5.490196078431E-1);
#215=COLOUR_RGB('',9.490196078431E-1,7.568627450980E-1,1.764705882353E-1);
#216=COLOUR_RGB('',9.568627450980E-1,6.431372549020E-1,3.764705882353E-1);
#217=COLOUR_RGB('',9.607843137255E-1,5.882352941176E-1,5.882352941176E-1);
#218=DRAUGHTING_PRE_DEFINED_COLOUR('red');
#219=COLOUR_RGB('',1.E0,0.E0,2.705882352941E-1);
#220=COLOUR_RGB('',1.E0,0.E0,4.705882352941E-1);
#221=COLOUR_RGB('',1.E0,0.E0,7.803921568627E-1);
#222=DRAUGHTING_PRE_DEFINED_COLOUR('magenta');
#223=COLOUR_RGB('',1.E0,3.1E-2,3.1E-2);
#224=COLOUR_RGB('',1.E0,7.E-2,7.E-2);
#225=COLOUR_RGB('',1.E0,7.843137254902E-2,5.764705882353E-1);
#226=COLOUR_RGB('',1.E0,2.E-1,1.E0);
#227=COLOUR_RGB('',1.E0,2.7E-1,0.E0);
#228=COLOUR_RGB('',1.E0,2.7E-1,2.7E-1);
#229=COLOUR_RGB('',1.E0,3.882352941176E-1,2.784313725490E-1);
#230=COLOUR_RGB('',1.E0,4.E-1,1.E0);
#231=COLOUR_RGB('',1.E0,4.117647058824E-1,7.058823529412E-1);
#232=COLOUR_RGB('',1.E0,4.7E-1,0.E0);
#233=COLOUR_RGB('',1.E0,4.7E-1,4.7E-1);
#234=COLOUR_RGB('',1.E0,4.980392156863E-1,3.137254901961E-1);
#235=COLOUR_RGB('',1.E0,6.E-1,1.E0);
#236=COLOUR_RGB('',1.E0,6.7E-1,0.E0);
#237=COLOUR_RGB('',1.E0,6.705882352941E-1,1.372549019608E-1);
#238=COLOUR_RGB('',1.E0,6.7E-1,6.7E-1);
#239=COLOUR_RGB('',1.E0,7.3E-1,6.E-1);
#240=COLOUR_RGB('',1.E0,7.686274509804E-1,5.882352941176E-2);
#241=COLOUR_RGB('',1.E0,7.921568627451E-1,2.980392156863E-1);
#242=COLOUR_RGB('',1.E0,8.E-1,8.E-1);
#243=COLOUR_RGB('',1.E0,8.E-1,1.E0);
#244=COLOUR_RGB('',1.E0,8.078431372549E-1,4.588235294118E-1);
#245=COLOUR_RGB('',1.E0,8.7E-1,0.E0);
#246=COLOUR_RGB('',1.E0,9.215686274510E-1,8.039215686275E-1);
#247=COLOUR_RGB('',1.E0,9.3E-1,9.3E-1);
#248=COLOUR_RGB('',1.E0,9.3E-1,1.E0);
#249=DRAUGHTING_PRE_DEFINED_COLOUR('yellow');
#250=COLOUR_RGB('',1.E0,1.E0,1.3E-1);
#251=COLOUR_RGB('',1.E0,1.E0,3.3E-1);
#252=COLOUR_RGB('',1.E0,1.E0,5.3E-1);
#253=COLOUR_RGB('',1.E0,1.E0,7.3E-1);
#254=COLOUR_RGB('',1.E0,1.E0,9.3E-1);
#255=DRAUGHTING_PRE_DEFINED_COLOUR('white');
#264=CIRCLE('',#263,1.E0);
#269=CIRCLE('',#268,4.5E0);
#274=CIRCLE('',#273,1.E0);
#287=CIRCLE('',#286,1.E0);
#292=CIRCLE('',#291,4.5E0);
#297=CIRCLE('',#296,1.E0);
#314=CIRCLE('',#313,4.5E0);
#331=CIRCLE('',#330,4.5E0);
#364=CIRCLE('',#363,1.E0);
#369=CIRCLE('',#368,1.E0);
#374=CIRCLE('',#373,9.999999999225E-1);
#391=B_SPLINE_CURVE_WITH_KNOTS('',3,(#379,#380,#381,#382,#383,#384,#385,#386,
#387,#388,#389,#390),.UNSPECIFIED.,.F.,.F.,(4,1,1,1,1,1,1,1,1,4),(0.E0,
1.111111111111E-1,2.222222222222E-1,3.333333333333E-1,4.444444444444E-1,
5.555555555556E-1,6.666666666667E-1,7.777777777778E-1,8.888888888889E-1,1.E0),
.UNSPECIFIED.);
#402=B_SPLINE_CURVE_WITH_KNOTS('',3,(#392,#393,#394,#395,#396,#397,#398,#399,
#400,#401),.UNSPECIFIED.,.F.,.F.,(4,1,1,1,1,1,1,4),(0.E0,1.428571428571E-1,
2.857142857143E-1,4.285714285714E-1,5.714285714286E-1,7.142857142857E-1,
8.571428571429E-1,1.E0),.UNSPECIFIED.);
#415=CIRCLE('',#414,1.000000000008E0);
#428=B_SPLINE_CURVE_WITH_KNOTS('',3,(#416,#417,#418,#419,#420,#421,#422,#423,
#424,#425,#426,#427),.UNSPECIFIED.,.F.,.F.,(4,1,1,1,1,1,1,1,1,4),(0.E0,
1.111111111111E-1,2.222222222222E-1,3.333333333333E-1,4.444444444444E-1,
5.555555555556E-1,6.666666666667E-1,7.777777777778E-1,8.888888888889E-1,1.E0),
.UNSPECIFIED.);
#433=CIRCLE('',#432,2.E1);
#438=CIRCLE('',#437,2.E1);
#449=B_SPLINE_CURVE_WITH_KNOTS('',3,(#439,#440,#441,#442,#443,#444,#445,#446,
#447,#448),.UNSPECIFIED.,.F.,.F.,(4,1,1,1,1,1,1,4),(0.E0,1.428571428571E-1,
2.857142857143E-1,4.285714285714E-1,5.714285714286E-1,7.142857142857E-1,
8.571428571429E-1,1.E0),.UNSPECIFIED.);
#460=B_SPLINE_CURVE_WITH_KNOTS('',3,(#450,#451,#452,#453,#454,#455,#456,#457,
#458,#459),.UNSPECIFIED.,.F.,.F.,(4,1,1,1,1,1,1,4),(0.E0,1.428571428571E-1,
2.857142857143E-1,4.285714285714E-1,5.714285714286E-1,7.142857142857E-1,
8.571428571429E-1,1.E0),.UNSPECIFIED.);
#465=CIRCLE('',#464,1.E0);
#470=CIRCLE('',#469,1.E0);
#475=CIRCLE('',#474,1.E0);
#484=CIRCLE('',#483,1.E0);
#493=CIRCLE('',#492,1.E0);
#502=CIRCLE('',#501,1.E0);
#511=CIRCLE('',#510,1.E0);
#520=CIRCLE('',#519,1.E0);
#537=CIRCLE('',#536,4.5E0);
#546=CIRCLE('',#545,1.E0);
#555=CIRCLE('',#554,4.5E0);
#572=CIRCLE('',#571,1.E0);
#581=CIRCLE('',#580,1.E0);
#602=CIRCLE('',#601,1.E0);
#623=CIRCLE('',#622,1.E0);
#640=CIRCLE('',#639,1.E0);
#665=CIRCLE('',#664,1.E0);
#670=CIRCLE('',#669,1.E0);
#686=B_SPLINE_CURVE_WITH_KNOTS('',3,(#675,#676,#677,#678,#679,#680,#681,#682,
#683,#684,#685),.UNSPECIFIED.,.F.,.F.,(4,1,1,1,1,1,1,1,4),(0.E0,1.25E-1,2.5E-1,
3.75E-1,5.E-1,6.25E-1,7.5E-1,8.75E-1,1.E0),.UNSPECIFIED.);
#697=B_SPLINE_CURVE_WITH_KNOTS('',3,(#687,#688,#689,#690,#691,#692,#693,#694,
#695,#696),.UNSPECIFIED.,.F.,.F.,(4,1,1,1,1,1,1,4),(0.E0,1.428571428571E-1,
2.857142857143E-1,4.285714285714E-1,5.714285714286E-1,7.142857142857E-1,
8.571428571429E-1,1.E0),.UNSPECIFIED.);
#710=CIRCLE('',#709,1.000000000008E0);
#722=B_SPLINE_CURVE_WITH_KNOTS('',3,(#711,#712,#713,#714,#715,#716,#717,#718,
#719,#720,#721),.UNSPECIFIED.,.F.,.F.,(4,1,1,1,1,1,1,1,4),(0.E0,1.25E-1,2.5E-1,
3.75E-1,5.E-1,6.25E-1,7.5E-1,8.75E-1,1.E0),.UNSPECIFIED.);
#733=B_SPLINE_CURVE_WITH_KNOTS('',3,(#723,#724,#725,#726,#727,#728,#729,#730,
#731,#732),.UNSPECIFIED.,.F.,.F.,(4,1,1,1,1,1,1,4),(0.E0,1.428571428571E-1,
2.857142857143E-1,4.285714285714E-1,5.714285714286E-1,7.142857142857E-1,
8.571428571429E-1,1.E0),.UNSPECIFIED.);
#740=B_SPLINE_CURVE_WITH_KNOTS('',3,(#734,#735,#736,#737,#738,#739),
.UNSPECIFIED.,.F.,.F.,(4,1,1,4),(0.E0,3.333333333333E-1,6.666666666667E-1,1.E0),
.UNSPECIFIED.);
#745=CIRCLE('',#744,2.E1);
#750=CIRCLE('',#749,2.E1);
#755=CIRCLE('',#754,1.000000000059E0);
#760=CIRCLE('',#759,9.999999999950E-1);
#767=B_SPLINE_CURVE_WITH_KNOTS('',3,(#761,#762,#763,#764,#765,#766),
.UNSPECIFIED.,.F.,.F.,(4,1,1,4),(0.E0,3.333333333333E-1,6.666666666667E-1,1.E0),
.UNSPECIFIED.);
#776=CIRCLE('',#775,1.5E1);
#781=CIRCLE('',#780,1.52E1);
#794=CIRCLE('',#793,1.9E1);
#799=CIRCLE('',#798,6.E0);
#808=CIRCLE('',#807,4.E0);
#821=CIRCLE('',#820,4.E0);
#830=CIRCLE('',#829,6.E0);
#835=CIRCLE('',#834,1.9E1);
#848=CIRCLE('',#847,1.52E1);
#853=CIRCLE('',#852,1.5E1);
#878=CIRCLE('',#877,1.E0);
#892=B_SPLINE_CURVE_WITH_KNOTS('',3,(#883,#884,#885,#886,#887,#888,#889,#890,
#891),.UNSPECIFIED.,.F.,.F.,(4,1,1,1,1,1,4),(0.E0,1.25E-1,2.5E-1,5.E-1,7.5E-1,
8.75E-1,1.E0),.UNSPECIFIED.);
#913=CIRCLE('',#912,1.E0);
#978=CIRCLE('',#977,1.E0);
#983=CIRCLE('',#982,5.E0);
#988=CIRCLE('',#987,5.E0);
#993=CIRCLE('',#992,1.E0);
#998=CIRCLE('',#997,1.E0);
#1003=CIRCLE('',#1002,1.E0);
#1012=CIRCLE('',#1011,4.E0);
#1021=CIRCLE('',#1020,6.E0);
#1026=CIRCLE('',#1025,1.9E1);
#1039=CIRCLE('',#1038,1.9E1);
#1044=CIRCLE('',#1043,6.E0);
#1053=CIRCLE('',#1052,4.E0);
#1070=CIRCLE('',#1069,1.5E1);
#1075=CIRCLE('',#1074,1.52E1);
#1084=CIRCLE('',#1083,1.52E1);
#1089=CIRCLE('',#1088,1.5E1);
#1446=CIRCLE('',#1445,8.75E0);
#1464=B_SPLINE_CURVE_WITH_KNOTS('',3,(#1459,#1460,#1461,#1462,#1463),
.UNSPECIFIED.,.F.,.F.,(4,1,4),(0.E0,5.E-1,1.E0),.UNSPECIFIED.);
#1498=B_SPLINE_CURVE_WITH_KNOTS('',3,(#1493,#1494,#1495,#1496,#1497),
.UNSPECIFIED.,.F.,.F.,(4,1,4),(0.E0,5.E-1,1.E0),.UNSPECIFIED.);
#1551=CIRCLE('',#1550,1.E0);
#1556=CIRCLE('',#1555,1.E0);
#1561=CIRCLE('',#1560,5.E0);
#1566=CIRCLE('',#1565,5.E0);
#1571=CIRCLE('',#1570,1.E0);
#1576=CIRCLE('',#1575,1.E0);
#1581=CIRCLE('',#1580,1.E0);
#1586=CIRCLE('',#1585,1.E0);
#1591=CIRCLE('',#1590,9.999999999998E-1);
#1602=B_SPLINE_CURVE_WITH_KNOTS('',3,(#1592,#1593,#1594,#1595,#1596,#1597,#1598,
#1599,#1600,#1601),.UNSPECIFIED.,.F.,.F.,(4,1,1,1,1,1,1,4),(0.E0,
1.428571428571E-1,2.857142857143E-1,4.285714285714E-1,5.714285714286E-1,
7.142857142857E-1,8.571428571429E-1,1.E0),.UNSPECIFIED.);
#1607=CIRCLE('',#1606,5.E0);
#1616=CIRCLE('',#1615,5.E0);
#1621=CIRCLE('',#1620,1.E0);
#1626=CIRCLE('',#1625,1.E0);
#1647=CIRCLE('',#1646,1.E0);
#1652=CIRCLE('',#1651,1.E0);
#1657=CIRCLE('',#1656,5.E0);
#1662=CIRCLE('',#1661,5.E0);
#1671=CIRCLE('',#1670,1.E0);
#1676=CIRCLE('',#1675,1.E0);
#1681=CIRCLE('',#1680,1.E0);
#1702=CIRCLE('',#1701,1.E0);
#1712=B_SPLINE_CURVE_WITH_KNOTS('',3,(#1703,#1704,#1705,#1706,#1707,#1708,#1709,
#1710,#1711),.UNSPECIFIED.,.F.,.F.,(4,1,1,1,1,1,4),(0.E0,2.5E-1,5.E-1,6.25E-1,
7.5E-1,8.75E-1,1.E0),.UNSPECIFIED.);
#1722=B_SPLINE_CURVE_WITH_KNOTS('',3,(#1713,#1714,#1715,#1716,#1717,#1718,#1719,
#1720,#1721),.UNSPECIFIED.,.F.,.F.,(4,1,1,1,1,1,4),(0.E0,1.25E-1,2.5E-1,3.75E-1,
5.E-1,7.5E-1,1.E0),.UNSPECIFIED.);
#1743=CIRCLE('',#1742,1.E0);
#1753=B_SPLINE_CURVE_WITH_KNOTS('',3,(#1744,#1745,#1746,#1747,#1748,#1749,#1750,
#1751,#1752),.UNSPECIFIED.,.F.,.F.,(4,1,1,1,1,1,4),(0.E0,2.5E-1,5.E-1,6.25E-1,
7.5E-1,8.75E-1,1.E0),.UNSPECIFIED.);
#1763=B_SPLINE_CURVE_WITH_KNOTS('',3,(#1754,#1755,#1756,#1757,#1758,#1759,#1760,
#1761,#1762),.UNSPECIFIED.,.F.,.F.,(4,1,1,1,1,1,4),(0.E0,1.25E-1,2.5E-1,3.75E-1,
5.E-1,7.5E-1,1.E0),.UNSPECIFIED.);
#1768=CIRCLE('',#1767,1.E0);
#2192=EDGE_CURVE('',#2012,#2142,#259,.T.);
#2194=EDGE_CURVE('',#2146,#2142,#369,.T.);
#2196=EDGE_CURVE('',#2102,#2146,#264,.T.);
#2198=EDGE_CURVE('',#2102,#2096,#269,.T.);
#2200=EDGE_CURVE('',#2095,#2096,#274,.T.);
#2202=EDGE_CURVE('',#1783,#2095,#785,.T.);
#2204=EDGE_CURVE('',#1783,#1784,#278,.T.);
#2206=EDGE_CURVE('',#1784,#1786,#1079,.T.);
#2208=EDGE_CURVE('',#1788,#1786,#282,.T.);
#2210=EDGE_CURVE('',#2100,#1788,#843,.T.);
#2212=EDGE_CURVE('',#2099,#2100,#287,.T.);
#2214=EDGE_CURVE('',#2099,#2104,#292,.T.);
#2216=EDGE_CURVE('',#2108,#2104,#297,.T.);
#2218=EDGE_CURVE('',#2112,#2108,#670,.T.);
#2220=EDGE_CURVE('',#2112,#1992,#301,.T.);
#2222=EDGE_CURVE('',#1996,#1992,#640,.T.);
#2224=EDGE_CURVE('',#1996,#2000,#305,.T.);
#2226=EDGE_CURVE('',#2004,#2000,#623,.T.);
#2228=EDGE_CURVE('',#1819,#2004,#309,.T.);
#2230=EDGE_CURVE('',#1819,#1820,#314,.T.);
#2232=EDGE_CURVE('',#1968,#1820,#318,.T.);
#2234=EDGE_CURVE('',#1972,#1968,#602,.T.);
#2236=EDGE_CURVE('',#1972,#1952,#322,.T.);
#2238=EDGE_CURVE('',#1956,#1952,#581,.T.);
#2240=EDGE_CURVE('',#1956,#1823,#326,.T.);
#2242=EDGE_CURVE('',#1823,#1824,#331,.T.);
#2244=EDGE_CURVE('',#1824,#1960,#335,.T.);
#2246=EDGE_CURVE('',#1964,#1960,#1743,.T.);
#2248=EDGE_CURVE('',#2008,#1964,#339,.T.);
#2250=EDGE_CURVE('',#2012,#2008,#1768,.T.);
#2260=EDGE_CURVE('',#2141,#2142,#343,.T.);
#2263=EDGE_CURVE('',#2011,#2012,#347,.T.);
#2265=EDGE_CURVE('',#2011,#1983,#524,.T.);
#2267=EDGE_CURVE('',#1988,#1983,#351,.T.);
#2269=EDGE_CURVE('',#1988,#2015,#479,.T.);
#2271=EDGE_CURVE('',#2020,#2015,#355,.T.);
#2273=EDGE_CURVE('',#2141,#2020,#359,.T.);
#2284=EDGE_CURVE('',#2145,#2141,#364,.T.);
#2286=EDGE_CURVE('',#2145,#2146,#378,.T.);
#2349=EDGE_CURVE('',#2147,#2145,#391,.T.);
#2352=EDGE_CURVE('',#2148,#2141,#428,.T.);
#2354=EDGE_CURVE('',#2147,#2148,#374,.T.);
#2366=EDGE_CURVE('',#2147,#2102,#410,.T.);
#2377=EDGE_CURVE('',#2149,#2147,#402,.T.);
#2379=EDGE_CURVE('',#2096,#2149,#406,.T.);
#2437=EDGE_CURVE('',#2150,#2148,#460,.T.);
#2439=EDGE_CURVE('',#2149,#2150,#415,.T.);
#2451=EDGE_CURVE('',#2022,#2020,#433,.T.);
#2453=EDGE_CURVE('',#2156,#2022,#1611,.T.);
#2455=EDGE_CURVE('',#2156,#2152,#438,.T.);
#2457=EDGE_CURVE('',#2152,#2150,#449,.T.);
#2469=EDGE_CURVE('',#2020,#2018,#470,.T.);
#2471=EDGE_CURVE('',#2024,#2018,#1026,.T.);
#2473=EDGE_CURVE('',#2022,#2024,#465,.T.);
#2483=EDGE_CURVE('',#2015,#2016,#475,.T.);
#2485=EDGE_CURVE('',#2018,#2016,#1030,.T.);
#2499=EDGE_CURVE('',#1986,#1988,#484,.T.);
#2501=EDGE_CURVE('',#1980,#1986,#488,.T.);
#2503=EDGE_CURVE('',#1978,#1980,#493,.T.);
#2505=EDGE_CURVE('',#2068,#1978,#497,.T.);
#2507=EDGE_CURVE('',#2067,#2068,#502,.T.);
#2509=EDGE_CURVE('',#2016,#2067,#506,.T.);
#2519=EDGE_CURVE('',#1983,#1984,#520,.T.);
#2521=EDGE_CURVE('',#1986,#1984,#597,.T.);
#2533=EDGE_CURVE('',#1951,#1954,#511,.T.);
#2535=EDGE_CURVE('',#1984,#1951,#515,.T.);
#2539=EDGE_CURVE('',#1959,#2011,#528,.T.);
#2541=EDGE_CURVE('',#1832,#1959,#532,.T.);
#2543=EDGE_CURVE('',#1830,#1832,#537,.T.);
#2545=EDGE_CURVE('',#1954,#1830,#541,.T.);
#2555=EDGE_CURVE('',#1967,#1970,#546,.T.);
#2557=EDGE_CURVE('',#1828,#1967,#550,.T.);
#2559=EDGE_CURVE('',#1826,#1828,#555,.T.);
#2561=EDGE_CURVE('',#2003,#1826,#559,.T.);
#2563=EDGE_CURVE('',#1991,#2003,#563,.T.);
#2565=EDGE_CURVE('',#1976,#1991,#567,.T.);
#2567=EDGE_CURVE('',#1975,#1976,#572,.T.);
#2569=EDGE_CURVE('',#1970,#1975,#576,.T.);
#2579=EDGE_CURVE('',#1951,#1952,#585,.T.);
#2582=EDGE_CURVE('',#1954,#1956,#1726,.T.);
#2595=EDGE_CURVE('',#1970,#1972,#589,.T.);
#2598=EDGE_CURVE('',#1980,#1975,#593,.T.);
#2611=EDGE_CURVE('',#1967,#1968,#606,.T.);
#2626=EDGE_CURVE('',#1820,#1828,#610,.T.);
#2637=EDGE_CURVE('',#2003,#2004,#614,.T.);
#2640=EDGE_CURVE('',#1819,#1826,#618,.T.);
#2663=EDGE_CURVE('',#1999,#2000,#635,.T.);
#2665=EDGE_CURVE('',#1999,#2003,#1722,.T.);
#2677=EDGE_CURVE('',#1995,#1996,#627,.T.);
#2679=EDGE_CURVE('',#1995,#1999,#631,.T.);
#2691=EDGE_CURVE('',#1991,#1992,#660,.T.);
#2693=EDGE_CURVE('',#1991,#1995,#1712,.T.);
#2705=EDGE_CURVE('',#2111,#2112,#644,.T.);
#2707=EDGE_CURVE('',#2062,#2111,#648,.T.);
#2709=EDGE_CURVE('',#2068,#2062,#652,.T.);
#2712=EDGE_CURVE('',#1978,#1976,#656,.T.);
#2725=EDGE_CURVE('',#2107,#2108,#674,.T.);
#2727=EDGE_CURVE('',#2111,#2107,#665,.T.);
#2741=EDGE_CURVE('',#2104,#2114,#701,.T.);
#2743=EDGE_CURVE('',#2114,#2107,#686,.T.);
#2753=EDGE_CURVE('',#2116,#2114,#697,.T.);
#2757=EDGE_CURVE('',#2116,#2099,#705,.T.);
#2811=EDGE_CURVE('',#2115,#2113,#733,.T.);
#2813=EDGE_CURVE('',#2113,#2114,#755,.T.);
#2816=EDGE_CURVE('',#2115,#2116,#710,.T.);
#2826=EDGE_CURVE('',#2113,#2111,#722,.T.);
#2829=EDGE_CURVE('',#2117,#2115,#740,.T.);
#2831=EDGE_CURVE('',#2120,#2117,#745,.T.);
#2833=EDGE_CURVE('',#2058,#2120,#1666,.T.);
#2835=EDGE_CURVE('',#2062,#2058,#750,.T.);
#2936=EDGE_CURVE('',#2118,#2116,#767,.T.);
#2938=EDGE_CURVE('',#2117,#2118,#760,.T.);
#2951=EDGE_CURVE('',#2118,#2100,#839,.T.);
#2961=EDGE_CURVE('',#2175,#2172,#873,.T.);
#2963=EDGE_CURVE('',#2070,#2175,#1476,.T.);
#2965=EDGE_CURVE('',#2070,#1802,#771,.T.);
#2967=EDGE_CURVE('',#1802,#1800,#776,.T.);
#2969=EDGE_CURVE('',#1800,#1783,#781,.T.);
#2972=EDGE_CURVE('',#2095,#2151,#789,.T.);
#2974=EDGE_CURVE('',#2154,#2151,#794,.T.);
#2976=EDGE_CURVE('',#2158,#2154,#799,.T.);
#2978=EDGE_CURVE('',#2162,#2158,#803,.T.);
#2980=EDGE_CURVE('',#2166,#2162,#808,.T.);
#2982=EDGE_CURVE('',#2172,#2166,#812,.T.);
#2992=EDGE_CURVE('',#2137,#2179,#917,.T.);
#2994=EDGE_CURVE('',#2137,#2134,#816,.T.);
#2996=EDGE_CURVE('',#2134,#2130,#821,.T.);
#2998=EDGE_CURVE('',#2130,#2126,#825,.T.);
#3000=EDGE_CURVE('',#2126,#2122,#830,.T.);
#3002=EDGE_CURVE('',#2122,#2118,#835,.T.);
#3006=EDGE_CURVE('',#1788,#1791,#848,.T.);
#3008=EDGE_CURVE('',#1791,#1796,#853,.T.);
#3010=EDGE_CURVE('',#1796,#2072,#857,.T.);
#3012=EDGE_CURVE('',#2179,#2072,#1484,.T.);
#3022=EDGE_CURVE('',#1924,#2184,#861,.T.);
#3024=EDGE_CURVE('',#2181,#2184,#865,.T.);
#3026=EDGE_CURVE('',#2181,#2176,#869,.T.);
#3028=EDGE_CURVE('',#2175,#2176,#1458,.T.);
#3031=EDGE_CURVE('',#2171,#2172,#878,.T.);
#3033=EDGE_CURVE('',#2171,#1924,#933,.T.);
#3043=EDGE_CURVE('',#2186,#2184,#882,.T.);
#3046=EDGE_CURVE('',#1923,#1924,#929,.T.);
#3048=EDGE_CURVE('',#1923,#2186,#908,.T.);
#3058=EDGE_CURVE('',#2181,#2182,#892,.T.);
#3062=EDGE_CURVE('',#2186,#2182,#904,.T.);
#3073=EDGE_CURVE('',#2180,#2182,#900,.T.);
#3075=EDGE_CURVE('',#2076,#2180,#1498,.T.);
#3077=EDGE_CURVE('',#1852,#2076,#1534,.T.);
#3079=EDGE_CURVE('',#1851,#1852,#1446,.T.);
#3081=EDGE_CURVE('',#1851,#2080,#896,.T.);
#3083=EDGE_CURVE('',#2176,#2080,#1464,.T.);
#3097=EDGE_CURVE('',#2138,#1923,#925,.T.);
#3099=EDGE_CURVE('',#2137,#2138,#913,.T.);
#3102=EDGE_CURVE('',#2179,#2180,#1480,.T.);
#3112=EDGE_CURVE('',#2138,#2132,#921,.T.);
#3117=EDGE_CURVE('',#2171,#2168,#937,.T.);
#3119=EDGE_CURVE('',#2034,#2168,#941,.T.);
#3121=EDGE_CURVE('',#2038,#2034,#945,.T.);
#3123=EDGE_CURVE('',#1816,#2038,#1121,.T.);
#3125=EDGE_CURVE('',#1816,#1868,#1245,.T.);
#3127=EDGE_CURVE('',#1868,#1866,#949,.T.);
#3129=EDGE_CURVE('',#1866,#1863,#953,.T.);
#3131=EDGE_CURVE('',#1863,#1864,#957,.T.);
#3133=EDGE_CURVE('',#1864,#1872,#961,.T.);
#3135=EDGE_CURVE('',#1871,#1872,#965,.T.);
#3137=EDGE_CURVE('',#1871,#1814,#1265,.T.);
#3139=EDGE_CURVE('',#2048,#1814,#1225,.T.);
#3141=EDGE_CURVE('',#2047,#2048,#969,.T.);
#3143=EDGE_CURVE('',#2132,#2047,#973,.T.);
#3155=EDGE_CURVE('',#2132,#2134,#978,.T.);
#3166=EDGE_CURVE('',#2132,#2128,#983,.T.);
#3168=EDGE_CURVE('',#2128,#2130,#1681,.T.);
#3182=EDGE_CURVE('',#2050,#2047,#988,.T.);
#3184=EDGE_CURVE('',#2128,#2050,#1689,.T.);
#3195=EDGE_CURVE('',#2047,#2043,#998,.T.);
#3197=EDGE_CURVE('',#2052,#2043,#1053,.T.);
#3199=EDGE_CURVE('',#2050,#2052,#993,.T.);
#3209=EDGE_CURVE('',#2043,#2044,#1057,.T.);
#3213=EDGE_CURVE('',#2048,#2044,#1003,.T.);
#3223=EDGE_CURVE('',#2040,#2092,#1101,.T.);
#3225=EDGE_CURVE('',#2040,#2036,#1007,.T.);
#3227=EDGE_CURVE('',#2036,#2032,#1012,.T.);
#3229=EDGE_CURVE('',#2032,#2028,#1016,.T.);
#3231=EDGE_CURVE('',#2028,#2024,#1021,.T.);
#3236=EDGE_CURVE('',#2067,#2064,#1034,.T.);
#3238=EDGE_CURVE('',#2064,#2060,#1039,.T.);
#3240=EDGE_CURVE('',#2060,#2056,#1044,.T.);
#3242=EDGE_CURVE('',#2056,#2052,#1048,.T.);
#3246=EDGE_CURVE('',#2084,#2044,#1221,.T.);
#3248=EDGE_CURVE('',#2083,#2084,#1061,.T.);
#3250=EDGE_CURVE('',#1794,#2083,#1065,.T.);
#3252=EDGE_CURVE('',#1794,#1792,#1070,.T.);
#3254=EDGE_CURVE('',#1792,#1786,#1075,.T.);
#3257=EDGE_CURVE('',#1784,#1799,#1084,.T.);
#3259=EDGE_CURVE('',#1799,#1804,#1089,.T.);
#3261=EDGE_CURVE('',#2089,#1804,#1093,.T.);
#3263=EDGE_CURVE('',#2089,#2092,#1097,.T.);
#3274=EDGE_CURVE('',#1840,#2092,#1169,.T.);
#3276=EDGE_CURVE('',#1840,#1835,#1105,.T.);
#3278=EDGE_CURVE('',#1835,#1836,#1109,.T.);
#3280=EDGE_CURVE('',#1836,#1838,#1113,.T.);
#3282=EDGE_CURVE('',#1838,#1807,#1117,.T.);
#3284=EDGE_CURVE('',#1807,#1816,#1249,.T.);
#3287=EDGE_CURVE('',#2040,#2038,#1551,.T.);
#3297=EDGE_CURVE('',#1846,#1892,#1185,.T.);
#3299=EDGE_CURVE('',#1846,#1812,#1229,.T.);
#3301=EDGE_CURVE('',#1811,#1812,#1257,.T.);
#3303=EDGE_CURVE('',#1892,#1811,#1393,.T.);
#3313=EDGE_CURVE('',#1904,#1838,#1193,.T.);
#3315=EDGE_CURVE('',#1904,#1808,#1301,.T.);
#3317=EDGE_CURVE('',#1807,#1808,#1253,.T.);
#3328=EDGE_CURVE('',#1936,#1911,#1125,.T.);
#3330=EDGE_CURVE('',#1908,#1911,#1129,.T.);
#3332=EDGE_CURVE('',#1935,#1908,#1133,.T.);
#3334=EDGE_CURVE('',#1935,#1936,#1137,.T.);
#3344=EDGE_CURVE('',#1916,#1948,#1141,.T.);
#3346=EDGE_CURVE('',#1916,#1919,#1145,.T.);
#3348=EDGE_CURVE('',#1919,#1944,#1149,.T.);
#3350=EDGE_CURVE('',#1948,#1944,#1153,.T.);
#3360=EDGE_CURVE('',#2086,#2075,#1488,.T.);
#3362=EDGE_CURVE('',#2083,#2086,#1518,.T.);
#3365=EDGE_CURVE('',#2084,#1848,#1157,.T.);
#3367=EDGE_CURVE('',#1883,#1848,#1213,.T.);
#3369=EDGE_CURVE('',#1859,#1883,#1405,.T.);
#3371=EDGE_CURVE('',#1859,#1860,#1161,.T.);
#3373=EDGE_CURVE('',#2075,#1860,#1165,.T.);
#3385=EDGE_CURVE('',#2089,#2090,#1506,.T.);
#3387=EDGE_CURVE('',#2079,#2090,#1472,.T.);
#3389=EDGE_CURVE('',#2079,#1855,#1173,.T.);
#3391=EDGE_CURVE('',#1855,#1856,#1177,.T.);
#3393=EDGE_CURVE('',#1856,#1895,#1285,.T.);
#3395=EDGE_CURVE('',#1840,#1895,#1217,.T.);
#3405=EDGE_CURVE('',#1890,#1844,#1181,.T.);
#3407=EDGE_CURVE('',#1844,#1846,#1233,.T.);
#3410=EDGE_CURVE('',#1892,#1890,#1389,.T.);
#3420=EDGE_CURVE('',#1836,#1902,#1189,.T.);
#3422=EDGE_CURVE('',#1904,#1902,#1305,.T.);
#3434=EDGE_CURVE('',#1884,#1843,#1197,.T.);
#3436=EDGE_CURVE('',#1843,#1844,#1237,.T.);
#3439=EDGE_CURVE('',#1889,#1890,#1385,.T.);
#3441=EDGE_CURVE('',#1889,#1920,#1201,.T.);
#3443=EDGE_CURVE('',#1915,#1920,#1542,.T.);
#3445=EDGE_CURVE('',#1886,#1915,#1357,.T.);
#3447=EDGE_CURVE('',#1884,#1886,#1413,.T.);
#3457=EDGE_CURVE('',#1907,#1912,#1369,.T.);
#3459=EDGE_CURVE('',#1912,#1901,#1205,.T.);
#3461=EDGE_CURVE('',#1901,#1902,#1309,.T.);
#3465=EDGE_CURVE('',#1835,#1896,#1209,.T.);
#3467=EDGE_CURVE('',#1896,#1898,#1277,.T.);
#3469=EDGE_CURVE('',#1907,#1898,#1345,.T.);
#3480=EDGE_CURVE('',#1848,#1843,#1241,.T.);
#3483=EDGE_CURVE('',#1883,#1884,#1409,.T.);
#3494=EDGE_CURVE('',#1895,#1896,#1281,.T.);
#3510=EDGE_CURVE('',#1814,#1812,#1261,.T.);
#3524=EDGE_CURVE('',#1868,#1808,#1297,.T.);
#3537=EDGE_CURVE('',#1811,#1871,#1397,.T.);
#3550=EDGE_CURVE('',#1931,#1932,#1269,.T.);
#3552=EDGE_CURVE('',#1931,#1898,#1273,.T.);
#3557=EDGE_CURVE('',#1856,#1878,#1289,.T.);
#3559=EDGE_CURVE('',#1878,#1866,#1293,.T.);
#3566=EDGE_CURVE('',#1932,#1901,#1313,.T.);
#3577=EDGE_CURVE('',#1932,#1927,#1321,.T.);
#3579=EDGE_CURVE('',#1927,#1928,#1333,.T.);
#3581=EDGE_CURVE('',#1931,#1928,#1337,.T.);
#3592=EDGE_CURVE('',#1927,#1936,#1317,.T.);
#3597=EDGE_CURVE('',#1911,#1912,#1365,.T.);
#3607=EDGE_CURVE('',#1942,#1889,#1381,.T.);
#3609=EDGE_CURVE('',#1942,#1939,#1325,.T.);
#3611=EDGE_CURVE('',#1939,#1944,#1329,.T.);
#3614=EDGE_CURVE('',#1919,#1920,#1546,.T.);
#3626=EDGE_CURVE('',#1928,#1935,#1341,.T.);
#3642=EDGE_CURVE('',#1907,#1908,#1361,.T.);
#3654=EDGE_CURVE('',#1940,#1948,#1349,.T.);
#3656=EDGE_CURVE('',#1946,#1940,#1353,.T.);
#3658=EDGE_CURVE('',#1946,#1886,#1417,.T.);
#3661=EDGE_CURVE('',#1915,#1916,#1538,.T.);
#3684=EDGE_CURVE('',#1939,#1940,#1373,.T.);
#3697=EDGE_CURVE('',#1946,#1942,#1377,.T.);
#3716=EDGE_CURVE('',#1880,#1872,#1421,.T.);
#3718=EDGE_CURVE('',#1880,#1859,#1401,.T.);
#3733=EDGE_CURVE('',#1875,#1864,#1425,.T.);
#3735=EDGE_CURVE('',#1880,#1875,#1454,.T.);
#3747=EDGE_CURVE('',#1876,#1863,#1429,.T.);
#3749=EDGE_CURVE('',#1875,#1876,#1433,.T.);
#3762=EDGE_CURVE('',#1876,#1878,#1437,.T.);
#3777=EDGE_CURVE('',#1855,#1851,#1441,.T.);
#3780=EDGE_CURVE('',#1852,#1860,#1450,.T.);
#3793=EDGE_CURVE('',#2079,#2080,#1468,.T.);
#3810=EDGE_CURVE('',#2070,#2090,#1502,.T.);
#3823=EDGE_CURVE('',#2086,#2072,#1522,.T.);
#3826=EDGE_CURVE('',#2075,#2076,#1492,.T.);
#3840=EDGE_CURVE('',#1804,#1802,#1510,.T.);
#3851=EDGE_CURVE('',#1799,#1800,#1514,.T.);
#3880=EDGE_CURVE('',#1796,#1794,#1526,.T.);
#3890=EDGE_CURVE('',#1791,#1792,#1530,.T.);
#3940=EDGE_CURVE('',#2034,#2036,#1556,.T.);
#3952=EDGE_CURVE('',#2034,#2030,#1566,.T.);
#3954=EDGE_CURVE('',#2030,#2032,#1626,.T.);
#3966=EDGE_CURVE('',#2168,#2164,#1561,.T.);
#3968=EDGE_CURVE('',#2030,#2164,#1642,.T.);
#3981=EDGE_CURVE('',#2162,#2164,#1576,.T.);
#3984=EDGE_CURVE('',#2166,#2168,#1571,.T.);
#3995=EDGE_CURVE('',#2158,#2160,#1581,.T.);
#3997=EDGE_CURVE('',#2164,#2160,#1630,.T.);
#4009=EDGE_CURVE('',#2154,#2156,#1586,.T.);
#4011=EDGE_CURVE('',#2160,#2156,#1607,.T.);
#4023=EDGE_CURVE('',#2151,#2152,#1591,.T.);
#4079=EDGE_CURVE('',#2151,#2149,#1602,.T.);
#4106=EDGE_CURVE('',#2026,#2022,#1616,.T.);
#4108=EDGE_CURVE('',#2026,#2160,#1634,.T.);
#4121=EDGE_CURVE('',#2026,#2028,#1621,.T.);
#4131=EDGE_CURVE('',#2030,#2026,#1638,.T.);
#4170=EDGE_CURVE('',#2062,#2064,#1647,.T.);
#4182=EDGE_CURVE('',#2058,#2060,#1652,.T.);
#4194=EDGE_CURVE('',#2058,#2054,#1662,.T.);
#4196=EDGE_CURVE('',#2054,#2056,#1702,.T.);
#4208=EDGE_CURVE('',#2124,#2120,#1657,.T.);
#4210=EDGE_CURVE('',#2054,#2124,#1697,.T.);
#4223=EDGE_CURVE('',#2120,#2122,#1676,.T.);
#4226=EDGE_CURVE('',#2124,#2126,#1671,.T.);
#4248=EDGE_CURVE('',#2128,#2124,#1685,.T.);
#4263=EDGE_CURVE('',#2054,#2050,#1693,.T.);
#4312=EDGE_CURVE('',#1823,#1830,#1730,.T.);
#4323=EDGE_CURVE('',#1959,#1960,#1734,.T.);
#4326=EDGE_CURVE('',#1824,#1832,#1738,.T.);
#4350=EDGE_CURVE('',#1959,#1963,#1753,.T.);
#4352=EDGE_CURVE('',#1963,#1964,#1772,.T.);
#4365=EDGE_CURVE('',#2007,#2011,#1763,.T.);
#4367=EDGE_CURVE('',#1963,#2007,#1776,.T.);
#4377=EDGE_CURVE('',#2007,#2008,#1780,.T.);
#4399=(LENGTH_UNIT()NAMED_UNIT(*)SI_UNIT(.MILLI.,.METRE.));
#4401=(NAMED_UNIT(*)PLANE_ANGLE_UNIT()SI_UNIT($,.RADIAN.));
#4404=(NAMED_UNIT(*)SI_UNIT($,.STERADIAN.)SOLID_ANGLE_UNIT());
#4407=ADVANCED_BREP_SHAPE_REPRESENTATION('',(#4398),#4406);
#4414=PRODUCT_DEFINITION('design','',#4413,#4410);
#4415=PRODUCT_DEFINITION_SHAPE('','SHAPE FOR GUDINGZUO-AMS1.',#4414);
#4416=SHAPE_DEFINITION_REPRESENTATION(#4415,#4407);
ENDSEC;
END-ISO-10303-21;
