ISO-10303-21;
HEADER;
FILE_DESCRIPTION((''),'2;1');
FILE_NAME('GUDINGZUO','2026-03-02T21:23:08',('dl.liu'),(''),
'CREO PARAMETRIC BY PTC INC, 2018020','CREO PARAMETRIC BY PTC INC, 2018020','');
FILE_SCHEMA(('CONFIG_CONTROL_DESIGN','SHAPE_APPEARANCE_LAYERS_GROUPS'));
ENDSEC;
DATA;
#238=DIRECTION('',(-1.E0,0.E0,0.E0));
#239=VECTOR('',#238,4.199999999900E1);
#240=CARTESIAN_POINT('',(1.2E1,-4.E0,0.E0));
#241=LINE('',#240,#239);
#242=DIRECTION('',(-1.E0,0.E0,0.E0));
#243=VECTOR('',#242,4.2E1);
#244=CARTESIAN_POINT('',(1.2E1,-2.4E1,0.E0));
#245=LINE('',#244,#243);
#246=DIRECTION('',(0.E0,1.E0,0.E0));
#247=VECTOR('',#246,7.7E0);
#248=CARTESIAN_POINT('',(-3.E1,-2.4E1,0.E0));
#249=LINE('',#248,#247);
#250=DIRECTION('',(1.E0,0.E0,0.E0));
#251=VECTOR('',#250,3.043884862732E1);
#252=CARTESIAN_POINT('',(-3.E1,-1.63E1,0.E0));
#253=LINE('',#252,#251);
#254=DIRECTION('',(-1.248867675940E-10,-1.E0,0.E0));
#255=VECTOR('',#254,8.E0);
#256=CARTESIAN_POINT('',(-2.999999999900E1,-4.E0,0.E0));
#257=LINE('',#256,#255);
#258=CARTESIAN_POINT('',(1.2E1,-4.E0,-1.29E2));
#259=DIRECTION('',(1.E0,0.E0,0.E0));
#260=DIRECTION('',(0.E0,0.E0,-1.E0));
#261=AXIS2_PLACEMENT_3D('',#258,#259,#260);
#263=DIRECTION('',(0.E0,1.E0,0.E0));
#264=VECTOR('',#263,2.E1);
#265=CARTESIAN_POINT('',(1.2E1,-2.4E1,-1.3E2));
#266=LINE('',#265,#264);
#267=CARTESIAN_POINT('',(1.2E1,-2.4E1,-1.29E2));
#268=DIRECTION('',(1.E0,0.E0,0.E0));
#269=DIRECTION('',(0.E0,-1.E0,0.E0));
#270=AXIS2_PLACEMENT_3D('',#267,#268,#269);
#272=DIRECTION('',(0.E0,0.E0,-1.E0));
#273=VECTOR('',#272,1.28E2);
#274=CARTESIAN_POINT('',(1.2E1,-2.5E1,-1.E0));
#275=LINE('',#274,#273);
#276=CARTESIAN_POINT('',(1.2E1,-2.4E1,-1.E0));
#277=DIRECTION('',(1.E0,0.E0,0.E0));
#278=DIRECTION('',(0.E0,0.E0,1.E0));
#279=AXIS2_PLACEMENT_3D('',#276,#277,#278);
#281=DIRECTION('',(0.E0,-1.E0,0.E0));
#282=VECTOR('',#281,2.E1);
#283=CARTESIAN_POINT('',(1.2E1,-4.E0,0.E0));
#284=LINE('',#283,#282);
#285=CARTESIAN_POINT('',(1.2E1,-4.E0,-1.E0));
#286=DIRECTION('',(1.E0,0.E0,0.E0));
#287=DIRECTION('',(0.E0,1.E0,0.E0));
#288=AXIS2_PLACEMENT_3D('',#285,#286,#287);
#290=DIRECTION('',(0.E0,0.E0,1.E0));
#291=VECTOR('',#290,1.28E2);
#292=CARTESIAN_POINT('',(1.2E1,-3.E0,-1.29E2));
#293=LINE('',#292,#291);
#294=CARTESIAN_POINT('',(-3.E1,-4.E0,-1.29E2));
#295=DIRECTION('',(1.E0,0.E0,0.E0));
#296=DIRECTION('',(0.E0,0.E0,-1.E0));
#297=AXIS2_PLACEMENT_3D('',#294,#295,#296);
#299=CARTESIAN_POINT('',(-4.039399730094E1,-3.E0,-4.465E1));
#300=DIRECTION('',(0.E0,-1.E0,0.E0));
#301=DIRECTION('',(0.E0,0.E0,-1.E0));
#302=AXIS2_PLACEMENT_3D('',#299,#300,#301);
#304=CARTESIAN_POINT('',(-1.52E1,-3.E0,-4.52E1));
#305=DIRECTION('',(0.E0,1.E0,0.E0));
#306=DIRECTION('',(-9.997617976565E-1,0.E0,2.182539682540E-2));
#307=AXIS2_PLACEMENT_3D('',#304,#305,#306);
#309=DIRECTION('',(0.E0,0.E0,1.E0));
#310=VECTOR('',#309,3.96E1);
#311=CARTESIAN_POINT('',(0.E0,-3.E0,-8.48E1));
#312=LINE('',#311,#310);
#313=CARTESIAN_POINT('',(-1.52E1,-3.E0,-8.48E1));
#314=DIRECTION('',(0.E0,1.E0,0.E0));
#315=DIRECTION('',(1.E0,0.E0,0.E0));
#316=AXIS2_PLACEMENT_3D('',#313,#314,#315);
#318=CARTESIAN_POINT('',(-4.039399730094E1,-3.E0,-8.535E1));
#319=DIRECTION('',(0.E0,-1.E0,0.E0));
#320=DIRECTION('',(9.997617976565E-1,0.E0,2.182539682540E-2));
#321=AXIS2_PLACEMENT_3D('',#318,#319,#320);
#323=DIRECTION('',(0.E0,0.E0,-1.E0));
#324=VECTOR('',#323,3.E0);
#325=CARTESIAN_POINT('',(-5.415E1,-3.E0,-7.535E1));
#326=LINE('',#325,#324);
#327=DIRECTION('',(0.E0,0.E0,-1.E0));
#328=VECTOR('',#327,2.65E0);
#329=CARTESIAN_POINT('',(-8.9E1,-3.E0,-7.835E1));
#330=LINE('',#329,#328);
#331=CARTESIAN_POINT('',(-8.5E1,-3.E0,-8.1E1));
#332=DIRECTION('',(0.E0,1.E0,0.E0));
#333=DIRECTION('',(0.E0,0.E0,-1.E0));
#334=AXIS2_PLACEMENT_3D('',#331,#332,#333);
#336=DIRECTION('',(1.E0,0.E0,-1.413585298200E-12));
#337=VECTOR('',#336,3.599999999996E1);
#338=CARTESIAN_POINT('',(-8.5E1,-3.E0,-8.5E1));
#339=LINE('',#338,#337);
#340=CARTESIAN_POINT('',(-4.9E1,-3.E0,-9.5E1));
#341=DIRECTION('',(0.E0,1.E0,0.E0));
#342=DIRECTION('',(0.E0,0.E0,1.E0));
#343=AXIS2_PLACEMENT_3D('',#340,#341,#342);
#345=DIRECTION('',(2.597175807755E-12,0.E0,-1.E0));
#346=VECTOR('',#345,2.499999999995E1);
#347=CARTESIAN_POINT('',(-3.900000000006E1,-3.E0,-9.500000000005E1));
#348=LINE('',#347,#346);
#349=CARTESIAN_POINT('',(-3.E1,-3.E0,-1.2E2));
#350=DIRECTION('',(0.E0,-1.E0,0.E0));
#351=DIRECTION('',(-1.E0,0.E0,0.E0));
#352=AXIS2_PLACEMENT_3D('',#349,#350,#351);
#354=DIRECTION('',(1.E0,0.E0,0.E0));
#355=VECTOR('',#354,4.2E1);
#356=CARTESIAN_POINT('',(-3.E1,-3.E0,-1.29E2));
#357=LINE('',#356,#355);
#358=DIRECTION('',(-1.E0,0.E0,0.E0));
#359=VECTOR('',#358,4.2E1);
#360=CARTESIAN_POINT('',(1.2E1,-3.E0,-1.E0));
#361=LINE('',#360,#359);
#362=CARTESIAN_POINT('',(-3.E1,-3.E0,-1.E1));
#363=DIRECTION('',(0.E0,-1.E0,0.E0));
#364=DIRECTION('',(0.E0,0.E0,1.E0));
#365=AXIS2_PLACEMENT_3D('',#362,#363,#364);
#367=DIRECTION('',(-2.035278612314E-12,0.E0,-1.E0));
#368=VECTOR('',#367,2.499999999996E1);
#369=CARTESIAN_POINT('',(-3.9E1,-3.E0,-1.E1));
#370=LINE('',#369,#368);
#371=CARTESIAN_POINT('',(-4.9E1,-3.E0,-3.5E1));
#372=DIRECTION('',(0.E0,1.E0,0.E0));
#373=DIRECTION('',(1.E0,0.E0,0.E0));
#374=AXIS2_PLACEMENT_3D('',#371,#372,#373);
#376=CARTESIAN_POINT('',(-8.5E1,-3.E0,-4.9E1));
#377=DIRECTION('',(0.E0,1.E0,0.E0));
#378=DIRECTION('',(-1.E0,0.E0,0.E0));
#379=AXIS2_PLACEMENT_3D('',#376,#377,#378);
#381=DIRECTION('',(0.E0,0.E0,-1.E0));
#382=VECTOR('',#381,2.65E0);
#383=CARTESIAN_POINT('',(-8.9E1,-3.E0,-4.9E1));
#384=LINE('',#383,#382);
#385=DIRECTION('',(0.E0,-1.E0,0.E0));
#386=VECTOR('',#385,5.858272864295E0);
#387=CARTESIAN_POINT('',(-5.415E1,2.858272864295E0,-5.165E1));
#388=LINE('',#387,#386);
#389=DIRECTION('',(-1.E0,0.E0,0.E0));
#390=VECTOR('',#389,3.485E1);
#391=CARTESIAN_POINT('',(-5.415E1,-3.E0,-5.165E1));
#392=LINE('',#391,#390);
#393=DIRECTION('',(0.E0,1.E0,0.E0));
#394=VECTOR('',#393,3.7E1);
#395=CARTESIAN_POINT('',(-9.E1,-4.E0,-5.165E1));
#396=LINE('',#395,#394);
#397=DIRECTION('',(1.E0,0.E0,0.E0));
#398=VECTOR('',#397,1.230070183079E1);
#399=CARTESIAN_POINT('',(-9.E1,3.3E1,-5.165E1));
#400=LINE('',#399,#398);
#401=DIRECTION('',(-6.156614753257E-1,7.880107536067E-1,0.E0));
#402=VECTOR('',#401,2.708601711848E0);
#403=CARTESIAN_POINT('',(-7.603171644323E1,3.086559272383E1,-5.165E1));
#404=LINE('',#403,#402);
#405=DIRECTION('',(7.880107536067E-1,6.156614753257E-1,0.E0));
#406=VECTOR('',#405,6.E0);
#407=CARTESIAN_POINT('',(-8.075978096487E1,2.717162387187E1,-5.165E1));
#408=LINE('',#407,#406);
#409=DIRECTION('',(-6.156614753257E-1,7.880107536067E-1,0.E0));
#410=VECTOR('',#409,2.14E1);
#411=CARTESIAN_POINT('',(-6.758462539290E1,1.030819374469E1,-5.165E1));
#412=LINE('',#411,#410);
#413=DIRECTION('',(-7.880107536067E-1,-6.156614753257E-1,0.E0));
#414=VECTOR('',#413,6.E0);
#415=CARTESIAN_POINT('',(-6.285656087126E1,1.400216259664E1,-5.165E1));
#416=LINE('',#415,#414);
#417=DIRECTION('',(-6.156614753257E-1,7.880107536067E-1,0.E0));
#418=VECTOR('',#417,1.414179905711E1);
#419=CARTESIAN_POINT('',(-5.415E1,2.858272864295E0,-5.165E1));
#420=LINE('',#419,#418);
#421=DIRECTION('',(0.E0,0.E0,1.E0));
#422=VECTOR('',#421,3.E0);
#423=CARTESIAN_POINT('',(-5.415E1,-3.E0,-5.465E1));
#424=LINE('',#423,#422);
#425=DIRECTION('',(0.E0,0.E0,-1.E0));
#426=VECTOR('',#425,3.E0);
#427=CARTESIAN_POINT('',(-5.415E1,2.858272864295E0,-5.165E1));
#428=LINE('',#427,#426);
#429=DIRECTION('',(0.E0,1.E0,0.E0));
#430=VECTOR('',#429,5.858272864295E0);
#431=CARTESIAN_POINT('',(-5.415E1,-3.E0,-7.535E1));
#432=LINE('',#431,#430);
#433=DIRECTION('',(0.E0,0.E0,-1.E0));
#434=VECTOR('',#433,3.E0);
#435=CARTESIAN_POINT('',(-5.415E1,2.858272864295E0,-7.535E1));
#436=LINE('',#435,#434);
#437=DIRECTION('',(-6.156614753257E-1,7.880107536067E-1,0.E0));
#438=VECTOR('',#437,1.029041429928E1);
#439=CARTESIAN_POINT('',(-5.415E1,2.858272864295E0,-5.465E1));
#440=LINE('',#439,#438);
#441=DIRECTION('',(7.880107536067E-1,6.156614753257E-1,0.E0));
#442=VECTOR('',#441,9.692388155425E0);
#443=CARTESIAN_POINT('',(-6.812311774381E1,5.E0,-5.465E1));
#444=LINE('',#443,#442);
#445=DIRECTION('',(1.E0,0.E0,0.E0));
#446=VECTOR('',#445,4.960600269906E1);
#447=CARTESIAN_POINT('',(-9.E1,-1.2E1,-5.465E1));
#448=LINE('',#447,#446);
#449=DIRECTION('',(0.E0,1.E0,0.E0));
#450=VECTOR('',#449,9.E0);
#451=CARTESIAN_POINT('',(-4.039399730094E1,-1.2E1,-5.465E1));
#452=LINE('',#451,#450);
#453=DIRECTION('',(-1.E0,0.E0,0.E0));
#454=VECTOR('',#453,1.375600269906E1);
#455=CARTESIAN_POINT('',(-4.039399730094E1,-3.E0,-5.465E1));
#456=LINE('',#455,#454);
#457=DIRECTION('',(0.E0,1.E0,0.E0));
#458=VECTOR('',#457,5.858272864295E0);
#459=CARTESIAN_POINT('',(-5.415E1,-3.E0,-5.465E1));
#460=LINE('',#459,#458);
#461=DIRECTION('',(0.E0,0.E0,-1.E0));
#462=VECTOR('',#461,3.85E0);
#463=CARTESIAN_POINT('',(-6.048541164921E1,1.096722999120E1,-5.465E1));
#464=LINE('',#463,#462);
#465=DIRECTION('',(0.E0,0.E0,-1.E0));
#466=VECTOR('',#465,3.85E0);
#467=CARTESIAN_POINT('',(-6.048541164921E1,1.096722999120E1,-7.15E1));
#468=LINE('',#467,#466);
#469=DIRECTION('',(0.E0,0.E0,1.E0));
#470=VECTOR('',#469,6.85E0);
#471=CARTESIAN_POINT('',(-7.769929816921E1,3.3E1,-5.85E1));
#472=LINE('',#471,#470);
#473=DIRECTION('',(1.E0,0.E0,0.E0));
#474=VECTOR('',#473,1.230070183079E1);
#475=CARTESIAN_POINT('',(-9.E1,3.3E1,-7.835E1));
#476=LINE('',#475,#474);
#477=DIRECTION('',(0.E0,0.E0,1.E0));
#478=VECTOR('',#477,6.85E0);
#479=CARTESIAN_POINT('',(-7.769929816921E1,3.3E1,-7.835E1));
#480=LINE('',#479,#478);
#481=DIRECTION('',(0.E0,1.E0,0.E0));
#482=VECTOR('',#481,8.E0);
#483=CARTESIAN_POINT('',(-9.E1,-1.2E1,-4.9E1));
#484=LINE('',#483,#482);
#485=DIRECTION('',(0.E0,0.E0,-1.E0));
#486=VECTOR('',#485,5.65E0);
#487=CARTESIAN_POINT('',(-9.E1,-1.2E1,-4.9E1));
#488=LINE('',#487,#486);
#489=DIRECTION('',(0.E0,1.E0,0.E0));
#490=VECTOR('',#489,3.313160320521E1);
#491=CARTESIAN_POINT('',(-9.E1,-1.2E1,-5.465E1));
#492=LINE('',#491,#490);
#493=DIRECTION('',(0.E0,0.E0,-1.E0));
#494=VECTOR('',#493,2.07E1);
#495=CARTESIAN_POINT('',(-9.E1,2.113160320521E1,-5.465E1));
#496=LINE('',#495,#494);
#497=DIRECTION('',(0.E0,-1.E0,0.E0));
#498=VECTOR('',#497,3.313160320521E1);
#499=CARTESIAN_POINT('',(-9.E1,2.113160320521E1,-7.535E1));
#500=LINE('',#499,#498);
#501=DIRECTION('',(0.E0,0.E0,1.E0));
#502=VECTOR('',#501,5.65E0);
#503=CARTESIAN_POINT('',(-9.E1,-1.2E1,-8.1E1));
#504=LINE('',#503,#502);
#505=DIRECTION('',(0.E0,-1.E0,0.E0));
#506=VECTOR('',#505,8.E0);
#507=CARTESIAN_POINT('',(-9.E1,-4.E0,-8.1E1));
#508=LINE('',#507,#506);
#509=DIRECTION('',(0.E0,0.E0,-1.E0));
#510=VECTOR('',#509,2.65E0);
#511=CARTESIAN_POINT('',(-9.E1,-4.E0,-7.835E1));
#512=LINE('',#511,#510);
#513=DIRECTION('',(3.228801046722E-5,4.132676881800E-5,9.999999986248E-1));
#514=VECTOR('',#513,6.850174300457E0);
#515=CARTESIAN_POINT('',(-9.E1,3.3E1,-7.835E1));
#516=LINE('',#515,#514);
#517=DIRECTION('',(0.E0,0.E0,1.E0));
#518=VECTOR('',#517,5.384776310850E0);
#519=CARTESIAN_POINT('',(-9.E1,2.681654556440E1,-6.769238815543E1));
#520=LINE('',#519,#518);
#521=DIRECTION('',(3.045738740610E-5,8.515316361804E-1,5.243032249149E-1));
#522=VECTOR('',#521,7.261899932346E0);
#523=CARTESIAN_POINT('',(-9.E1,2.681654556440E1,-6.230761184457E1));
#524=LINE('',#523,#522);
#525=DIRECTION('',(-3.228801046929E-5,-4.132676882111E-5,9.999999986248E-1));
#526=VECTOR('',#525,6.850174300457E0);
#527=CARTESIAN_POINT('',(-8.999977882150E1,3.300028309557E1,-5.850017429104E1));
#528=LINE('',#527,#526);
#529=DIRECTION('',(0.E0,0.E0,-1.E0));
#530=VECTOR('',#529,2.65E0);
#531=CARTESIAN_POINT('',(-9.E1,-4.E0,-4.9E1));
#532=LINE('',#531,#530);
#533=DIRECTION('',(0.E0,0.E0,1.E0));
#534=VECTOR('',#533,1.5E0);
#535=CARTESIAN_POINT('',(-5.4E1,-1.2E1,-8.05E1));
#536=LINE('',#535,#534);
#537=DIRECTION('',(0.E0,0.E0,-1.E0));
#538=VECTOR('',#537,1.5E0);
#539=CARTESIAN_POINT('',(-7.8E1,-1.2E1,-7.9E1));
#540=LINE('',#539,#538);
#541=DIRECTION('',(0.E0,0.E0,-1.E0));
#542=VECTOR('',#541,1.5E0);
#543=CARTESIAN_POINT('',(-7.8E1,-1.2E1,-4.95E1));
#544=LINE('',#543,#542);
#545=DIRECTION('',(0.E0,0.E0,1.E0));
#546=VECTOR('',#545,1.5E0);
#547=CARTESIAN_POINT('',(-5.4E1,-1.2E1,-5.1E1));
#548=LINE('',#547,#546);
#549=CARTESIAN_POINT('',(-8.5E1,-1.2E1,-4.9E1));
#550=DIRECTION('',(0.E0,-1.E0,0.E0));
#551=DIRECTION('',(0.E0,0.E0,1.E0));
#552=AXIS2_PLACEMENT_3D('',#549,#550,#551);
#554=DIRECTION('',(0.E0,0.E0,1.E0));
#555=VECTOR('',#554,2.5E1);
#556=CARTESIAN_POINT('',(-4.E1,-1.2E1,-3.5E1));
#557=LINE('',#556,#555);
#558=CARTESIAN_POINT('',(-3.E1,-1.2E1,-1.E1));
#559=DIRECTION('',(0.E0,-1.E0,0.E0));
#560=DIRECTION('',(0.E0,0.E0,1.E0));
#561=AXIS2_PLACEMENT_3D('',#558,#559,#560);
#563=DIRECTION('',(1.E0,0.E0,0.E0));
#564=VECTOR('',#563,3.006264737416E1);
#565=CARTESIAN_POINT('',(-3.E1,-1.2E1,0.E0));
#566=LINE('',#565,#564);
#567=DIRECTION('',(0.E0,0.E0,-1.E0));
#568=VECTOR('',#567,3.9E0);
#569=CARTESIAN_POINT('',(6.264737416299E-2,-1.2E1,0.E0));
#570=LINE('',#569,#568);
#571=DIRECTION('',(-1.E0,0.E0,0.E0));
#572=VECTOR('',#571,3.136264737416E1);
#573=CARTESIAN_POINT('',(6.264737416299E-2,-1.2E1,-3.9E0));
#574=LINE('',#573,#572);
#575=DIRECTION('',(0.E0,0.E0,-1.E0));
#576=VECTOR('',#575,7.2E0);
#577=CARTESIAN_POINT('',(-3.13E1,-1.2E1,-3.9E0));
#578=LINE('',#577,#576);
#579=DIRECTION('',(0.E0,0.E0,-1.E0));
#580=VECTOR('',#579,7.2E0);
#581=CARTESIAN_POINT('',(-3.13E1,-1.2E1,-1.189E2));
#582=LINE('',#581,#580);
#583=DIRECTION('',(0.E0,0.E0,-1.E0));
#584=VECTOR('',#583,3.9E0);
#585=CARTESIAN_POINT('',(6.264737416298E-2,-1.2E1,-1.261E2));
#586=LINE('',#585,#584);
#587=DIRECTION('',(-1.E0,0.E0,0.E0));
#588=VECTOR('',#587,3.006264737416E1);
#589=CARTESIAN_POINT('',(6.264737416299E-2,-1.2E1,-1.3E2));
#590=LINE('',#589,#588);
#591=CARTESIAN_POINT('',(-3.E1,-1.2E1,-1.2E2));
#592=DIRECTION('',(0.E0,-1.E0,0.E0));
#593=DIRECTION('',(-1.E0,0.E0,0.E0));
#594=AXIS2_PLACEMENT_3D('',#591,#592,#593);
#596=DIRECTION('',(0.E0,0.E0,1.E0));
#597=VECTOR('',#596,2.5E1);
#598=CARTESIAN_POINT('',(-4.E1,-1.2E1,-1.2E2));
#599=LINE('',#598,#597);
#600=CARTESIAN_POINT('',(-8.5E1,-1.2E1,-8.1E1));
#601=DIRECTION('',(0.E0,-1.E0,0.E0));
#602=DIRECTION('',(-1.E0,0.E0,0.E0));
#603=AXIS2_PLACEMENT_3D('',#600,#601,#602);
#605=CARTESIAN_POINT('',(-4.039399730094E1,-1.2E1,-8.535E1));
#606=DIRECTION('',(0.E0,1.E0,0.E0));
#607=DIRECTION('',(0.E0,0.E0,1.E0));
#608=AXIS2_PLACEMENT_3D('',#605,#606,#607);
#610=CARTESIAN_POINT('',(-1.52E1,-1.2E1,-8.48E1));
#611=DIRECTION('',(0.E0,-1.E0,0.E0));
#612=DIRECTION('',(-9.997617976565E-1,0.E0,-2.182539682540E-2));
#613=AXIS2_PLACEMENT_3D('',#610,#611,#612);
#615=CARTESIAN_POINT('',(-1.52E1,-1.2E1,-4.52E1));
#616=DIRECTION('',(0.E0,-1.E0,0.E0));
#617=DIRECTION('',(1.E0,0.E0,0.E0));
#618=AXIS2_PLACEMENT_3D('',#615,#616,#617);
#620=CARTESIAN_POINT('',(-4.039399730094E1,-1.2E1,-4.465E1));
#621=DIRECTION('',(0.E0,1.E0,0.E0));
#622=DIRECTION('',(9.997617976565E-1,0.E0,-2.182539682539E-2));
#623=AXIS2_PLACEMENT_3D('',#620,#621,#622);
#625=DIRECTION('',(-8.E-1,-6.E-1,0.E0));
#626=VECTOR('',#625,2.5E0);
#627=CARTESIAN_POINT('',(-5.4E1,-1.2E1,-8.05E1));
#628=LINE('',#627,#626);
#629=DIRECTION('',(8.E-1,6.E-1,0.E0));
#630=VECTOR('',#629,2.5E0);
#631=CARTESIAN_POINT('',(-5.6E1,-1.35E1,-7.9E1));
#632=LINE('',#631,#630);
#633=DIRECTION('',(-1.E0,0.E0,0.E0));
#634=VECTOR('',#633,2.4E1);
#635=CARTESIAN_POINT('',(-5.4E1,-1.2E1,-8.05E1));
#636=LINE('',#635,#634);
#637=DIRECTION('',(8.E-1,-6.E-1,0.E0));
#638=VECTOR('',#637,2.5E0);
#639=CARTESIAN_POINT('',(-7.8E1,-1.2E1,-7.9E1));
#640=LINE('',#639,#638);
#641=DIRECTION('',(-8.E-1,6.E-1,0.E0));
#642=VECTOR('',#641,2.5E0);
#643=CARTESIAN_POINT('',(-7.6E1,-1.35E1,-8.05E1));
#644=LINE('',#643,#642);
#645=DIRECTION('',(1.E0,0.E0,0.E0));
#646=VECTOR('',#645,2.4E1);
#647=CARTESIAN_POINT('',(-7.8E1,-1.2E1,-7.9E1));
#648=LINE('',#647,#646);
#649=DIRECTION('',(0.E0,0.E0,1.E0));
#650=VECTOR('',#649,1.5E0);
#651=CARTESIAN_POINT('',(-5.6E1,-1.35E1,-8.05E1));
#652=LINE('',#651,#650);
#653=DIRECTION('',(1.E0,0.E0,0.E0));
#654=VECTOR('',#653,2.E1);
#655=CARTESIAN_POINT('',(-7.6E1,-1.35E1,-8.05E1));
#656=LINE('',#655,#654);
#657=DIRECTION('',(0.E0,0.E0,-1.E0));
#658=VECTOR('',#657,1.5E0);
#659=CARTESIAN_POINT('',(-7.6E1,-1.35E1,-7.9E1));
#660=LINE('',#659,#658);
#661=DIRECTION('',(-1.E0,0.E0,0.E0));
#662=VECTOR('',#661,2.E1);
#663=CARTESIAN_POINT('',(-5.6E1,-1.35E1,-7.9E1));
#664=LINE('',#663,#662);
#665=DIRECTION('',(0.E0,0.E0,-1.E0));
#666=VECTOR('',#665,1.5E0);
#667=CARTESIAN_POINT('',(-7.6E1,-1.35E1,-4.95E1));
#668=LINE('',#667,#666);
#669=DIRECTION('',(-1.E0,0.E0,0.E0));
#670=VECTOR('',#669,2.E1);
#671=CARTESIAN_POINT('',(-5.6E1,-1.35E1,-4.95E1));
#672=LINE('',#671,#670);
#673=DIRECTION('',(0.E0,0.E0,1.E0));
#674=VECTOR('',#673,1.5E0);
#675=CARTESIAN_POINT('',(-5.6E1,-1.35E1,-5.1E1));
#676=LINE('',#675,#674);
#677=DIRECTION('',(1.E0,0.E0,0.E0));
#678=VECTOR('',#677,2.E1);
#679=CARTESIAN_POINT('',(-7.6E1,-1.35E1,-5.1E1));
#680=LINE('',#679,#678);
#681=DIRECTION('',(8.E-1,-6.E-1,0.E0));
#682=VECTOR('',#681,2.5E0);
#683=CARTESIAN_POINT('',(-7.8E1,-1.2E1,-4.95E1));
#684=LINE('',#683,#682);
#685=DIRECTION('',(-8.E-1,6.E-1,0.E0));
#686=VECTOR('',#685,2.5E0);
#687=CARTESIAN_POINT('',(-7.6E1,-1.35E1,-5.1E1));
#688=LINE('',#687,#686);
#689=DIRECTION('',(1.E0,0.E0,0.E0));
#690=VECTOR('',#689,2.4E1);
#691=CARTESIAN_POINT('',(-7.8E1,-1.2E1,-4.95E1));
#692=LINE('',#691,#690);
#693=DIRECTION('',(-8.E-1,-6.E-1,0.E0));
#694=VECTOR('',#693,2.5E0);
#695=CARTESIAN_POINT('',(-5.4E1,-1.2E1,-5.1E1));
#696=LINE('',#695,#694);
#697=DIRECTION('',(8.E-1,6.E-1,0.E0));
#698=VECTOR('',#697,2.5E0);
#699=CARTESIAN_POINT('',(-5.6E1,-1.35E1,-4.95E1));
#700=LINE('',#699,#698);
#701=DIRECTION('',(-1.E0,0.E0,0.E0));
#702=VECTOR('',#701,2.4E1);
#703=CARTESIAN_POINT('',(-5.4E1,-1.2E1,-5.1E1));
#704=LINE('',#703,#702);
#705=DIRECTION('',(0.E0,1.E0,0.E0));
#706=VECTOR('',#705,8.E0);
#707=CARTESIAN_POINT('',(-8.5E1,-1.2E1,-4.4E1));
#708=LINE('',#707,#706);
#709=DIRECTION('',(1.E0,0.E0,0.E0));
#710=VECTOR('',#709,3.599999999884E1);
#711=CARTESIAN_POINT('',(-8.5E1,-4.E0,-4.4E1));
#712=LINE('',#711,#710);
#713=DIRECTION('',(1.451248010653E-10,-1.E0,0.E0));
#714=VECTOR('',#713,8.E0);
#715=CARTESIAN_POINT('',(-4.900000000116E1,-4.E0,-4.4E1));
#716=LINE('',#715,#714);
#717=DIRECTION('',(-1.E0,0.E0,0.E0));
#718=VECTOR('',#717,3.6E1);
#719=CARTESIAN_POINT('',(-4.9E1,-1.2E1,-4.4E1));
#720=LINE('',#719,#718);
#721=CARTESIAN_POINT('',(-8.5E1,-4.E0,-4.5E1));
#722=DIRECTION('',(-1.E0,0.E0,0.E0));
#723=DIRECTION('',(0.E0,-2.220446049250E-14,1.E0));
#724=AXIS2_PLACEMENT_3D('',#721,#722,#723);
#726=DIRECTION('',(1.E0,0.E0,1.803791683922E-12));
#727=VECTOR('',#726,3.599999999995E1);
#728=CARTESIAN_POINT('',(-8.5E1,-3.E0,-4.5E1));
#729=LINE('',#728,#727);
#730=CARTESIAN_POINT('',(-4.9E1,-4.E0,-4.5E1));
#731=DIRECTION('',(-1.E0,0.E0,0.E0));
#732=DIRECTION('',(0.E0,0.E0,1.E0));
#733=AXIS2_PLACEMENT_3D('',#730,#731,#732);
#735=CARTESIAN_POINT('',(-8.5E1,-4.E0,-4.9E1));
#736=DIRECTION('',(0.E0,1.E0,0.E0));
#737=DIRECTION('',(-1.E0,0.E0,0.E0));
#738=AXIS2_PLACEMENT_3D('',#735,#736,#737);
#740=CARTESIAN_POINT('',(-8.9E1,-4.E0,-4.9E1));
#741=DIRECTION('',(0.E0,0.E0,1.E0));
#742=DIRECTION('',(0.E0,1.E0,0.E0));
#743=AXIS2_PLACEMENT_3D('',#740,#741,#742);
#745=CARTESIAN_POINT('',(-8.9E1,-4.E0,-5.165E1));
#746=DIRECTION('',(0.E0,0.E0,-1.E0));
#747=DIRECTION('',(-1.E0,0.E0,0.E0));
#748=AXIS2_PLACEMENT_3D('',#745,#746,#747);
#750=CARTESIAN_POINT('',(-3.9E1,-4.E0,-3.5E1));
#751=DIRECTION('',(0.E0,0.E0,-1.E0));
#752=DIRECTION('',(-1.E0,0.E0,0.E0));
#753=AXIS2_PLACEMENT_3D('',#750,#751,#752);
#755=CARTESIAN_POINT('',(-4.9E1,-4.E0,-3.5E1));
#756=DIRECTION('',(0.E0,1.E0,0.E0));
#757=DIRECTION('',(1.E0,0.E0,0.E0));
#758=AXIS2_PLACEMENT_3D('',#755,#756,#757);
#760=CARTESIAN_POINT('',(-4.9E1,-1.2E1,-3.5E1));
#761=DIRECTION('',(0.E0,1.E0,0.E0));
#762=DIRECTION('',(1.E0,0.E0,0.E0));
#763=AXIS2_PLACEMENT_3D('',#760,#761,#762);
#765=DIRECTION('',(0.E0,0.E0,-1.E0));
#766=VECTOR('',#765,2.499999999811E1);
#767=CARTESIAN_POINT('',(-4.E1,-4.E0,-1.000000000087E1));
#768=LINE('',#767,#766);
#769=DIRECTION('',(0.E0,-1.E0,1.086273293538E-10));
#770=VECTOR('',#769,8.E0);
#771=CARTESIAN_POINT('',(-4.E1,-4.E0,-1.000000000087E1));
#772=LINE('',#771,#770);
#773=DIRECTION('',(0.E0,-1.E0,-1.275388683553E-10));
#774=VECTOR('',#773,8.E0);
#775=CARTESIAN_POINT('',(-4.E1,-4.E0,-3.499999999898E1));
#776=LINE('',#775,#774);
#777=CARTESIAN_POINT('',(-3.9E1,-4.E0,-1.E1));
#778=DIRECTION('',(0.E0,0.E0,-1.E0));
#779=DIRECTION('',(-1.E0,0.E0,0.E0));
#780=AXIS2_PLACEMENT_3D('',#777,#778,#779);
#782=CARTESIAN_POINT('',(-3.E1,-4.E0,-1.E0));
#783=DIRECTION('',(-1.E0,0.E0,0.E0));
#784=DIRECTION('',(0.E0,0.E0,1.E0));
#785=AXIS2_PLACEMENT_3D('',#782,#783,#784);
#787=CARTESIAN_POINT('',(-3.E1,-4.E0,-1.E1));
#788=DIRECTION('',(0.E0,-1.E0,0.E0));
#789=DIRECTION('',(0.E0,0.E0,1.E0));
#790=AXIS2_PLACEMENT_3D('',#787,#788,#789);
#792=DIRECTION('',(0.E0,0.E0,-1.E0));
#793=VECTOR('',#792,1.14E2);
#794=CARTESIAN_POINT('',(1.2E0,-2.5E1,-8.E0));
#795=LINE('',#794,#793);
#796=CARTESIAN_POINT('',(9.725294748326E-1,-2.24E1,-1.21E2));
#797=CARTESIAN_POINT('',(9.375340094222E-1,-2.2E1,-1.207E2));
#798=CARTESIAN_POINT('',(8.675430786015E-1,-2.12E1,-1.203184863887E2));
#799=CARTESIAN_POINT('',(7.625566823704E-1,-2.E1,-1.201407568057E2));
#800=CARTESIAN_POINT('',(6.575702861393E-1,-1.88E1,-1.203184863887E2));
#801=CARTESIAN_POINT('',(5.875793553185E-1,-1.8E1,-1.207E2));
#802=CARTESIAN_POINT('',(5.525838899082E-1,-1.76E1,-1.21E2));
#804=DIRECTION('',(-8.715574274766E-2,9.961946980917E-1,0.E0));
#805=VECTOR('',#804,4.316425301436E0);
#806=CARTESIAN_POINT('',(4.388486273245E-1,-1.63E1,-1.3E2));
#807=LINE('',#806,#805);
#808=CARTESIAN_POINT('',(6.264737416299E-2,-1.2E1,-1.261E2));
#809=CARTESIAN_POINT('',(9.764283957336E-2,-1.24E1,-1.258E2));
#810=CARTESIAN_POINT('',(1.460842661669E-1,-1.295368803958E1,-1.252E2));
#811=CARTESIAN_POINT('',(2.053903607094E-1,-1.363155980208E1,-1.24E2));
#812=CARTESIAN_POINT('',(2.299513737098E-1,-1.391229346528E1,-1.225E2));
#813=CARTESIAN_POINT('',(2.053903607094E-1,-1.363155980208E1,-1.21E2));
#814=CARTESIAN_POINT('',(1.460842661669E-1,-1.295368803958E1,-1.198E2));
#815=CARTESIAN_POINT('',(9.764283957336E-2,-1.24E1,-1.192E2));
#816=CARTESIAN_POINT('',(6.264737416299E-2,-1.2E1,-1.189E2));
#818=DIRECTION('',(0.E0,0.E0,1.E0));
#819=VECTOR('',#818,1.078E2);
#820=CARTESIAN_POINT('',(6.264737416299E-2,-1.2E1,-1.189E2));
#821=LINE('',#820,#819);
#822=CARTESIAN_POINT('',(6.264737416299E-2,-1.2E1,-1.11E1));
#823=CARTESIAN_POINT('',(9.764283957336E-2,-1.24E1,-1.08E1));
#824=CARTESIAN_POINT('',(1.460842661669E-1,-1.295368803958E1,-1.02E1));
#825=CARTESIAN_POINT('',(2.053903607094E-1,-1.363155980208E1,-9.E0));
#826=CARTESIAN_POINT('',(2.299513737098E-1,-1.391229346528E1,-7.5E0));
#827=CARTESIAN_POINT('',(2.053903607094E-1,-1.363155980208E1,-6.E0));
#828=CARTESIAN_POINT('',(1.460842661669E-1,-1.295368803958E1,-4.8E0));
#829=CARTESIAN_POINT('',(9.764283957336E-2,-1.24E1,-4.2E0));
#830=CARTESIAN_POINT('',(6.264737416299E-2,-1.2E1,-3.9E0));
#832=DIRECTION('',(8.715574274766E-2,-9.961946980917E-1,0.E0));
#833=VECTOR('',#832,4.316425301436E0);
#834=CARTESIAN_POINT('',(6.264737416299E-2,-1.2E1,0.E0));
#835=LINE('',#834,#833);
#836=CARTESIAN_POINT('',(5.525838899082E-1,-1.76E1,-9.E0));
#837=CARTESIAN_POINT('',(5.875793553185E-1,-1.8E1,-9.3E0));
#838=CARTESIAN_POINT('',(6.575702861393E-1,-1.88E1,-9.681513611336E0));
#839=CARTESIAN_POINT('',(7.625566823704E-1,-2.E1,-9.859243194332E0));
#840=CARTESIAN_POINT('',(8.675430786015E-1,-2.12E1,-9.681513611336E0));
#841=CARTESIAN_POINT('',(9.375340094222E-1,-2.2E1,-9.3E0));
#842=CARTESIAN_POINT('',(9.725294748326E-1,-2.24E1,-9.E0));
#844=DIRECTION('',(-1.E0,0.E0,0.E0));
#845=VECTOR('',#844,3.111251133647E1);
#846=CARTESIAN_POINT('',(1.112511336474E0,-2.4E1,-9.E0));
#847=LINE('',#846,#845);
#848=DIRECTION('',(8.715574274766E-2,-9.961946980917E-1,0.E0));
#849=VECTOR('',#848,1.606111740069E0);
#850=CARTESIAN_POINT('',(9.725294748326E-1,-2.24E1,-9.E0));
#851=LINE('',#850,#849);
#852=DIRECTION('',(0.E0,-1.E0,0.E0));
#853=VECTOR('',#852,1.6E0);
#854=CARTESIAN_POINT('',(-3.E1,-2.24E1,-9.E0));
#855=LINE('',#854,#853);
#856=DIRECTION('',(-1.E0,0.E0,0.E0));
#857=VECTOR('',#856,3.043884862732E1);
#858=CARTESIAN_POINT('',(4.388486273245E-1,-1.63E1,-9.E0));
#859=LINE('',#858,#857);
#860=DIRECTION('',(0.E0,-1.E0,0.E0));
#861=VECTOR('',#860,1.3E0);
#862=CARTESIAN_POINT('',(-3.E1,-1.63E1,-9.E0));
#863=LINE('',#862,#861);
#864=DIRECTION('',(8.715574274766E-2,-9.961946980917E-1,0.E0));
#865=VECTOR('',#864,1.304965788806E0);
#866=CARTESIAN_POINT('',(4.388486273245E-1,-1.63E1,-9.E0));
#867=LINE('',#866,#865);
#868=CARTESIAN_POINT('',(1.2E0,-2.5E1,-8.E0));
#869=CARTESIAN_POINT('',(1.2E0,-2.5E1,-8.333969972924E0));
#870=CARTESIAN_POINT('',(1.177871857863E0,-2.474707417801E1,-8.748017961233E0));
#871=CARTESIAN_POINT('',(1.141618737520E0,-2.433269911635E1,-9.E0));
#872=CARTESIAN_POINT('',(1.112511336474E0,-2.4E1,-9.E0));
#874=CARTESIAN_POINT('',(-3.E1,-2.4E1,-1.22E2));
#875=DIRECTION('',(-1.E0,0.E0,0.E0));
#876=DIRECTION('',(0.E0,-1.E0,0.E0));
#877=AXIS2_PLACEMENT_3D('',#874,#875,#876);
#879=DIRECTION('',(0.E0,0.E0,1.E0));
#880=VECTOR('',#879,7.E0);
#881=CARTESIAN_POINT('',(-3.E1,-2.5E1,-1.29E2));
#882=LINE('',#881,#880);
#883=CARTESIAN_POINT('',(-3.E1,-2.4E1,-1.29E2));
#884=DIRECTION('',(-1.E0,0.E0,0.E0));
#885=DIRECTION('',(0.E0,0.E0,-1.E0));
#886=AXIS2_PLACEMENT_3D('',#883,#884,#885);
#888=DIRECTION('',(0.E0,1.E0,0.E0));
#889=VECTOR('',#888,7.7E0);
#890=CARTESIAN_POINT('',(-3.E1,-2.4E1,-1.3E2));
#891=LINE('',#890,#889);
#892=DIRECTION('',(0.E0,0.E0,-1.E0));
#893=VECTOR('',#892,9.E0);
#894=CARTESIAN_POINT('',(-3.E1,-1.63E1,-1.21E2));
#895=LINE('',#894,#893);
#896=DIRECTION('',(0.E0,-1.E0,0.E0));
#897=VECTOR('',#896,1.3E0);
#898=CARTESIAN_POINT('',(-3.E1,-1.63E1,-1.21E2));
#899=LINE('',#898,#897);
#900=CARTESIAN_POINT('',(-3.E1,-2.E1,-1.242E2));
#901=DIRECTION('',(-1.E0,0.E0,0.E0));
#902=DIRECTION('',(0.E0,-6.E-1,8.E-1));
#903=AXIS2_PLACEMENT_3D('',#900,#901,#902);
#905=DIRECTION('',(0.E0,-1.E0,0.E0));
#906=VECTOR('',#905,1.6E0);
#907=CARTESIAN_POINT('',(-3.E1,-2.24E1,-1.21E2));
#908=LINE('',#907,#906);
#909=CARTESIAN_POINT('',(-3.E1,-2.4E1,-1.E0));
#910=DIRECTION('',(-1.E0,0.E0,0.E0));
#911=DIRECTION('',(0.E0,-1.E0,0.E0));
#912=AXIS2_PLACEMENT_3D('',#909,#910,#911);
#914=DIRECTION('',(0.E0,0.E0,1.E0));
#915=VECTOR('',#914,7.E0);
#916=CARTESIAN_POINT('',(-3.E1,-2.5E1,-8.E0));
#917=LINE('',#916,#915);
#918=CARTESIAN_POINT('',(-3.E1,-2.4E1,-8.E0));
#919=DIRECTION('',(-1.E0,0.E0,0.E0));
#920=DIRECTION('',(0.E0,0.E0,-1.E0));
#921=AXIS2_PLACEMENT_3D('',#918,#919,#920);
#923=CARTESIAN_POINT('',(-3.E1,-2.E1,-5.8E0));
#924=DIRECTION('',(-1.E0,0.E0,0.E0));
#925=DIRECTION('',(0.E0,6.E-1,-8.E-1));
#926=AXIS2_PLACEMENT_3D('',#923,#924,#925);
#928=DIRECTION('',(0.E0,0.E0,-1.E0));
#929=VECTOR('',#928,9.E0);
#930=CARTESIAN_POINT('',(-3.E1,-1.63E1,0.E0));
#931=LINE('',#930,#929);
#932=CARTESIAN_POINT('',(1.112511336474E0,-2.4E1,-1.21E2));
#933=CARTESIAN_POINT('',(1.141618737520E0,-2.433269911635E1,-1.21E2));
#934=CARTESIAN_POINT('',(1.177871857863E0,-2.474707417801E1,-1.212519820388E2));
#935=CARTESIAN_POINT('',(1.2E0,-2.5E1,-1.216660300271E2));
#936=CARTESIAN_POINT('',(1.2E0,-2.5E1,-1.22E2));
#938=DIRECTION('',(1.E0,0.E0,0.E0));
#939=VECTOR('',#938,3.12E1);
#940=CARTESIAN_POINT('',(-3.E1,-2.5E1,-1.22E2));
#941=LINE('',#940,#939);
#942=DIRECTION('',(-1.E0,0.E0,0.E0));
#943=VECTOR('',#942,3.12E1);
#944=CARTESIAN_POINT('',(1.2E0,-2.5E1,-8.E0));
#945=LINE('',#944,#943);
#946=DIRECTION('',(-1.E0,0.E0,0.E0));
#947=VECTOR('',#946,4.2E1);
#948=CARTESIAN_POINT('',(1.2E1,-2.5E1,-1.E0));
#949=LINE('',#948,#947);
#950=DIRECTION('',(-1.E0,0.E0,0.E0));
#951=VECTOR('',#950,4.2E1);
#952=CARTESIAN_POINT('',(1.2E1,-2.5E1,-1.29E2));
#953=LINE('',#952,#951);
#954=DIRECTION('',(1.E0,0.E0,0.E0));
#955=VECTOR('',#954,4.199999999900E1);
#956=CARTESIAN_POINT('',(-2.999999999900E1,-4.E0,-1.3E2));
#957=LINE('',#956,#955);
#958=DIRECTION('',(1.248556813493E-10,1.E0,0.E0));
#959=VECTOR('',#958,8.E0);
#960=CARTESIAN_POINT('',(-3.E1,-1.2E1,-1.3E2));
#961=LINE('',#960,#959);
#962=DIRECTION('',(-1.E0,0.E0,0.E0));
#963=VECTOR('',#962,3.043884862732E1);
#964=CARTESIAN_POINT('',(4.388486273245E-1,-1.63E1,-1.3E2));
#965=LINE('',#964,#963);
#966=DIRECTION('',(-1.E0,0.E0,0.E0));
#967=VECTOR('',#966,4.2E1);
#968=CARTESIAN_POINT('',(1.2E1,-2.4E1,-1.3E2));
#969=LINE('',#968,#967);
#970=CARTESIAN_POINT('',(-3.E1,-4.E0,-1.2E2));
#971=DIRECTION('',(0.E0,-1.E0,0.E0));
#972=DIRECTION('',(-1.E0,0.E0,0.E0));
#973=AXIS2_PLACEMENT_3D('',#970,#971,#972);
#975=CARTESIAN_POINT('',(-3.9E1,-4.E0,-1.2E2));
#976=DIRECTION('',(0.E0,0.E0,-1.E0));
#977=DIRECTION('',(-1.E0,0.E0,0.E0));
#978=AXIS2_PLACEMENT_3D('',#975,#976,#977);
#980=CARTESIAN_POINT('',(-3.9E1,-4.E0,-9.5E1));
#981=DIRECTION('',(0.E0,0.E0,-1.E0));
#982=DIRECTION('',(-1.E0,0.E0,0.E0));
#983=AXIS2_PLACEMENT_3D('',#980,#981,#982);
#985=DIRECTION('',(0.E0,0.E0,-1.E0));
#986=VECTOR('',#985,2.499999999797E1);
#987=CARTESIAN_POINT('',(-4.E1,-4.E0,-9.500000000116E1));
#988=LINE('',#987,#986);
#989=DIRECTION('',(0.E0,-1.E0,1.451248010653E-10));
#990=VECTOR('',#989,8.E0);
#991=CARTESIAN_POINT('',(-4.E1,-4.E0,-9.500000000116E1));
#992=LINE('',#991,#990);
#993=DIRECTION('',(0.E0,1.E0,1.086561951524E-10));
#994=VECTOR('',#993,8.E0);
#995=CARTESIAN_POINT('',(-4.E1,-1.2E1,-1.2E2));
#996=LINE('',#995,#994);
#997=CARTESIAN_POINT('',(-4.9E1,-4.E0,-9.5E1));
#998=DIRECTION('',(0.E0,1.E0,0.E0));
#999=DIRECTION('',(0.E0,0.E0,1.E0));
#1000=AXIS2_PLACEMENT_3D('',#997,#998,#999);
#1002=CARTESIAN_POINT('',(-4.9E1,-1.2E1,-9.5E1));
#1003=DIRECTION('',(0.E0,1.E0,0.E0));
#1004=DIRECTION('',(0.E0,0.E0,1.E0));
#1005=AXIS2_PLACEMENT_3D('',#1002,#1003,#1004);
#1007=CARTESIAN_POINT('',(-4.9E1,-4.E0,-8.5E1));
#1008=DIRECTION('',(1.E0,0.E0,0.E0));
#1009=DIRECTION('',(0.E0,0.E0,-1.E0));
#1010=AXIS2_PLACEMENT_3D('',#1007,#1008,#1009);
#1012=CARTESIAN_POINT('',(-8.5E1,-4.E0,-8.5E1));
#1013=DIRECTION('',(1.E0,0.E0,0.E0));
#1014=DIRECTION('',(0.E0,-2.664535259100E-14,-1.E0));
#1015=AXIS2_PLACEMENT_3D('',#1012,#1013,#1014);
#1017=DIRECTION('',(1.E0,0.E0,0.E0));
#1018=VECTOR('',#1017,3.599999999898E1);
#1019=CARTESIAN_POINT('',(-8.5E1,-4.E0,-8.6E1));
#1020=LINE('',#1019,#1018);
#1021=CARTESIAN_POINT('',(-8.9E1,-4.E0,-8.1E1));
#1022=DIRECTION('',(0.E0,0.E0,-1.E0));
#1023=DIRECTION('',(-1.E0,0.E0,0.E0));
#1024=AXIS2_PLACEMENT_3D('',#1021,#1022,#1023);
#1026=CARTESIAN_POINT('',(-8.5E1,-4.E0,-8.1E1));
#1027=DIRECTION('',(0.E0,1.E0,0.E0));
#1028=DIRECTION('',(0.E0,0.E0,-1.E0));
#1029=AXIS2_PLACEMENT_3D('',#1026,#1027,#1028);
#1031=CARTESIAN_POINT('',(-8.9E1,-4.E0,-7.835E1));
#1032=DIRECTION('',(0.E0,0.E0,1.E0));
#1033=DIRECTION('',(0.E0,1.E0,0.E0));
#1034=AXIS2_PLACEMENT_3D('',#1031,#1032,#1033);
#1036=DIRECTION('',(1.E0,0.E0,0.E0));
#1037=VECTOR('',#1036,3.485E1);
#1038=CARTESIAN_POINT('',(-8.9E1,-3.E0,-7.835E1));
#1039=LINE('',#1038,#1037);
#1040=DIRECTION('',(0.E0,1.E0,0.E0));
#1041=VECTOR('',#1040,5.858272864295E0);
#1042=CARTESIAN_POINT('',(-5.415E1,-3.E0,-7.835E1));
#1043=LINE('',#1042,#1041);
#1044=DIRECTION('',(-6.156614753257E-1,7.880107536067E-1,0.E0));
#1045=VECTOR('',#1044,1.414179905711E1);
#1046=CARTESIAN_POINT('',(-5.415E1,2.858272864295E0,-7.835E1));
#1047=LINE('',#1046,#1045);
#1048=DIRECTION('',(-7.880107536067E-1,-6.156614753257E-1,0.E0));
#1049=VECTOR('',#1048,6.E0);
#1050=CARTESIAN_POINT('',(-6.285656087126E1,1.400216259664E1,-7.835E1));
#1051=LINE('',#1050,#1049);
#1052=DIRECTION('',(7.880107536067E-1,6.156614753257E-1,0.E0));
#1053=VECTOR('',#1052,6.E0);
#1054=CARTESIAN_POINT('',(-8.075978096487E1,2.717162387187E1,-7.835E1));
#1055=LINE('',#1054,#1053);
#1056=DIRECTION('',(-6.156614753257E-1,7.880107536067E-1,0.E0));
#1057=VECTOR('',#1056,2.708601711848E0);
#1058=CARTESIAN_POINT('',(-7.603171644323E1,3.086559272383E1,-7.835E1));
#1059=LINE('',#1058,#1057);
#1060=DIRECTION('',(0.E0,-1.E0,0.E0));
#1061=VECTOR('',#1060,3.7E1);
#1062=CARTESIAN_POINT('',(-9.E1,3.3E1,-7.835E1));
#1063=LINE('',#1062,#1061);
#1064=DIRECTION('',(0.E0,0.E0,-1.E0));
#1065=VECTOR('',#1064,6.85E0);
#1066=CARTESIAN_POINT('',(-6.285656087126E1,1.400216259664E1,-7.15E1));
#1067=LINE('',#1066,#1065);
#1068=DIRECTION('',(0.E0,0.E0,-1.E0));
#1069=VECTOR('',#1068,6.85E0);
#1070=CARTESIAN_POINT('',(-6.285656087126E1,1.400216259664E1,-5.165E1));
#1071=LINE('',#1070,#1069);
#1072=DIRECTION('',(-7.880107536067E-1,-6.156614753257E-1,0.E0));
#1073=VECTOR('',#1072,9.692388155425E0);
#1074=CARTESIAN_POINT('',(-6.048541164921E1,1.096722999120E1,-7.15E1));
#1075=LINE('',#1074,#1073);
#1076=DIRECTION('',(9.999999996348E-1,-2.301500059853E-5,-1.416944922449E-5));
#1077=VECTOR('',#1076,1.230048065678E1);
#1078=CARTESIAN_POINT('',(-8.999977882150E1,3.300028309557E1,
-7.149982570896E1));
#1079=LINE('',#1078,#1077);
#1080=DIRECTION('',(-6.156614753257E-1,7.880107536067E-1,0.E0));
#1081=VECTOR('',#1080,2.708601711848E0);
#1082=CARTESIAN_POINT('',(-7.603171644323E1,3.086559272383E1,-7.15E1));
#1083=LINE('',#1082,#1081);
#1084=DIRECTION('',(7.880107536067E-1,6.156614753257E-1,0.E0));
#1085=VECTOR('',#1084,6.E0);
#1086=CARTESIAN_POINT('',(-8.075978096487E1,2.717162387187E1,-7.15E1));
#1087=LINE('',#1086,#1085);
#1088=DIRECTION('',(-6.156614753256E-1,7.880107536067E-1,0.E0));
#1089=VECTOR('',#1088,6.372275681195E-1);
#1090=CARTESIAN_POINT('',(-8.036746450016E1,2.666948169570E1,-7.15E1));
#1091=LINE('',#1090,#1089);
#1092=DIRECTION('',(7.880107536067E-1,6.156614753257E-1,0.E0));
#1093=VECTOR('',#1092,1.004679639535E0);
#1094=CARTESIAN_POINT('',(-8.036746450016E1,2.666948169570E1,-7.15E1));
#1095=LINE('',#1094,#1093);
#1096=DIRECTION('',(6.156614753257E-1,-7.880107536067E-1,0.E0));
#1097=VECTOR('',#1096,2.012554486376E1);
#1098=CARTESIAN_POINT('',(-7.957576614028E1,2.728802424481E1,-7.15E1));
#1099=LINE('',#1098,#1097);
#1100=DIRECTION('',(-7.880107536067E-1,-6.156614753256E-1,0.E0));
#1101=VECTOR('',#1100,1.004679639535E0);
#1102=CARTESIAN_POINT('',(-6.718524349772E1,1.142887846997E1,-7.15E1));
#1103=LINE('',#1102,#1101);
#1104=DIRECTION('',(-6.156614753257E-1,7.880107536067E-1,0.E0));
#1105=VECTOR('',#1104,6.372275681196E-1);
#1106=CARTESIAN_POINT('',(-6.758462539290E1,1.030819374469E1,-7.15E1));
#1107=LINE('',#1106,#1105);
#1108=DIRECTION('',(-7.880107536067E-1,-6.156614753257E-1,0.E0));
#1109=VECTOR('',#1108,6.E0);
#1110=CARTESIAN_POINT('',(-6.285656087126E1,1.400216259664E1,-7.15E1));
#1111=LINE('',#1110,#1109);
#1112=DIRECTION('',(-6.156614753257E-1,7.880107536067E-1,0.E0));
#1113=VECTOR('',#1112,3.851384757827E0);
#1114=CARTESIAN_POINT('',(-6.048541164921E1,1.096722999120E1,-7.15E1));
#1115=LINE('',#1114,#1113);
#1116=DIRECTION('',(7.880107536067E-1,6.156614753257E-1,0.E0));
#1117=VECTOR('',#1116,9.692388155425E0);
#1118=CARTESIAN_POINT('',(-6.812311774381E1,5.E0,-5.85E1));
#1119=LINE('',#1118,#1117);
#1120=DIRECTION('',(-6.156614753257E-1,7.880107536067E-1,0.E0));
#1121=VECTOR('',#1120,3.851384757827E0);
#1122=CARTESIAN_POINT('',(-6.048541164921E1,1.096722999120E1,-5.85E1));
#1123=LINE('',#1122,#1121);
#1124=DIRECTION('',(-7.880107536067E-1,-6.156614753257E-1,0.E0));
#1125=VECTOR('',#1124,6.E0);
#1126=CARTESIAN_POINT('',(-6.285656087126E1,1.400216259664E1,-5.85E1));
#1127=LINE('',#1126,#1125);
#1128=DIRECTION('',(-6.156614753257E-1,7.880107536067E-1,0.E0));
#1129=VECTOR('',#1128,6.372275681196E-1);
#1130=CARTESIAN_POINT('',(-6.758462539290E1,1.030819374469E1,-5.85E1));
#1131=LINE('',#1130,#1129);
#1132=DIRECTION('',(7.880107536067E-1,6.156614753256E-1,0.E0));
#1133=VECTOR('',#1132,1.004679639535E0);
#1134=CARTESIAN_POINT('',(-6.797694185761E1,1.081033592086E1,-5.85E1));
#1135=LINE('',#1134,#1133);
#1136=DIRECTION('',(6.156614753257E-1,-7.880107536067E-1,0.E0));
#1137=VECTOR('',#1136,2.012554486376E1);
#1138=CARTESIAN_POINT('',(-7.957576614028E1,2.728802424481E1,-5.85E1));
#1139=LINE('',#1138,#1137);
#1140=DIRECTION('',(-7.880107536067E-1,-6.156614753257E-1,0.E0));
#1141=VECTOR('',#1140,1.004679639535E0);
#1142=CARTESIAN_POINT('',(-7.957576614028E1,2.728802424481E1,-5.85E1));
#1143=LINE('',#1142,#1141);
#1144=DIRECTION('',(-6.156614753256E-1,7.880107536067E-1,0.E0));
#1145=VECTOR('',#1144,6.372275681195E-1);
#1146=CARTESIAN_POINT('',(-8.036746450016E1,2.666948169570E1,-5.85E1));
#1147=LINE('',#1146,#1145);
#1148=DIRECTION('',(7.880107536067E-1,6.156614753257E-1,0.E0));
#1149=VECTOR('',#1148,6.E0);
#1150=CARTESIAN_POINT('',(-8.075978096487E1,2.717162387187E1,-5.85E1));
#1151=LINE('',#1150,#1149);
#1152=DIRECTION('',(-6.156614753257E-1,7.880107536067E-1,0.E0));
#1153=VECTOR('',#1152,2.708601711848E0);
#1154=CARTESIAN_POINT('',(-7.603171644323E1,3.086559272383E1,-5.85E1));
#1155=LINE('',#1154,#1153);
#1156=DIRECTION('',(-9.999999996348E-1,2.301500060026E-5,-1.416944922565E-5));
#1157=VECTOR('',#1156,1.230048065678E1);
#1158=CARTESIAN_POINT('',(-7.769929816921E1,3.3E1,-5.85E1));
#1159=LINE('',#1158,#1157);
#1160=DIRECTION('',(6.156692057174E-1,-7.880047138864E-1,4.905027480209E-6));
#1161=VECTOR('',#1160,3.553314161977E1);
#1162=CARTESIAN_POINT('',(-8.999977882150E1,3.300028309557E1,
-5.850017429104E1));
#1163=LINE('',#1162,#1161);
#1164=DIRECTION('',(6.156614753257E-1,-7.880107536067E-1,0.E0));
#1165=VECTOR('',#1164,2.14E1);
#1166=CARTESIAN_POINT('',(-8.075978096487E1,2.717162387187E1,-7.835E1));
#1167=LINE('',#1166,#1165);
#1168=DIRECTION('',(0.E0,0.E0,1.E0));
#1169=VECTOR('',#1168,6.85E0);
#1170=CARTESIAN_POINT('',(-6.758462539290E1,1.030819374469E1,-7.835E1));
#1171=LINE('',#1170,#1169);
#1172=DIRECTION('',(0.E0,0.E0,1.E0));
#1173=VECTOR('',#1172,1.5E0);
#1174=CARTESIAN_POINT('',(-6.797694185761E1,1.081033592086E1,-7.3E1));
#1175=LINE('',#1174,#1173);
#1176=DIRECTION('',(0.E0,0.E0,1.E0));
#1177=VECTOR('',#1176,1.5E0);
#1178=CARTESIAN_POINT('',(-8.036746450016E1,2.666948169570E1,-7.3E1));
#1179=LINE('',#1178,#1177);
#1180=DIRECTION('',(6.156614753257E-1,-7.880107536067E-1,0.E0));
#1181=VECTOR('',#1180,2.012554486376E1);
#1182=CARTESIAN_POINT('',(-8.036746450016E1,2.666948169570E1,-5.7E1));
#1183=LINE('',#1182,#1181);
#1184=DIRECTION('',(0.E0,0.E0,1.E0));
#1185=VECTOR('',#1184,1.5E0);
#1186=CARTESIAN_POINT('',(-6.797694185761E1,1.081033592086E1,-5.85E1));
#1187=LINE('',#1186,#1185);
#1188=DIRECTION('',(0.E0,0.E0,1.E0));
#1189=VECTOR('',#1188,6.85E0);
#1190=CARTESIAN_POINT('',(-6.758462539290E1,1.030819374469E1,-5.85E1));
#1191=LINE('',#1190,#1189);
#1192=DIRECTION('',(0.E0,0.E0,1.E0));
#1193=VECTOR('',#1192,1.5E0);
#1194=CARTESIAN_POINT('',(-8.036746450016E1,2.666948169570E1,-5.85E1));
#1195=LINE('',#1194,#1193);
#1196=DIRECTION('',(-7.316496168908E-1,-5.716273293159E-1,-3.713906763541E-1));
#1197=VECTOR('',#1196,1.077032961427E0);
#1198=CARTESIAN_POINT('',(-6.639723274412E1,1.204453994529E1,-7.11E1));
#1199=LINE('',#1198,#1197);
#1200=DIRECTION('',(-7.829144301129E-1,-6.116797910319E-1,1.135465911607E-1));
#1201=VECTOR('',#1200,3.522782990762E0);
#1202=CARTESIAN_POINT('',(-6.363919510649E1,1.419935510893E1,-7.15E1));
#1203=LINE('',#1202,#1201);
#1204=DIRECTION('',(7.880107536067E-1,6.156614753257E-1,0.E0));
#1205=VECTOR('',#1204,5.504679639535E0);
#1206=CARTESIAN_POINT('',(-6.797694185761E1,1.081033592086E1,-7.3E1));
#1207=LINE('',#1206,#1205);
#1208=DIRECTION('',(7.829144301129E-1,6.116797910319E-1,1.135465911607E-1));
#1209=VECTOR('',#1208,3.522782990762E0);
#1210=CARTESIAN_POINT('',(-6.639723274412E1,1.204453994529E1,-5.89E1));
#1211=LINE('',#1210,#1209);
#1212=DIRECTION('',(7.316496168908E-1,5.716273293159E-1,-3.713906763541E-1));
#1213=VECTOR('',#1212,1.077032961427E0);
#1214=CARTESIAN_POINT('',(-6.718524349772E1,1.142887846997E1,-5.85E1));
#1215=LINE('',#1214,#1213);
#1216=DIRECTION('',(7.880107536067E-1,6.156614753257E-1,0.E0));
#1217=VECTOR('',#1216,5.504679639535E0);
#1218=CARTESIAN_POINT('',(-6.797694185761E1,1.081033592086E1,-5.7E1));
#1219=LINE('',#1218,#1217);
#1220=DIRECTION('',(-6.156614753257E-1,7.880107536067E-1,0.E0));
#1221=VECTOR('',#1220,2.012554486376E1);
#1222=CARTESIAN_POINT('',(-6.639723274412E1,1.204453994529E1,-7.11E1));
#1223=LINE('',#1222,#1221);
#1224=DIRECTION('',(-7.880107536067E-1,-6.156614753257E-1,0.E0));
#1225=VECTOR('',#1224,5.504679639535E0);
#1226=CARTESIAN_POINT('',(-7.602971774905E1,3.005850088377E1,-7.3E1));
#1227=LINE('',#1226,#1225);
#1228=DIRECTION('',(0.E0,0.E0,1.E0));
#1229=VECTOR('',#1228,1.5E0);
#1230=CARTESIAN_POINT('',(-7.602971774905E1,3.005850088377E1,-7.3E1));
#1231=LINE('',#1230,#1229);
#1232=DIRECTION('',(-7.829144301129E-1,-6.116797910319E-1,1.135465911607E-1));
#1233=VECTOR('',#1232,3.522782990762E0);
#1234=CARTESIAN_POINT('',(-7.602971774905E1,3.005850088377E1,-7.15E1));
#1235=LINE('',#1234,#1233);
#1236=DIRECTION('',(-7.316496168908E-1,-5.716273293159E-1,-3.713906763541E-1));
#1237=VECTOR('',#1236,1.077032961427E0);
#1238=CARTESIAN_POINT('',(-7.878775538667E1,2.790368572013E1,-7.11E1));
#1239=LINE('',#1238,#1237);
#1240=DIRECTION('',(7.316496168908E-1,5.716273293159E-1,-3.713906763541E-1));
#1241=VECTOR('',#1240,1.077032961427E0);
#1242=CARTESIAN_POINT('',(-7.957576614028E1,2.728802424481E1,-5.85E1));
#1243=LINE('',#1242,#1241);
#1244=DIRECTION('',(7.829144301129E-1,6.116797910319E-1,1.135465911607E-1));
#1245=VECTOR('',#1244,3.522782990762E0);
#1246=CARTESIAN_POINT('',(-7.878775538667E1,2.790368572013E1,-5.89E1));
#1247=LINE('',#1246,#1245);
#1248=DIRECTION('',(0.E0,0.E0,1.E0));
#1249=VECTOR('',#1248,1.5E0);
#1250=CARTESIAN_POINT('',(-7.602971774905E1,3.005850088377E1,-5.85E1));
#1251=LINE('',#1250,#1249);
#1252=DIRECTION('',(-7.880107536067E-1,-6.156614753257E-1,0.E0));
#1253=VECTOR('',#1252,5.504679639535E0);
#1254=CARTESIAN_POINT('',(-7.602971774905E1,3.005850088377E1,-5.7E1));
#1255=LINE('',#1254,#1253);
#1256=DIRECTION('',(6.156614753257E-1,-7.880107536067E-1,0.E0));
#1257=VECTOR('',#1256,2.012554486376E1);
#1258=CARTESIAN_POINT('',(-8.036746450016E1,2.666948169570E1,-7.3E1));
#1259=LINE('',#1258,#1257);
#1260=DIRECTION('',(6.156614753257E-1,-7.880107536067E-1,0.E0));
#1261=VECTOR('',#1260,2.012554486376E1);
#1262=CARTESIAN_POINT('',(-7.602971774905E1,3.005850088377E1,-7.15E1));
#1263=LINE('',#1262,#1261);
#1264=DIRECTION('',(-6.156614753257E-1,7.880107536067E-1,0.E0));
#1265=VECTOR('',#1264,2.012554486376E1);
#1266=CARTESIAN_POINT('',(-6.363919510649E1,1.419935510893E1,-7.3E1));
#1267=LINE('',#1266,#1265);
#1268=DIRECTION('',(0.E0,0.E0,1.E0));
#1269=VECTOR('',#1268,1.5E0);
#1270=CARTESIAN_POINT('',(-6.363919510649E1,1.419935510893E1,-7.3E1));
#1271=LINE('',#1270,#1269);
#1272=DIRECTION('',(6.156614753257E-1,-7.880107536067E-1,0.E0));
#1273=VECTOR('',#1272,2.012554486376E1);
#1274=CARTESIAN_POINT('',(-7.602971774905E1,3.005850088377E1,-5.85E1));
#1275=LINE('',#1274,#1273);
#1276=DIRECTION('',(0.E0,0.E0,1.E0));
#1277=VECTOR('',#1276,1.5E0);
#1278=CARTESIAN_POINT('',(-6.363919510649E1,1.419935510893E1,-5.85E1));
#1279=LINE('',#1278,#1277);
#1280=DIRECTION('',(-6.156614753257E-1,7.880107536067E-1,0.E0));
#1281=VECTOR('',#1280,2.012554486376E1);
#1282=CARTESIAN_POINT('',(-6.363919510649E1,1.419935510893E1,-5.7E1));
#1283=LINE('',#1282,#1281);
#1284=DIRECTION('',(-6.156614753257E-1,7.880107536067E-1,0.E0));
#1285=VECTOR('',#1284,2.012554486376E1);
#1286=CARTESIAN_POINT('',(-6.639723274412E1,1.204453994529E1,-5.89E1));
#1287=LINE('',#1286,#1285);
#1288=DIRECTION('',(0.E0,0.E0,-1.E0));
#1289=VECTOR('',#1288,6.85E0);
#1290=CARTESIAN_POINT('',(-7.603171644323E1,3.086559272383E1,-7.15E1));
#1291=LINE('',#1290,#1289);
#1292=DIRECTION('',(0.E0,0.E0,1.E0));
#1293=VECTOR('',#1292,6.85E0);
#1294=CARTESIAN_POINT('',(-8.075978096487E1,2.717162387187E1,-7.835E1));
#1295=LINE('',#1294,#1293);
#1296=DIRECTION('',(0.E0,0.E0,-1.E0));
#1297=VECTOR('',#1296,6.85E0);
#1298=CARTESIAN_POINT('',(-7.603171644323E1,3.086559272383E1,-5.165E1));
#1299=LINE('',#1298,#1297);
#1300=DIRECTION('',(0.E0,0.E0,1.E0));
#1301=VECTOR('',#1300,6.85E0);
#1302=CARTESIAN_POINT('',(-8.075978096487E1,2.717162387187E1,-5.85E1));
#1303=LINE('',#1302,#1301);
#1304=DIRECTION('',(6.156614753257E-1,-7.880107536067E-1,0.E0));
#1305=VECTOR('',#1304,2.768559371118E1);
#1306=CARTESIAN_POINT('',(-9.E1,2.681654556440E1,-6.230761184457E1));
#1307=LINE('',#1306,#1305);
#1308=DIRECTION('',(7.854412827450E-1,0.E0,6.189361771297E-1));
#1309=VECTOR('',#1308,6.151865063426E0);
#1310=CARTESIAN_POINT('',(-7.295504653051E1,5.E0,-6.230761184457E1));
#1311=LINE('',#1310,#1309);
#1312=DIRECTION('',(6.156614753257E-1,-7.880107536067E-1,0.E0));
#1313=VECTOR('',#1312,2.768559371118E1);
#1314=CARTESIAN_POINT('',(-9.E1,2.681654556440E1,-6.769238815543E1));
#1315=LINE('',#1314,#1313);
#1316=DIRECTION('',(6.156692057174E-1,-7.880047138864E-1,-4.905027480209E-6));
#1317=VECTOR('',#1316,3.553314161977E1);
#1318=CARTESIAN_POINT('',(-8.999977882150E1,3.300028309557E1,
-7.149982570896E1));
#1319=LINE('',#1318,#1317);
#1320=DIRECTION('',(-7.854412827450E-1,0.E0,6.189361771297E-1));
#1321=VECTOR('',#1320,6.151865063426E0);
#1322=CARTESIAN_POINT('',(-6.812311774381E1,5.E0,-7.15E1));
#1323=LINE('',#1322,#1321);
#1324=DIRECTION('',(3.045738740219E-5,8.515316361804E-1,-5.243032249149E-1));
#1325=VECTOR('',#1324,7.261899932346E0);
#1326=CARTESIAN_POINT('',(-9.E1,2.681654556440E1,-6.769238815543E1));
#1327=LINE('',#1326,#1325);
#1328=DIRECTION('',(0.E0,0.E0,1.E0));
#1329=VECTOR('',#1328,3.85E0);
#1330=CARTESIAN_POINT('',(-6.812311774381E1,5.E0,-7.535E1));
#1331=LINE('',#1330,#1329);
#1332=DIRECTION('',(-1.E0,0.E0,0.E0));
#1333=VECTOR('',#1332,8.298027362314E0);
#1334=CARTESIAN_POINT('',(-6.812311774381E1,5.E0,-7.535E1));
#1335=LINE('',#1334,#1333);
#1336=DIRECTION('',(0.E0,0.E0,-1.E0));
#1337=VECTOR('',#1336,2.07E1);
#1338=CARTESIAN_POINT('',(-7.642114510613E1,5.E0,-5.465E1));
#1339=LINE('',#1338,#1337);
#1340=DIRECTION('',(1.E0,0.E0,0.E0));
#1341=VECTOR('',#1340,8.298027362314E0);
#1342=CARTESIAN_POINT('',(-7.642114510613E1,5.E0,-5.465E1));
#1343=LINE('',#1342,#1341);
#1344=DIRECTION('',(0.E0,0.E0,1.E0));
#1345=VECTOR('',#1344,3.85E0);
#1346=CARTESIAN_POINT('',(-6.812311774381E1,5.E0,-5.85E1));
#1347=LINE('',#1346,#1345);
#1348=DIRECTION('',(0.E0,0.E0,1.E0));
#1349=VECTOR('',#1348,5.384776310850E0);
#1350=CARTESIAN_POINT('',(-7.295504653051E1,5.E0,-6.769238815543E1));
#1351=LINE('',#1350,#1349);
#1352=DIRECTION('',(7.880107536067E-1,6.156614753257E-1,0.E0));
#1353=VECTOR('',#1352,9.692388155425E0);
#1354=CARTESIAN_POINT('',(-6.812311774381E1,5.E0,-7.535E1));
#1355=LINE('',#1354,#1353);
#1356=DIRECTION('',(6.156614753257E-1,-7.880107536067E-1,0.E0));
#1357=VECTOR('',#1356,1.029041429928E1);
#1358=CARTESIAN_POINT('',(-6.048541164921E1,1.096722999120E1,-7.535E1));
#1359=LINE('',#1358,#1357);
#1360=DIRECTION('',(1.E0,0.E0,0.E0));
#1361=VECTOR('',#1360,1.375600269906E1);
#1362=CARTESIAN_POINT('',(-5.415E1,-3.E0,-7.535E1));
#1363=LINE('',#1362,#1361);
#1364=DIRECTION('',(0.E0,-1.E0,0.E0));
#1365=VECTOR('',#1364,9.E0);
#1366=CARTESIAN_POINT('',(-4.039399730094E1,-3.E0,-7.535E1));
#1367=LINE('',#1366,#1365);
#1368=DIRECTION('',(-1.E0,0.E0,0.E0));
#1369=VECTOR('',#1368,4.960600269906E1);
#1370=CARTESIAN_POINT('',(-4.039399730094E1,-1.2E1,-7.535E1));
#1371=LINE('',#1370,#1369);
#1372=DIRECTION('',(0.E0,-1.E0,0.E0));
#1373=VECTOR('',#1372,9.E0);
#1374=CARTESIAN_POINT('',(-3.039637932438E1,-3.E0,-8.513174603175E1));
#1375=LINE('',#1374,#1373);
#1376=DIRECTION('',(0.E0,0.E0,-1.E0));
#1377=VECTOR('',#1376,3.96E1);
#1378=CARTESIAN_POINT('',(0.E0,-1.2E1,-4.52E1));
#1379=LINE('',#1378,#1377);
#1380=DIRECTION('',(0.E0,1.E0,0.E0));
#1381=VECTOR('',#1380,9.E0);
#1382=CARTESIAN_POINT('',(0.E0,-1.2E1,-8.48E1));
#1383=LINE('',#1382,#1381);
#1384=DIRECTION('',(0.E0,1.E0,0.E0));
#1385=VECTOR('',#1384,9.E0);
#1386=CARTESIAN_POINT('',(0.E0,-1.2E1,-4.52E1));
#1387=LINE('',#1386,#1385);
#1388=DIRECTION('',(0.E0,1.E0,0.E0));
#1389=VECTOR('',#1388,9.E0);
#1390=CARTESIAN_POINT('',(-3.039637932438E1,-1.2E1,-4.486825396825E1));
#1391=LINE('',#1390,#1389);
#1392=DIRECTION('',(0.E0,0.E0,-1.E0));
#1393=VECTOR('',#1392,2.07E1);
#1394=CARTESIAN_POINT('',(-7.799716661334E1,5.768677049349E0,-5.465E1));
#1395=LINE('',#1394,#1393);
#1396=DIRECTION('',(-6.156614753257E-1,7.880107536067E-1,0.E0));
#1397=VECTOR('',#1396,1.949583312860E1);
#1398=CARTESIAN_POINT('',(-7.799716661334E1,5.768677049349E0,-7.535E1));
#1399=LINE('',#1398,#1397);
#1400=DIRECTION('',(6.156614753257E-1,-7.880107536067E-1,0.E0));
#1401=VECTOR('',#1400,1.949583312860E1);
#1402=CARTESIAN_POINT('',(-9.E1,2.113160320521E1,-5.465E1));
#1403=LINE('',#1402,#1401);
#1404=CARTESIAN_POINT('',(-7.642114510613E1,7.E0,-7.535E1));
#1405=DIRECTION('',(0.E0,0.E0,-1.E0));
#1406=DIRECTION('',(0.E0,-1.E0,0.E0));
#1407=AXIS2_PLACEMENT_3D('',#1404,#1405,#1406);
#1409=CARTESIAN_POINT('',(-7.642114510613E1,7.E0,-5.465E1));
#1410=DIRECTION('',(0.E0,0.E0,1.E0));
#1411=DIRECTION('',(-7.880107536067E-1,-6.156614753257E-1,0.E0));
#1412=AXIS2_PLACEMENT_3D('',#1409,#1410,#1411);
#1414=DIRECTION('',(0.E0,-1.E0,0.E0));
#1415=VECTOR('',#1414,8.E0);
#1416=CARTESIAN_POINT('',(-8.5E1,-4.E0,-8.6E1));
#1417=LINE('',#1416,#1415);
#1418=DIRECTION('',(1.E0,0.E0,0.E0));
#1419=VECTOR('',#1418,3.6E1);
#1420=CARTESIAN_POINT('',(-8.5E1,-1.2E1,-8.6E1));
#1421=LINE('',#1420,#1419);
#1422=DIRECTION('',(1.275388683553E-10,-1.E0,0.E0));
#1423=VECTOR('',#1422,8.E0);
#1424=CARTESIAN_POINT('',(-4.900000000102E1,-4.E0,-8.6E1));
#1425=LINE('',#1424,#1423);
#1426=CARTESIAN_POINT('',(4.388486273245E-1,-1.63E1,-1.3E2));
#1427=CARTESIAN_POINT('',(4.097412262789E-1,-1.596730088365E1,-1.3E2));
#1428=CARTESIAN_POINT('',(3.734881059355E-1,-1.555292582199E1,
-1.297480179612E2));
#1429=CARTESIAN_POINT('',(3.513599637985E-1,-1.53E1,-1.293339699729E2));
#1430=CARTESIAN_POINT('',(3.513599637985E-1,-1.53E1,-1.29E2));
#1432=CARTESIAN_POINT('',(-2.7E1,-1.53E1,-1.29E2));
#1433=CARTESIAN_POINT('',(-2.7E1,-1.53E1,-1.290867141179E2));
#1434=CARTESIAN_POINT('',(-2.705280068090E1,-1.531760022697E1,
-1.292044855492E2));
#1435=CARTESIAN_POINT('',(-2.720977503983E1,-1.536992501328E1,
-1.293858765181E2));
#1436=CARTESIAN_POINT('',(-2.746752259316E1,-1.545584086439E1,
-1.295477573310E2));
#1437=CARTESIAN_POINT('',(-2.782121903568E1,-1.557373967856E1,
-1.296952132524E2));
#1438=CARTESIAN_POINT('',(-2.833718005262E1,-1.574572668421E1,
-1.298450555299E2));
#1439=CARTESIAN_POINT('',(-2.904613309779E1,-1.598204436593E1,
-1.299648945835E2));
#1440=CARTESIAN_POINT('',(-2.967094305850E1,-1.619031435283E1,-1.3E2));
#1441=CARTESIAN_POINT('',(-3.E1,-1.63E1,-1.3E2));
#1443=CARTESIAN_POINT('',(-3.E1,-1.63E1,-1.21E2));
#1444=CARTESIAN_POINT('',(-2.967094305850E1,-1.619031435283E1,-1.21E2));
#1445=CARTESIAN_POINT('',(-2.904613309779E1,-1.598204436593E1,
-1.210351054165E2));
#1446=CARTESIAN_POINT('',(-2.833718005262E1,-1.574572668421E1,
-1.211549444701E2));
#1447=CARTESIAN_POINT('',(-2.782121903568E1,-1.557373967856E1,
-1.213047867476E2));
#1448=CARTESIAN_POINT('',(-2.746752259316E1,-1.545584086439E1,
-1.214522426690E2));
#1449=CARTESIAN_POINT('',(-2.720977503983E1,-1.536992501328E1,
-1.216141234819E2));
#1450=CARTESIAN_POINT('',(-2.705280068090E1,-1.531760022697E1,
-1.217955144508E2));
#1451=CARTESIAN_POINT('',(-2.7E1,-1.53E1,-1.219132858821E2));
#1452=CARTESIAN_POINT('',(-2.7E1,-1.53E1,-1.22E2));
#1454=DIRECTION('',(1.E0,0.E0,0.E0));
#1455=VECTOR('',#1454,2.735135996380E1);
#1456=CARTESIAN_POINT('',(-2.7E1,-1.53E1,-1.E0));
#1457=LINE('',#1456,#1455);
#1458=DIRECTION('',(0.E0,0.E0,-1.E0));
#1459=VECTOR('',#1458,7.E0);
#1460=CARTESIAN_POINT('',(-2.7E1,-1.53E1,-1.E0));
#1461=LINE('',#1460,#1459);
#1462=DIRECTION('',(-1.E0,0.E0,0.E0));
#1463=VECTOR('',#1462,2.735135996380E1);
#1464=CARTESIAN_POINT('',(3.513599637985E-1,-1.53E1,-8.E0));
#1465=LINE('',#1464,#1463);
#1466=DIRECTION('',(0.E0,0.E0,-1.E0));
#1467=VECTOR('',#1466,7.E0);
#1468=CARTESIAN_POINT('',(3.513599637985E-1,-1.53E1,-1.E0));
#1469=LINE('',#1468,#1467);
#1470=DIRECTION('',(-1.E0,0.E0,0.E0));
#1471=VECTOR('',#1470,2.735135996380E1);
#1472=CARTESIAN_POINT('',(3.513599637985E-1,-1.53E1,-1.29E2));
#1473=LINE('',#1472,#1471);
#1474=DIRECTION('',(0.E0,0.E0,-1.E0));
#1475=VECTOR('',#1474,7.E0);
#1476=CARTESIAN_POINT('',(3.513599637985E-1,-1.53E1,-1.22E2));
#1477=LINE('',#1476,#1475);
#1478=DIRECTION('',(1.E0,0.E0,0.E0));
#1479=VECTOR('',#1478,2.735135996380E1);
#1480=CARTESIAN_POINT('',(-2.7E1,-1.53E1,-1.22E2));
#1481=LINE('',#1480,#1479);
#1482=DIRECTION('',(0.E0,0.E0,-1.E0));
#1483=VECTOR('',#1482,7.E0);
#1484=CARTESIAN_POINT('',(-2.7E1,-1.53E1,-1.22E2));
#1485=LINE('',#1484,#1483);
#1486=CARTESIAN_POINT('',(3.513599637985E-1,-1.53E1,-1.E0));
#1487=CARTESIAN_POINT('',(3.513599637985E-1,-1.53E1,-6.660300270761E-1));
#1488=CARTESIAN_POINT('',(3.734881059355E-1,-1.555292582199E1,
-2.519820387670E-1));
#1489=CARTESIAN_POINT('',(4.097412262789E-1,-1.596730088365E1,0.E0));
#1490=CARTESIAN_POINT('',(4.388486273245E-1,-1.63E1,0.E0));
#1492=CARTESIAN_POINT('',(-3.E1,-1.63E1,0.E0));
#1493=CARTESIAN_POINT('',(-2.967094305850E1,-1.619031435283E1,0.E0));
#1494=CARTESIAN_POINT('',(-2.904613309779E1,-1.598204436593E1,
-3.510541649385E-2));
#1495=CARTESIAN_POINT('',(-2.833718005262E1,-1.574572668421E1,
-1.549444700849E-1));
#1496=CARTESIAN_POINT('',(-2.782121903568E1,-1.557373967856E1,
-3.047867476466E-1));
#1497=CARTESIAN_POINT('',(-2.746752259316E1,-1.545584086439E1,
-4.522426689525E-1));
#1498=CARTESIAN_POINT('',(-2.720977503983E1,-1.536992501328E1,
-6.141234819326E-1));
#1499=CARTESIAN_POINT('',(-2.705280068090E1,-1.531760022697E1,
-7.955144507878E-1));
#1500=CARTESIAN_POINT('',(-2.7E1,-1.53E1,-9.132858820798E-1));
#1501=CARTESIAN_POINT('',(-2.7E1,-1.53E1,-1.E0));
#1503=CARTESIAN_POINT('',(-2.7E1,-1.53E1,-8.E0));
#1504=CARTESIAN_POINT('',(-2.7E1,-1.53E1,-8.086714117920E0));
#1505=CARTESIAN_POINT('',(-2.705280068090E1,-1.531760022697E1,
-8.204485549212E0));
#1506=CARTESIAN_POINT('',(-2.720977503983E1,-1.536992501328E1,
-8.385876518067E0));
#1507=CARTESIAN_POINT('',(-2.746752259316E1,-1.545584086439E1,
-8.547757331047E0));
#1508=CARTESIAN_POINT('',(-2.782121903568E1,-1.557373967856E1,
-8.695213252353E0));
#1509=CARTESIAN_POINT('',(-2.833718005262E1,-1.574572668421E1,
-8.845055529915E0));
#1510=CARTESIAN_POINT('',(-2.904613309779E1,-1.598204436593E1,
-8.964894583506E0));
#1511=CARTESIAN_POINT('',(-2.967094305850E1,-1.619031435283E1,-9.E0));
#1512=CARTESIAN_POINT('',(-3.E1,-1.63E1,-9.E0));
#1514=CARTESIAN_POINT('',(4.388486273245E-1,-1.63E1,-9.E0));
#1515=CARTESIAN_POINT('',(4.097412262789E-1,-1.596730088365E1,-9.E0));
#1516=CARTESIAN_POINT('',(3.734881059355E-1,-1.555292582199E1,
-8.748017961233E0));
#1517=CARTESIAN_POINT('',(3.513599637985E-1,-1.53E1,-8.333969972924E0));
#1518=CARTESIAN_POINT('',(3.513599637985E-1,-1.53E1,-8.E0));
#1520=CARTESIAN_POINT('',(3.513599637985E-1,-1.53E1,-1.22E2));
#1521=CARTESIAN_POINT('',(3.513599637985E-1,-1.53E1,-1.216660300271E2));
#1522=CARTESIAN_POINT('',(3.734881059355E-1,-1.555292582199E1,
-1.212519820388E2));
#1523=CARTESIAN_POINT('',(4.097412262789E-1,-1.596730088365E1,-1.21E2));
#1524=CARTESIAN_POINT('',(4.388486273245E-1,-1.63E1,-1.21E2));
#1526=DIRECTION('',(1.E0,0.E0,0.E0));
#1527=VECTOR('',#1526,3.111251133647E1);
#1528=CARTESIAN_POINT('',(-3.E1,-2.4E1,-1.21E2));
#1529=LINE('',#1528,#1527);
#1530=DIRECTION('',(8.715574274766E-2,-9.961946980917E-1,0.E0));
#1531=VECTOR('',#1530,1.606111740069E0);
#1532=CARTESIAN_POINT('',(9.725294748326E-1,-2.24E1,-1.21E2));
#1533=LINE('',#1532,#1531);
#1534=DIRECTION('',(1.E0,0.E0,0.E0));
#1535=VECTOR('',#1534,3.043884862732E1);
#1536=CARTESIAN_POINT('',(-3.E1,-1.63E1,-1.21E2));
#1537=LINE('',#1536,#1535);
#1538=DIRECTION('',(8.715574274766E-2,-9.961946980917E-1,0.E0));
#1539=VECTOR('',#1538,1.304965788806E0);
#1540=CARTESIAN_POINT('',(4.388486273245E-1,-1.63E1,-1.21E2));
#1541=LINE('',#1540,#1539);
#1542=DIRECTION('',(1.E0,0.E0,0.E0));
#1543=VECTOR('',#1542,3.055258388991E1);
#1544=CARTESIAN_POINT('',(-3.E1,-1.76E1,-1.21E2));
#1545=LINE('',#1544,#1543);
#1546=DIRECTION('',(-1.E0,0.E0,0.E0));
#1547=VECTOR('',#1546,3.097252947483E1);
#1548=CARTESIAN_POINT('',(9.725294748326E-1,-2.24E1,-1.21E2));
#1549=LINE('',#1548,#1547);
#1550=DIRECTION('',(1.E0,0.E0,0.E0));
#1551=VECTOR('',#1550,3.097252947483E1);
#1552=CARTESIAN_POINT('',(-3.E1,-2.24E1,-9.E0));
#1553=LINE('',#1552,#1551);
#1554=DIRECTION('',(-1.E0,0.E0,0.E0));
#1555=VECTOR('',#1554,3.055258388991E1);
#1556=CARTESIAN_POINT('',(5.525838899082E-1,-1.76E1,-9.E0));
#1557=LINE('',#1556,#1555);
#1558=DIRECTION('',(-1.E0,0.E0,0.E0));
#1559=VECTOR('',#1558,3.136264737416E1);
#1560=CARTESIAN_POINT('',(6.264737416298E-2,-1.2E1,-1.261E2));
#1561=LINE('',#1560,#1559);
#1562=DIRECTION('',(1.E0,0.E0,0.E0));
#1563=VECTOR('',#1562,3.136264737416E1);
#1564=CARTESIAN_POINT('',(-3.13E1,-1.2E1,-1.189E2));
#1565=LINE('',#1564,#1563);
#1566=CARTESIAN_POINT('',(-3.13E1,-1.2E1,-1.189E2));
#1567=CARTESIAN_POINT('',(-3.09E1,-1.24E1,-1.192E2));
#1568=CARTESIAN_POINT('',(-3.034631196042E1,-1.295368803958E1,-1.198E2));
#1569=CARTESIAN_POINT('',(-2.966844019792E1,-1.363155980208E1,-1.21E2));
#1570=CARTESIAN_POINT('',(-2.938770653472E1,-1.391229346528E1,-1.225E2));
#1571=CARTESIAN_POINT('',(-2.966844019792E1,-1.363155980208E1,-1.24E2));
#1572=CARTESIAN_POINT('',(-3.034631196042E1,-1.295368803958E1,-1.252E2));
#1573=CARTESIAN_POINT('',(-3.09E1,-1.24E1,-1.258E2));
#1574=CARTESIAN_POINT('',(-3.13E1,-1.2E1,-1.261E2));
#1576=DIRECTION('',(-1.E0,0.E0,0.E0));
#1577=VECTOR('',#1576,3.136264737416E1);
#1578=CARTESIAN_POINT('',(6.264737416299E-2,-1.2E1,-1.11E1));
#1579=LINE('',#1578,#1577);
#1580=CARTESIAN_POINT('',(-3.13E1,-1.2E1,-3.9E0));
#1581=CARTESIAN_POINT('',(-3.09E1,-1.24E1,-4.2E0));
#1582=CARTESIAN_POINT('',(-3.034631196042E1,-1.295368803958E1,-4.8E0));
#1583=CARTESIAN_POINT('',(-2.966844019792E1,-1.363155980208E1,-6.E0));
#1584=CARTESIAN_POINT('',(-2.938770653472E1,-1.391229346528E1,-7.5E0));
#1585=CARTESIAN_POINT('',(-2.966844019792E1,-1.363155980208E1,-9.E0));
#1586=CARTESIAN_POINT('',(-3.034631196042E1,-1.295368803958E1,-1.02E1));
#1587=CARTESIAN_POINT('',(-3.09E1,-1.24E1,-1.08E1));
#1588=CARTESIAN_POINT('',(-3.13E1,-1.2E1,-1.11E1));
#1590=CARTESIAN_POINT('',(-4.E1,-1.2E1,-3.5E1));
#1591=CARTESIAN_POINT('',(-4.9E1,-1.2E1,-4.4E1));
#1592=VERTEX_POINT('',#1590);
#1593=VERTEX_POINT('',#1591);
#1594=CARTESIAN_POINT('',(-4.9E1,-1.2E1,-8.6E1));
#1595=CARTESIAN_POINT('',(-4.E1,-1.2E1,-9.5E1));
#1596=VERTEX_POINT('',#1594);
#1597=VERTEX_POINT('',#1595);
#1598=CARTESIAN_POINT('',(-3.13E1,-1.2E1,-1.189E2));
#1599=CARTESIAN_POINT('',(-3.13E1,-1.2E1,-1.261E2));
#1600=VERTEX_POINT('',#1598);
#1601=VERTEX_POINT('',#1599);
#1602=CARTESIAN_POINT('',(-3.13E1,-1.2E1,-3.9E0));
#1603=CARTESIAN_POINT('',(-3.13E1,-1.2E1,-1.11E1));
#1604=VERTEX_POINT('',#1602);
#1605=VERTEX_POINT('',#1603);
#1606=CARTESIAN_POINT('',(-3.E1,-2.24E1,-1.21E2));
#1607=CARTESIAN_POINT('',(-3.E1,-1.76E1,-1.21E2));
#1608=VERTEX_POINT('',#1606);
#1609=VERTEX_POINT('',#1607);
#1610=CARTESIAN_POINT('',(-3.E1,-1.76E1,-9.E0));
#1611=CARTESIAN_POINT('',(-3.E1,-2.24E1,-9.E0));
#1612=VERTEX_POINT('',#1610);
#1613=VERTEX_POINT('',#1611);
#1614=CARTESIAN_POINT('',(-3.039637932438E1,-1.2E1,-4.486825396825E1));
#1615=CARTESIAN_POINT('',(-4.039399730094E1,-1.2E1,-5.465E1));
#1616=VERTEX_POINT('',#1614);
#1617=VERTEX_POINT('',#1615);
#1618=CARTESIAN_POINT('',(-4.039399730094E1,-1.2E1,-7.535E1));
#1619=CARTESIAN_POINT('',(-3.039637932438E1,-1.2E1,-8.513174603175E1));
#1620=VERTEX_POINT('',#1618);
#1621=VERTEX_POINT('',#1619);
#1622=CARTESIAN_POINT('',(-4.E1,-1.2E1,-1.2E2));
#1623=CARTESIAN_POINT('',(-3.E1,-1.2E1,-1.3E2));
#1624=VERTEX_POINT('',#1622);
#1625=VERTEX_POINT('',#1623);
#1626=CARTESIAN_POINT('',(-3.E1,-1.2E1,0.E0));
#1627=CARTESIAN_POINT('',(-4.E1,-1.2E1,-1.E1));
#1628=VERTEX_POINT('',#1626);
#1629=VERTEX_POINT('',#1627);
#1630=CARTESIAN_POINT('',(0.E0,-3.E0,-8.48E1));
#1631=CARTESIAN_POINT('',(0.E0,-3.E0,-4.52E1));
#1632=VERTEX_POINT('',#1630);
#1633=VERTEX_POINT('',#1631);
#1634=CARTESIAN_POINT('',(-4.039399730094E1,-3.E0,-5.465E1));
#1635=CARTESIAN_POINT('',(-3.039637932438E1,-3.E0,-4.486825396825E1));
#1636=VERTEX_POINT('',#1634);
#1637=VERTEX_POINT('',#1635);
#1638=CARTESIAN_POINT('',(-3.039637932438E1,-3.E0,-8.513174603175E1));
#1639=CARTESIAN_POINT('',(-4.039399730094E1,-3.E0,-7.535E1));
#1640=VERTEX_POINT('',#1638);
#1641=VERTEX_POINT('',#1639);
#1642=CARTESIAN_POINT('',(0.E0,-1.2E1,-4.52E1));
#1643=CARTESIAN_POINT('',(0.E0,-1.2E1,-8.48E1));
#1644=VERTEX_POINT('',#1642);
#1645=VERTEX_POINT('',#1643);
#1646=VERTEX_POINT('',#796);
#1647=VERTEX_POINT('',#802);
#1648=VERTEX_POINT('',#836);
#1649=VERTEX_POINT('',#842);
#1650=CARTESIAN_POINT('',(6.264737416299E-2,-1.2E1,-1.189E2));
#1651=CARTESIAN_POINT('',(6.264737416299E-2,-1.2E1,-1.11E1));
#1652=VERTEX_POINT('',#1650);
#1653=VERTEX_POINT('',#1651);
#1654=CARTESIAN_POINT('',(6.264737416299E-2,-1.2E1,0.E0));
#1655=CARTESIAN_POINT('',(6.264737416299E-2,-1.2E1,-3.9E0));
#1656=VERTEX_POINT('',#1654);
#1657=VERTEX_POINT('',#1655);
#1658=CARTESIAN_POINT('',(6.264737416298E-2,-1.2E1,-1.261E2));
#1659=CARTESIAN_POINT('',(6.264737416299E-2,-1.2E1,-1.3E2));
#1660=VERTEX_POINT('',#1658);
#1661=VERTEX_POINT('',#1659);
#1662=CARTESIAN_POINT('',(-5.4E1,-1.2E1,-8.05E1));
#1663=CARTESIAN_POINT('',(-5.4E1,-1.2E1,-7.9E1));
#1664=VERTEX_POINT('',#1662);
#1665=VERTEX_POINT('',#1663);
#1666=CARTESIAN_POINT('',(-5.6E1,-1.35E1,-8.05E1));
#1667=CARTESIAN_POINT('',(-5.6E1,-1.35E1,-7.9E1));
#1668=VERTEX_POINT('',#1666);
#1669=VERTEX_POINT('',#1667);
#1670=CARTESIAN_POINT('',(-7.8E1,-1.2E1,-7.9E1));
#1671=CARTESIAN_POINT('',(-7.8E1,-1.2E1,-8.05E1));
#1672=VERTEX_POINT('',#1670);
#1673=VERTEX_POINT('',#1671);
#1674=CARTESIAN_POINT('',(-7.6E1,-1.35E1,-7.9E1));
#1675=CARTESIAN_POINT('',(-7.6E1,-1.35E1,-8.05E1));
#1676=VERTEX_POINT('',#1674);
#1677=VERTEX_POINT('',#1675);
#1678=CARTESIAN_POINT('',(-7.8E1,-1.2E1,-4.95E1));
#1679=CARTESIAN_POINT('',(-7.8E1,-1.2E1,-5.1E1));
#1680=VERTEX_POINT('',#1678);
#1681=VERTEX_POINT('',#1679);
#1682=CARTESIAN_POINT('',(-7.6E1,-1.35E1,-4.95E1));
#1683=CARTESIAN_POINT('',(-7.6E1,-1.35E1,-5.1E1));
#1684=VERTEX_POINT('',#1682);
#1685=VERTEX_POINT('',#1683);
#1686=CARTESIAN_POINT('',(-5.4E1,-1.2E1,-5.1E1));
#1687=CARTESIAN_POINT('',(-5.4E1,-1.2E1,-4.95E1));
#1688=VERTEX_POINT('',#1686);
#1689=VERTEX_POINT('',#1687);
#1690=CARTESIAN_POINT('',(-5.6E1,-1.35E1,-5.1E1));
#1691=CARTESIAN_POINT('',(-5.6E1,-1.35E1,-4.95E1));
#1692=VERTEX_POINT('',#1690);
#1693=VERTEX_POINT('',#1691);
#1694=CARTESIAN_POINT('',(-3.E1,-2.5E1,-1.22E2));
#1695=CARTESIAN_POINT('',(1.2E0,-2.5E1,-1.22E2));
#1696=VERTEX_POINT('',#1694);
#1697=VERTEX_POINT('',#1695);
#1698=CARTESIAN_POINT('',(-3.E1,-2.4E1,-1.21E2));
#1699=VERTEX_POINT('',#1698);
#1700=CARTESIAN_POINT('',(1.112511336474E0,-2.4E1,-1.21E2));
#1701=VERTEX_POINT('',#1700);
#1702=CARTESIAN_POINT('',(-3.E1,-2.4E1,-1.3E2));
#1703=CARTESIAN_POINT('',(-3.E1,-2.5E1,-1.29E2));
#1704=VERTEX_POINT('',#1702);
#1705=VERTEX_POINT('',#1703);
#1706=CARTESIAN_POINT('',(1.2E1,-2.5E1,-1.29E2));
#1707=VERTEX_POINT('',#1706);
#1708=CARTESIAN_POINT('',(1.2E1,-2.4E1,-1.3E2));
#1709=VERTEX_POINT('',#1708);
#1710=CARTESIAN_POINT('',(-3.E1,-2.5E1,-1.E0));
#1711=CARTESIAN_POINT('',(-3.E1,-2.4E1,0.E0));
#1712=VERTEX_POINT('',#1710);
#1713=VERTEX_POINT('',#1711);
#1714=CARTESIAN_POINT('',(1.2E1,-2.4E1,0.E0));
#1715=VERTEX_POINT('',#1714);
#1716=CARTESIAN_POINT('',(1.2E1,-2.5E1,-1.E0));
#1717=VERTEX_POINT('',#1716);
#1718=CARTESIAN_POINT('',(-3.E1,-2.4E1,-9.E0));
#1719=CARTESIAN_POINT('',(-3.E1,-2.5E1,-8.E0));
#1720=VERTEX_POINT('',#1718);
#1721=VERTEX_POINT('',#1719);
#1722=CARTESIAN_POINT('',(1.2E0,-2.5E1,-8.E0));
#1723=VERTEX_POINT('',#1722);
#1724=CARTESIAN_POINT('',(1.112511336474E0,-2.4E1,-9.E0));
#1725=VERTEX_POINT('',#1724);
#1726=CARTESIAN_POINT('',(-3.E1,-1.63E1,-1.3E2));
#1727=VERTEX_POINT('',#1726);
#1728=CARTESIAN_POINT('',(-3.E1,-1.63E1,0.E0));
#1729=VERTEX_POINT('',#1728);
#1730=CARTESIAN_POINT('',(4.388486273245E-1,-1.63E1,0.E0));
#1731=VERTEX_POINT('',#1730);
#1732=VERTEX_POINT('',#1501);
#1733=CARTESIAN_POINT('',(3.513599637985E-1,-1.53E1,-1.E0));
#1734=VERTEX_POINT('',#1733);
#1735=VERTEX_POINT('',#1432);
#1736=CARTESIAN_POINT('',(4.388486273245E-1,-1.63E1,-1.3E2));
#1737=VERTEX_POINT('',#1736);
#1738=CARTESIAN_POINT('',(3.513599637985E-1,-1.53E1,-1.29E2));
#1739=VERTEX_POINT('',#1738);
#1740=CARTESIAN_POINT('',(-3.E1,-1.63E1,-1.21E2));
#1741=CARTESIAN_POINT('',(4.388486273245E-1,-1.63E1,-1.21E2));
#1742=VERTEX_POINT('',#1740);
#1743=VERTEX_POINT('',#1741);
#1744=VERTEX_POINT('',#1452);
#1745=CARTESIAN_POINT('',(3.513599637985E-1,-1.53E1,-1.22E2));
#1746=VERTEX_POINT('',#1745);
#1747=VERTEX_POINT('',#1503);
#1748=VERTEX_POINT('',#1512);
#1749=CARTESIAN_POINT('',(4.388486273245E-1,-1.63E1,-9.E0));
#1750=VERTEX_POINT('',#1749);
#1751=CARTESIAN_POINT('',(3.513599637985E-1,-1.53E1,-8.E0));
#1752=VERTEX_POINT('',#1751);
#1753=CARTESIAN_POINT('',(1.2E1,-4.E0,-1.3E2));
#1754=CARTESIAN_POINT('',(1.2E1,-3.E0,-1.29E2));
#1755=VERTEX_POINT('',#1753);
#1756=VERTEX_POINT('',#1754);
#1757=CARTESIAN_POINT('',(-3.E1,-3.E0,-1.29E2));
#1758=VERTEX_POINT('',#1757);
#1759=CARTESIAN_POINT('',(-2.999999999900E1,-4.E0,-1.3E2));
#1760=VERTEX_POINT('',#1759);
#1761=CARTESIAN_POINT('',(-4.E1,-4.E0,-1.2E2));
#1762=VERTEX_POINT('',#1761);
#1763=CARTESIAN_POINT('',(-3.9E1,-3.E0,-1.2E2));
#1764=VERTEX_POINT('',#1763);
#1765=CARTESIAN_POINT('',(-4.E1,-4.E0,-9.500000000116E1));
#1766=VERTEX_POINT('',#1765);
#1767=CARTESIAN_POINT('',(-3.900000000006E1,-3.E0,-9.500000000005E1));
#1768=VERTEX_POINT('',#1767);
#1769=CARTESIAN_POINT('',(-4.9E1,-4.E0,-8.6E1));
#1770=VERTEX_POINT('',#1769);
#1771=CARTESIAN_POINT('',(-4.9E1,-3.E0,-8.5E1));
#1772=VERTEX_POINT('',#1771);
#1773=CARTESIAN_POINT('',(-4.E1,-4.E0,-3.5E1));
#1774=CARTESIAN_POINT('',(-4.9E1,-4.E0,-4.4E1));
#1775=VERTEX_POINT('',#1773);
#1776=VERTEX_POINT('',#1774);
#1777=CARTESIAN_POINT('',(-3.9E1,-3.E0,-3.5E1));
#1778=CARTESIAN_POINT('',(-4.9E1,-3.E0,-4.5E1));
#1779=VERTEX_POINT('',#1777);
#1780=VERTEX_POINT('',#1778);
#1781=CARTESIAN_POINT('',(-4.E1,-4.E0,-1.000000000087E1));
#1782=VERTEX_POINT('',#1781);
#1783=CARTESIAN_POINT('',(-3.9E1,-3.E0,-1.E1));
#1784=VERTEX_POINT('',#1783);
#1785=CARTESIAN_POINT('',(-3.E1,-4.E0,0.E0));
#1786=VERTEX_POINT('',#1785);
#1787=CARTESIAN_POINT('',(-3.E1,-3.E0,-1.E0));
#1788=VERTEX_POINT('',#1787);
#1789=CARTESIAN_POINT('',(1.2E1,-3.E0,-1.E0));
#1790=CARTESIAN_POINT('',(1.2E1,-4.E0,0.E0));
#1791=VERTEX_POINT('',#1789);
#1792=VERTEX_POINT('',#1790);
#1793=CARTESIAN_POINT('',(-9.E1,2.681654556440E1,-6.769238815543E1));
#1794=CARTESIAN_POINT('',(-9.E1,2.681654556440E1,-6.230761184457E1));
#1795=VERTEX_POINT('',#1793);
#1796=VERTEX_POINT('',#1794);
#1797=CARTESIAN_POINT('',(-9.E1,-1.2E1,-5.465E1));
#1798=CARTESIAN_POINT('',(-9.E1,2.113160320521E1,-5.465E1));
#1799=VERTEX_POINT('',#1797);
#1800=VERTEX_POINT('',#1798);
#1801=CARTESIAN_POINT('',(-9.E1,2.113160320521E1,-7.535E1));
#1802=CARTESIAN_POINT('',(-9.E1,-1.2E1,-7.535E1));
#1803=VERTEX_POINT('',#1801);
#1804=VERTEX_POINT('',#1802);
#1805=CARTESIAN_POINT('',(-8.5E1,-1.2E1,-4.4E1));
#1806=CARTESIAN_POINT('',(-9.E1,-1.2E1,-4.9E1));
#1807=VERTEX_POINT('',#1805);
#1808=VERTEX_POINT('',#1806);
#1809=CARTESIAN_POINT('',(-9.E1,-4.E0,-4.9E1));
#1810=VERTEX_POINT('',#1809);
#1811=CARTESIAN_POINT('',(-8.5E1,-4.E0,-4.4E1));
#1812=VERTEX_POINT('',#1811);
#1813=CARTESIAN_POINT('',(-8.9E1,-3.E0,-4.9E1));
#1814=CARTESIAN_POINT('',(-8.9E1,-3.E0,-5.165E1));
#1815=VERTEX_POINT('',#1813);
#1816=VERTEX_POINT('',#1814);
#1817=CARTESIAN_POINT('',(-9.E1,-4.E0,-5.165E1));
#1818=VERTEX_POINT('',#1817);
#1819=CARTESIAN_POINT('',(-8.5E1,-3.E0,-4.5E1));
#1820=VERTEX_POINT('',#1819);
#1821=CARTESIAN_POINT('',(-9.E1,-4.E0,-7.835E1));
#1822=CARTESIAN_POINT('',(-9.E1,-4.E0,-8.1E1));
#1823=VERTEX_POINT('',#1821);
#1824=VERTEX_POINT('',#1822);
#1825=CARTESIAN_POINT('',(-8.9E1,-3.E0,-7.835E1));
#1826=CARTESIAN_POINT('',(-8.9E1,-3.E0,-8.1E1));
#1827=VERTEX_POINT('',#1825);
#1828=VERTEX_POINT('',#1826);
#1829=CARTESIAN_POINT('',(-9.E1,-1.2E1,-8.1E1));
#1830=CARTESIAN_POINT('',(-8.5E1,-1.2E1,-8.6E1));
#1831=VERTEX_POINT('',#1829);
#1832=VERTEX_POINT('',#1830);
#1833=CARTESIAN_POINT('',(-8.5E1,-4.E0,-8.6E1));
#1834=VERTEX_POINT('',#1833);
#1835=CARTESIAN_POINT('',(-8.5E1,-3.E0,-8.5E1));
#1836=VERTEX_POINT('',#1835);
#1837=CARTESIAN_POINT('',(-7.769929816921E1,3.3E1,-7.835E1));
#1838=CARTESIAN_POINT('',(-7.769929816921E1,3.3E1,-7.15E1));
#1839=VERTEX_POINT('',#1837);
#1840=VERTEX_POINT('',#1838);
#1841=CARTESIAN_POINT('',(-7.769929816921E1,3.3E1,-5.85E1));
#1842=CARTESIAN_POINT('',(-7.769929816921E1,3.3E1,-5.165E1));
#1843=VERTEX_POINT('',#1841);
#1844=VERTEX_POINT('',#1842);
#1845=CARTESIAN_POINT('',(-9.E1,3.3E1,-7.835E1));
#1846=CARTESIAN_POINT('',(-8.999977882150E1,3.300028309557E1,
-7.149982570896E1));
#1847=VERTEX_POINT('',#1845);
#1848=VERTEX_POINT('',#1846);
#1849=CARTESIAN_POINT('',(-8.999977882150E1,3.300028309557E1,
-5.850017429104E1));
#1850=CARTESIAN_POINT('',(-9.E1,3.3E1,-5.165E1));
#1851=VERTEX_POINT('',#1849);
#1852=VERTEX_POINT('',#1850);
#1853=CARTESIAN_POINT('',(-6.797694185761E1,1.081033592086E1,-5.85E1));
#1854=CARTESIAN_POINT('',(-6.797694185761E1,1.081033592086E1,-5.7E1));
#1855=VERTEX_POINT('',#1853);
#1856=VERTEX_POINT('',#1854);
#1857=CARTESIAN_POINT('',(-6.363919510649E1,1.419935510893E1,-5.7E1));
#1858=VERTEX_POINT('',#1857);
#1859=CARTESIAN_POINT('',(-6.363919510649E1,1.419935510893E1,-7.3E1));
#1860=CARTESIAN_POINT('',(-6.363919510649E1,1.419935510893E1,-7.15E1));
#1861=VERTEX_POINT('',#1859);
#1862=VERTEX_POINT('',#1860);
#1863=CARTESIAN_POINT('',(-6.363919510649E1,1.419935510893E1,-5.85E1));
#1864=VERTEX_POINT('',#1863);
#1865=CARTESIAN_POINT('',(-6.718524349772E1,1.142887846997E1,-5.85E1));
#1866=VERTEX_POINT('',#1865);
#1867=CARTESIAN_POINT('',(-6.718524349772E1,1.142887846997E1,-7.15E1));
#1868=CARTESIAN_POINT('',(-6.797694185761E1,1.081033592086E1,-7.15E1));
#1869=VERTEX_POINT('',#1867);
#1870=VERTEX_POINT('',#1868);
#1871=CARTESIAN_POINT('',(-6.639723274412E1,1.204453994529E1,-5.89E1));
#1872=VERTEX_POINT('',#1871);
#1873=CARTESIAN_POINT('',(-6.639723274412E1,1.204453994529E1,-7.11E1));
#1874=VERTEX_POINT('',#1873);
#1875=CARTESIAN_POINT('',(-6.797694185761E1,1.081033592086E1,-7.3E1));
#1876=VERTEX_POINT('',#1875);
#1877=CARTESIAN_POINT('',(-8.075978096487E1,2.717162387187E1,-5.85E1));
#1878=CARTESIAN_POINT('',(-7.603171644323E1,3.086559272383E1,-5.85E1));
#1879=VERTEX_POINT('',#1877);
#1880=VERTEX_POINT('',#1878);
#1881=CARTESIAN_POINT('',(-8.075978096487E1,2.717162387187E1,-7.15E1));
#1882=CARTESIAN_POINT('',(-7.603171644323E1,3.086559272383E1,-7.15E1));
#1883=VERTEX_POINT('',#1881);
#1884=VERTEX_POINT('',#1882);
#1885=CARTESIAN_POINT('',(-8.075978096487E1,2.717162387187E1,-5.165E1));
#1886=CARTESIAN_POINT('',(-7.603171644323E1,3.086559272383E1,-5.165E1));
#1887=VERTEX_POINT('',#1885);
#1888=VERTEX_POINT('',#1886);
#1889=CARTESIAN_POINT('',(-8.075978096487E1,2.717162387187E1,-7.835E1));
#1890=CARTESIAN_POINT('',(-7.603171644323E1,3.086559272383E1,-7.835E1));
#1891=VERTEX_POINT('',#1889);
#1892=VERTEX_POINT('',#1890);
#1893=CARTESIAN_POINT('',(-8.036746450016E1,2.666948169570E1,-5.85E1));
#1894=CARTESIAN_POINT('',(-8.036746450016E1,2.666948169570E1,-5.7E1));
#1895=VERTEX_POINT('',#1893);
#1896=VERTEX_POINT('',#1894);
#1897=CARTESIAN_POINT('',(-7.602971774905E1,3.005850088377E1,-5.7E1));
#1898=VERTEX_POINT('',#1897);
#1899=CARTESIAN_POINT('',(-7.602971774905E1,3.005850088377E1,-7.3E1));
#1900=CARTESIAN_POINT('',(-7.602971774905E1,3.005850088377E1,-7.15E1));
#1901=VERTEX_POINT('',#1899);
#1902=VERTEX_POINT('',#1900);
#1903=CARTESIAN_POINT('',(-7.602971774905E1,3.005850088377E1,-5.85E1));
#1904=VERTEX_POINT('',#1903);
#1905=CARTESIAN_POINT('',(-7.957576614028E1,2.728802424481E1,-5.85E1));
#1906=VERTEX_POINT('',#1905);
#1907=CARTESIAN_POINT('',(-8.036746450016E1,2.666948169570E1,-7.15E1));
#1908=CARTESIAN_POINT('',(-7.957576614028E1,2.728802424481E1,-7.15E1));
#1909=VERTEX_POINT('',#1907);
#1910=VERTEX_POINT('',#1908);
#1911=CARTESIAN_POINT('',(-7.878775538667E1,2.790368572013E1,-5.89E1));
#1912=VERTEX_POINT('',#1911);
#1913=CARTESIAN_POINT('',(-7.878775538667E1,2.790368572013E1,-7.11E1));
#1914=VERTEX_POINT('',#1913);
#1915=CARTESIAN_POINT('',(-8.036746450016E1,2.666948169570E1,-7.3E1));
#1916=VERTEX_POINT('',#1915);
#1917=CARTESIAN_POINT('',(-6.285656087126E1,1.400216259664E1,-5.85E1));
#1918=CARTESIAN_POINT('',(-6.758462539290E1,1.030819374469E1,-5.85E1));
#1919=VERTEX_POINT('',#1917);
#1920=VERTEX_POINT('',#1918);
#1921=CARTESIAN_POINT('',(-6.285656087126E1,1.400216259664E1,-7.15E1));
#1922=CARTESIAN_POINT('',(-6.758462539290E1,1.030819374469E1,-7.15E1));
#1923=VERTEX_POINT('',#1921);
#1924=VERTEX_POINT('',#1922);
#1925=CARTESIAN_POINT('',(-6.285656087126E1,1.400216259664E1,-5.165E1));
#1926=CARTESIAN_POINT('',(-6.758462539290E1,1.030819374469E1,-5.165E1));
#1927=VERTEX_POINT('',#1925);
#1928=VERTEX_POINT('',#1926);
#1929=CARTESIAN_POINT('',(-6.285656087126E1,1.400216259664E1,-7.835E1));
#1930=CARTESIAN_POINT('',(-6.758462539290E1,1.030819374469E1,-7.835E1));
#1931=VERTEX_POINT('',#1929);
#1932=VERTEX_POINT('',#1930);
#1933=CARTESIAN_POINT('',(-5.415E1,2.858272864295E0,-5.165E1));
#1934=VERTEX_POINT('',#1933);
#1935=CARTESIAN_POINT('',(-5.415E1,2.858272864295E0,-7.835E1));
#1936=VERTEX_POINT('',#1935);
#1937=CARTESIAN_POINT('',(-5.415E1,2.858272864295E0,-7.535E1));
#1938=VERTEX_POINT('',#1937);
#1939=CARTESIAN_POINT('',(-5.415E1,2.858272864295E0,-5.465E1));
#1940=VERTEX_POINT('',#1939);
#1941=CARTESIAN_POINT('',(-7.295504653051E1,5.E0,-6.769238815543E1));
#1942=VERTEX_POINT('',#1941);
#1943=CARTESIAN_POINT('',(-7.295504653051E1,5.E0,-6.230761184457E1));
#1944=VERTEX_POINT('',#1943);
#1945=CARTESIAN_POINT('',(-7.642114510613E1,5.E0,-5.465E1));
#1946=CARTESIAN_POINT('',(-7.642114510613E1,5.E0,-7.535E1));
#1947=VERTEX_POINT('',#1945);
#1948=VERTEX_POINT('',#1946);
#1949=CARTESIAN_POINT('',(-7.799716661334E1,5.768677049349E0,-5.465E1));
#1950=CARTESIAN_POINT('',(-7.799716661334E1,5.768677049349E0,-7.535E1));
#1951=VERTEX_POINT('',#1949);
#1952=VERTEX_POINT('',#1950);
#1953=CARTESIAN_POINT('',(-5.415E1,-3.E0,-5.465E1));
#1954=CARTESIAN_POINT('',(-5.415E1,-3.E0,-5.165E1));
#1955=VERTEX_POINT('',#1953);
#1956=VERTEX_POINT('',#1954);
#1957=CARTESIAN_POINT('',(-5.415E1,-3.E0,-7.535E1));
#1958=CARTESIAN_POINT('',(-5.415E1,-3.E0,-7.835E1));
#1959=VERTEX_POINT('',#1957);
#1960=VERTEX_POINT('',#1958);
#1961=CARTESIAN_POINT('',(-6.812311774381E1,5.E0,-5.85E1));
#1962=CARTESIAN_POINT('',(-6.048541164921E1,1.096722999120E1,-5.85E1));
#1963=VERTEX_POINT('',#1961);
#1964=VERTEX_POINT('',#1962);
#1965=CARTESIAN_POINT('',(-6.048541164921E1,1.096722999120E1,-7.15E1));
#1966=CARTESIAN_POINT('',(-6.812311774381E1,5.E0,-7.15E1));
#1967=VERTEX_POINT('',#1965);
#1968=VERTEX_POINT('',#1966);
#1969=CARTESIAN_POINT('',(-6.048541164921E1,1.096722999120E1,-5.465E1));
#1970=VERTEX_POINT('',#1969);
#1971=CARTESIAN_POINT('',(-6.048541164921E1,1.096722999120E1,-7.535E1));
#1972=VERTEX_POINT('',#1971);
#1973=CARTESIAN_POINT('',(-6.812311774381E1,5.E0,-7.535E1));
#1974=VERTEX_POINT('',#1973);
#1975=CARTESIAN_POINT('',(-6.812311774381E1,5.E0,-5.465E1));
#1976=VERTEX_POINT('',#1975);
#1977=CARTESIAN_POINT('',(0.E0,0.E0,0.E0));
#1978=DIRECTION('',(0.E0,0.E0,1.E0));
#1979=DIRECTION('',(0.E0,-1.E0,0.E0));
#1980=AXIS2_PLACEMENT_3D('',#1977,#1978,#1979);
#1981=PLANE('',#1980);
#1983=ORIENTED_EDGE('',*,*,#1982,.F.);
#1985=ORIENTED_EDGE('',*,*,#1984,.T.);
#1987=ORIENTED_EDGE('',*,*,#1986,.T.);
#1989=ORIENTED_EDGE('',*,*,#1988,.T.);
#1991=ORIENTED_EDGE('',*,*,#1990,.T.);
#1993=ORIENTED_EDGE('',*,*,#1992,.F.);
#1995=ORIENTED_EDGE('',*,*,#1994,.F.);
#1997=ORIENTED_EDGE('',*,*,#1996,.F.);
#1998=EDGE_LOOP('',(#1983,#1985,#1987,#1989,#1991,#1993,#1995,#1997));
#1999=FACE_OUTER_BOUND('',#1998,.F.);
#2000=ADVANCED_FACE('',(#1999),#1981,.T.);
#2001=CARTESIAN_POINT('',(1.475611658469E2,-4.E0,-1.E0));
#2002=DIRECTION('',(-1.E0,0.E0,0.E0));
#2003=DIRECTION('',(0.E0,0.E0,1.E0));
#2004=AXIS2_PLACEMENT_3D('',#2001,#2002,#2003);
#2005=CYLINDRICAL_SURFACE('',#2004,1.E0);
#2007=ORIENTED_EDGE('',*,*,#2006,.T.);
#2008=ORIENTED_EDGE('',*,*,#1982,.T.);
#2010=ORIENTED_EDGE('',*,*,#2009,.T.);
#2012=ORIENTED_EDGE('',*,*,#2011,.F.);
#2013=EDGE_LOOP('',(#2007,#2008,#2010,#2012));
#2014=FACE_OUTER_BOUND('',#2013,.F.);
#2015=ADVANCED_FACE('',(#2014),#2005,.T.);
#2016=CARTESIAN_POINT('',(1.2E1,0.E0,0.E0));
#2017=DIRECTION('',(1.E0,0.E0,0.E0));
#2018=DIRECTION('',(0.E0,0.E0,-1.E0));
#2019=AXIS2_PLACEMENT_3D('',#2016,#2017,#2018);
#2020=PLANE('',#2019);
#2022=ORIENTED_EDGE('',*,*,#2021,.F.);
#2024=ORIENTED_EDGE('',*,*,#2023,.F.);
#2026=ORIENTED_EDGE('',*,*,#2025,.F.);
#2028=ORIENTED_EDGE('',*,*,#2027,.F.);
#2030=ORIENTED_EDGE('',*,*,#2029,.F.);
#2031=ORIENTED_EDGE('',*,*,#1984,.F.);
#2032=ORIENTED_EDGE('',*,*,#2006,.F.);
#2034=ORIENTED_EDGE('',*,*,#2033,.F.);
#2035=EDGE_LOOP('',(#2022,#2024,#2026,#2028,#2030,#2031,#2032,#2034));
#2036=FACE_OUTER_BOUND('',#2035,.F.);
#2037=ADVANCED_FACE('',(#2036),#2020,.T.);
#2038=CARTESIAN_POINT('',(-3.027228476519E1,-4.E0,-1.29E2));
#2039=DIRECTION('',(1.E0,0.E0,0.E0));
#2040=DIRECTION('',(0.E0,0.E0,-1.E0));
#2041=AXIS2_PLACEMENT_3D('',#2038,#2039,#2040);
#2042=CYLINDRICAL_SURFACE('',#2041,1.E0);
#2043=ORIENTED_EDGE('',*,*,#2021,.T.);
#2045=ORIENTED_EDGE('',*,*,#2044,.F.);
#2047=ORIENTED_EDGE('',*,*,#2046,.F.);
#2049=ORIENTED_EDGE('',*,*,#2048,.T.);
#2050=EDGE_LOOP('',(#2043,#2045,#2047,#2049));
#2051=FACE_OUTER_BOUND('',#2050,.F.);
#2052=ADVANCED_FACE('',(#2051),#2042,.T.);
#2053=CARTESIAN_POINT('',(0.E0,-3.E0,-1.3E2));
#2054=DIRECTION('',(0.E0,1.E0,0.E0));
#2055=DIRECTION('',(0.E0,0.E0,1.E0));
#2056=AXIS2_PLACEMENT_3D('',#2053,#2054,#2055);
#2057=PLANE('',#2056);
#2059=ORIENTED_EDGE('',*,*,#2058,.F.);
#2061=ORIENTED_EDGE('',*,*,#2060,.F.);
#2063=ORIENTED_EDGE('',*,*,#2062,.F.);
#2065=ORIENTED_EDGE('',*,*,#2064,.T.);
#2067=ORIENTED_EDGE('',*,*,#2066,.T.);
#2069=ORIENTED_EDGE('',*,*,#2068,.F.);
#2071=ORIENTED_EDGE('',*,*,#2070,.T.);
#2073=ORIENTED_EDGE('',*,*,#2072,.T.);
#2075=ORIENTED_EDGE('',*,*,#2074,.F.);
#2077=ORIENTED_EDGE('',*,*,#2076,.T.);
#2079=ORIENTED_EDGE('',*,*,#2078,.F.);
#2081=ORIENTED_EDGE('',*,*,#2080,.T.);
#2083=ORIENTED_EDGE('',*,*,#2082,.F.);
#2085=ORIENTED_EDGE('',*,*,#2084,.T.);
#2087=ORIENTED_EDGE('',*,*,#2086,.T.);
#2089=ORIENTED_EDGE('',*,*,#2088,.T.);
#2091=ORIENTED_EDGE('',*,*,#2090,.T.);
#2092=ORIENTED_EDGE('',*,*,#2044,.T.);
#2093=ORIENTED_EDGE('',*,*,#2033,.T.);
#2094=ORIENTED_EDGE('',*,*,#2011,.T.);
#2096=ORIENTED_EDGE('',*,*,#2095,.T.);
#2098=ORIENTED_EDGE('',*,*,#2097,.T.);
#2100=ORIENTED_EDGE('',*,*,#2099,.T.);
#2102=ORIENTED_EDGE('',*,*,#2101,.F.);
#2104=ORIENTED_EDGE('',*,*,#2103,.F.);
#2106=ORIENTED_EDGE('',*,*,#2105,.T.);
#2107=EDGE_LOOP('',(#2059,#2061,#2063,#2065,#2067,#2069,#2071,#2073,#2075,#2077,
#2079,#2081,#2083,#2085,#2087,#2089,#2091,#2092,#2093,#2094,#2096,#2098,#2100,
#2102,#2104,#2106));
#2108=FACE_OUTER_BOUND('',#2107,.F.);
#2109=ADVANCED_FACE('',(#2108),#2057,.T.);
#2110=CARTESIAN_POINT('',(-8.E1,0.E0,-5.165E1));
#2111=DIRECTION('',(0.E0,0.E0,1.E0));
#2112=DIRECTION('',(1.E0,0.E0,0.E0));
#2113=AXIS2_PLACEMENT_3D('',#2110,#2111,#2112);
#2114=PLANE('',#2113);
#2116=ORIENTED_EDGE('',*,*,#2115,.T.);
#2117=ORIENTED_EDGE('',*,*,#2058,.T.);
#2119=ORIENTED_EDGE('',*,*,#2118,.F.);
#2121=ORIENTED_EDGE('',*,*,#2120,.T.);
#2123=ORIENTED_EDGE('',*,*,#2122,.T.);
#2125=ORIENTED_EDGE('',*,*,#2124,.F.);
#2127=ORIENTED_EDGE('',*,*,#2126,.F.);
#2129=ORIENTED_EDGE('',*,*,#2128,.F.);
#2131=ORIENTED_EDGE('',*,*,#2130,.F.);
#2133=ORIENTED_EDGE('',*,*,#2132,.F.);
#2134=EDGE_LOOP('',(#2116,#2117,#2119,#2121,#2123,#2125,#2127,#2129,#2131,
#2133));
#2135=FACE_OUTER_BOUND('',#2134,.F.);
#2136=ADVANCED_FACE('',(#2135),#2114,.T.);
#2137=CARTESIAN_POINT('',(-5.415E1,-1.2E1,-5.465E1));
#2138=DIRECTION('',(-1.E0,0.E0,0.E0));
#2139=DIRECTION('',(0.E0,0.E0,-1.E0));
#2140=AXIS2_PLACEMENT_3D('',#2137,#2138,#2139);
#2141=PLANE('',#2140);
#2143=ORIENTED_EDGE('',*,*,#2142,.F.);
#2144=ORIENTED_EDGE('',*,*,#2060,.T.);
#2145=ORIENTED_EDGE('',*,*,#2115,.F.);
#2147=ORIENTED_EDGE('',*,*,#2146,.T.);
#2148=EDGE_LOOP('',(#2143,#2144,#2145,#2147));
#2149=FACE_OUTER_BOUND('',#2148,.F.);
#2150=ADVANCED_FACE('',(#2149),#2141,.F.);
#2151=CARTESIAN_POINT('',(-5.415E1,-1.2E1,-5.465E1));
#2152=DIRECTION('',(-1.E0,0.E0,0.E0));
#2153=DIRECTION('',(0.E0,0.E0,-1.E0));
#2154=AXIS2_PLACEMENT_3D('',#2151,#2152,#2153);
#2155=PLANE('',#2154);
#2157=ORIENTED_EDGE('',*,*,#2156,.F.);
#2158=ORIENTED_EDGE('',*,*,#2076,.F.);
#2160=ORIENTED_EDGE('',*,*,#2159,.T.);
#2162=ORIENTED_EDGE('',*,*,#2161,.T.);
#2163=EDGE_LOOP('',(#2157,#2158,#2160,#2162));
#2164=FACE_OUTER_BOUND('',#2163,.F.);
#2165=ADVANCED_FACE('',(#2164),#2155,.F.);
#2166=CARTESIAN_POINT('',(-3.04E1,-1.2E1,-5.465E1));
#2167=DIRECTION('',(0.E0,0.E0,1.E0));
#2168=DIRECTION('',(-1.E0,0.E0,0.E0));
#2169=AXIS2_PLACEMENT_3D('',#2166,#2167,#2168);
#2170=PLANE('',#2169);
#2172=ORIENTED_EDGE('',*,*,#2171,.T.);
#2174=ORIENTED_EDGE('',*,*,#2173,.F.);
#2176=ORIENTED_EDGE('',*,*,#2175,.F.);
#2178=ORIENTED_EDGE('',*,*,#2177,.F.);
#2180=ORIENTED_EDGE('',*,*,#2179,.F.);
#2182=ORIENTED_EDGE('',*,*,#2181,.F.);
#2184=ORIENTED_EDGE('',*,*,#2183,.T.);
#2186=ORIENTED_EDGE('',*,*,#2185,.T.);
#2187=ORIENTED_EDGE('',*,*,#2062,.T.);
#2188=ORIENTED_EDGE('',*,*,#2142,.T.);
#2189=EDGE_LOOP('',(#2172,#2174,#2176,#2178,#2180,#2182,#2184,#2186,#2187,
#2188));
#2190=FACE_OUTER_BOUND('',#2189,.F.);
#2191=ADVANCED_FACE('',(#2190),#2170,.F.);
#2192=CARTESIAN_POINT('',(-6.04E1,1.085790806550E1,-7.835E1));
#2193=DIRECTION('',(-7.880107536067E-1,-6.156614753257E-1,0.E0));
#2194=DIRECTION('',(-6.156614753257E-1,7.880107536067E-1,0.E0));
#2195=AXIS2_PLACEMENT_3D('',#2192,#2193,#2194);
#2196=PLANE('',#2195);
#2198=ORIENTED_EDGE('',*,*,#2197,.F.);
#2200=ORIENTED_EDGE('',*,*,#2199,.F.);
#2202=ORIENTED_EDGE('',*,*,#2201,.F.);
#2203=ORIENTED_EDGE('',*,*,#2124,.T.);
#2204=EDGE_LOOP('',(#2198,#2200,#2202,#2203));
#2205=FACE_OUTER_BOUND('',#2204,.F.);
#2206=ADVANCED_FACE('',(#2205),#2196,.F.);
#2207=CARTESIAN_POINT('',(-6.04E1,1.085790806550E1,-7.835E1));
#2208=DIRECTION('',(-7.880107536067E-1,-6.156614753257E-1,0.E0));
#2209=DIRECTION('',(-6.156614753257E-1,7.880107536067E-1,0.E0));
#2210=AXIS2_PLACEMENT_3D('',#2207,#2208,#2209);
#2211=PLANE('',#2210);
#2213=ORIENTED_EDGE('',*,*,#2212,.F.);
#2215=ORIENTED_EDGE('',*,*,#2214,.F.);
#2217=ORIENTED_EDGE('',*,*,#2216,.F.);
#2219=ORIENTED_EDGE('',*,*,#2218,.T.);
#2220=EDGE_LOOP('',(#2213,#2215,#2217,#2219));
#2221=FACE_OUTER_BOUND('',#2220,.F.);
#2222=ADVANCED_FACE('',(#2221),#2211,.F.);
#2223=CARTESIAN_POINT('',(-6.04E1,1.085790806550E1,-7.835E1));
#2224=DIRECTION('',(-7.880107536067E-1,-6.156614753257E-1,0.E0));
#2225=DIRECTION('',(-6.156614753257E-1,7.880107536067E-1,0.E0));
#2226=AXIS2_PLACEMENT_3D('',#2223,#2224,#2225);
#2227=PLANE('',#2226);
#2229=ORIENTED_EDGE('',*,*,#2228,.F.);
#2230=ORIENTED_EDGE('',*,*,#2171,.F.);
#2231=ORIENTED_EDGE('',*,*,#2146,.F.);
#2232=ORIENTED_EDGE('',*,*,#2132,.T.);
#2234=ORIENTED_EDGE('',*,*,#2233,.T.);
#2236=ORIENTED_EDGE('',*,*,#2235,.F.);
#2237=EDGE_LOOP('',(#2229,#2230,#2231,#2232,#2234,#2236));
#2238=FACE_OUTER_BOUND('',#2237,.F.);
#2239=ADVANCED_FACE('',(#2238),#2227,.F.);
#2240=CARTESIAN_POINT('',(-6.04E1,1.085790806550E1,-7.835E1));
#2241=DIRECTION('',(-7.880107536067E-1,-6.156614753257E-1,0.E0));
#2242=DIRECTION('',(-6.156614753257E-1,7.880107536067E-1,0.E0));
#2243=AXIS2_PLACEMENT_3D('',#2240,#2241,#2242);
#2244=PLANE('',#2243);
#2246=ORIENTED_EDGE('',*,*,#2245,.F.);
#2248=ORIENTED_EDGE('',*,*,#2247,.T.);
#2250=ORIENTED_EDGE('',*,*,#2249,.T.);
#2252=ORIENTED_EDGE('',*,*,#2251,.F.);
#2253=ORIENTED_EDGE('',*,*,#2161,.F.);
#2255=ORIENTED_EDGE('',*,*,#2254,.F.);
#2256=EDGE_LOOP('',(#2246,#2248,#2250,#2252,#2253,#2255));
#2257=FACE_OUTER_BOUND('',#2256,.F.);
#2258=ADVANCED_FACE('',(#2257),#2244,.F.);
#2259=CARTESIAN_POINT('',(0.E0,3.3E1,0.E0));
#2260=DIRECTION('',(0.E0,1.E0,0.E0));
#2261=DIRECTION('',(-1.E0,0.E0,0.E0));
#2262=AXIS2_PLACEMENT_3D('',#2259,#2260,#2261);
#2263=PLANE('',#2262);
#2264=ORIENTED_EDGE('',*,*,#2122,.F.);
#2266=ORIENTED_EDGE('',*,*,#2265,.F.);
#2268=ORIENTED_EDGE('',*,*,#2267,.F.);
#2269=ORIENTED_EDGE('',*,*,#2197,.T.);
#2270=EDGE_LOOP('',(#2264,#2266,#2268,#2269));
#2271=FACE_OUTER_BOUND('',#2270,.F.);
#2272=ADVANCED_FACE('',(#2271),#2263,.T.);
#2273=CARTESIAN_POINT('',(0.E0,3.3E1,0.E0));
#2274=DIRECTION('',(0.E0,1.E0,0.E0));
#2275=DIRECTION('',(-1.E0,0.E0,0.E0));
#2276=AXIS2_PLACEMENT_3D('',#2273,#2274,#2275);
#2277=PLANE('',#2276);
#2279=ORIENTED_EDGE('',*,*,#2278,.F.);
#2281=ORIENTED_EDGE('',*,*,#2280,.F.);
#2283=ORIENTED_EDGE('',*,*,#2282,.T.);
#2284=ORIENTED_EDGE('',*,*,#2212,.T.);
#2285=EDGE_LOOP('',(#2279,#2281,#2283,#2284));
#2286=FACE_OUTER_BOUND('',#2285,.F.);
#2287=ADVANCED_FACE('',(#2286),#2277,.T.);
#2288=CARTESIAN_POINT('',(-9.E1,0.E0,0.E0));
#2289=DIRECTION('',(-1.E0,0.E0,0.E0));
#2290=DIRECTION('',(0.E0,0.E0,-1.E0));
#2291=AXIS2_PLACEMENT_3D('',#2288,#2289,#2290);
#2292=PLANE('',#2291);
#2294=ORIENTED_EDGE('',*,*,#2293,.F.);
#2296=ORIENTED_EDGE('',*,*,#2295,.T.);
#2297=ORIENTED_EDGE('',*,*,#2181,.T.);
#2299=ORIENTED_EDGE('',*,*,#2298,.T.);
#2301=ORIENTED_EDGE('',*,*,#2300,.T.);
#2303=ORIENTED_EDGE('',*,*,#2302,.F.);
#2305=ORIENTED_EDGE('',*,*,#2304,.F.);
#2307=ORIENTED_EDGE('',*,*,#2306,.F.);
#2309=ORIENTED_EDGE('',*,*,#2308,.F.);
#2310=ORIENTED_EDGE('',*,*,#2280,.T.);
#2312=ORIENTED_EDGE('',*,*,#2311,.F.);
#2314=ORIENTED_EDGE('',*,*,#2313,.T.);
#2316=ORIENTED_EDGE('',*,*,#2315,.T.);
#2317=ORIENTED_EDGE('',*,*,#2265,.T.);
#2318=ORIENTED_EDGE('',*,*,#2120,.F.);
#2320=ORIENTED_EDGE('',*,*,#2319,.F.);
#2321=EDGE_LOOP('',(#2294,#2296,#2297,#2299,#2301,#2303,#2305,#2307,#2309,#2310,
#2312,#2314,#2316,#2317,#2318,#2320));
#2322=FACE_OUTER_BOUND('',#2321,.F.);
#2323=ADVANCED_FACE('',(#2322),#2292,.T.);
#2324=CARTESIAN_POINT('',(-8.5E1,-1.096312567023E2,-4.9E1));
#2325=DIRECTION('',(0.E0,1.E0,0.E0));
#2326=DIRECTION('',(-1.E0,0.E0,0.E0));
#2327=AXIS2_PLACEMENT_3D('',#2324,#2325,#2326);
#2328=CYLINDRICAL_SURFACE('',#2327,5.E0);
#2330=ORIENTED_EDGE('',*,*,#2329,.T.);
#2331=ORIENTED_EDGE('',*,*,#2293,.T.);
#2333=ORIENTED_EDGE('',*,*,#2332,.T.);
#2335=ORIENTED_EDGE('',*,*,#2334,.F.);
#2336=EDGE_LOOP('',(#2330,#2331,#2333,#2335));
#2337=FACE_OUTER_BOUND('',#2336,.F.);
#2338=ADVANCED_FACE('',(#2337),#2328,.T.);
#2339=CARTESIAN_POINT('',(0.E0,-1.2E1,-1.3E2));
#2340=DIRECTION('',(0.E0,-1.E0,0.E0));
#2341=DIRECTION('',(0.E0,0.E0,1.E0));
#2342=AXIS2_PLACEMENT_3D('',#2339,#2340,#2341);
#2343=PLANE('',#2342);
#2344=ORIENTED_EDGE('',*,*,#2329,.F.);
#2346=ORIENTED_EDGE('',*,*,#2345,.F.);
#2348=ORIENTED_EDGE('',*,*,#2347,.F.);
#2350=ORIENTED_EDGE('',*,*,#2349,.T.);
#2352=ORIENTED_EDGE('',*,*,#2351,.F.);
#2353=ORIENTED_EDGE('',*,*,#1994,.T.);
#2355=ORIENTED_EDGE('',*,*,#2354,.T.);
#2357=ORIENTED_EDGE('',*,*,#2356,.T.);
#2359=ORIENTED_EDGE('',*,*,#2358,.T.);
#2361=ORIENTED_EDGE('',*,*,#2360,.F.);
#2363=ORIENTED_EDGE('',*,*,#2362,.F.);
#2365=ORIENTED_EDGE('',*,*,#2364,.F.);
#2367=ORIENTED_EDGE('',*,*,#2366,.T.);
#2369=ORIENTED_EDGE('',*,*,#2368,.F.);
#2371=ORIENTED_EDGE('',*,*,#2370,.T.);
#2373=ORIENTED_EDGE('',*,*,#2372,.T.);
#2375=ORIENTED_EDGE('',*,*,#2374,.F.);
#2377=ORIENTED_EDGE('',*,*,#2376,.T.);
#2379=ORIENTED_EDGE('',*,*,#2378,.F.);
#2381=ORIENTED_EDGE('',*,*,#2380,.F.);
#2383=ORIENTED_EDGE('',*,*,#2382,.F.);
#2384=ORIENTED_EDGE('',*,*,#2302,.T.);
#2386=ORIENTED_EDGE('',*,*,#2385,.F.);
#2388=ORIENTED_EDGE('',*,*,#2387,.T.);
#2390=ORIENTED_EDGE('',*,*,#2389,.T.);
#2392=ORIENTED_EDGE('',*,*,#2391,.F.);
#2394=ORIENTED_EDGE('',*,*,#2393,.T.);
#2396=ORIENTED_EDGE('',*,*,#2395,.T.);
#2397=ORIENTED_EDGE('',*,*,#2183,.F.);
#2398=ORIENTED_EDGE('',*,*,#2295,.F.);
#2399=EDGE_LOOP('',(#2344,#2346,#2348,#2350,#2352,#2353,#2355,#2357,#2359,#2361,
#2363,#2365,#2367,#2369,#2371,#2373,#2375,#2377,#2379,#2381,#2383,#2384,#2386,
#2388,#2390,#2392,#2394,#2396,#2397,#2398));
#2400=FACE_OUTER_BOUND('',#2399,.F.);
#2402=ORIENTED_EDGE('',*,*,#2401,.T.);
#2404=ORIENTED_EDGE('',*,*,#2403,.F.);
#2406=ORIENTED_EDGE('',*,*,#2405,.T.);
#2408=ORIENTED_EDGE('',*,*,#2407,.F.);
#2409=EDGE_LOOP('',(#2402,#2404,#2406,#2408));
#2410=FACE_BOUND('',#2409,.F.);
#2412=ORIENTED_EDGE('',*,*,#2411,.T.);
#2414=ORIENTED_EDGE('',*,*,#2413,.F.);
#2416=ORIENTED_EDGE('',*,*,#2415,.T.);
#2418=ORIENTED_EDGE('',*,*,#2417,.F.);
#2419=EDGE_LOOP('',(#2412,#2414,#2416,#2418));
#2420=FACE_BOUND('',#2419,.F.);
#2421=ADVANCED_FACE('',(#2400,#2410,#2420),#2343,.T.);
#2422=CARTESIAN_POINT('',(-5.5E1,-1.275E1,-7.975E1));
#2423=DIRECTION('',(6.E-1,-8.E-1,0.E0));
#2424=DIRECTION('',(8.E-1,6.E-1,0.E0));
#2425=AXIS2_PLACEMENT_3D('',#2422,#2423,#2424);
#2426=PLANE('',#2425);
#2427=ORIENTED_EDGE('',*,*,#2411,.F.);
#2429=ORIENTED_EDGE('',*,*,#2428,.T.);
#2431=ORIENTED_EDGE('',*,*,#2430,.T.);
#2433=ORIENTED_EDGE('',*,*,#2432,.T.);
#2434=EDGE_LOOP('',(#2427,#2429,#2431,#2433));
#2435=FACE_OUTER_BOUND('',#2434,.F.);
#2436=ADVANCED_FACE('',(#2435),#2426,.T.);
#2437=CARTESIAN_POINT('',(-7.6E1,-1.2E1,-8.05E1));
#2438=DIRECTION('',(0.E0,0.E0,-1.E0));
#2439=DIRECTION('',(1.E0,0.E0,0.E0));
#2440=AXIS2_PLACEMENT_3D('',#2437,#2438,#2439);
#2441=PLANE('',#2440);
#2442=ORIENTED_EDGE('',*,*,#2417,.T.);
#2444=ORIENTED_EDGE('',*,*,#2443,.F.);
#2446=ORIENTED_EDGE('',*,*,#2445,.T.);
#2447=ORIENTED_EDGE('',*,*,#2428,.F.);
#2448=EDGE_LOOP('',(#2442,#2444,#2446,#2447));
#2449=FACE_OUTER_BOUND('',#2448,.F.);
#2450=ADVANCED_FACE('',(#2449),#2441,.T.);
#2451=CARTESIAN_POINT('',(-7.7E1,-1.275E1,-7.975E1));
#2452=DIRECTION('',(-6.E-1,-8.E-1,0.E0));
#2453=DIRECTION('',(-8.E-1,6.E-1,0.E0));
#2454=AXIS2_PLACEMENT_3D('',#2451,#2452,#2453);
#2455=PLANE('',#2454);
#2456=ORIENTED_EDGE('',*,*,#2415,.F.);
#2458=ORIENTED_EDGE('',*,*,#2457,.T.);
#2460=ORIENTED_EDGE('',*,*,#2459,.T.);
#2461=ORIENTED_EDGE('',*,*,#2443,.T.);
#2462=EDGE_LOOP('',(#2456,#2458,#2460,#2461));
#2463=FACE_OUTER_BOUND('',#2462,.F.);
#2464=ADVANCED_FACE('',(#2463),#2455,.T.);
#2465=CARTESIAN_POINT('',(-5.6E1,-1.2E1,-7.9E1));
#2466=DIRECTION('',(0.E0,0.E0,1.E0));
#2467=DIRECTION('',(-1.E0,0.E0,0.E0));
#2468=AXIS2_PLACEMENT_3D('',#2465,#2466,#2467);
#2469=PLANE('',#2468);
#2471=ORIENTED_EDGE('',*,*,#2470,.T.);
#2472=ORIENTED_EDGE('',*,*,#2457,.F.);
#2473=ORIENTED_EDGE('',*,*,#2413,.T.);
#2474=ORIENTED_EDGE('',*,*,#2432,.F.);
#2475=EDGE_LOOP('',(#2471,#2472,#2473,#2474));
#2476=FACE_OUTER_BOUND('',#2475,.F.);
#2477=ADVANCED_FACE('',(#2476),#2469,.T.);
#2478=CARTESIAN_POINT('',(-8.E1,-1.35E1,0.E0));
#2479=DIRECTION('',(0.E0,-1.E0,0.E0));
#2480=DIRECTION('',(0.E0,0.E0,1.E0));
#2481=AXIS2_PLACEMENT_3D('',#2478,#2479,#2480);
#2482=PLANE('',#2481);
#2483=ORIENTED_EDGE('',*,*,#2430,.F.);
#2484=ORIENTED_EDGE('',*,*,#2445,.F.);
#2485=ORIENTED_EDGE('',*,*,#2459,.F.);
#2486=ORIENTED_EDGE('',*,*,#2470,.F.);
#2487=EDGE_LOOP('',(#2483,#2484,#2485,#2486));
#2488=FACE_OUTER_BOUND('',#2487,.F.);
#2489=ADVANCED_FACE('',(#2488),#2482,.T.);
#2490=CARTESIAN_POINT('',(-8.E1,-1.35E1,0.E0));
#2491=DIRECTION('',(0.E0,-1.E0,0.E0));
#2492=DIRECTION('',(0.E0,0.E0,1.E0));
#2493=AXIS2_PLACEMENT_3D('',#2490,#2491,#2492);
#2494=PLANE('',#2493);
#2496=ORIENTED_EDGE('',*,*,#2495,.F.);
#2498=ORIENTED_EDGE('',*,*,#2497,.F.);
#2500=ORIENTED_EDGE('',*,*,#2499,.F.);
#2502=ORIENTED_EDGE('',*,*,#2501,.F.);
#2503=EDGE_LOOP('',(#2496,#2498,#2500,#2502));
#2504=FACE_OUTER_BOUND('',#2503,.F.);
#2505=ADVANCED_FACE('',(#2504),#2494,.T.);
#2506=CARTESIAN_POINT('',(-7.7E1,-1.275E1,-5.025E1));
#2507=DIRECTION('',(-6.E-1,-8.E-1,0.E0));
#2508=DIRECTION('',(-8.E-1,6.E-1,0.E0));
#2509=AXIS2_PLACEMENT_3D('',#2506,#2507,#2508);
#2510=PLANE('',#2509);
#2511=ORIENTED_EDGE('',*,*,#2401,.F.);
#2513=ORIENTED_EDGE('',*,*,#2512,.T.);
#2514=ORIENTED_EDGE('',*,*,#2495,.T.);
#2516=ORIENTED_EDGE('',*,*,#2515,.T.);
#2517=EDGE_LOOP('',(#2511,#2513,#2514,#2516));
#2518=FACE_OUTER_BOUND('',#2517,.F.);
#2519=ADVANCED_FACE('',(#2518),#2510,.T.);
#2520=CARTESIAN_POINT('',(-5.6E1,-1.2E1,-4.95E1));
#2521=DIRECTION('',(0.E0,0.E0,1.E0));
#2522=DIRECTION('',(-1.E0,0.E0,0.E0));
#2523=AXIS2_PLACEMENT_3D('',#2520,#2521,#2522);
#2524=PLANE('',#2523);
#2525=ORIENTED_EDGE('',*,*,#2407,.T.);
#2527=ORIENTED_EDGE('',*,*,#2526,.F.);
#2528=ORIENTED_EDGE('',*,*,#2497,.T.);
#2529=ORIENTED_EDGE('',*,*,#2512,.F.);
#2530=EDGE_LOOP('',(#2525,#2527,#2528,#2529));
#2531=FACE_OUTER_BOUND('',#2530,.F.);
#2532=ADVANCED_FACE('',(#2531),#2524,.T.);
#2533=CARTESIAN_POINT('',(-5.5E1,-1.275E1,-5.025E1));
#2534=DIRECTION('',(6.E-1,-8.E-1,0.E0));
#2535=DIRECTION('',(8.E-1,6.E-1,0.E0));
#2536=AXIS2_PLACEMENT_3D('',#2533,#2534,#2535);
#2537=PLANE('',#2536);
#2538=ORIENTED_EDGE('',*,*,#2405,.F.);
#2540=ORIENTED_EDGE('',*,*,#2539,.T.);
#2541=ORIENTED_EDGE('',*,*,#2499,.T.);
#2542=ORIENTED_EDGE('',*,*,#2526,.T.);
#2543=EDGE_LOOP('',(#2538,#2540,#2541,#2542));
#2544=FACE_OUTER_BOUND('',#2543,.F.);
#2545=ADVANCED_FACE('',(#2544),#2537,.T.);
#2546=CARTESIAN_POINT('',(-7.6E1,-1.2E1,-5.1E1));
#2547=DIRECTION('',(0.E0,0.E0,-1.E0));
#2548=DIRECTION('',(1.E0,0.E0,0.E0));
#2549=AXIS2_PLACEMENT_3D('',#2546,#2547,#2548);
#2550=PLANE('',#2549);
#2551=ORIENTED_EDGE('',*,*,#2501,.T.);
#2552=ORIENTED_EDGE('',*,*,#2539,.F.);
#2553=ORIENTED_EDGE('',*,*,#2403,.T.);
#2554=ORIENTED_EDGE('',*,*,#2515,.F.);
#2555=EDGE_LOOP('',(#2551,#2552,#2553,#2554));
#2556=FACE_OUTER_BOUND('',#2555,.F.);
#2557=ADVANCED_FACE('',(#2556),#2550,.T.);
#2558=CARTESIAN_POINT('',(-4.E1,0.E0,-4.4E1));
#2559=DIRECTION('',(0.E0,0.E0,-1.E0));
#2560=DIRECTION('',(-1.E0,0.E0,0.E0));
#2561=AXIS2_PLACEMENT_3D('',#2558,#2559,#2560);
#2562=PLANE('',#2561);
#2563=ORIENTED_EDGE('',*,*,#2334,.T.);
#2565=ORIENTED_EDGE('',*,*,#2564,.T.);
#2567=ORIENTED_EDGE('',*,*,#2566,.T.);
#2568=ORIENTED_EDGE('',*,*,#2345,.T.);
#2569=EDGE_LOOP('',(#2563,#2565,#2567,#2568));
#2570=FACE_OUTER_BOUND('',#2569,.F.);
#2571=ADVANCED_FACE('',(#2570),#2562,.F.);
#2572=CARTESIAN_POINT('',(-4.870897358431E1,-4.E0,-4.5E1));
#2573=DIRECTION('',(-1.E0,0.E0,0.E0));
#2574=DIRECTION('',(0.E0,0.E0,1.E0));
#2575=AXIS2_PLACEMENT_3D('',#2572,#2573,#2574);
#2576=CYLINDRICAL_SURFACE('',#2575,1.E0);
#2578=ORIENTED_EDGE('',*,*,#2577,.T.);
#2579=ORIENTED_EDGE('',*,*,#2101,.T.);
#2581=ORIENTED_EDGE('',*,*,#2580,.F.);
#2582=ORIENTED_EDGE('',*,*,#2564,.F.);
#2583=EDGE_LOOP('',(#2578,#2579,#2581,#2582));
#2584=FACE_OUTER_BOUND('',#2583,.F.);
#2585=ADVANCED_FACE('',(#2584),#2576,.T.);
#2586=CARTESIAN_POINT('',(-8.5E1,-4.E0,-4.9E1));
#2587=DIRECTION('',(0.E0,1.E0,0.E0));
#2588=DIRECTION('',(0.E0,0.E0,1.E0));
#2589=AXIS2_PLACEMENT_3D('',#2586,#2587,#2588);
#2590=TOROIDAL_SURFACE('',#2589,4.E0,1.E0);
#2591=ORIENTED_EDGE('',*,*,#2103,.T.);
#2592=ORIENTED_EDGE('',*,*,#2577,.F.);
#2593=ORIENTED_EDGE('',*,*,#2332,.F.);
#2595=ORIENTED_EDGE('',*,*,#2594,.F.);
#2596=EDGE_LOOP('',(#2591,#2592,#2593,#2595));
#2597=FACE_OUTER_BOUND('',#2596,.F.);
#2598=ADVANCED_FACE('',(#2597),#2590,.T.);
#2599=CARTESIAN_POINT('',(-8.9E1,-4.E0,1.69468E2));
#2600=DIRECTION('',(0.E0,0.E0,-1.E0));
#2601=DIRECTION('',(-1.E0,0.E0,0.E0));
#2602=AXIS2_PLACEMENT_3D('',#2599,#2600,#2601);
#2603=CYLINDRICAL_SURFACE('',#2602,1.E0);
#2604=ORIENTED_EDGE('',*,*,#2105,.F.);
#2605=ORIENTED_EDGE('',*,*,#2594,.T.);
#2606=ORIENTED_EDGE('',*,*,#2319,.T.);
#2607=ORIENTED_EDGE('',*,*,#2118,.T.);
#2608=EDGE_LOOP('',(#2604,#2605,#2606,#2607));
#2609=FACE_OUTER_BOUND('',#2608,.F.);
#2610=ADVANCED_FACE('',(#2609),#2603,.T.);
#2611=CARTESIAN_POINT('',(-4.9E1,-4.E0,-3.5E1));
#2612=DIRECTION('',(0.E0,-1.E0,0.E0));
#2613=DIRECTION('',(9.995601257760E-1,0.E0,2.965729182909E-2));
#2614=AXIS2_PLACEMENT_3D('',#2611,#2612,#2613);
#2615=TOROIDAL_SURFACE('',#2614,1.E1,1.E0);
#2617=ORIENTED_EDGE('',*,*,#2616,.T.);
#2618=ORIENTED_EDGE('',*,*,#2580,.T.);
#2619=ORIENTED_EDGE('',*,*,#2099,.F.);
#2621=ORIENTED_EDGE('',*,*,#2620,.F.);
#2622=EDGE_LOOP('',(#2617,#2618,#2619,#2621));
#2623=FACE_OUTER_BOUND('',#2622,.F.);
#2624=ADVANCED_FACE('',(#2623),#2615,.T.);
#2625=CARTESIAN_POINT('',(-4.9E1,1.310704416535E2,-3.5E1));
#2626=DIRECTION('',(0.E0,-1.E0,0.E0));
#2627=DIRECTION('',(0.E0,0.E0,-1.E0));
#2628=AXIS2_PLACEMENT_3D('',#2625,#2626,#2627);
#2629=CYLINDRICAL_SURFACE('',#2628,9.E0);
#2630=ORIENTED_EDGE('',*,*,#2616,.F.);
#2632=ORIENTED_EDGE('',*,*,#2631,.T.);
#2633=ORIENTED_EDGE('',*,*,#2347,.T.);
#2634=ORIENTED_EDGE('',*,*,#2566,.F.);
#2635=EDGE_LOOP('',(#2630,#2632,#2633,#2634));
#2636=FACE_OUTER_BOUND('',#2635,.F.);
#2637=ADVANCED_FACE('',(#2636),#2629,.F.);
#2638=CARTESIAN_POINT('',(-4.E1,0.E0,0.E0));
#2639=DIRECTION('',(1.E0,0.E0,0.E0));
#2640=DIRECTION('',(0.E0,0.E0,-1.E0));
#2641=AXIS2_PLACEMENT_3D('',#2638,#2639,#2640);
#2642=PLANE('',#2641);
#2644=ORIENTED_EDGE('',*,*,#2643,.F.);
#2646=ORIENTED_EDGE('',*,*,#2645,.T.);
#2647=ORIENTED_EDGE('',*,*,#2349,.F.);
#2648=ORIENTED_EDGE('',*,*,#2631,.F.);
#2649=EDGE_LOOP('',(#2644,#2646,#2647,#2648));
#2650=FACE_OUTER_BOUND('',#2649,.F.);
#2651=ADVANCED_FACE('',(#2650),#2642,.F.);
#2652=CARTESIAN_POINT('',(-3.9E1,-4.E0,-9.708973584308E0));
#2653=DIRECTION('',(0.E0,0.E0,-1.E0));
#2654=DIRECTION('',(-1.E0,0.E0,0.E0));
#2655=AXIS2_PLACEMENT_3D('',#2652,#2653,#2654);
#2656=CYLINDRICAL_SURFACE('',#2655,1.E0);
#2657=ORIENTED_EDGE('',*,*,#2643,.T.);
#2658=ORIENTED_EDGE('',*,*,#2620,.T.);
#2659=ORIENTED_EDGE('',*,*,#2097,.F.);
#2661=ORIENTED_EDGE('',*,*,#2660,.F.);
#2662=EDGE_LOOP('',(#2657,#2658,#2659,#2661));
#2663=FACE_OUTER_BOUND('',#2662,.F.);
#2664=ADVANCED_FACE('',(#2663),#2656,.T.);
#2665=CARTESIAN_POINT('',(-3.E1,-4.E0,-1.E1));
#2666=DIRECTION('',(0.E0,-1.E0,0.E0));
#2667=DIRECTION('',(2.909853359608E-2,0.E0,9.995765480155E-1));
#2668=AXIS2_PLACEMENT_3D('',#2665,#2666,#2667);
#2669=TOROIDAL_SURFACE('',#2668,9.E0,1.E0);
#2671=ORIENTED_EDGE('',*,*,#2670,.T.);
#2672=ORIENTED_EDGE('',*,*,#2660,.T.);
#2673=ORIENTED_EDGE('',*,*,#2095,.F.);
#2674=ORIENTED_EDGE('',*,*,#2009,.F.);
#2675=EDGE_LOOP('',(#2671,#2672,#2673,#2674));
#2676=FACE_OUTER_BOUND('',#2675,.F.);
#2677=ADVANCED_FACE('',(#2676),#2669,.T.);
#2678=CARTESIAN_POINT('',(-3.E1,1.245524416535E2,-1.E1));
#2679=DIRECTION('',(0.E0,-1.E0,0.E0));
#2680=DIRECTION('',(0.E0,0.E0,1.E0));
#2681=AXIS2_PLACEMENT_3D('',#2678,#2679,#2680);
#2682=CYLINDRICAL_SURFACE('',#2681,1.E1);
#2683=ORIENTED_EDGE('',*,*,#2670,.F.);
#2684=ORIENTED_EDGE('',*,*,#1996,.T.);
#2685=ORIENTED_EDGE('',*,*,#2351,.T.);
#2686=ORIENTED_EDGE('',*,*,#2645,.F.);
#2687=EDGE_LOOP('',(#2683,#2684,#2685,#2686));
#2688=FACE_OUTER_BOUND('',#2687,.F.);
#2689=ADVANCED_FACE('',(#2688),#2682,.T.);
#2690=CARTESIAN_POINT('',(6.264737416299E-2,-1.2E1,-1.21E2));
#2691=DIRECTION('',(9.961946980917E-1,8.715574274766E-2,0.E0));
#2692=DIRECTION('',(8.715574274766E-2,-9.961946980917E-1,0.E0));
#2693=AXIS2_PLACEMENT_3D('',#2690,#2691,#2692);
#2694=PLANE('',#2693);
#2696=ORIENTED_EDGE('',*,*,#2695,.T.);
#2698=ORIENTED_EDGE('',*,*,#2697,.F.);
#2700=ORIENTED_EDGE('',*,*,#2699,.T.);
#2702=ORIENTED_EDGE('',*,*,#2701,.F.);
#2704=ORIENTED_EDGE('',*,*,#2703,.F.);
#2706=ORIENTED_EDGE('',*,*,#2705,.T.);
#2708=ORIENTED_EDGE('',*,*,#2707,.F.);
#2710=ORIENTED_EDGE('',*,*,#2709,.F.);
#2712=ORIENTED_EDGE('',*,*,#2711,.T.);
#2714=ORIENTED_EDGE('',*,*,#2713,.F.);
#2716=ORIENTED_EDGE('',*,*,#2715,.T.);
#2717=ORIENTED_EDGE('',*,*,#2370,.F.);
#2719=ORIENTED_EDGE('',*,*,#2718,.T.);
#2720=ORIENTED_EDGE('',*,*,#2362,.T.);
#2722=ORIENTED_EDGE('',*,*,#2721,.T.);
#2723=ORIENTED_EDGE('',*,*,#2354,.F.);
#2724=ORIENTED_EDGE('',*,*,#1992,.T.);
#2726=ORIENTED_EDGE('',*,*,#2725,.F.);
#2728=ORIENTED_EDGE('',*,*,#2727,.T.);
#2730=ORIENTED_EDGE('',*,*,#2729,.F.);
#2732=ORIENTED_EDGE('',*,*,#2731,.T.);
#2734=ORIENTED_EDGE('',*,*,#2733,.T.);
#2735=EDGE_LOOP('',(#2696,#2698,#2700,#2702,#2704,#2706,#2708,#2710,#2712,#2714,
#2716,#2717,#2719,#2720,#2722,#2723,#2724,#2726,#2728,#2730,#2732,#2734));
#2736=FACE_OUTER_BOUND('',#2735,.F.);
#2737=ADVANCED_FACE('',(#2736),#2694,.F.);
#2738=CARTESIAN_POINT('',(0.E0,-1.6E1,-9.E0));
#2739=DIRECTION('',(0.E0,0.E0,-1.E0));
#2740=DIRECTION('',(0.E0,-1.E0,0.E0));
#2741=AXIS2_PLACEMENT_3D('',#2738,#2739,#2740);
#2742=PLANE('',#2741);
#2744=ORIENTED_EDGE('',*,*,#2743,.F.);
#2745=ORIENTED_EDGE('',*,*,#2695,.F.);
#2747=ORIENTED_EDGE('',*,*,#2746,.F.);
#2749=ORIENTED_EDGE('',*,*,#2748,.T.);
#2750=EDGE_LOOP('',(#2744,#2745,#2747,#2749));
#2751=FACE_OUTER_BOUND('',#2750,.F.);
#2752=ADVANCED_FACE('',(#2751),#2742,.T.);
#2753=CARTESIAN_POINT('',(0.E0,-1.6E1,-9.E0));
#2754=DIRECTION('',(0.E0,0.E0,-1.E0));
#2755=DIRECTION('',(0.E0,-1.E0,0.E0));
#2756=AXIS2_PLACEMENT_3D('',#2753,#2754,#2755);
#2757=PLANE('',#2756);
#2759=ORIENTED_EDGE('',*,*,#2758,.T.);
#2761=ORIENTED_EDGE('',*,*,#2760,.T.);
#2763=ORIENTED_EDGE('',*,*,#2762,.F.);
#2764=ORIENTED_EDGE('',*,*,#2731,.F.);
#2765=EDGE_LOOP('',(#2759,#2761,#2763,#2764));
#2766=FACE_OUTER_BOUND('',#2765,.F.);
#2767=ADVANCED_FACE('',(#2766),#2757,.T.);
#2768=CARTESIAN_POINT('',(1.475611658469E2,-2.4E1,-8.E0));
#2769=DIRECTION('',(-1.E0,0.E0,0.E0));
#2770=DIRECTION('',(0.E0,0.E0,-1.E0));
#2771=AXIS2_PLACEMENT_3D('',#2768,#2769,#2770);
#2772=CYLINDRICAL_SURFACE('',#2771,1.E0);
#2774=ORIENTED_EDGE('',*,*,#2773,.T.);
#2776=ORIENTED_EDGE('',*,*,#2775,.F.);
#2777=ORIENTED_EDGE('',*,*,#2697,.T.);
#2778=ORIENTED_EDGE('',*,*,#2743,.T.);
#2779=EDGE_LOOP('',(#2774,#2776,#2777,#2778));
#2780=FACE_OUTER_BOUND('',#2779,.F.);
#2781=ADVANCED_FACE('',(#2780),#2772,.T.);
#2782=CARTESIAN_POINT('',(-3.E1,0.E0,0.E0));
#2783=DIRECTION('',(-1.E0,0.E0,0.E0));
#2784=DIRECTION('',(0.E0,0.E0,-1.E0));
#2785=AXIS2_PLACEMENT_3D('',#2782,#2783,#2784);
#2786=PLANE('',#2785);
#2788=ORIENTED_EDGE('',*,*,#2787,.F.);
#2790=ORIENTED_EDGE('',*,*,#2789,.F.);
#2792=ORIENTED_EDGE('',*,*,#2791,.F.);
#2794=ORIENTED_EDGE('',*,*,#2793,.T.);
#2796=ORIENTED_EDGE('',*,*,#2795,.F.);
#2798=ORIENTED_EDGE('',*,*,#2797,.T.);
#2800=ORIENTED_EDGE('',*,*,#2799,.F.);
#2802=ORIENTED_EDGE('',*,*,#2801,.T.);
#2803=EDGE_LOOP('',(#2788,#2790,#2792,#2794,#2796,#2798,#2800,#2802));
#2804=FACE_OUTER_BOUND('',#2803,.F.);
#2805=ADVANCED_FACE('',(#2804),#2786,.T.);
#2806=CARTESIAN_POINT('',(-3.E1,0.E0,0.E0));
#2807=DIRECTION('',(-1.E0,0.E0,0.E0));
#2808=DIRECTION('',(0.E0,0.E0,-1.E0));
#2809=AXIS2_PLACEMENT_3D('',#2806,#2807,#2808);
#2810=PLANE('',#2809);
#2812=ORIENTED_EDGE('',*,*,#2811,.F.);
#2814=ORIENTED_EDGE('',*,*,#2813,.F.);
#2815=ORIENTED_EDGE('',*,*,#2773,.F.);
#2816=ORIENTED_EDGE('',*,*,#2748,.F.);
#2818=ORIENTED_EDGE('',*,*,#2817,.F.);
#2819=ORIENTED_EDGE('',*,*,#2760,.F.);
#2821=ORIENTED_EDGE('',*,*,#2820,.F.);
#2822=ORIENTED_EDGE('',*,*,#1988,.F.);
#2823=EDGE_LOOP('',(#2812,#2814,#2815,#2816,#2818,#2819,#2821,#2822));
#2824=FACE_OUTER_BOUND('',#2823,.F.);
#2825=ADVANCED_FACE('',(#2824),#2810,.T.);
#2826=CARTESIAN_POINT('',(-2.275510138423E2,-2.4E1,-1.22E2));
#2827=DIRECTION('',(1.E0,0.E0,0.E0));
#2828=DIRECTION('',(0.E0,0.E0,1.E0));
#2829=AXIS2_PLACEMENT_3D('',#2826,#2827,#2828);
#2830=CYLINDRICAL_SURFACE('',#2829,1.E0);
#2832=ORIENTED_EDGE('',*,*,#2831,.F.);
#2833=ORIENTED_EDGE('',*,*,#2787,.T.);
#2835=ORIENTED_EDGE('',*,*,#2834,.T.);
#2836=ORIENTED_EDGE('',*,*,#2701,.T.);
#2837=EDGE_LOOP('',(#2832,#2833,#2835,#2836));
#2838=FACE_OUTER_BOUND('',#2837,.F.);
#2839=ADVANCED_FACE('',(#2838),#2830,.T.);
#2840=CARTESIAN_POINT('',(0.E0,-2.5E1,0.E0));
#2841=DIRECTION('',(0.E0,-1.E0,0.E0));
#2842=DIRECTION('',(0.E0,0.E0,-1.E0));
#2843=AXIS2_PLACEMENT_3D('',#2840,#2841,#2842);
#2844=PLANE('',#2843);
#2845=ORIENTED_EDGE('',*,*,#2831,.T.);
#2846=ORIENTED_EDGE('',*,*,#2699,.F.);
#2847=ORIENTED_EDGE('',*,*,#2775,.T.);
#2848=ORIENTED_EDGE('',*,*,#2813,.T.);
#2850=ORIENTED_EDGE('',*,*,#2849,.F.);
#2851=ORIENTED_EDGE('',*,*,#2027,.T.);
#2853=ORIENTED_EDGE('',*,*,#2852,.T.);
#2854=ORIENTED_EDGE('',*,*,#2789,.T.);
#2855=EDGE_LOOP('',(#2845,#2846,#2847,#2848,#2850,#2851,#2853,#2854));
#2856=FACE_OUTER_BOUND('',#2855,.F.);
#2857=ADVANCED_FACE('',(#2856),#2844,.T.);
#2858=CARTESIAN_POINT('',(1.475611658469E2,-2.4E1,-1.E0));
#2859=DIRECTION('',(-1.E0,0.E0,0.E0));
#2860=DIRECTION('',(0.E0,-1.E0,0.E0));
#2861=AXIS2_PLACEMENT_3D('',#2858,#2859,#2860);
#2862=CYLINDRICAL_SURFACE('',#2861,1.E0);
#2863=ORIENTED_EDGE('',*,*,#2811,.T.);
#2864=ORIENTED_EDGE('',*,*,#1986,.F.);
#2865=ORIENTED_EDGE('',*,*,#2029,.T.);
#2866=ORIENTED_EDGE('',*,*,#2849,.T.);
#2867=EDGE_LOOP('',(#2863,#2864,#2865,#2866));
#2868=FACE_OUTER_BOUND('',#2867,.F.);
#2869=ADVANCED_FACE('',(#2868),#2862,.T.);
#2870=CARTESIAN_POINT('',(1.475611658469E2,-2.4E1,-1.29E2));
#2871=DIRECTION('',(-1.E0,0.E0,0.E0));
#2872=DIRECTION('',(0.E0,0.E0,-1.E0));
#2873=AXIS2_PLACEMENT_3D('',#2870,#2871,#2872);
#2874=CYLINDRICAL_SURFACE('',#2873,1.E0);
#2875=ORIENTED_EDGE('',*,*,#2791,.T.);
#2876=ORIENTED_EDGE('',*,*,#2852,.F.);
#2877=ORIENTED_EDGE('',*,*,#2025,.T.);
#2879=ORIENTED_EDGE('',*,*,#2878,.T.);
#2880=EDGE_LOOP('',(#2875,#2876,#2877,#2879));
#2881=FACE_OUTER_BOUND('',#2880,.F.);
#2882=ADVANCED_FACE('',(#2881),#2874,.T.);
#2883=CARTESIAN_POINT('',(0.E0,-3.E1,-1.3E2));
#2884=DIRECTION('',(0.E0,0.E0,-1.E0));
#2885=DIRECTION('',(0.E0,1.E0,0.E0));
#2886=AXIS2_PLACEMENT_3D('',#2883,#2884,#2885);
#2887=PLANE('',#2886);
#2888=ORIENTED_EDGE('',*,*,#2048,.F.);
#2890=ORIENTED_EDGE('',*,*,#2889,.F.);
#2891=ORIENTED_EDGE('',*,*,#2372,.F.);
#2892=ORIENTED_EDGE('',*,*,#2715,.F.);
#2894=ORIENTED_EDGE('',*,*,#2893,.T.);
#2895=ORIENTED_EDGE('',*,*,#2793,.F.);
#2896=ORIENTED_EDGE('',*,*,#2878,.F.);
#2897=ORIENTED_EDGE('',*,*,#2023,.T.);
#2898=EDGE_LOOP('',(#2888,#2890,#2891,#2892,#2894,#2895,#2896,#2897));
#2899=FACE_OUTER_BOUND('',#2898,.F.);
#2900=ADVANCED_FACE('',(#2899),#2887,.T.);
#2901=CARTESIAN_POINT('',(-3.E1,-1.096312567023E2,-1.2E2));
#2902=DIRECTION('',(0.E0,1.E0,0.E0));
#2903=DIRECTION('',(0.E0,0.E0,-1.E0));
#2904=AXIS2_PLACEMENT_3D('',#2901,#2902,#2903);
#2905=CYLINDRICAL_SURFACE('',#2904,1.E1);
#2907=ORIENTED_EDGE('',*,*,#2906,.F.);
#2909=ORIENTED_EDGE('',*,*,#2908,.F.);
#2910=ORIENTED_EDGE('',*,*,#2374,.T.);
#2911=ORIENTED_EDGE('',*,*,#2889,.T.);
#2912=EDGE_LOOP('',(#2907,#2909,#2910,#2911));
#2913=FACE_OUTER_BOUND('',#2912,.F.);
#2914=ADVANCED_FACE('',(#2913),#2905,.T.);
#2915=CARTESIAN_POINT('',(-3.E1,-4.E0,-1.2E2));
#2916=DIRECTION('',(0.E0,1.E0,0.E0));
#2917=DIRECTION('',(-9.996436969151E-1,0.E0,2.669230634280E-2));
#2918=AXIS2_PLACEMENT_3D('',#2915,#2916,#2917);
#2919=TOROIDAL_SURFACE('',#2918,9.E0,1.E0);
#2920=ORIENTED_EDGE('',*,*,#2906,.T.);
#2921=ORIENTED_EDGE('',*,*,#2046,.T.);
#2922=ORIENTED_EDGE('',*,*,#2090,.F.);
#2924=ORIENTED_EDGE('',*,*,#2923,.F.);
#2925=EDGE_LOOP('',(#2920,#2921,#2922,#2924));
#2926=FACE_OUTER_BOUND('',#2925,.F.);
#2927=ADVANCED_FACE('',(#2926),#2919,.T.);
#2928=CARTESIAN_POINT('',(-3.9E1,-4.E0,-9.470897358431E1));
#2929=DIRECTION('',(0.E0,0.E0,-1.E0));
#2930=DIRECTION('',(-1.E0,0.E0,0.E0));
#2931=AXIS2_PLACEMENT_3D('',#2928,#2929,#2930);
#2932=CYLINDRICAL_SURFACE('',#2931,1.E0);
#2934=ORIENTED_EDGE('',*,*,#2933,.T.);
#2935=ORIENTED_EDGE('',*,*,#2923,.T.);
#2936=ORIENTED_EDGE('',*,*,#2088,.F.);
#2938=ORIENTED_EDGE('',*,*,#2937,.F.);
#2939=EDGE_LOOP('',(#2934,#2935,#2936,#2938));
#2940=FACE_OUTER_BOUND('',#2939,.F.);
#2941=ADVANCED_FACE('',(#2940),#2932,.T.);
#2942=CARTESIAN_POINT('',(-4.E1,0.E0,-8.6E1));
#2943=DIRECTION('',(1.E0,0.E0,0.E0));
#2944=DIRECTION('',(0.E0,0.E0,-1.E0));
#2945=AXIS2_PLACEMENT_3D('',#2942,#2943,#2944);
#2946=PLANE('',#2945);
#2947=ORIENTED_EDGE('',*,*,#2933,.F.);
#2949=ORIENTED_EDGE('',*,*,#2948,.T.);
#2950=ORIENTED_EDGE('',*,*,#2376,.F.);
#2951=ORIENTED_EDGE('',*,*,#2908,.T.);
#2952=EDGE_LOOP('',(#2947,#2949,#2950,#2951));
#2953=FACE_OUTER_BOUND('',#2952,.F.);
#2954=ADVANCED_FACE('',(#2953),#2946,.F.);
#2955=CARTESIAN_POINT('',(-4.9E1,1.310704416535E2,-9.5E1));
#2956=DIRECTION('',(0.E0,-1.E0,0.E0));
#2957=DIRECTION('',(1.E0,0.E0,0.E0));
#2958=AXIS2_PLACEMENT_3D('',#2955,#2956,#2957);
#2959=CYLINDRICAL_SURFACE('',#2958,9.E0);
#2961=ORIENTED_EDGE('',*,*,#2960,.F.);
#2963=ORIENTED_EDGE('',*,*,#2962,.T.);
#2964=ORIENTED_EDGE('',*,*,#2378,.T.);
#2965=ORIENTED_EDGE('',*,*,#2948,.F.);
#2966=EDGE_LOOP('',(#2961,#2963,#2964,#2965));
#2967=FACE_OUTER_BOUND('',#2966,.F.);
#2968=ADVANCED_FACE('',(#2967),#2959,.F.);
#2969=CARTESIAN_POINT('',(-4.9E1,-4.E0,-9.5E1));
#2970=DIRECTION('',(0.E0,-1.E0,0.E0));
#2971=DIRECTION('',(-2.965729182909E-2,0.E0,9.995601257760E-1));
#2972=AXIS2_PLACEMENT_3D('',#2969,#2970,#2971);
#2973=TOROIDAL_SURFACE('',#2972,1.E1,1.E0);
#2974=ORIENTED_EDGE('',*,*,#2960,.T.);
#2975=ORIENTED_EDGE('',*,*,#2937,.T.);
#2976=ORIENTED_EDGE('',*,*,#2086,.F.);
#2978=ORIENTED_EDGE('',*,*,#2977,.F.);
#2979=EDGE_LOOP('',(#2974,#2975,#2976,#2978));
#2980=FACE_OUTER_BOUND('',#2979,.F.);
#2981=ADVANCED_FACE('',(#2980),#2973,.T.);
#2982=CARTESIAN_POINT('',(-7.529102641569E1,-4.E0,-8.5E1));
#2983=DIRECTION('',(1.E0,0.E0,0.E0));
#2984=DIRECTION('',(0.E0,0.E0,-1.E0));
#2985=AXIS2_PLACEMENT_3D('',#2982,#2983,#2984);
#2986=CYLINDRICAL_SURFACE('',#2985,1.E0);
#2988=ORIENTED_EDGE('',*,*,#2987,.F.);
#2990=ORIENTED_EDGE('',*,*,#2989,.T.);
#2991=ORIENTED_EDGE('',*,*,#2977,.T.);
#2992=ORIENTED_EDGE('',*,*,#2084,.F.);
#2993=EDGE_LOOP('',(#2988,#2990,#2991,#2992));
#2994=FACE_OUTER_BOUND('',#2993,.F.);
#2995=ADVANCED_FACE('',(#2994),#2986,.T.);
#2996=CARTESIAN_POINT('',(-8.5E1,-4.E0,-8.1E1));
#2997=DIRECTION('',(0.E0,-1.E0,0.E0));
#2998=DIRECTION('',(-1.E0,0.E0,0.E0));
#2999=AXIS2_PLACEMENT_3D('',#2996,#2997,#2998);
#3000=TOROIDAL_SURFACE('',#2999,4.E0,1.E0);
#3001=ORIENTED_EDGE('',*,*,#2987,.T.);
#3002=ORIENTED_EDGE('',*,*,#2082,.T.);
#3004=ORIENTED_EDGE('',*,*,#3003,.F.);
#3006=ORIENTED_EDGE('',*,*,#3005,.F.);
#3007=EDGE_LOOP('',(#3001,#3002,#3004,#3006));
#3008=FACE_OUTER_BOUND('',#3007,.F.);
#3009=ADVANCED_FACE('',(#3008),#3000,.T.);
#3010=CARTESIAN_POINT('',(-8.9E1,-4.E0,1.69468E2));
#3011=DIRECTION('',(0.E0,0.E0,-1.E0));
#3012=DIRECTION('',(-1.E0,0.E0,0.E0));
#3013=AXIS2_PLACEMENT_3D('',#3010,#3011,#3012);
#3014=CYLINDRICAL_SURFACE('',#3013,1.E0);
#3015=ORIENTED_EDGE('',*,*,#2306,.T.);
#3016=ORIENTED_EDGE('',*,*,#3003,.T.);
#3017=ORIENTED_EDGE('',*,*,#2080,.F.);
#3019=ORIENTED_EDGE('',*,*,#3018,.T.);
#3020=EDGE_LOOP('',(#3015,#3016,#3017,#3019));
#3021=FACE_OUTER_BOUND('',#3020,.F.);
#3022=ADVANCED_FACE('',(#3021),#3014,.T.);
#3023=CARTESIAN_POINT('',(-6.04E1,0.E0,-7.835E1));
#3024=DIRECTION('',(0.E0,0.E0,-1.E0));
#3025=DIRECTION('',(-1.E0,0.E0,0.E0));
#3026=AXIS2_PLACEMENT_3D('',#3023,#3024,#3025);
#3027=PLANE('',#3026);
#3028=ORIENTED_EDGE('',*,*,#2078,.T.);
#3029=ORIENTED_EDGE('',*,*,#2156,.T.);
#3030=ORIENTED_EDGE('',*,*,#2251,.T.);
#3032=ORIENTED_EDGE('',*,*,#3031,.T.);
#3034=ORIENTED_EDGE('',*,*,#3033,.F.);
#3036=ORIENTED_EDGE('',*,*,#3035,.T.);
#3037=ORIENTED_EDGE('',*,*,#2214,.T.);
#3038=ORIENTED_EDGE('',*,*,#2282,.F.);
#3039=ORIENTED_EDGE('',*,*,#2308,.T.);
#3040=ORIENTED_EDGE('',*,*,#3018,.F.);
#3041=EDGE_LOOP('',(#3028,#3029,#3030,#3032,#3034,#3036,#3037,#3038,#3039,
#3040));
#3042=FACE_OUTER_BOUND('',#3041,.F.);
#3043=ADVANCED_FACE('',(#3042),#3027,.T.);
#3044=CARTESIAN_POINT('',(-6.285656087126E1,1.400216259664E1,-7.835E1));
#3045=DIRECTION('',(6.156614753257E-1,-7.880107536067E-1,0.E0));
#3046=DIRECTION('',(-7.880107536067E-1,-6.156614753257E-1,0.E0));
#3047=AXIS2_PLACEMENT_3D('',#3044,#3045,#3046);
#3048=PLANE('',#3047);
#3049=ORIENTED_EDGE('',*,*,#2249,.F.);
#3051=ORIENTED_EDGE('',*,*,#3050,.T.);
#3053=ORIENTED_EDGE('',*,*,#3052,.F.);
#3054=ORIENTED_EDGE('',*,*,#3031,.F.);
#3055=EDGE_LOOP('',(#3049,#3051,#3053,#3054));
#3056=FACE_OUTER_BOUND('',#3055,.F.);
#3057=ADVANCED_FACE('',(#3056),#3048,.F.);
#3058=CARTESIAN_POINT('',(-6.285656087126E1,1.400216259664E1,-7.835E1));
#3059=DIRECTION('',(6.156614753257E-1,-7.880107536067E-1,0.E0));
#3060=DIRECTION('',(-7.880107536067E-1,-6.156614753257E-1,0.E0));
#3061=AXIS2_PLACEMENT_3D('',#3058,#3059,#3060);
#3062=PLANE('',#3061);
#3063=ORIENTED_EDGE('',*,*,#2233,.F.);
#3064=ORIENTED_EDGE('',*,*,#2130,.T.);
#3066=ORIENTED_EDGE('',*,*,#3065,.F.);
#3068=ORIENTED_EDGE('',*,*,#3067,.F.);
#3069=EDGE_LOOP('',(#3063,#3064,#3066,#3068));
#3070=FACE_OUTER_BOUND('',#3069,.F.);
#3071=ADVANCED_FACE('',(#3070),#3062,.F.);
#3072=CARTESIAN_POINT('',(-3.760001026791E1,1.812581851279E1,-7.15E1));
#3073=DIRECTION('',(0.E0,0.E0,-1.E0));
#3074=DIRECTION('',(-7.880107536067E-1,-6.156614753257E-1,0.E0));
#3075=AXIS2_PLACEMENT_3D('',#3072,#3073,#3074);
#3076=PLANE('',#3075);
#3078=ORIENTED_EDGE('',*,*,#3077,.T.);
#3080=ORIENTED_EDGE('',*,*,#3079,.F.);
#3081=ORIENTED_EDGE('',*,*,#2278,.T.);
#3082=ORIENTED_EDGE('',*,*,#2218,.F.);
#3084=ORIENTED_EDGE('',*,*,#3083,.F.);
#3086=ORIENTED_EDGE('',*,*,#3085,.F.);
#3088=ORIENTED_EDGE('',*,*,#3087,.T.);
#3090=ORIENTED_EDGE('',*,*,#3089,.T.);
#3092=ORIENTED_EDGE('',*,*,#3091,.T.);
#3094=ORIENTED_EDGE('',*,*,#3093,.F.);
#3095=ORIENTED_EDGE('',*,*,#3050,.F.);
#3096=ORIENTED_EDGE('',*,*,#2247,.F.);
#3097=EDGE_LOOP('',(#3078,#3080,#3081,#3082,#3084,#3086,#3088,#3090,#3092,#3094,
#3095,#3096));
#3098=FACE_OUTER_BOUND('',#3097,.F.);
#3099=ADVANCED_FACE('',(#3098),#3076,.F.);
#3100=CARTESIAN_POINT('',(-6.812311774381E1,5.E0,-7.535E1));
#3101=DIRECTION('',(-6.156614753257E-1,7.880107536067E-1,0.E0));
#3102=DIRECTION('',(7.880107536067E-1,6.156614753257E-1,0.E0));
#3103=AXIS2_PLACEMENT_3D('',#3100,#3101,#3102);
#3104=PLANE('',#3103);
#3106=ORIENTED_EDGE('',*,*,#3105,.F.);
#3108=ORIENTED_EDGE('',*,*,#3107,.T.);
#3109=ORIENTED_EDGE('',*,*,#2173,.T.);
#3110=ORIENTED_EDGE('',*,*,#2228,.T.);
#3111=EDGE_LOOP('',(#3106,#3108,#3109,#3110));
#3112=FACE_OUTER_BOUND('',#3111,.F.);
#3113=ADVANCED_FACE('',(#3112),#3104,.F.);
#3114=CARTESIAN_POINT('',(-6.812311774381E1,5.E0,-7.535E1));
#3115=DIRECTION('',(-6.156614753257E-1,7.880107536067E-1,0.E0));
#3116=DIRECTION('',(7.880107536067E-1,6.156614753257E-1,0.E0));
#3117=AXIS2_PLACEMENT_3D('',#3114,#3115,#3116);
#3118=PLANE('',#3117);
#3119=ORIENTED_EDGE('',*,*,#3077,.F.);
#3120=ORIENTED_EDGE('',*,*,#2245,.T.);
#3122=ORIENTED_EDGE('',*,*,#3121,.F.);
#3124=ORIENTED_EDGE('',*,*,#3123,.T.);
#3125=EDGE_LOOP('',(#3119,#3120,#3122,#3124));
#3126=FACE_OUTER_BOUND('',#3125,.F.);
#3127=ADVANCED_FACE('',(#3126),#3118,.F.);
#3128=CARTESIAN_POINT('',(-6.08E1,0.E0,-5.85E1));
#3129=DIRECTION('',(0.E0,0.E0,1.E0));
#3130=DIRECTION('',(7.880107536067E-1,6.156614753257E-1,0.E0));
#3131=AXIS2_PLACEMENT_3D('',#3128,#3129,#3130);
#3132=PLANE('',#3131);
#3133=ORIENTED_EDGE('',*,*,#3105,.T.);
#3134=ORIENTED_EDGE('',*,*,#2235,.T.);
#3135=ORIENTED_EDGE('',*,*,#3067,.T.);
#3137=ORIENTED_EDGE('',*,*,#3136,.T.);
#3139=ORIENTED_EDGE('',*,*,#3138,.T.);
#3141=ORIENTED_EDGE('',*,*,#3140,.F.);
#3143=ORIENTED_EDGE('',*,*,#3142,.T.);
#3145=ORIENTED_EDGE('',*,*,#3144,.T.);
#3147=ORIENTED_EDGE('',*,*,#3146,.T.);
#3148=ORIENTED_EDGE('',*,*,#2199,.T.);
#3149=ORIENTED_EDGE('',*,*,#2267,.T.);
#3151=ORIENTED_EDGE('',*,*,#3150,.T.);
#3152=EDGE_LOOP('',(#3133,#3134,#3135,#3137,#3139,#3141,#3143,#3145,#3147,#3148,
#3149,#3151));
#3153=FACE_OUTER_BOUND('',#3152,.F.);
#3154=ADVANCED_FACE('',(#3153),#3132,.F.);
#3155=CARTESIAN_POINT('',(-7.078606506459E1,1.440584966344E1,-7.835E1));
#3156=DIRECTION('',(-7.880107536067E-1,-6.156614753257E-1,0.E0));
#3157=DIRECTION('',(-6.156614753257E-1,7.880107536067E-1,0.E0));
#3158=AXIS2_PLACEMENT_3D('',#3155,#3156,#3157);
#3159=PLANE('',#3158);
#3160=ORIENTED_EDGE('',*,*,#3033,.T.);
#3161=ORIENTED_EDGE('',*,*,#3052,.T.);
#3162=ORIENTED_EDGE('',*,*,#3093,.T.);
#3164=ORIENTED_EDGE('',*,*,#3163,.F.);
#3166=ORIENTED_EDGE('',*,*,#3165,.F.);
#3168=ORIENTED_EDGE('',*,*,#3167,.T.);
#3169=ORIENTED_EDGE('',*,*,#3085,.T.);
#3171=ORIENTED_EDGE('',*,*,#3170,.F.);
#3172=EDGE_LOOP('',(#3160,#3161,#3162,#3164,#3166,#3168,#3169,#3171));
#3173=FACE_OUTER_BOUND('',#3172,.F.);
#3174=ADVANCED_FACE('',(#3173),#3159,.F.);
#3175=CARTESIAN_POINT('',(-7.078606506459E1,1.440584966344E1,-7.835E1));
#3176=DIRECTION('',(-7.880107536067E-1,-6.156614753257E-1,0.E0));
#3177=DIRECTION('',(-6.156614753257E-1,7.880107536067E-1,0.E0));
#3178=AXIS2_PLACEMENT_3D('',#3175,#3176,#3177);
#3179=PLANE('',#3178);
#3181=ORIENTED_EDGE('',*,*,#3180,.T.);
#3183=ORIENTED_EDGE('',*,*,#3182,.F.);
#3184=ORIENTED_EDGE('',*,*,#3136,.F.);
#3185=ORIENTED_EDGE('',*,*,#3065,.T.);
#3186=ORIENTED_EDGE('',*,*,#2128,.T.);
#3188=ORIENTED_EDGE('',*,*,#3187,.F.);
#3189=ORIENTED_EDGE('',*,*,#3144,.F.);
#3191=ORIENTED_EDGE('',*,*,#3190,.T.);
#3192=EDGE_LOOP('',(#3181,#3183,#3184,#3185,#3186,#3188,#3189,#3191));
#3193=FACE_OUTER_BOUND('',#3192,.F.);
#3194=ADVANCED_FACE('',(#3193),#3179,.F.);
#3195=CARTESIAN_POINT('',(-6.757924887453E1,1.112104773230E1,-7.835E1));
#3196=DIRECTION('',(-6.156614753257E-1,7.880107536067E-1,0.E0));
#3197=DIRECTION('',(7.880107536067E-1,6.156614753257E-1,0.E0));
#3198=AXIS2_PLACEMENT_3D('',#3195,#3196,#3197);
#3199=PLANE('',#3198);
#3200=ORIENTED_EDGE('',*,*,#3163,.T.);
#3201=ORIENTED_EDGE('',*,*,#3091,.F.);
#3203=ORIENTED_EDGE('',*,*,#3202,.F.);
#3205=ORIENTED_EDGE('',*,*,#3204,.F.);
#3207=ORIENTED_EDGE('',*,*,#3206,.F.);
#3209=ORIENTED_EDGE('',*,*,#3208,.F.);
#3210=EDGE_LOOP('',(#3200,#3201,#3203,#3205,#3207,#3209));
#3211=FACE_OUTER_BOUND('',#3210,.F.);
#3212=ADVANCED_FACE('',(#3211),#3199,.F.);
#3213=CARTESIAN_POINT('',(-6.757924887453E1,1.112104773230E1,-7.835E1));
#3214=DIRECTION('',(-6.156614753257E-1,7.880107536067E-1,0.E0));
#3215=DIRECTION('',(7.880107536067E-1,6.156614753257E-1,0.E0));
#3216=AXIS2_PLACEMENT_3D('',#3213,#3214,#3215);
#3217=PLANE('',#3216);
#3219=ORIENTED_EDGE('',*,*,#3218,.F.);
#3221=ORIENTED_EDGE('',*,*,#3220,.F.);
#3223=ORIENTED_EDGE('',*,*,#3222,.F.);
#3224=ORIENTED_EDGE('',*,*,#3138,.F.);
#3225=ORIENTED_EDGE('',*,*,#3182,.T.);
#3227=ORIENTED_EDGE('',*,*,#3226,.T.);
#3228=EDGE_LOOP('',(#3219,#3221,#3223,#3224,#3225,#3227));
#3229=FACE_OUTER_BOUND('',#3228,.F.);
#3230=ADVANCED_FACE('',(#3229),#3217,.F.);
#3231=CARTESIAN_POINT('',(-6.639723274412E1,1.204453994529E1,-7.11E1));
#3232=DIRECTION('',(-2.926598467563E-1,-2.286509317264E-1,9.284766908853E-1));
#3233=DIRECTION('',(-7.316496168908E-1,-5.716273293159E-1,-3.713906763541E-1));
#3234=AXIS2_PLACEMENT_3D('',#3231,#3232,#3233);
#3235=PLANE('',#3234);
#3236=ORIENTED_EDGE('',*,*,#3089,.F.);
#3238=ORIENTED_EDGE('',*,*,#3237,.F.);
#3240=ORIENTED_EDGE('',*,*,#3239,.F.);
#3241=ORIENTED_EDGE('',*,*,#3202,.T.);
#3242=EDGE_LOOP('',(#3236,#3238,#3240,#3241));
#3243=FACE_OUTER_BOUND('',#3242,.F.);
#3244=ADVANCED_FACE('',(#3243),#3235,.T.);
#3245=CARTESIAN_POINT('',(-7.602971774905E1,3.005850088377E1,-7.835E1));
#3246=DIRECTION('',(6.156614753257E-1,-7.880107536067E-1,0.E0));
#3247=DIRECTION('',(-7.880107536067E-1,-6.156614753257E-1,0.E0));
#3248=AXIS2_PLACEMENT_3D('',#3245,#3246,#3247);
#3249=PLANE('',#3248);
#3251=ORIENTED_EDGE('',*,*,#3250,.F.);
#3253=ORIENTED_EDGE('',*,*,#3252,.T.);
#3255=ORIENTED_EDGE('',*,*,#3254,.T.);
#3256=ORIENTED_EDGE('',*,*,#3237,.T.);
#3257=ORIENTED_EDGE('',*,*,#3087,.F.);
#3258=ORIENTED_EDGE('',*,*,#3167,.F.);
#3259=EDGE_LOOP('',(#3251,#3253,#3255,#3256,#3257,#3258));
#3260=FACE_OUTER_BOUND('',#3259,.F.);
#3261=ADVANCED_FACE('',(#3260),#3249,.F.);
#3262=CARTESIAN_POINT('',(-7.602971774905E1,3.005850088377E1,-7.835E1));
#3263=DIRECTION('',(6.156614753257E-1,-7.880107536067E-1,0.E0));
#3264=DIRECTION('',(-7.880107536067E-1,-6.156614753257E-1,0.E0));
#3265=AXIS2_PLACEMENT_3D('',#3262,#3263,#3264);
#3266=PLANE('',#3265);
#3267=ORIENTED_EDGE('',*,*,#3142,.F.);
#3269=ORIENTED_EDGE('',*,*,#3268,.T.);
#3271=ORIENTED_EDGE('',*,*,#3270,.T.);
#3273=ORIENTED_EDGE('',*,*,#3272,.T.);
#3275=ORIENTED_EDGE('',*,*,#3274,.T.);
#3276=ORIENTED_EDGE('',*,*,#3190,.F.);
#3277=EDGE_LOOP('',(#3267,#3269,#3271,#3273,#3275,#3276));
#3278=FACE_OUTER_BOUND('',#3277,.F.);
#3279=ADVANCED_FACE('',(#3278),#3266,.F.);
#3280=CARTESIAN_POINT('',(-6.617913414384E1,1.745032882606E1,-7.3E1));
#3281=DIRECTION('',(0.E0,0.E0,1.E0));
#3282=DIRECTION('',(6.156614753257E-1,-7.880107536067E-1,0.E0));
#3283=AXIS2_PLACEMENT_3D('',#3280,#3281,#3282);
#3284=PLANE('',#3283);
#3285=ORIENTED_EDGE('',*,*,#3165,.T.);
#3286=ORIENTED_EDGE('',*,*,#3208,.T.);
#3288=ORIENTED_EDGE('',*,*,#3287,.T.);
#3289=ORIENTED_EDGE('',*,*,#3250,.T.);
#3290=EDGE_LOOP('',(#3285,#3286,#3288,#3289));
#3291=FACE_OUTER_BOUND('',#3290,.F.);
#3292=ADVANCED_FACE('',(#3291),#3284,.F.);
#3293=CARTESIAN_POINT('',(-6.671750248312E1,1.813940887697E1,-7.835E1));
#3294=DIRECTION('',(-7.880107536067E-1,-6.156614753257E-1,0.E0));
#3295=DIRECTION('',(-6.156614753257E-1,7.880107536067E-1,0.E0));
#3296=AXIS2_PLACEMENT_3D('',#3293,#3294,#3295);
#3297=PLANE('',#3296);
#3299=ORIENTED_EDGE('',*,*,#3298,.F.);
#3300=ORIENTED_EDGE('',*,*,#3252,.F.);
#3301=ORIENTED_EDGE('',*,*,#3287,.F.);
#3302=ORIENTED_EDGE('',*,*,#3206,.T.);
#3303=EDGE_LOOP('',(#3299,#3300,#3301,#3302));
#3304=FACE_OUTER_BOUND('',#3303,.F.);
#3305=ADVANCED_FACE('',(#3304),#3297,.F.);
#3306=CARTESIAN_POINT('',(-6.671750248312E1,1.813940887697E1,-7.835E1));
#3307=DIRECTION('',(-7.880107536067E-1,-6.156614753257E-1,0.E0));
#3308=DIRECTION('',(-6.156614753257E-1,7.880107536067E-1,0.E0));
#3309=AXIS2_PLACEMENT_3D('',#3306,#3307,#3308);
#3310=PLANE('',#3309);
#3312=ORIENTED_EDGE('',*,*,#3311,.T.);
#3313=ORIENTED_EDGE('',*,*,#3218,.T.);
#3315=ORIENTED_EDGE('',*,*,#3314,.T.);
#3316=ORIENTED_EDGE('',*,*,#3272,.F.);
#3317=EDGE_LOOP('',(#3312,#3313,#3315,#3316));
#3318=FACE_OUTER_BOUND('',#3317,.F.);
#3319=ADVANCED_FACE('',(#3318),#3310,.F.);
#3320=CARTESIAN_POINT('',(-6.363919510649E1,1.419935510893E1,-7.15E1));
#3321=DIRECTION('',(8.947593487004E-2,6.990626183222E-2,9.935326726564E-1));
#3322=DIRECTION('',(-7.829144301129E-1,-6.116797910319E-1,1.135465911607E-1));
#3323=AXIS2_PLACEMENT_3D('',#3320,#3321,#3322);
#3324=PLANE('',#3323);
#3325=ORIENTED_EDGE('',*,*,#3298,.T.);
#3326=ORIENTED_EDGE('',*,*,#3204,.T.);
#3327=ORIENTED_EDGE('',*,*,#3239,.T.);
#3328=ORIENTED_EDGE('',*,*,#3254,.F.);
#3329=EDGE_LOOP('',(#3325,#3326,#3327,#3328));
#3330=FACE_OUTER_BOUND('',#3329,.F.);
#3331=ADVANCED_FACE('',(#3330),#3324,.T.);
#3332=CARTESIAN_POINT('',(-6.639723274412E1,1.204453994529E1,-5.89E1));
#3333=DIRECTION('',(8.947593487004E-2,6.990626183222E-2,-9.935326726564E-1));
#3334=DIRECTION('',(7.829144301129E-1,6.116797910319E-1,1.135465911607E-1));
#3335=AXIS2_PLACEMENT_3D('',#3332,#3333,#3334);
#3336=PLANE('',#3335);
#3337=ORIENTED_EDGE('',*,*,#3311,.F.);
#3338=ORIENTED_EDGE('',*,*,#3270,.F.);
#3340=ORIENTED_EDGE('',*,*,#3339,.F.);
#3341=ORIENTED_EDGE('',*,*,#3220,.T.);
#3342=EDGE_LOOP('',(#3337,#3338,#3340,#3341));
#3343=FACE_OUTER_BOUND('',#3342,.F.);
#3344=ADVANCED_FACE('',(#3343),#3336,.T.);
#3345=CARTESIAN_POINT('',(-6.718524349772E1,1.142887846997E1,-5.85E1));
#3346=DIRECTION('',(-2.926598467563E-1,-2.286509317264E-1,-9.284766908853E-1));
#3347=DIRECTION('',(7.316496168908E-1,5.716273293159E-1,-3.713906763541E-1));
#3348=AXIS2_PLACEMENT_3D('',#3345,#3346,#3347);
#3349=PLANE('',#3348);
#3350=ORIENTED_EDGE('',*,*,#3140,.T.);
#3351=ORIENTED_EDGE('',*,*,#3222,.T.);
#3352=ORIENTED_EDGE('',*,*,#3339,.T.);
#3353=ORIENTED_EDGE('',*,*,#3268,.F.);
#3354=EDGE_LOOP('',(#3350,#3351,#3352,#3353));
#3355=FACE_OUTER_BOUND('',#3354,.F.);
#3356=ADVANCED_FACE('',(#3355),#3349,.T.);
#3357=CARTESIAN_POINT('',(-6.363919510649E1,1.419935510893E1,-5.7E1));
#3358=DIRECTION('',(0.E0,0.E0,-1.E0));
#3359=DIRECTION('',(-6.156614753257E-1,7.880107536067E-1,0.E0));
#3360=AXIS2_PLACEMENT_3D('',#3357,#3358,#3359);
#3361=PLANE('',#3360);
#3362=ORIENTED_EDGE('',*,*,#3226,.F.);
#3363=ORIENTED_EDGE('',*,*,#3180,.F.);
#3364=ORIENTED_EDGE('',*,*,#3274,.F.);
#3365=ORIENTED_EDGE('',*,*,#3314,.F.);
#3366=EDGE_LOOP('',(#3362,#3363,#3364,#3365));
#3367=FACE_OUTER_BOUND('',#3366,.F.);
#3368=ADVANCED_FACE('',(#3367),#3361,.F.);
#3369=CARTESIAN_POINT('',(-8.075978096487E1,2.717162387187E1,-7.835E1));
#3370=DIRECTION('',(-6.156614753257E-1,7.880107536067E-1,0.E0));
#3371=DIRECTION('',(7.880107536067E-1,6.156614753257E-1,0.E0));
#3372=AXIS2_PLACEMENT_3D('',#3369,#3370,#3371);
#3373=PLANE('',#3372);
#3374=ORIENTED_EDGE('',*,*,#2216,.T.);
#3375=ORIENTED_EDGE('',*,*,#3035,.F.);
#3376=ORIENTED_EDGE('',*,*,#3170,.T.);
#3377=ORIENTED_EDGE('',*,*,#3083,.T.);
#3378=EDGE_LOOP('',(#3374,#3375,#3376,#3377));
#3379=FACE_OUTER_BOUND('',#3378,.F.);
#3380=ADVANCED_FACE('',(#3379),#3373,.F.);
#3381=CARTESIAN_POINT('',(-8.075978096487E1,2.717162387187E1,-7.835E1));
#3382=DIRECTION('',(-6.156614753257E-1,7.880107536067E-1,0.E0));
#3383=DIRECTION('',(7.880107536067E-1,6.156614753257E-1,0.E0));
#3384=AXIS2_PLACEMENT_3D('',#3381,#3382,#3383);
#3385=PLANE('',#3384);
#3386=ORIENTED_EDGE('',*,*,#2201,.T.);
#3387=ORIENTED_EDGE('',*,*,#3146,.F.);
#3388=ORIENTED_EDGE('',*,*,#3187,.T.);
#3389=ORIENTED_EDGE('',*,*,#2126,.T.);
#3390=EDGE_LOOP('',(#3386,#3387,#3388,#3389));
#3391=FACE_OUTER_BOUND('',#3390,.F.);
#3392=ADVANCED_FACE('',(#3391),#3385,.F.);
#3393=CARTESIAN_POINT('',(-1.852447310226E1,-6.466795699496E1,
-6.230761184457E1));
#3394=DIRECTION('',(-5.572077475232E-1,-4.353384041181E-1,7.071067811865E-1));
#3395=DIRECTION('',(5.572077475232E-1,4.353384041181E-1,7.071067811865E-1));
#3396=AXIS2_PLACEMENT_3D('',#3393,#3394,#3395);
#3397=PLANE('',#3396);
#3398=ORIENTED_EDGE('',*,*,#3150,.F.);
#3399=ORIENTED_EDGE('',*,*,#2315,.F.);
#3401=ORIENTED_EDGE('',*,*,#3400,.T.);
#3403=ORIENTED_EDGE('',*,*,#3402,.T.);
#3404=EDGE_LOOP('',(#3398,#3399,#3401,#3403));
#3405=FACE_OUTER_BOUND('',#3404,.F.);
#3406=ADVANCED_FACE('',(#3405),#3397,.F.);
#3407=CARTESIAN_POINT('',(-1.852447310226E1,-6.466795699496E1,
-6.769238815543E1));
#3408=DIRECTION('',(-7.880107536067E-1,-6.156614753257E-1,0.E0));
#3409=DIRECTION('',(0.E0,0.E0,1.E0));
#3410=AXIS2_PLACEMENT_3D('',#3407,#3408,#3409);
#3411=PLANE('',#3410);
#3412=ORIENTED_EDGE('',*,*,#3400,.F.);
#3413=ORIENTED_EDGE('',*,*,#2313,.F.);
#3415=ORIENTED_EDGE('',*,*,#3414,.T.);
#3417=ORIENTED_EDGE('',*,*,#3416,.T.);
#3418=EDGE_LOOP('',(#3412,#3413,#3415,#3417));
#3419=FACE_OUTER_BOUND('',#3418,.F.);
#3420=ADVANCED_FACE('',(#3419),#3411,.F.);
#3421=CARTESIAN_POINT('',(-1.552403402317E1,-6.232375706926E1,-7.15E1));
#3422=DIRECTION('',(-5.572077475232E-1,-4.353384041181E-1,-7.071067811865E-1));
#3423=DIRECTION('',(-5.572077475232E-1,-4.353384041181E-1,7.071067811865E-1));
#3424=AXIS2_PLACEMENT_3D('',#3421,#3422,#3423);
#3425=PLANE('',#3424);
#3426=ORIENTED_EDGE('',*,*,#3079,.T.);
#3428=ORIENTED_EDGE('',*,*,#3427,.T.);
#3429=ORIENTED_EDGE('',*,*,#3414,.F.);
#3430=ORIENTED_EDGE('',*,*,#2311,.T.);
#3431=EDGE_LOOP('',(#3426,#3428,#3429,#3430));
#3432=FACE_OUTER_BOUND('',#3431,.F.);
#3433=ADVANCED_FACE('',(#3432),#3425,.F.);
#3434=CARTESIAN_POINT('',(-8.E1,5.E0,0.E0));
#3435=DIRECTION('',(0.E0,-1.E0,0.E0));
#3436=DIRECTION('',(0.E0,0.E0,1.E0));
#3437=AXIS2_PLACEMENT_3D('',#3434,#3435,#3436);
#3438=PLANE('',#3437);
#3439=ORIENTED_EDGE('',*,*,#3123,.F.);
#3441=ORIENTED_EDGE('',*,*,#3440,.T.);
#3443=ORIENTED_EDGE('',*,*,#3442,.F.);
#3444=ORIENTED_EDGE('',*,*,#2175,.T.);
#3445=ORIENTED_EDGE('',*,*,#3107,.F.);
#3446=ORIENTED_EDGE('',*,*,#3402,.F.);
#3447=ORIENTED_EDGE('',*,*,#3416,.F.);
#3448=ORIENTED_EDGE('',*,*,#3427,.F.);
#3449=EDGE_LOOP('',(#3439,#3441,#3443,#3444,#3445,#3446,#3447,#3448));
#3450=FACE_OUTER_BOUND('',#3449,.F.);
#3451=ADVANCED_FACE('',(#3450),#3438,.T.);
#3452=CARTESIAN_POINT('',(-6.04E1,-1.2E1,-7.535E1));
#3453=DIRECTION('',(0.E0,0.E0,-1.E0));
#3454=DIRECTION('',(1.E0,0.E0,0.E0));
#3455=AXIS2_PLACEMENT_3D('',#3452,#3453,#3454);
#3456=PLANE('',#3455);
#3457=ORIENTED_EDGE('',*,*,#3440,.F.);
#3458=ORIENTED_EDGE('',*,*,#3121,.T.);
#3459=ORIENTED_EDGE('',*,*,#2254,.T.);
#3460=ORIENTED_EDGE('',*,*,#2159,.F.);
#3461=ORIENTED_EDGE('',*,*,#2074,.T.);
#3463=ORIENTED_EDGE('',*,*,#3462,.T.);
#3464=ORIENTED_EDGE('',*,*,#2385,.T.);
#3465=ORIENTED_EDGE('',*,*,#2300,.F.);
#3467=ORIENTED_EDGE('',*,*,#3466,.F.);
#3469=ORIENTED_EDGE('',*,*,#3468,.F.);
#3470=EDGE_LOOP('',(#3457,#3458,#3459,#3460,#3461,#3463,#3464,#3465,#3467,
#3469));
#3471=FACE_OUTER_BOUND('',#3470,.F.);
#3472=ADVANCED_FACE('',(#3471),#3456,.F.);
#3473=CARTESIAN_POINT('',(-4.039399730094E1,3.9108E1,-8.535E1));
#3474=DIRECTION('',(0.E0,-1.E0,0.E0));
#3475=DIRECTION('',(9.997617976565E-1,0.E0,2.182539682540E-2));
#3476=AXIS2_PLACEMENT_3D('',#3473,#3474,#3475);
#3477=CYLINDRICAL_SURFACE('',#3476,1.E1);
#3479=ORIENTED_EDGE('',*,*,#3478,.T.);
#3480=ORIENTED_EDGE('',*,*,#2387,.F.);
#3481=ORIENTED_EDGE('',*,*,#3462,.F.);
#3482=ORIENTED_EDGE('',*,*,#2072,.F.);
#3483=EDGE_LOOP('',(#3479,#3480,#3481,#3482));
#3484=FACE_OUTER_BOUND('',#3483,.F.);
#3485=ADVANCED_FACE('',(#3484),#3477,.T.);
#3486=CARTESIAN_POINT('',(-1.52E1,-6.9108E1,-8.48E1));
#3487=DIRECTION('',(0.E0,1.E0,0.E0));
#3488=DIRECTION('',(1.E0,0.E0,0.E0));
#3489=AXIS2_PLACEMENT_3D('',#3486,#3487,#3488);
#3490=CYLINDRICAL_SURFACE('',#3489,1.52E1);
#3491=ORIENTED_EDGE('',*,*,#2389,.F.);
#3492=ORIENTED_EDGE('',*,*,#3478,.F.);
#3493=ORIENTED_EDGE('',*,*,#2070,.F.);
#3495=ORIENTED_EDGE('',*,*,#3494,.F.);
#3496=EDGE_LOOP('',(#3491,#3492,#3493,#3495));
#3497=FACE_OUTER_BOUND('',#3496,.F.);
#3498=ADVANCED_FACE('',(#3497),#3490,.F.);
#3499=CARTESIAN_POINT('',(0.E0,0.E0,0.E0));
#3500=DIRECTION('',(1.E0,0.E0,0.E0));
#3501=DIRECTION('',(0.E0,0.E0,-1.E0));
#3502=AXIS2_PLACEMENT_3D('',#3499,#3500,#3501);
#3503=PLANE('',#3502);
#3504=ORIENTED_EDGE('',*,*,#2391,.T.);
#3505=ORIENTED_EDGE('',*,*,#3494,.T.);
#3506=ORIENTED_EDGE('',*,*,#2068,.T.);
#3508=ORIENTED_EDGE('',*,*,#3507,.F.);
#3509=EDGE_LOOP('',(#3504,#3505,#3506,#3508));
#3510=FACE_OUTER_BOUND('',#3509,.F.);
#3511=ADVANCED_FACE('',(#3510),#3503,.F.);
#3512=CARTESIAN_POINT('',(-1.52E1,-6.9108E1,-4.52E1));
#3513=DIRECTION('',(0.E0,1.E0,0.E0));
#3514=DIRECTION('',(-1.E0,0.E0,0.E0));
#3515=AXIS2_PLACEMENT_3D('',#3512,#3513,#3514);
#3516=CYLINDRICAL_SURFACE('',#3515,1.52E1);
#3517=ORIENTED_EDGE('',*,*,#2393,.F.);
#3518=ORIENTED_EDGE('',*,*,#3507,.T.);
#3519=ORIENTED_EDGE('',*,*,#2066,.F.);
#3521=ORIENTED_EDGE('',*,*,#3520,.F.);
#3522=EDGE_LOOP('',(#3517,#3518,#3519,#3521));
#3523=FACE_OUTER_BOUND('',#3522,.F.);
#3524=ADVANCED_FACE('',(#3523),#3516,.F.);
#3525=CARTESIAN_POINT('',(-4.039399730094E1,-6.9108E1,-4.465E1));
#3526=DIRECTION('',(0.E0,1.E0,0.E0));
#3527=DIRECTION('',(9.997617976565E-1,0.E0,-2.182539682540E-2));
#3528=AXIS2_PLACEMENT_3D('',#3525,#3526,#3527);
#3529=CYLINDRICAL_SURFACE('',#3528,1.E1);
#3530=ORIENTED_EDGE('',*,*,#3520,.T.);
#3531=ORIENTED_EDGE('',*,*,#2064,.F.);
#3532=ORIENTED_EDGE('',*,*,#2185,.F.);
#3533=ORIENTED_EDGE('',*,*,#2395,.F.);
#3534=EDGE_LOOP('',(#3530,#3531,#3532,#3533));
#3535=FACE_OUTER_BOUND('',#3534,.F.);
#3536=ADVANCED_FACE('',(#3535),#3529,.T.);
#3537=CARTESIAN_POINT('',(-8.E1,8.332186883280E0,-5.465E1));
#3538=DIRECTION('',(7.880107536067E-1,6.156614753257E-1,0.E0));
#3539=DIRECTION('',(6.156614753257E-1,-7.880107536067E-1,0.E0));
#3540=AXIS2_PLACEMENT_3D('',#3537,#3538,#3539);
#3541=PLANE('',#3540);
#3543=ORIENTED_EDGE('',*,*,#3542,.T.);
#3544=ORIENTED_EDGE('',*,*,#3466,.T.);
#3545=ORIENTED_EDGE('',*,*,#2298,.F.);
#3546=ORIENTED_EDGE('',*,*,#2179,.T.);
#3547=EDGE_LOOP('',(#3543,#3544,#3545,#3546));
#3548=FACE_OUTER_BOUND('',#3547,.F.);
#3549=ADVANCED_FACE('',(#3548),#3541,.F.);
#3550=CARTESIAN_POINT('',(-7.642114510613E1,7.E0,1.69468E2));
#3551=DIRECTION('',(0.E0,0.E0,-1.E0));
#3552=DIRECTION('',(0.E0,-1.E0,0.E0));
#3553=AXIS2_PLACEMENT_3D('',#3550,#3551,#3552);
#3554=CYLINDRICAL_SURFACE('',#3553,2.E0);
#3555=ORIENTED_EDGE('',*,*,#3442,.T.);
#3556=ORIENTED_EDGE('',*,*,#3468,.T.);
#3557=ORIENTED_EDGE('',*,*,#3542,.F.);
#3558=ORIENTED_EDGE('',*,*,#2177,.T.);
#3559=EDGE_LOOP('',(#3555,#3556,#3557,#3558));
#3560=FACE_OUTER_BOUND('',#3559,.F.);
#3561=ADVANCED_FACE('',(#3560),#3554,.T.);
#3562=CARTESIAN_POINT('',(-8.5E1,1.245524416535E2,-8.1E1));
#3563=DIRECTION('',(0.E0,-1.E0,0.E0));
#3564=DIRECTION('',(-1.E0,0.E0,0.E0));
#3565=AXIS2_PLACEMENT_3D('',#3562,#3563,#3564);
#3566=CYLINDRICAL_SURFACE('',#3565,5.E0);
#3567=ORIENTED_EDGE('',*,*,#2382,.T.);
#3569=ORIENTED_EDGE('',*,*,#3568,.F.);
#3570=ORIENTED_EDGE('',*,*,#3005,.T.);
#3571=ORIENTED_EDGE('',*,*,#2304,.T.);
#3572=EDGE_LOOP('',(#3567,#3569,#3570,#3571));
#3573=FACE_OUTER_BOUND('',#3572,.F.);
#3574=ADVANCED_FACE('',(#3573),#3566,.T.);
#3575=CARTESIAN_POINT('',(-8.E1,0.E0,-8.6E1));
#3576=DIRECTION('',(0.E0,0.E0,1.E0));
#3577=DIRECTION('',(1.E0,0.E0,0.E0));
#3578=AXIS2_PLACEMENT_3D('',#3575,#3576,#3577);
#3579=PLANE('',#3578);
#3580=ORIENTED_EDGE('',*,*,#3568,.T.);
#3581=ORIENTED_EDGE('',*,*,#2380,.T.);
#3582=ORIENTED_EDGE('',*,*,#2962,.F.);
#3583=ORIENTED_EDGE('',*,*,#2989,.F.);
#3584=EDGE_LOOP('',(#3580,#3581,#3582,#3583));
#3585=FACE_OUTER_BOUND('',#3584,.F.);
#3586=ADVANCED_FACE('',(#3585),#3579,.F.);
#3587=CARTESIAN_POINT('',(1.475611658469E2,-1.63E1,-1.29E2));
#3588=DIRECTION('',(-1.E0,0.E0,0.E0));
#3589=DIRECTION('',(0.E0,1.E0,0.E0));
#3590=AXIS2_PLACEMENT_3D('',#3587,#3588,#3589);
#3591=CYLINDRICAL_SURFACE('',#3590,1.E0);
#3593=ORIENTED_EDGE('',*,*,#3592,.T.);
#3594=ORIENTED_EDGE('',*,*,#2893,.F.);
#3595=ORIENTED_EDGE('',*,*,#2713,.T.);
#3597=ORIENTED_EDGE('',*,*,#3596,.T.);
#3598=EDGE_LOOP('',(#3593,#3594,#3595,#3597));
#3599=FACE_OUTER_BOUND('',#3598,.F.);
#3600=ADVANCED_FACE('',(#3599),#3591,.T.);
#3601=CARTESIAN_POINT('',(-2.85E1,-1.58E1,-1.255E2));
#3602=DIRECTION('',(-3.162277660168E-1,9.486832980505E-1,0.E0));
#3603=DIRECTION('',(9.486832980505E-1,3.162277660168E-1,0.E0));
#3604=AXIS2_PLACEMENT_3D('',#3601,#3602,#3603);
#3605=PLANE('',#3604);
#3606=ORIENTED_EDGE('',*,*,#3592,.F.);
#3608=ORIENTED_EDGE('',*,*,#3607,.F.);
#3610=ORIENTED_EDGE('',*,*,#3609,.F.);
#3611=ORIENTED_EDGE('',*,*,#2795,.T.);
#3612=EDGE_LOOP('',(#3606,#3608,#3610,#3611));
#3613=FACE_OUTER_BOUND('',#3612,.F.);
#3614=ADVANCED_FACE('',(#3613),#3605,.T.);
#3615=CARTESIAN_POINT('',(0.E0,-1.53E1,0.E0));
#3616=DIRECTION('',(0.E0,1.E0,0.E0));
#3617=DIRECTION('',(0.E0,0.E0,-1.E0));
#3618=AXIS2_PLACEMENT_3D('',#3615,#3616,#3617);
#3619=PLANE('',#3618);
#3621=ORIENTED_EDGE('',*,*,#3620,.F.);
#3623=ORIENTED_EDGE('',*,*,#3622,.T.);
#3625=ORIENTED_EDGE('',*,*,#3624,.F.);
#3626=ORIENTED_EDGE('',*,*,#2727,.F.);
#3627=EDGE_LOOP('',(#3621,#3623,#3625,#3626));
#3628=FACE_OUTER_BOUND('',#3627,.F.);
#3629=ADVANCED_FACE('',(#3628),#3619,.T.);
#3630=CARTESIAN_POINT('',(0.E0,-1.53E1,0.E0));
#3631=DIRECTION('',(0.E0,1.E0,0.E0));
#3632=DIRECTION('',(0.E0,0.E0,-1.E0));
#3633=AXIS2_PLACEMENT_3D('',#3630,#3631,#3632);
#3634=PLANE('',#3633);
#3635=ORIENTED_EDGE('',*,*,#3596,.F.);
#3636=ORIENTED_EDGE('',*,*,#2711,.F.);
#3638=ORIENTED_EDGE('',*,*,#3637,.F.);
#3639=ORIENTED_EDGE('',*,*,#3607,.T.);
#3640=EDGE_LOOP('',(#3635,#3636,#3638,#3639));
#3641=FACE_OUTER_BOUND('',#3640,.F.);
#3642=ADVANCED_FACE('',(#3641),#3634,.T.);
#3643=CARTESIAN_POINT('',(-2.275510138423E2,-1.63E1,-1.E0));
#3644=DIRECTION('',(1.E0,0.E0,0.E0));
#3645=DIRECTION('',(0.E0,1.E0,0.E0));
#3646=AXIS2_PLACEMENT_3D('',#3643,#3644,#3645);
#3647=CYLINDRICAL_SURFACE('',#3646,1.E0);
#3648=ORIENTED_EDGE('',*,*,#1990,.F.);
#3650=ORIENTED_EDGE('',*,*,#3649,.T.);
#3651=ORIENTED_EDGE('',*,*,#3620,.T.);
#3652=ORIENTED_EDGE('',*,*,#2725,.T.);
#3653=EDGE_LOOP('',(#3648,#3650,#3651,#3652));
#3654=FACE_OUTER_BOUND('',#3653,.F.);
#3655=ADVANCED_FACE('',(#3654),#3647,.T.);
#3656=CARTESIAN_POINT('',(-2.85E1,-1.58E1,-4.5E0));
#3657=DIRECTION('',(-3.162277660168E-1,9.486832980505E-1,0.E0));
#3658=DIRECTION('',(9.486832980505E-1,3.162277660168E-1,0.E0));
#3659=AXIS2_PLACEMENT_3D('',#3656,#3657,#3658);
#3660=PLANE('',#3659);
#3661=ORIENTED_EDGE('',*,*,#3649,.F.);
#3662=ORIENTED_EDGE('',*,*,#2820,.T.);
#3664=ORIENTED_EDGE('',*,*,#3663,.F.);
#3665=ORIENTED_EDGE('',*,*,#3622,.F.);
#3666=EDGE_LOOP('',(#3661,#3662,#3664,#3665));
#3667=FACE_OUTER_BOUND('',#3666,.F.);
#3668=ADVANCED_FACE('',(#3667),#3660,.T.);
#3669=CARTESIAN_POINT('',(1.475611658469E2,-1.63E1,-8.E0));
#3670=DIRECTION('',(-1.E0,0.E0,0.E0));
#3671=DIRECTION('',(0.E0,1.E0,0.E0));
#3672=AXIS2_PLACEMENT_3D('',#3669,#3670,#3671);
#3673=CYLINDRICAL_SURFACE('',#3672,1.E0);
#3674=ORIENTED_EDGE('',*,*,#3663,.T.);
#3675=ORIENTED_EDGE('',*,*,#2758,.F.);
#3676=ORIENTED_EDGE('',*,*,#2729,.T.);
#3677=ORIENTED_EDGE('',*,*,#3624,.T.);
#3678=EDGE_LOOP('',(#3674,#3675,#3676,#3677));
#3679=FACE_OUTER_BOUND('',#3678,.F.);
#3680=ADVANCED_FACE('',(#3679),#3673,.T.);
#3681=CARTESIAN_POINT('',(-2.275510138423E2,-1.63E1,-1.22E2));
#3682=DIRECTION('',(1.E0,0.E0,0.E0));
#3683=DIRECTION('',(0.E0,1.E0,0.E0));
#3684=AXIS2_PLACEMENT_3D('',#3681,#3682,#3683);
#3685=CYLINDRICAL_SURFACE('',#3684,1.E0);
#3687=ORIENTED_EDGE('',*,*,#3686,.F.);
#3688=ORIENTED_EDGE('',*,*,#3609,.T.);
#3689=ORIENTED_EDGE('',*,*,#3637,.T.);
#3690=ORIENTED_EDGE('',*,*,#2709,.T.);
#3691=EDGE_LOOP('',(#3687,#3688,#3689,#3690));
#3692=FACE_OUTER_BOUND('',#3691,.F.);
#3693=ADVANCED_FACE('',(#3692),#3685,.T.);
#3694=CARTESIAN_POINT('',(0.E0,-3.E1,-1.21E2));
#3695=DIRECTION('',(0.E0,0.E0,1.E0));
#3696=DIRECTION('',(0.E0,1.E0,0.E0));
#3697=AXIS2_PLACEMENT_3D('',#3694,#3695,#3696);
#3698=PLANE('',#3697);
#3699=ORIENTED_EDGE('',*,*,#2834,.F.);
#3700=ORIENTED_EDGE('',*,*,#2801,.F.);
#3702=ORIENTED_EDGE('',*,*,#3701,.F.);
#3703=ORIENTED_EDGE('',*,*,#2703,.T.);
#3704=EDGE_LOOP('',(#3699,#3700,#3702,#3703));
#3705=FACE_OUTER_BOUND('',#3704,.F.);
#3706=ADVANCED_FACE('',(#3705),#3698,.T.);
#3707=CARTESIAN_POINT('',(0.E0,-3.E1,-1.21E2));
#3708=DIRECTION('',(0.E0,0.E0,1.E0));
#3709=DIRECTION('',(0.E0,1.E0,0.E0));
#3710=AXIS2_PLACEMENT_3D('',#3707,#3708,#3709);
#3711=PLANE('',#3710);
#3712=ORIENTED_EDGE('',*,*,#3686,.T.);
#3713=ORIENTED_EDGE('',*,*,#2707,.T.);
#3715=ORIENTED_EDGE('',*,*,#3714,.F.);
#3716=ORIENTED_EDGE('',*,*,#2797,.F.);
#3717=EDGE_LOOP('',(#3712,#3713,#3715,#3716));
#3718=FACE_OUTER_BOUND('',#3717,.F.);
#3719=ADVANCED_FACE('',(#3718),#3711,.T.);
#3720=CARTESIAN_POINT('',(0.E0,-2.E1,-1.242E2));
#3721=DIRECTION('',(-1.E0,0.E0,0.E0));
#3722=DIRECTION('',(0.E0,0.E0,1.E0));
#3723=AXIS2_PLACEMENT_3D('',#3720,#3721,#3722);
#3724=CYLINDRICAL_SURFACE('',#3723,4.E0);
#3725=ORIENTED_EDGE('',*,*,#3714,.T.);
#3726=ORIENTED_EDGE('',*,*,#2705,.F.);
#3727=ORIENTED_EDGE('',*,*,#3701,.T.);
#3728=ORIENTED_EDGE('',*,*,#2799,.T.);
#3729=EDGE_LOOP('',(#3725,#3726,#3727,#3728));
#3730=FACE_OUTER_BOUND('',#3729,.F.);
#3731=ADVANCED_FACE('',(#3730),#3724,.T.);
#3732=CARTESIAN_POINT('',(0.E0,-2.E1,-5.8E0));
#3733=DIRECTION('',(-1.E0,0.E0,0.E0));
#3734=DIRECTION('',(0.E0,0.E0,1.E0));
#3735=AXIS2_PLACEMENT_3D('',#3732,#3733,#3734);
#3736=CYLINDRICAL_SURFACE('',#3735,4.E0);
#3737=ORIENTED_EDGE('',*,*,#2746,.T.);
#3738=ORIENTED_EDGE('',*,*,#2733,.F.);
#3739=ORIENTED_EDGE('',*,*,#2762,.T.);
#3740=ORIENTED_EDGE('',*,*,#2817,.T.);
#3741=EDGE_LOOP('',(#3737,#3738,#3739,#3740));
#3742=FACE_OUTER_BOUND('',#3741,.F.);
#3743=ADVANCED_FACE('',(#3742),#3736,.T.);
#3744=CARTESIAN_POINT('',(-8.E1,-9.3E0,-1.225E2));
#3745=DIRECTION('',(-1.E0,0.E0,0.E0));
#3746=DIRECTION('',(0.E0,0.E0,-1.E0));
#3747=AXIS2_PLACEMENT_3D('',#3744,#3745,#3746);
#3748=CYLINDRICAL_SURFACE('',#3747,4.5E0);
#3749=ORIENTED_EDGE('',*,*,#2718,.F.);
#3750=ORIENTED_EDGE('',*,*,#2368,.T.);
#3752=ORIENTED_EDGE('',*,*,#3751,.F.);
#3753=ORIENTED_EDGE('',*,*,#2364,.T.);
#3754=EDGE_LOOP('',(#3749,#3750,#3752,#3753));
#3755=FACE_OUTER_BOUND('',#3754,.F.);
#3756=ADVANCED_FACE('',(#3755),#3748,.T.);
#3757=CARTESIAN_POINT('',(-3.065E1,-1.265E1,-1.225E2));
#3758=DIRECTION('',(-7.071067811865E-1,-7.071067811865E-1,0.E0));
#3759=DIRECTION('',(-7.071067811865E-1,7.071067811865E-1,0.E0));
#3760=AXIS2_PLACEMENT_3D('',#3757,#3758,#3759);
#3761=PLANE('',#3760);
#3762=ORIENTED_EDGE('',*,*,#3751,.T.);
#3763=ORIENTED_EDGE('',*,*,#2366,.F.);
#3764=EDGE_LOOP('',(#3762,#3763));
#3765=FACE_OUTER_BOUND('',#3764,.F.);
#3766=ADVANCED_FACE('',(#3765),#3761,.T.);
#3767=CARTESIAN_POINT('',(-8.E1,-9.3E0,-7.5E0));
#3768=DIRECTION('',(-1.E0,0.E0,0.E0));
#3769=DIRECTION('',(0.E0,0.E0,-1.E0));
#3770=AXIS2_PLACEMENT_3D('',#3767,#3768,#3769);
#3771=CYLINDRICAL_SURFACE('',#3770,4.5E0);
#3772=ORIENTED_EDGE('',*,*,#2356,.F.);
#3773=ORIENTED_EDGE('',*,*,#2721,.F.);
#3774=ORIENTED_EDGE('',*,*,#2360,.T.);
#3776=ORIENTED_EDGE('',*,*,#3775,.F.);
#3777=EDGE_LOOP('',(#3772,#3773,#3774,#3776));
#3778=FACE_OUTER_BOUND('',#3777,.F.);
#3779=ADVANCED_FACE('',(#3778),#3771,.T.);
#3780=CARTESIAN_POINT('',(-3.065E1,-1.265E1,-7.5E0));
#3781=DIRECTION('',(-7.071067811865E-1,-7.071067811865E-1,0.E0));
#3782=DIRECTION('',(-7.071067811865E-1,7.071067811865E-1,0.E0));
#3783=AXIS2_PLACEMENT_3D('',#3780,#3781,#3782);
#3784=PLANE('',#3783);
#3785=ORIENTED_EDGE('',*,*,#3775,.T.);
#3786=ORIENTED_EDGE('',*,*,#2358,.F.);
#3787=EDGE_LOOP('',(#3785,#3786));
#3788=FACE_OUTER_BOUND('',#3787,.F.);
#3789=ADVANCED_FACE('',(#3788),#3784,.T.);
#3790=CLOSED_SHELL('',(#2000,#2015,#2037,#2052,#2109,#2136,#2150,#2165,#2191,
#2206,#2222,#2239,#2258,#2272,#2287,#2323,#2338,#2421,#2436,#2450,#2464,#2477,
#2489,#2505,#2519,#2532,#2545,#2557,#2571,#2585,#2598,#2610,#2624,#2637,#2651,
#2664,#2677,#2689,#2737,#2752,#2767,#2781,#2805,#2825,#2839,#2857,#2869,#2882,
#2900,#2914,#2927,#2941,#2954,#2968,#2981,#2995,#3009,#3022,#3043,#3057,#3071,
#3099,#3113,#3127,#3154,#3174,#3194,#3212,#3230,#3244,#3261,#3279,#3292,#3305,
#3319,#3331,#3344,#3356,#3368,#3380,#3392,#3406,#3420,#3433,#3451,#3472,#3485,
#3498,#3511,#3524,#3536,#3549,#3561,#3574,#3586,#3600,#3614,#3629,#3642,#3655,
#3668,#3680,#3693,#3706,#3719,#3731,#3743,#3756,#3766,#3779,#3789));
#3791=MANIFOLD_SOLID_BREP('',#3790);
#3793=DIMENSIONAL_EXPONENTS(0.E0,0.E0,0.E0,0.E0,0.E0,0.E0,0.E0);
#3795=PLANE_ANGLE_MEASURE_WITH_UNIT(PLANE_ANGLE_MEASURE(1.745329251994E-2),
#3794);
#3796=(CONVERSION_BASED_UNIT('DEGREE',#3795)NAMED_UNIT(*)PLANE_ANGLE_UNIT());
#3798=UNCERTAINTY_MEASURE_WITH_UNIT(LENGTH_MEASURE(1.805553998484E-2),#3792,
'closure',
'Maximum model space distance between geometric entities at asserted connectivities');
#3799=(GEOMETRIC_REPRESENTATION_CONTEXT(3)GLOBAL_UNCERTAINTY_ASSIGNED_CONTEXT((
#3798))GLOBAL_UNIT_ASSIGNED_CONTEXT((#3792,#3796,#3797))REPRESENTATION_CONTEXT(
'ID1','3'));
#3801=APPLICATION_CONTEXT(
'CONFIGURATION CONTROLLED 3D DESIGNS OF MECHANICAL PARTS AND ASSEMBLIES');
#3802=APPLICATION_PROTOCOL_DEFINITION('international standard',
'config_control_design',1994,#3801);
#3803=DESIGN_CONTEXT('',#3801,'design');
#3804=MECHANICAL_CONTEXT('',#3801,'mechanical');
#3805=PRODUCT('GUDINGZUO','GUDINGZUO','NOT SPECIFIED',(#3804));
#3806=PRODUCT_DEFINITION_FORMATION_WITH_SPECIFIED_SOURCE('24','LAST_VERSION',
#3805,.MADE.);
#3810=PRODUCT_CATEGORY('part','');
#3811=PRODUCT_RELATED_PRODUCT_CATEGORY('detail','',(#3805));
#3812=PRODUCT_CATEGORY_RELATIONSHIP('','',#3810,#3811);
#3813=SECURITY_CLASSIFICATION_LEVEL('unclassified');
#3814=SECURITY_CLASSIFICATION('','',#3813);
#3815=CC_DESIGN_SECURITY_CLASSIFICATION(#3814,(#3806));
#3816=APPROVAL_STATUS('approved');
#3817=APPROVAL(#3816,'');
#3818=CC_DESIGN_APPROVAL(#3817,(#3814,#3806,#3807));
#3819=CALENDAR_DATE(126,2,3);
#3820=COORDINATED_UNIVERSAL_TIME_OFFSET(8,0,.AHEAD.);
#3821=LOCAL_TIME(21,23,8.E0,#3820);
#3822=DATE_AND_TIME(#3819,#3821);
#3823=APPROVAL_DATE_TIME(#3822,#3817);
#3824=DATE_TIME_ROLE('creation_date');
#3825=CC_DESIGN_DATE_AND_TIME_ASSIGNMENT(#3822,#3824,(#3807));
#3826=DATE_TIME_ROLE('classification_date');
#3827=CC_DESIGN_DATE_AND_TIME_ASSIGNMENT(#3822,#3826,(#3814));
#3828=PERSON('UNSPECIFIED','UNSPECIFIED',$,$,$,$);
#3829=ORGANIZATION('UNSPECIFIED','UNSPECIFIED','UNSPECIFIED');
#3830=PERSON_AND_ORGANIZATION(#3828,#3829);
#3831=APPROVAL_ROLE('approver');
#3832=APPROVAL_PERSON_ORGANIZATION(#3830,#3817,#3831);
#3833=PERSON_AND_ORGANIZATION_ROLE('creator');
#3834=CC_DESIGN_PERSON_AND_ORGANIZATION_ASSIGNMENT(#3830,#3833,(#3806,#3807));
#3835=PERSON_AND_ORGANIZATION_ROLE('design_supplier');
#3836=CC_DESIGN_PERSON_AND_ORGANIZATION_ASSIGNMENT(#3830,#3835,(#3806));
#3837=PERSON_AND_ORGANIZATION_ROLE('classification_officer');
#3838=CC_DESIGN_PERSON_AND_ORGANIZATION_ASSIGNMENT(#3830,#3837,(#3814));
#3839=PERSON_AND_ORGANIZATION_ROLE('design_owner');
#3840=CC_DESIGN_PERSON_AND_ORGANIZATION_ASSIGNMENT(#3830,#3839,(#3805));
#1=DRAUGHTING_PRE_DEFINED_COLOUR('black');
#2=COLOUR_RGB('',0.E0,0.E0,4.7E-1);
#3=COLOUR_RGB('',0.E0,0.E0,6.E-1);
#4=COLOUR_RGB('',0.E0,0.E0,8.E-1);
#5=COLOUR_RGB('',0.E0,2.745098039216E-2,7.019607843137E-1);
#6=COLOUR_RGB('',0.E0,3.137254901961E-2,3.411764705882E-1);
#7=COLOUR_RGB('',0.E0,2.E-1,1.E0);
#8=COLOUR_RGB('',0.E0,3.3E-1,0.E0);
#9=COLOUR_RGB('',0.E0,3.3E-1,3.3E-1);
#10=COLOUR_RGB('',0.E0,4.E-1,0.E0);
#11=COLOUR_RGB('',0.E0,4.E-1,4.E-1);
#12=COLOUR_RGB('',0.E0,4.E-1,6.E-1);
#13=COLOUR_RGB('',0.E0,4.E-1,1.E0);
#14=COLOUR_RGB('',0.E0,5.019607843137E-1,5.019607843137E-1);
#15=COLOUR_RGB('',0.E0,6.E-1,0.E0);
#16=COLOUR_RGB('',0.E0,6.E-1,6.E-1);
#17=COLOUR_RGB('',0.E0,6.E-1,1.E0);
#18=COLOUR_RGB('',0.E0,6.274509803922E-1,3.764705882353E-1);
#19=COLOUR_RGB('',0.E0,8.E-1,0.E0);
#20=COLOUR_RGB('',0.E0,8.E-1,8.E-1);
#21=COLOUR_RGB('',0.E0,8.E-1,1.E0);
#22=COLOUR_RGB('',0.E0,9.3E-1,0.E0);
#23=COLOUR_RGB('',0.E0,9.3E-1,9.3E-1);
#24=DRAUGHTING_PRE_DEFINED_COLOUR('green');
#25=COLOUR_RGB('',0.E0,1.E0,2.E-1);
#26=COLOUR_RGB('',0.E0,1.E0,4.E-1);
#27=COLOUR_RGB('',0.E0,1.E0,6.E-1);
#28=COLOUR_RGB('',0.E0,1.E0,8.E-1);
#29=DRAUGHTING_PRE_DEFINED_COLOUR('cyan');
#30=COLOUR_RGB('',3.1E-2,2.E-1,6.27E-1);
#31=COLOUR_RGB('',3.529411764706E-2,5.137254901961E-1,1.725490196078E-1);
#32=COLOUR_RGB('',6.6667E-2,5.17647E-1,6.39216E-1);
#33=COLOUR_RGB('',7.E-2,7.E-2,1.E0);
#34=COLOUR_RGB('',7.E-2,6.E-1,3.E-1);
#35=COLOUR_RGB('',8.E-2,1.E-1,1.1E-1);
#36=COLOUR_RGB('',9.411764705882E-2,9.647058823529E-1,3.490196078431E-1);
#37=COLOUR_RGB('',9.803921568627E-2,9.803921568627E-2,4.392156862745E-1);
#38=COLOUR_RGB('',1.019607843137E-1,6.313725490196E-1,5.019607843137E-1);
#39=COLOUR_RGB('',1.058823529412E-1,6.823529411765E-1,1.E0);
#40=COLOUR_RGB('',1.176470588235E-1,5.647058823529E-1,1.E0);
#41=COLOUR_RGB('',1.254901960784E-1,6.980392156863E-1,6.666666666667E-1);
#42=COLOUR_RGB('',1.333333333333E-1,5.450980392157E-1,1.333333333333E-1);
#43=COLOUR_RGB('',1.372549019608E-1,4.039215686275E-1,7.254901960784E-1);
#44=COLOUR_RGB('',1.450980392157E-1,3.529411764706E-2,0.E0);
#45=COLOUR_RGB('',1.686274509804E-1,1.686274509804E-1,1.803921568627E-1);
#46=COLOUR_RGB('',1.803921568627E-1,5.450980392157E-1,3.411764705882E-1);
#47=COLOUR_RGB('',1.9E-1,2.3E-1,3.1E-1);
#48=COLOUR_RGB('',1.921568627451E-1,1.E0,5.098039215686E-1);
#49=COLOUR_RGB('',1.960784313725E-1,8.039215686275E-1,1.960784313725E-1);
#50=COLOUR_RGB('',2.E-1,2.E-1,6.E-1);
#51=COLOUR_RGB('',2.E-1,1.E0,0.E0);
#52=COLOUR_RGB('',2.E-1,1.E0,2.E-1);
#53=COLOUR_RGB('',2.E-1,1.E0,1.E0);
#54=COLOUR_RGB('',2.313725490196E-1,3.803921568627E-1,5.607843137255E-1);
#55=COLOUR_RGB('',2.352941176471E-1,7.019607843137E-1,4.431372549020E-1);
#56=COLOUR_RGB('',2.431372549020E-1,8.784313725490E-1,8.156862745098E-1);
#57=COLOUR_RGB('',2.470588235294E-1,5.921568627451E-1,6.313725490196E-1);
#58=COLOUR_RGB('',2.5098E-1,2.35294E-1,8.62745E-1);
#59=COLOUR_RGB('',2.549019607843E-1,4.117647058824E-1,1.E0);
#60=COLOUR_RGB('',2.58824E-1,7.80392E-1,8.86275E-1);
#61=COLOUR_RGB('',2.7E-1,0.E0,4.E-1);
#62=COLOUR_RGB('',2.7E-1,2.7E-1,0.E0);
#63=COLOUR_RGB('',2.7E-1,2.7E-1,1.E0);
#64=COLOUR_RGB('',2.745098039216E-1,5.098039215686E-1,7.058823529412E-1);
#65=COLOUR_RGB('',2.784313725490E-1,2.784313725490E-1,2.784313725490E-1);
#66=COLOUR_RGB('',2.823529411765E-1,2.392156862745E-1,5.450980392157E-1);
#67=COLOUR_RGB('',3.13725E-1,4.70588E-1,1.96078E-1);
#68=COLOUR_RGB('',3.2549E-1,4.98039E-1,9.84314E-1);
#69=COLOUR_RGB('',3.254901960784E-1,5.764705882353E-1,8.117647058824E-1);
#70=COLOUR_RGB('',3.3E-1,0.E0,0.E0);
#71=COLOUR_RGB('',3.3E-1,0.E0,3.3E-1);
#72=COLOUR_RGB('',3.3E-1,0.E0,5.3E-1);
#73=COLOUR_RGB('',3.450980392157E-1,3.647058823529E-1,3.725490196078E-1);
#74=COLOUR_RGB('',3.607843137255E-1,9.058823529412E-1,5.019607843137E-1);
#75=COLOUR_RGB('',3.725490196078E-1,6.196078431373E-1,6.274509803922E-1);
#76=COLOUR_RGB('',3.803921568627E-1,2.705882352941E-1,2.156862745098E-1);
#77=COLOUR_RGB('',3.803921568627E-1,4.392156862745E-1,5.960784313725E-1);
#78=COLOUR_RGB('',3.882352941176E-1,4.392156862745E-1,4.901960784314E-1);
#79=COLOUR_RGB('',3.921568627451E-1,5.843137254902E-1,9.294117647059E-1);
#80=COLOUR_RGB('',3.96078E-1,7.13725E-1,1.E0);
#81=COLOUR_RGB('',4.E-1,0.E0,4.E-1);
#82=COLOUR_RGB('',4.E-1,0.E0,6.7E-1);
#83=COLOUR_RGB('',4.E-1,1.3E-1,0.E0);
#84=COLOUR_RGB('',4.E-1,4.E-1,0.E0);
#85=COLOUR_RGB('',4.E-1,4.E-1,1.E0);
#86=COLOUR_RGB('',4.E-1,8.039215686275E-1,6.666666666667E-1);
#87=COLOUR_RGB('',4.E-1,1.E0,0.E0);
#88=COLOUR_RGB('',4.E-1,1.E0,4.E-1);
#89=COLOUR_RGB('',4.E-1,1.E0,1.E0);
#90=COLOUR_RGB('',4.117647058824E-1,0.E0,2.196078431373E-1);
#91=COLOUR_RGB('',4.156862745098E-1,3.529411764706E-1,8.039215686275E-1);
#92=COLOUR_RGB('',4.196078431373E-1,5.568627450980E-1,1.372549019608E-1);
#93=COLOUR_RGB('',4.235294117647E-1,1.E0,6.117647058824E-1);
#94=COLOUR_RGB('',4.392156862745E-1,5.019607843137E-1,2.509803921569E-1);
#95=COLOUR_RGB('',4.392156862745E-1,7.490196078431E-1,3.882352941176E-1);
#96=COLOUR_RGB('',4.666666666667E-1,5.333333333333E-1,6.E-1);
#97=COLOUR_RGB('',4.7E-1,0.E0,0.E0);
#98=COLOUR_RGB('',4.7E-1,0.E0,8.E-1);
#99=COLOUR_RGB('',4.705882352941E-1,1.960784313725E-1,1.E0);
#100=COLOUR_RGB('',4.7E-1,2.E-1,7.E-2);
#101=COLOUR_RGB('',4.705882352941E-1,3.137254901961E-1,3.333333333333E-1);
#102=COLOUR_RGB('',4.823529411765E-1,4.078431372549E-1,9.333333333333E-1);
#103=COLOUR_RGB('',4.980392156863E-1,1.E0,8.313725490196E-1);
#104=COLOUR_RGB('',5.019607843137E-1,0.E0,5.019607843137E-1);
#105=COLOUR_RGB('',5.019607843137E-1,5.019607843137E-1,0.E0);
#106=COLOUR_RGB('',5.01961E-1,5.01961E-1,5.01961E-1);
#107=COLOUR_RGB('',5.058823529412E-1,2.313725490196E-1,4.235294117647E-1);
#108=COLOUR_RGB('',5.098039215686E-1,3.960784313725E-1,1.058823529412E-1);
#109=COLOUR_RGB('',5.3E-1,0.E0,9.3E-1);
#110=COLOUR_RGB('',5.3E-1,2.7E-1,1.3E-1);
#111=COLOUR_RGB('',5.3E-1,5.3E-1,1.E0);
#112=COLOUR_RGB('',5.294117647059E-1,8.078431372549E-1,9.215686274510E-1);
#113=COLOUR_RGB('',5.333333333333E-1,7.333333333333E-1,4.392156862745E-1);
#114=COLOUR_RGB('',5.411764705882E-1,1.686274509804E-1,8.862745098039E-1);
#115=COLOUR_RGB('',5.5E-1,6.5E-1,7.3E-1);
#116=COLOUR_RGB('',5.607843137255E-1,7.372549019608E-1,5.607843137255E-1);
#117=COLOUR_RGB('',5.68627E-1,9.37255E-1,9.37255E-1);
#118=COLOUR_RGB('',5.764705882353E-1,4.392156862745E-1,8.588235294118E-1);
#119=COLOUR_RGB('',5.803921568627E-1,0.E0,8.274509803922E-1);
#120=COLOUR_RGB('',5.88235E-1,2.35294E-1,1.56863E-1);
#121=COLOUR_RGB('',6.E-1,0.E0,6.E-1);
#122=COLOUR_RGB('',6.E-1,1.960784313725E-1,8.E-1);
#123=COLOUR_RGB('',6.E-1,2.E-1,1.E0);
#124=COLOUR_RGB('',6.E-1,3.3E-1,2.E-1);
#125=COLOUR_RGB('',6.E-1,6.E-1,0.E0);
#126=COLOUR_RGB('',6.E-1,1.E0,6.E-1);
#127=COLOUR_RGB('',6.E-1,1.E0,1.E0);
#128=COLOUR_RGB('',6.23529E-1,6.23529E-1,6.23529E-1);
#129=COLOUR_RGB('',6.27451E-1,4.70588E-1,3.52941E-1);
#130=COLOUR_RGB('',6.352941176471E-1,6.156862745098E-1,2.E-1);
#131=COLOUR_RGB('',6.66667E-1,8.23529E-1,1.96078E-1);
#132=COLOUR_RGB('',6.66667E-1,8.23529E-1,5.88235E-1);
#133=COLOUR_RGB('',6.7E-1,0.E0,0.E0);
#134=COLOUR_RGB('',6.7E-1,4.E-1,2.7E-1);
#135=COLOUR_RGB('',6.7E-1,4.E-1,1.E0);
#136=COLOUR_RGB('',6.7E-1,6.7E-1,1.E0);
#137=COLOUR_RGB('',6.7E-1,1.E0,0.E0);
#138=COLOUR_RGB('',6.784313725490E-1,8.117647058824E-1,1.E0);
#139=COLOUR_RGB('',6.784313725490E-1,8.470588235294E-1,9.019607843137E-1);
#140=COLOUR_RGB('',6.784313725490E-1,1.E0,1.843137254902E-1);
#141=COLOUR_RGB('',6.980392156863E-1,1.333333333333E-1,1.333333333333E-1);
#142=COLOUR_RGB('',7.137254901961E-1,5.725490196078E-1,4.313725490196E-1);
#143=COLOUR_RGB('',7.17647E-1,1.68627E-1,4.43137E-1);
#144=COLOUR_RGB('',7.215686274510E-1,4.509803921569E-1,2.E-1);
#145=COLOUR_RGB('',7.215686274510E-1,5.254901960784E-1,4.313725490196E-2);
#146=COLOUR_RGB('',7.294117647059E-1,2.705882352941E-1,1.E0);
#147=COLOUR_RGB('',7.294117647059E-1,3.333333333333E-1,8.274509803922E-1);
#148=COLOUR_RGB('',7.294117647059E-1,4.E-1,0.E0);
#149=COLOUR_RGB('',7.3E-1,4.7E-1,3.3E-1);
#150=COLOUR_RGB('',7.372549019608E-1,5.607843137255E-1,5.607843137255E-1);
#151=COLOUR_RGB('',7.411764705882E-1,7.176470588235E-1,4.196078431373E-1);
#152=COLOUR_RGB('',7.490196078431E-1,4.549019607843E-1,5.803921568627E-1);
#153=COLOUR_RGB('',7.52941E-1,7.52941E-1,7.52941E-1);
#154=COLOUR_RGB('',7.803921568627E-1,8.235294117647E-2,5.215686274510E-1);
#155=COLOUR_RGB('',7.921568627451E-1,7.647058823529E-1,2.470588235294E-1);
#156=COLOUR_RGB('',8.E-1,0.E0,8.E-1);
#157=COLOUR_RGB('',8.E-1,5.3E-1,4.E-1);
#158=COLOUR_RGB('',8.E-1,6.E-1,1.E0);
#159=COLOUR_RGB('',8.E-1,8.E-1,0.E0);
#160=COLOUR_RGB('',8.E-1,8.E-1,1.E0);
#161=COLOUR_RGB('',8.E-1,1.E0,8.E-1);
#162=COLOUR_RGB('',8.E-1,1.E0,1.E0);
#163=COLOUR_RGB('',8.039215686275E-1,3.607843137255E-1,3.607843137255E-1);
#164=COLOUR_RGB('',8.03922E-1,5.88235E-1,1.96078E-1);
#165=COLOUR_RGB('',8.117647058824E-1,6.039215686275E-1,6.117647058824E-1);
#166=COLOUR_RGB('',8.117647058824E-1,8.705882352941E-1,4.196078431373E-1);
#167=COLOUR_RGB('',8.196078431373E-1,7.098039215686E-1,5.490196078431E-2);
#168=COLOUR_RGB('',8.235294117647E-1,4.117647058824E-1,1.176470588235E-1);
#169=COLOUR_RGB('',8.235294117647E-1,7.058823529412E-1,5.490196078431E-1);
#170=COLOUR_RGB('',8.274509803922E-1,8.274509803922E-1,8.274509803922E-1);
#171=COLOUR_RGB('',8.313725490196E-1,9.137254901961E-1,1.176470588235E-1);
#172=COLOUR_RGB('',8.392156862745E-1,8.E-1,7.137254901961E-1);
#173=COLOUR_RGB('',8.431372549020E-1,8.980392156863E-1,9.333333333333E-1);
#174=COLOUR_RGB('',8.549019607843E-1,6.470588235294E-1,1.254901960784E-1);
#175=COLOUR_RGB('',8.588235294118E-1,4.392156862745E-1,5.764705882353E-1);
#176=COLOUR_RGB('',8.627450980392E-1,7.843137254902E-2,2.352941176471E-1);
#177=COLOUR_RGB('',8.627450980392E-1,7.215686274510E-1,3.372549019608E-1);
#178=COLOUR_RGB('',8.666666666667E-1,6.274509803922E-1,8.666666666667E-1);
#179=COLOUR_RGB('',8.666666666667E-1,1.E0,4.823529411765E-1);
#180=COLOUR_RGB('',8.7E-1,0.E0,0.E0);
#181=COLOUR_RGB('',8.7E-1,6.E-1,4.7E-1);
#182=COLOUR_RGB('',8.745098039216E-1,3.568627450980E-1,0.E0);
#183=COLOUR_RGB('',8.901960784314E-1,8.274509803922E-1,6.156862745098E-1);
#184=COLOUR_RGB('',8.98039E-1,6.07843E-1,1.E0);
#185=COLOUR_RGB('',9.E-1,8.3E-1,1.2E-1);
#186=COLOUR_RGB('',9.09804E-1,3.68627E-1,8.19608E-1);
#187=COLOUR_RGB('',9.176470588235E-1,7.411764705882E-1,2.352941176471E-1);
#188=COLOUR_RGB('',9.3E-1,0.E0,9.3E-1);
#189=COLOUR_RGB('',9.3E-1,6.7E-1,5.3E-1);
#190=COLOUR_RGB('',9.3E-1,8.E-1,1.E0);
#191=COLOUR_RGB('',9.3E-1,9.3E-1,0.E0);
#192=COLOUR_RGB('',9.3E-1,1.E0,9.3E-1);
#193=COLOUR_RGB('',9.3E-1,1.E0,1.E0);
#194=COLOUR_RGB('',9.333333333333E-1,5.098039215686E-1,9.333333333333E-1);
#195=COLOUR_RGB('',9.333333333333E-1,9.098039215686E-1,6.666666666667E-1);
#196=COLOUR_RGB('',9.411764705882E-1,9.019607843137E-1,5.490196078431E-1);
#197=COLOUR_RGB('',9.568627450980E-1,6.431372549020E-1,3.764705882353E-1);
#198=DRAUGHTING_PRE_DEFINED_COLOUR('red');
#199=COLOUR_RGB('',1.E0,0.E0,2.705882352941E-1);
#200=COLOUR_RGB('',1.E0,0.E0,4.705882352941E-1);
#201=COLOUR_RGB('',1.E0,0.E0,7.803921568627E-1);
#202=DRAUGHTING_PRE_DEFINED_COLOUR('magenta');
#203=COLOUR_RGB('',1.E0,3.1E-2,3.1E-2);
#204=COLOUR_RGB('',1.E0,7.E-2,7.E-2);
#205=COLOUR_RGB('',1.E0,7.843137254902E-2,5.764705882353E-1);
#206=COLOUR_RGB('',1.E0,1.254901960784E-1,1.803921568627E-1);
#207=COLOUR_RGB('',1.E0,2.E-1,1.E0);
#208=COLOUR_RGB('',1.E0,2.7E-1,0.E0);
#209=COLOUR_RGB('',1.E0,2.7E-1,2.7E-1);
#210=COLOUR_RGB('',1.E0,2.745098039216E-1,6.862745098039E-1);
#211=COLOUR_RGB('',1.E0,3.882352941176E-1,2.784313725490E-1);
#212=COLOUR_RGB('',1.E0,4.E-1,1.E0);
#213=COLOUR_RGB('',1.E0,4.078431372549E-1,1.686274509804E-1);
#214=COLOUR_RGB('',1.E0,4.117647058824E-1,7.058823529412E-1);
#215=COLOUR_RGB('',1.E0,4.7E-1,0.E0);
#216=COLOUR_RGB('',1.E0,4.7E-1,4.7E-1);
#217=COLOUR_RGB('',1.E0,4.980392156863E-1,3.137254901961E-1);
#218=COLOUR_RGB('',1.E0,6.E-1,1.E0);
#219=COLOUR_RGB('',1.E0,6.7E-1,0.E0);
#220=COLOUR_RGB('',1.E0,6.7E-1,6.7E-1);
#221=COLOUR_RGB('',1.E0,7.3E-1,6.E-1);
#222=COLOUR_RGB('',1.E0,7.529411764706E-1,2.980392156863E-1);
#223=COLOUR_RGB('',1.E0,7.686274509804E-1,5.882352941176E-2);
#224=COLOUR_RGB('',1.E0,8.E-1,8.E-1);
#225=COLOUR_RGB('',1.E0,8.E-1,1.E0);
#226=COLOUR_RGB('',1.E0,8.078431372549E-1,4.588235294118E-1);
#227=COLOUR_RGB('',1.E0,8.7E-1,0.E0);
#228=COLOUR_RGB('',1.E0,9.215686274510E-1,8.039215686275E-1);
#229=COLOUR_RGB('',1.E0,9.3E-1,9.3E-1);
#230=COLOUR_RGB('',1.E0,9.3E-1,1.E0);
#231=DRAUGHTING_PRE_DEFINED_COLOUR('yellow');
#232=COLOUR_RGB('',1.E0,1.E0,1.3E-1);
#233=COLOUR_RGB('',1.E0,1.E0,3.3E-1);
#234=COLOUR_RGB('',1.E0,1.E0,5.3E-1);
#235=COLOUR_RGB('',1.E0,1.E0,7.3E-1);
#236=COLOUR_RGB('',1.E0,1.E0,9.3E-1);
#237=DRAUGHTING_PRE_DEFINED_COLOUR('white');
#262=CIRCLE('',#261,1.E0);
#271=CIRCLE('',#270,1.E0);
#280=CIRCLE('',#279,1.E0);
#289=CIRCLE('',#288,1.E0);
#298=CIRCLE('',#297,1.E0);
#303=CIRCLE('',#302,1.E1);
#308=CIRCLE('',#307,1.52E1);
#317=CIRCLE('',#316,1.52E1);
#322=CIRCLE('',#321,1.E1);
#335=CIRCLE('',#334,4.E0);
#344=CIRCLE('',#343,1.E1);
#353=CIRCLE('',#352,9.E0);
#366=CIRCLE('',#365,9.E0);
#375=CIRCLE('',#374,1.E1);
#380=CIRCLE('',#379,4.E0);
#553=CIRCLE('',#552,5.E0);
#562=CIRCLE('',#561,1.E1);
#595=CIRCLE('',#594,1.E1);
#604=CIRCLE('',#603,5.E0);
#609=CIRCLE('',#608,1.E1);
#614=CIRCLE('',#613,1.52E1);
#619=CIRCLE('',#618,1.52E1);
#624=CIRCLE('',#623,1.E1);
#725=CIRCLE('',#724,1.E0);
#734=CIRCLE('',#733,1.E0);
#739=CIRCLE('',#738,5.E0);
#744=CIRCLE('',#743,1.E0);
#749=CIRCLE('',#748,1.E0);
#754=CIRCLE('',#753,1.E0);
#759=CIRCLE('',#758,9.E0);
#764=CIRCLE('',#763,9.E0);
#781=CIRCLE('',#780,1.E0);
#786=CIRCLE('',#785,1.E0);
#791=CIRCLE('',#790,1.E1);
#803=B_SPLINE_CURVE_WITH_KNOTS('',3,(#796,#797,#798,#799,#800,#801,#802),
.UNSPECIFIED.,.F.,.F.,(4,1,1,1,4),(0.E0,2.5E-1,5.E-1,7.5E-1,1.E0),
.UNSPECIFIED.);
#817=B_SPLINE_CURVE_WITH_KNOTS('',3,(#808,#809,#810,#811,#812,#813,#814,#815,
#816),.UNSPECIFIED.,.F.,.F.,(4,1,1,1,1,1,4),(0.E0,1.25E-1,2.5E-1,5.E-1,7.5E-1,
8.75E-1,1.E0),.UNSPECIFIED.);
#831=B_SPLINE_CURVE_WITH_KNOTS('',3,(#822,#823,#824,#825,#826,#827,#828,#829,
#830),.UNSPECIFIED.,.F.,.F.,(4,1,1,1,1,1,4),(0.E0,1.25E-1,2.5E-1,5.E-1,7.5E-1,
8.75E-1,1.E0),.UNSPECIFIED.);
#843=B_SPLINE_CURVE_WITH_KNOTS('',3,(#836,#837,#838,#839,#840,#841,#842),
.UNSPECIFIED.,.F.,.F.,(4,1,1,1,4),(0.E0,2.5E-1,5.E-1,7.5E-1,1.E0),
.UNSPECIFIED.);
#873=B_SPLINE_CURVE_WITH_KNOTS('',3,(#868,#869,#870,#871,#872),.UNSPECIFIED.,
.F.,.F.,(4,1,4),(0.E0,5.E-1,1.E0),.UNSPECIFIED.);
#878=CIRCLE('',#877,1.E0);
#887=CIRCLE('',#886,1.E0);
#904=CIRCLE('',#903,4.E0);
#913=CIRCLE('',#912,1.E0);
#922=CIRCLE('',#921,1.E0);
#927=CIRCLE('',#926,4.E0);
#937=B_SPLINE_CURVE_WITH_KNOTS('',3,(#932,#933,#934,#935,#936),.UNSPECIFIED.,
.F.,.F.,(4,1,4),(0.E0,5.E-1,1.E0),.UNSPECIFIED.);
#974=CIRCLE('',#973,1.E1);
#979=CIRCLE('',#978,1.E0);
#984=CIRCLE('',#983,1.E0);
#1001=CIRCLE('',#1000,9.E0);
#1006=CIRCLE('',#1005,9.E0);
#1011=CIRCLE('',#1010,1.E0);
#1016=CIRCLE('',#1015,1.E0);
#1025=CIRCLE('',#1024,1.E0);
#1030=CIRCLE('',#1029,5.E0);
#1035=CIRCLE('',#1034,1.E0);
#1408=CIRCLE('',#1407,2.E0);
#1413=CIRCLE('',#1412,2.E0);
#1431=B_SPLINE_CURVE_WITH_KNOTS('',3,(#1426,#1427,#1428,#1429,#1430),
.UNSPECIFIED.,.F.,.F.,(4,1,4),(0.E0,5.E-1,1.E0),.UNSPECIFIED.);
#1442=B_SPLINE_CURVE_WITH_KNOTS('',3,(#1432,#1433,#1434,#1435,#1436,#1437,#1438,
#1439,#1440,#1441),.UNSPECIFIED.,.F.,.F.,(4,1,1,1,1,1,1,4),(0.E0,6.25E-2,
1.25E-1,2.5E-1,3.75E-1,5.E-1,7.5E-1,1.E0),.UNSPECIFIED.);
#1453=B_SPLINE_CURVE_WITH_KNOTS('',3,(#1443,#1444,#1445,#1446,#1447,#1448,#1449,
#1450,#1451,#1452),.UNSPECIFIED.,.F.,.F.,(4,1,1,1,1,1,1,4),(0.E0,2.5E-1,5.E-1,
6.25E-1,7.5E-1,8.75E-1,9.375E-1,1.E0),.UNSPECIFIED.);
#1491=B_SPLINE_CURVE_WITH_KNOTS('',3,(#1486,#1487,#1488,#1489,#1490),
.UNSPECIFIED.,.F.,.F.,(4,1,4),(0.E0,5.E-1,1.E0),.UNSPECIFIED.);
#1502=B_SPLINE_CURVE_WITH_KNOTS('',3,(#1492,#1493,#1494,#1495,#1496,#1497,#1498,
#1499,#1500,#1501),.UNSPECIFIED.,.F.,.F.,(4,1,1,1,1,1,1,4),(0.E0,2.5E-1,5.E-1,
6.25E-1,7.5E-1,8.75E-1,9.375E-1,1.E0),.UNSPECIFIED.);
#1513=B_SPLINE_CURVE_WITH_KNOTS('',3,(#1503,#1504,#1505,#1506,#1507,#1508,#1509,
#1510,#1511,#1512),.UNSPECIFIED.,.F.,.F.,(4,1,1,1,1,1,1,4),(0.E0,6.25E-2,
1.25E-1,2.5E-1,3.75E-1,5.E-1,7.5E-1,1.E0),.UNSPECIFIED.);
#1519=B_SPLINE_CURVE_WITH_KNOTS('',3,(#1514,#1515,#1516,#1517,#1518),
.UNSPECIFIED.,.F.,.F.,(4,1,4),(0.E0,5.E-1,1.E0),.UNSPECIFIED.);
#1525=B_SPLINE_CURVE_WITH_KNOTS('',3,(#1520,#1521,#1522,#1523,#1524),
.UNSPECIFIED.,.F.,.F.,(4,1,4),(0.E0,5.E-1,1.E0),.UNSPECIFIED.);
#1575=B_SPLINE_CURVE_WITH_KNOTS('',3,(#1566,#1567,#1568,#1569,#1570,#1571,#1572,
#1573,#1574),.UNSPECIFIED.,.F.,.F.,(4,1,1,1,1,1,4),(0.E0,1.25E-1,2.5E-1,5.E-1,
7.5E-1,8.75E-1,1.E0),.UNSPECIFIED.);
#1589=B_SPLINE_CURVE_WITH_KNOTS('',3,(#1580,#1581,#1582,#1583,#1584,#1585,#1586,
#1587,#1588),.UNSPECIFIED.,.F.,.F.,(4,1,1,1,1,1,4),(0.E0,1.25E-1,2.5E-1,5.E-1,
7.5E-1,8.75E-1,1.E0),.UNSPECIFIED.);
#1982=EDGE_CURVE('',#1792,#1786,#241,.T.);
#1984=EDGE_CURVE('',#1792,#1715,#284,.T.);
#1986=EDGE_CURVE('',#1715,#1713,#245,.T.);
#1988=EDGE_CURVE('',#1713,#1729,#249,.T.);
#1990=EDGE_CURVE('',#1729,#1731,#253,.T.);
#1992=EDGE_CURVE('',#1656,#1731,#835,.T.);
#1994=EDGE_CURVE('',#1628,#1656,#566,.T.);
#1996=EDGE_CURVE('',#1786,#1628,#257,.T.);
#2006=EDGE_CURVE('',#1791,#1792,#289,.T.);
#2009=EDGE_CURVE('',#1786,#1788,#786,.T.);
#2011=EDGE_CURVE('',#1791,#1788,#361,.T.);
#2021=EDGE_CURVE('',#1755,#1756,#262,.T.);
#2023=EDGE_CURVE('',#1709,#1755,#266,.T.);
#2025=EDGE_CURVE('',#1707,#1709,#271,.T.);
#2027=EDGE_CURVE('',#1717,#1707,#275,.T.);
#2029=EDGE_CURVE('',#1715,#1717,#280,.T.);
#2033=EDGE_CURVE('',#1756,#1791,#293,.T.);
#2044=EDGE_CURVE('',#1758,#1756,#357,.T.);
#2046=EDGE_CURVE('',#1760,#1758,#298,.T.);
#2048=EDGE_CURVE('',#1760,#1755,#957,.T.);
#2058=EDGE_CURVE('',#1956,#1816,#392,.T.);
#2060=EDGE_CURVE('',#1955,#1956,#424,.T.);
#2062=EDGE_CURVE('',#1636,#1955,#456,.T.);
#2064=EDGE_CURVE('',#1636,#1637,#303,.T.);
#2066=EDGE_CURVE('',#1637,#1633,#308,.T.);
#2068=EDGE_CURVE('',#1632,#1633,#312,.T.);
#2070=EDGE_CURVE('',#1632,#1640,#317,.T.);
#2072=EDGE_CURVE('',#1640,#1641,#322,.T.);
#2074=EDGE_CURVE('',#1959,#1641,#1363,.T.);
#2076=EDGE_CURVE('',#1959,#1960,#326,.T.);
#2078=EDGE_CURVE('',#1827,#1960,#1039,.T.);
#2080=EDGE_CURVE('',#1827,#1828,#330,.T.);
#2082=EDGE_CURVE('',#1836,#1828,#335,.T.);
#2084=EDGE_CURVE('',#1836,#1772,#339,.T.);
#2086=EDGE_CURVE('',#1772,#1768,#344,.T.);
#2088=EDGE_CURVE('',#1768,#1764,#348,.T.);
#2090=EDGE_CURVE('',#1764,#1758,#353,.T.);
#2095=EDGE_CURVE('',#1788,#1784,#366,.T.);
#2097=EDGE_CURVE('',#1784,#1779,#370,.T.);
#2099=EDGE_CURVE('',#1779,#1780,#375,.T.);
#2101=EDGE_CURVE('',#1820,#1780,#729,.T.);
#2103=EDGE_CURVE('',#1815,#1820,#380,.T.);
#2105=EDGE_CURVE('',#1815,#1816,#384,.T.);
#2115=EDGE_CURVE('',#1934,#1956,#388,.T.);
#2118=EDGE_CURVE('',#1818,#1816,#749,.T.);
#2120=EDGE_CURVE('',#1818,#1852,#396,.T.);
#2122=EDGE_CURVE('',#1852,#1844,#400,.T.);
#2124=EDGE_CURVE('',#1888,#1844,#404,.T.);
#2126=EDGE_CURVE('',#1887,#1888,#408,.T.);
#2128=EDGE_CURVE('',#1928,#1887,#412,.T.);
#2130=EDGE_CURVE('',#1927,#1928,#416,.T.);
#2132=EDGE_CURVE('',#1934,#1927,#420,.T.);
#2142=EDGE_CURVE('',#1955,#1940,#460,.T.);
#2146=EDGE_CURVE('',#1934,#1940,#428,.T.);
#2156=EDGE_CURVE('',#1960,#1936,#1043,.T.);
#2159=EDGE_CURVE('',#1959,#1938,#432,.T.);
#2161=EDGE_CURVE('',#1938,#1936,#436,.T.);
#2171=EDGE_CURVE('',#1940,#1970,#440,.T.);
#2173=EDGE_CURVE('',#1976,#1970,#444,.T.);
#2175=EDGE_CURVE('',#1947,#1976,#1343,.T.);
#2177=EDGE_CURVE('',#1951,#1947,#1413,.T.);
#2179=EDGE_CURVE('',#1800,#1951,#1403,.T.);
#2181=EDGE_CURVE('',#1799,#1800,#492,.T.);
#2183=EDGE_CURVE('',#1799,#1617,#448,.T.);
#2185=EDGE_CURVE('',#1617,#1636,#452,.T.);
#2197=EDGE_CURVE('',#1843,#1844,#472,.T.);
#2199=EDGE_CURVE('',#1880,#1843,#1155,.T.);
#2201=EDGE_CURVE('',#1888,#1880,#1299,.T.);
#2212=EDGE_CURVE('',#1839,#1840,#480,.T.);
#2214=EDGE_CURVE('',#1892,#1839,#1059,.T.);
#2216=EDGE_CURVE('',#1884,#1892,#1291,.T.);
#2218=EDGE_CURVE('',#1884,#1840,#1083,.T.);
#2228=EDGE_CURVE('',#1970,#1964,#464,.T.);
#2233=EDGE_CURVE('',#1927,#1919,#1071,.T.);
#2235=EDGE_CURVE('',#1964,#1919,#1123,.T.);
#2245=EDGE_CURVE('',#1967,#1972,#468,.T.);
#2247=EDGE_CURVE('',#1967,#1923,#1115,.T.);
#2249=EDGE_CURVE('',#1923,#1931,#1067,.T.);
#2251=EDGE_CURVE('',#1936,#1931,#1047,.T.);
#2254=EDGE_CURVE('',#1972,#1938,#1359,.T.);
#2265=EDGE_CURVE('',#1851,#1852,#528,.T.);
#2267=EDGE_CURVE('',#1843,#1851,#1159,.T.);
#2278=EDGE_CURVE('',#1848,#1840,#1079,.T.);
#2280=EDGE_CURVE('',#1847,#1848,#516,.T.);
#2282=EDGE_CURVE('',#1847,#1839,#476,.T.);
#2293=EDGE_CURVE('',#1808,#1810,#484,.T.);
#2295=EDGE_CURVE('',#1808,#1799,#488,.T.);
#2298=EDGE_CURVE('',#1800,#1803,#496,.T.);
#2300=EDGE_CURVE('',#1803,#1804,#500,.T.);
#2302=EDGE_CURVE('',#1831,#1804,#504,.T.);
#2304=EDGE_CURVE('',#1824,#1831,#508,.T.);
#2306=EDGE_CURVE('',#1823,#1824,#512,.T.);
#2308=EDGE_CURVE('',#1847,#1823,#1063,.T.);
#2311=EDGE_CURVE('',#1795,#1848,#1327,.T.);
#2313=EDGE_CURVE('',#1795,#1796,#520,.T.);
#2315=EDGE_CURVE('',#1796,#1851,#524,.T.);
#2319=EDGE_CURVE('',#1810,#1818,#532,.T.);
#2329=EDGE_CURVE('',#1807,#1808,#553,.T.);
#2332=EDGE_CURVE('',#1810,#1812,#739,.T.);
#2334=EDGE_CURVE('',#1807,#1812,#708,.T.);
#2345=EDGE_CURVE('',#1593,#1807,#720,.T.);
#2347=EDGE_CURVE('',#1592,#1593,#764,.T.);
#2349=EDGE_CURVE('',#1592,#1629,#557,.T.);
#2351=EDGE_CURVE('',#1628,#1629,#562,.T.);
#2354=EDGE_CURVE('',#1656,#1657,#570,.T.);
#2356=EDGE_CURVE('',#1657,#1604,#574,.T.);
#2358=EDGE_CURVE('',#1604,#1605,#578,.T.);
#2360=EDGE_CURVE('',#1653,#1605,#1579,.T.);
#2362=EDGE_CURVE('',#1652,#1653,#821,.T.);
#2364=EDGE_CURVE('',#1600,#1652,#1565,.T.);
#2366=EDGE_CURVE('',#1600,#1601,#582,.T.);
#2368=EDGE_CURVE('',#1660,#1601,#1561,.T.);
#2370=EDGE_CURVE('',#1660,#1661,#586,.T.);
#2372=EDGE_CURVE('',#1661,#1625,#590,.T.);
#2374=EDGE_CURVE('',#1624,#1625,#595,.T.);
#2376=EDGE_CURVE('',#1624,#1597,#599,.T.);
#2378=EDGE_CURVE('',#1596,#1597,#1006,.T.);
#2380=EDGE_CURVE('',#1832,#1596,#1421,.T.);
#2382=EDGE_CURVE('',#1831,#1832,#604,.T.);
#2385=EDGE_CURVE('',#1620,#1804,#1371,.T.);
#2387=EDGE_CURVE('',#1620,#1621,#609,.T.);
#2389=EDGE_CURVE('',#1621,#1645,#614,.T.);
#2391=EDGE_CURVE('',#1644,#1645,#1379,.T.);
#2393=EDGE_CURVE('',#1644,#1616,#619,.T.);
#2395=EDGE_CURVE('',#1616,#1617,#624,.T.);
#2401=EDGE_CURVE('',#1680,#1681,#544,.T.);
#2403=EDGE_CURVE('',#1688,#1681,#704,.T.);
#2405=EDGE_CURVE('',#1688,#1689,#548,.T.);
#2407=EDGE_CURVE('',#1680,#1689,#692,.T.);
#2411=EDGE_CURVE('',#1664,#1665,#536,.T.);
#2413=EDGE_CURVE('',#1672,#1665,#648,.T.);
#2415=EDGE_CURVE('',#1672,#1673,#540,.T.);
#2417=EDGE_CURVE('',#1664,#1673,#636,.T.);
#2428=EDGE_CURVE('',#1664,#1668,#628,.T.);
#2430=EDGE_CURVE('',#1668,#1669,#652,.T.);
#2432=EDGE_CURVE('',#1669,#1665,#632,.T.);
#2443=EDGE_CURVE('',#1677,#1673,#644,.T.);
#2445=EDGE_CURVE('',#1677,#1668,#656,.T.);
#2457=EDGE_CURVE('',#1672,#1676,#640,.T.);
#2459=EDGE_CURVE('',#1676,#1677,#660,.T.);
#2470=EDGE_CURVE('',#1669,#1676,#664,.T.);
#2495=EDGE_CURVE('',#1684,#1685,#668,.T.);
#2497=EDGE_CURVE('',#1693,#1684,#672,.T.);
#2499=EDGE_CURVE('',#1692,#1693,#676,.T.);
#2501=EDGE_CURVE('',#1685,#1692,#680,.T.);
#2512=EDGE_CURVE('',#1680,#1684,#684,.T.);
#2515=EDGE_CURVE('',#1685,#1681,#688,.T.);
#2526=EDGE_CURVE('',#1693,#1689,#700,.T.);
#2539=EDGE_CURVE('',#1688,#1692,#696,.T.);
#2564=EDGE_CURVE('',#1812,#1776,#712,.T.);
#2566=EDGE_CURVE('',#1776,#1593,#716,.T.);
#2577=EDGE_CURVE('',#1812,#1820,#725,.T.);
#2580=EDGE_CURVE('',#1776,#1780,#734,.T.);
#2594=EDGE_CURVE('',#1815,#1810,#744,.T.);
#2616=EDGE_CURVE('',#1775,#1776,#759,.T.);
#2620=EDGE_CURVE('',#1775,#1779,#754,.T.);
#2631=EDGE_CURVE('',#1775,#1592,#776,.T.);
#2643=EDGE_CURVE('',#1782,#1775,#768,.T.);
#2645=EDGE_CURVE('',#1782,#1629,#772,.T.);
#2660=EDGE_CURVE('',#1782,#1784,#781,.T.);
#2670=EDGE_CURVE('',#1786,#1782,#791,.T.);
#2695=EDGE_CURVE('',#1649,#1725,#851,.T.);
#2697=EDGE_CURVE('',#1723,#1725,#873,.T.);
#2699=EDGE_CURVE('',#1723,#1697,#795,.T.);
#2701=EDGE_CURVE('',#1701,#1697,#937,.T.);
#2703=EDGE_CURVE('',#1646,#1701,#1533,.T.);
#2705=EDGE_CURVE('',#1646,#1647,#803,.T.);
#2707=EDGE_CURVE('',#1743,#1647,#1541,.T.);
#2709=EDGE_CURVE('',#1746,#1743,#1525,.T.);
#2711=EDGE_CURVE('',#1746,#1739,#1477,.T.);
#2713=EDGE_CURVE('',#1737,#1739,#1431,.T.);
#2715=EDGE_CURVE('',#1737,#1661,#807,.T.);
#2718=EDGE_CURVE('',#1660,#1652,#817,.T.);
#2721=EDGE_CURVE('',#1653,#1657,#831,.T.);
#2725=EDGE_CURVE('',#1734,#1731,#1491,.T.);
#2727=EDGE_CURVE('',#1734,#1752,#1469,.T.);
#2729=EDGE_CURVE('',#1750,#1752,#1519,.T.);
#2731=EDGE_CURVE('',#1750,#1648,#867,.T.);
#2733=EDGE_CURVE('',#1648,#1649,#843,.T.);
#2743=EDGE_CURVE('',#1725,#1720,#847,.T.);
#2746=EDGE_CURVE('',#1613,#1649,#1553,.T.);
#2748=EDGE_CURVE('',#1613,#1720,#855,.T.);
#2758=EDGE_CURVE('',#1750,#1748,#859,.T.);
#2760=EDGE_CURVE('',#1748,#1612,#863,.T.);
#2762=EDGE_CURVE('',#1648,#1612,#1557,.T.);
#2773=EDGE_CURVE('',#1720,#1721,#922,.T.);
#2775=EDGE_CURVE('',#1723,#1721,#945,.T.);
#2787=EDGE_CURVE('',#1696,#1699,#878,.T.);
#2789=EDGE_CURVE('',#1705,#1696,#882,.T.);
#2791=EDGE_CURVE('',#1704,#1705,#887,.T.);
#2793=EDGE_CURVE('',#1704,#1727,#891,.T.);
#2795=EDGE_CURVE('',#1742,#1727,#895,.T.);
#2797=EDGE_CURVE('',#1742,#1609,#899,.T.);
#2799=EDGE_CURVE('',#1608,#1609,#904,.T.);
#2801=EDGE_CURVE('',#1608,#1699,#908,.T.);
#2811=EDGE_CURVE('',#1712,#1713,#913,.T.);
#2813=EDGE_CURVE('',#1721,#1712,#917,.T.);
#2817=EDGE_CURVE('',#1612,#1613,#927,.T.);
#2820=EDGE_CURVE('',#1729,#1748,#931,.T.);
#2831=EDGE_CURVE('',#1696,#1697,#941,.T.);
#2834=EDGE_CURVE('',#1699,#1701,#1529,.T.);
#2849=EDGE_CURVE('',#1717,#1712,#949,.T.);
#2852=EDGE_CURVE('',#1707,#1705,#953,.T.);
#2878=EDGE_CURVE('',#1709,#1704,#969,.T.);
#2889=EDGE_CURVE('',#1625,#1760,#961,.T.);
#2893=EDGE_CURVE('',#1737,#1727,#965,.T.);
#2906=EDGE_CURVE('',#1762,#1760,#974,.T.);
#2908=EDGE_CURVE('',#1624,#1762,#996,.T.);
#2923=EDGE_CURVE('',#1762,#1764,#979,.T.);
#2933=EDGE_CURVE('',#1766,#1762,#988,.T.);
#2937=EDGE_CURVE('',#1766,#1768,#984,.T.);
#2948=EDGE_CURVE('',#1766,#1597,#992,.T.);
#2960=EDGE_CURVE('',#1770,#1766,#1001,.T.);
#2962=EDGE_CURVE('',#1770,#1596,#1425,.T.);
#2977=EDGE_CURVE('',#1770,#1772,#1011,.T.);
#2987=EDGE_CURVE('',#1834,#1836,#1016,.T.);
#2989=EDGE_CURVE('',#1834,#1770,#1020,.T.);
#3003=EDGE_CURVE('',#1824,#1828,#1025,.T.);
#3005=EDGE_CURVE('',#1834,#1824,#1030,.T.);
#3018=EDGE_CURVE('',#1827,#1823,#1035,.T.);
#3031=EDGE_CURVE('',#1931,#1932,#1051,.T.);
#3033=EDGE_CURVE('',#1891,#1932,#1167,.T.);
#3035=EDGE_CURVE('',#1891,#1892,#1055,.T.);
#3050=EDGE_CURVE('',#1923,#1924,#1111,.T.);
#3052=EDGE_CURVE('',#1932,#1924,#1171,.T.);
#3065=EDGE_CURVE('',#1920,#1928,#1191,.T.);
#3067=EDGE_CURVE('',#1919,#1920,#1127,.T.);
#3077=EDGE_CURVE('',#1967,#1968,#1075,.T.);
#3079=EDGE_CURVE('',#1848,#1968,#1319,.T.);
#3083=EDGE_CURVE('',#1883,#1884,#1087,.T.);
#3085=EDGE_CURVE('',#1909,#1883,#1091,.T.);
#3087=EDGE_CURVE('',#1909,#1910,#1095,.T.);
#3089=EDGE_CURVE('',#1910,#1869,#1099,.T.);
#3091=EDGE_CURVE('',#1869,#1870,#1103,.T.);
#3093=EDGE_CURVE('',#1924,#1870,#1107,.T.);
#3105=EDGE_CURVE('',#1963,#1964,#1119,.T.);
#3107=EDGE_CURVE('',#1963,#1976,#1347,.T.);
#3121=EDGE_CURVE('',#1974,#1972,#1355,.T.);
#3123=EDGE_CURVE('',#1974,#1968,#1331,.T.);
#3136=EDGE_CURVE('',#1920,#1855,#1131,.T.);
#3138=EDGE_CURVE('',#1855,#1866,#1135,.T.);
#3140=EDGE_CURVE('',#1906,#1866,#1139,.T.);
#3142=EDGE_CURVE('',#1906,#1895,#1143,.T.);
#3144=EDGE_CURVE('',#1895,#1879,#1147,.T.);
#3146=EDGE_CURVE('',#1879,#1880,#1151,.T.);
#3150=EDGE_CURVE('',#1851,#1963,#1163,.T.);
#3163=EDGE_CURVE('',#1876,#1870,#1175,.T.);
#3165=EDGE_CURVE('',#1916,#1876,#1259,.T.);
#3167=EDGE_CURVE('',#1916,#1909,#1179,.T.);
#3170=EDGE_CURVE('',#1891,#1883,#1295,.T.);
#3180=EDGE_CURVE('',#1896,#1856,#1183,.T.);
#3182=EDGE_CURVE('',#1855,#1856,#1187,.T.);
#3187=EDGE_CURVE('',#1879,#1887,#1303,.T.);
#3190=EDGE_CURVE('',#1895,#1896,#1195,.T.);
#3202=EDGE_CURVE('',#1874,#1869,#1199,.T.);
#3204=EDGE_CURVE('',#1862,#1874,#1203,.T.);
#3206=EDGE_CURVE('',#1861,#1862,#1271,.T.);
#3208=EDGE_CURVE('',#1876,#1861,#1207,.T.);
#3218=EDGE_CURVE('',#1864,#1858,#1279,.T.);
#3220=EDGE_CURVE('',#1872,#1864,#1211,.T.);
#3222=EDGE_CURVE('',#1866,#1872,#1215,.T.);
#3226=EDGE_CURVE('',#1856,#1858,#1219,.T.);
#3237=EDGE_CURVE('',#1914,#1910,#1239,.T.);
#3239=EDGE_CURVE('',#1874,#1914,#1223,.T.);
#3250=EDGE_CURVE('',#1901,#1916,#1227,.T.);
#3252=EDGE_CURVE('',#1901,#1902,#1231,.T.);
#3254=EDGE_CURVE('',#1902,#1914,#1235,.T.);
#3268=EDGE_CURVE('',#1906,#1912,#1243,.T.);
#3270=EDGE_CURVE('',#1912,#1904,#1247,.T.);
#3272=EDGE_CURVE('',#1904,#1898,#1251,.T.);
#3274=EDGE_CURVE('',#1898,#1896,#1255,.T.);
#3287=EDGE_CURVE('',#1861,#1901,#1267,.T.);
#3298=EDGE_CURVE('',#1902,#1862,#1263,.T.);
#3311=EDGE_CURVE('',#1904,#1864,#1275,.T.);
#3314=EDGE_CURVE('',#1858,#1898,#1283,.T.);
#3339=EDGE_CURVE('',#1872,#1912,#1287,.T.);
#3400=EDGE_CURVE('',#1796,#1944,#1307,.T.);
#3402=EDGE_CURVE('',#1944,#1963,#1311,.T.);
#3414=EDGE_CURVE('',#1795,#1942,#1315,.T.);
#3416=EDGE_CURVE('',#1942,#1944,#1351,.T.);
#3427=EDGE_CURVE('',#1968,#1942,#1323,.T.);
#3440=EDGE_CURVE('',#1974,#1948,#1335,.T.);
#3442=EDGE_CURVE('',#1947,#1948,#1339,.T.);
#3462=EDGE_CURVE('',#1641,#1620,#1367,.T.);
#3466=EDGE_CURVE('',#1952,#1803,#1399,.T.);
#3468=EDGE_CURVE('',#1948,#1952,#1408,.T.);
#3478=EDGE_CURVE('',#1640,#1621,#1375,.T.);
#3494=EDGE_CURVE('',#1645,#1632,#1383,.T.);
#3507=EDGE_CURVE('',#1644,#1633,#1387,.T.);
#3520=EDGE_CURVE('',#1616,#1637,#1391,.T.);
#3542=EDGE_CURVE('',#1951,#1952,#1395,.T.);
#3568=EDGE_CURVE('',#1834,#1832,#1417,.T.);
#3592=EDGE_CURVE('',#1735,#1727,#1442,.T.);
#3596=EDGE_CURVE('',#1739,#1735,#1473,.T.);
#3607=EDGE_CURVE('',#1744,#1735,#1485,.T.);
#3609=EDGE_CURVE('',#1742,#1744,#1453,.T.);
#3620=EDGE_CURVE('',#1732,#1734,#1457,.T.);
#3622=EDGE_CURVE('',#1732,#1747,#1461,.T.);
#3624=EDGE_CURVE('',#1752,#1747,#1465,.T.);
#3637=EDGE_CURVE('',#1744,#1746,#1481,.T.);
#3649=EDGE_CURVE('',#1729,#1732,#1502,.T.);
#3663=EDGE_CURVE('',#1747,#1748,#1513,.T.);
#3686=EDGE_CURVE('',#1742,#1743,#1537,.T.);
#3701=EDGE_CURVE('',#1646,#1608,#1549,.T.);
#3714=EDGE_CURVE('',#1609,#1647,#1545,.T.);
#3751=EDGE_CURVE('',#1600,#1601,#1575,.T.);
#3775=EDGE_CURVE('',#1604,#1605,#1589,.T.);
#3792=(LENGTH_UNIT()NAMED_UNIT(*)SI_UNIT(.MILLI.,.METRE.));
#3794=(NAMED_UNIT(*)PLANE_ANGLE_UNIT()SI_UNIT($,.RADIAN.));
#3797=(NAMED_UNIT(*)SI_UNIT($,.STERADIAN.)SOLID_ANGLE_UNIT());
#3800=ADVANCED_BREP_SHAPE_REPRESENTATION('',(#3791),#3799);
#3807=PRODUCT_DEFINITION('design','',#3806,#3803);
#3808=PRODUCT_DEFINITION_SHAPE('','SHAPE FOR GUDINGZUO.',#3807);
#3809=SHAPE_DEFINITION_REPRESENTATION(#3808,#3800);
ENDSEC;
END-ISO-10303-21;
