ISO-10303-21;
HEADER;
FILE_DESCRIPTION((''),'2;1');
FILE_NAME('GUDINGZUO-AMS-HT','2026-03-10T10:09:58',('dl.liu'),(''),
'CREO PARAMETRIC BY PTC INC, 2018020','CREO PARAMETRIC BY PTC INC, 2018020','');
FILE_SCHEMA(('CONFIG_CONTROL_DESIGN','SHAPE_APPEARANCE_LAYERS_GROUPS'));
ENDSEC;
DATA;
#258=CARTESIAN_POINT('',(0.E0,-3.347961087370E1,-1.19E2));
#259=DIRECTION('',(1.E0,0.E0,0.E0));
#260=DIRECTION('',(0.E0,8.E-1,6.E-1));
#261=AXIS2_PLACEMENT_3D('',#258,#259,#260);
#263=DIRECTION('',(0.E0,1.E0,0.E0));
#264=VECTOR('',#263,7.479610873696E0);
#265=CARTESIAN_POINT('',(0.E0,-3.147961087370E1,-1.175E2));
#266=LINE('',#265,#264);
#267=CARTESIAN_POINT('',(2.842170943040E-14,-2.4E1,-1.025E2));
#268=DIRECTION('',(-1.E0,0.E0,0.E0));
#269=DIRECTION('',(0.E0,1.E0,0.E0));
#270=AXIS2_PLACEMENT_3D('',#267,#268,#269);
#272=DIRECTION('',(0.E0,1.E0,0.E0));
#273=VECTOR('',#272,9.E0);
#274=CARTESIAN_POINT('',(0.E0,-9.E0,-9.115E1));
#275=LINE('',#274,#273);
#276=DIRECTION('',(0.E0,1.E0,0.E0));
#277=VECTOR('',#276,9.E0);
#278=CARTESIAN_POINT('',(0.E0,-9.E0,-2.885E1));
#279=LINE('',#278,#277);
#280=CARTESIAN_POINT('',(5.684341886081E-14,-2.4E1,-1.75E1));
#281=DIRECTION('',(-1.E0,0.E0,0.E0));
#282=DIRECTION('',(0.E0,0.E0,1.E0));
#283=AXIS2_PLACEMENT_3D('',#280,#281,#282);
#285=DIRECTION('',(0.E0,1.E0,0.E0));
#286=VECTOR('',#285,7.479610873696E0);
#287=CARTESIAN_POINT('',(0.E0,-3.147961087370E1,-2.5E0));
#288=LINE('',#287,#286);
#289=CARTESIAN_POINT('',(0.E0,-3.347961087370E1,-1.E0));
#290=DIRECTION('',(-1.E0,0.E0,0.E0));
#291=DIRECTION('',(0.E0,8.E-1,-6.E-1));
#292=AXIS2_PLACEMENT_3D('',#289,#290,#291);
#294=DIRECTION('',(0.E0,1.E0,0.E0));
#295=VECTOR('',#294,1.520389126304E0);
#296=CARTESIAN_POINT('',(0.E0,-3.7E1,-2.5E0));
#297=LINE('',#296,#295);
#298=DIRECTION('',(0.E0,0.E0,-1.E0));
#299=VECTOR('',#298,1.1E0);
#300=CARTESIAN_POINT('',(0.E0,-3.7E1,-2.5E0));
#301=LINE('',#300,#299);
#302=DIRECTION('',(-3.034061342389E-14,-1.E0,7.431750688173E-13));
#303=VECTOR('',#302,1.349999999986E1);
#304=CARTESIAN_POINT('',(4.096075330769E-13,-2.350000000014E1,
-3.600000000010E0));
#305=LINE('',#304,#303);
#306=CARTESIAN_POINT('',(0.E0,-2.35E1,-1.75E1));
#307=DIRECTION('',(1.E0,0.E0,0.E0));
#308=DIRECTION('',(0.E0,1.E0,0.E0));
#309=AXIS2_PLACEMENT_3D('',#306,#307,#308);
#311=DIRECTION('',(0.E0,-3.584061152445E-14,1.E0));
#312=VECTOR('',#311,8.499999999981E1);
#313=CARTESIAN_POINT('',(4.094502514818E-13,-9.600000000010E0,
-1.024999999999E2));
#314=LINE('',#313,#312);
#315=CARTESIAN_POINT('',(0.E0,-2.35E1,-1.025E2));
#316=DIRECTION('',(1.E0,0.E0,0.E0));
#317=DIRECTION('',(0.E0,0.E0,-1.E0));
#318=AXIS2_PLACEMENT_3D('',#315,#316,#317);
#320=DIRECTION('',(3.953764613392E-14,1.E0,9.684434324475E-13));
#321=VECTOR('',#320,1.349999999994E1);
#322=CARTESIAN_POINT('',(0.E0,-3.7E1,-1.164E2));
#323=LINE('',#322,#321);
#324=DIRECTION('',(0.E0,0.E0,-1.E0));
#325=VECTOR('',#324,1.1E0);
#326=CARTESIAN_POINT('',(0.E0,-3.7E1,-1.164E2));
#327=LINE('',#326,#325);
#328=DIRECTION('',(0.E0,1.E0,0.E0));
#329=VECTOR('',#328,1.520389126304E0);
#330=CARTESIAN_POINT('',(0.E0,-3.7E1,-1.175E2));
#331=LINE('',#330,#329);
#332=CARTESIAN_POINT('',(-4.9E1,-1.E1,-1.1E2));
#333=DIRECTION('',(-1.E0,0.E0,0.E0));
#334=DIRECTION('',(0.E0,1.E0,0.E0));
#335=AXIS2_PLACEMENT_3D('',#332,#333,#334);
#337=DIRECTION('',(0.E0,-1.E0,0.E0));
#338=VECTOR('',#337,9.E0);
#339=CARTESIAN_POINT('',(-4.9E1,0.E0,-8.65E1));
#340=LINE('',#339,#338);
#341=DIRECTION('',(0.E0,1.E0,0.E0));
#342=VECTOR('',#341,7.479610873696E0);
#343=CARTESIAN_POINT('',(-4.9E1,-3.147961087370E1,-1.175E2));
#344=LINE('',#343,#342);
#345=CARTESIAN_POINT('',(-4.9E1,-3.347961087370E1,-1.19E2));
#346=DIRECTION('',(1.E0,0.E0,0.E0));
#347=DIRECTION('',(0.E0,8.E-1,6.E-1));
#348=AXIS2_PLACEMENT_3D('',#345,#346,#347);
#350=DIRECTION('',(0.E0,1.E0,0.E0));
#351=VECTOR('',#350,1.520389126304E0);
#352=CARTESIAN_POINT('',(-4.9E1,-3.7E1,-1.175E2));
#353=LINE('',#352,#351);
#354=DIRECTION('',(0.E0,0.E0,1.E0));
#355=VECTOR('',#354,2.5E0);
#356=CARTESIAN_POINT('',(-4.9E1,-3.7E1,-1.2E2));
#357=LINE('',#356,#355);
#358=DIRECTION('',(0.E0,1.E0,0.E0));
#359=VECTOR('',#358,2.7E1);
#360=CARTESIAN_POINT('',(-4.9E1,-3.7E1,-1.2E2));
#361=LINE('',#360,#359);
#362=CARTESIAN_POINT('',(-4.9E1,-1.E1,-1.E1));
#363=DIRECTION('',(-1.E0,0.E0,0.E0));
#364=DIRECTION('',(0.E0,0.E0,1.E0));
#365=AXIS2_PLACEMENT_3D('',#362,#363,#364);
#367=DIRECTION('',(0.E0,-1.E0,0.E0));
#368=VECTOR('',#367,2.7E1);
#369=CARTESIAN_POINT('',(-4.9E1,-1.E1,0.E0));
#370=LINE('',#369,#368);
#371=DIRECTION('',(0.E0,0.E0,1.E0));
#372=VECTOR('',#371,2.5E0);
#373=CARTESIAN_POINT('',(-4.9E1,-3.7E1,-2.5E0));
#374=LINE('',#373,#372);
#375=DIRECTION('',(0.E0,-1.E0,0.E0));
#376=VECTOR('',#375,1.520389126304E0);
#377=CARTESIAN_POINT('',(-4.9E1,-3.547961087370E1,-2.5E0));
#378=LINE('',#377,#376);
#379=CARTESIAN_POINT('',(-4.9E1,-3.347961087370E1,-1.E0));
#380=DIRECTION('',(-1.E0,0.E0,0.E0));
#381=DIRECTION('',(0.E0,8.E-1,-6.E-1));
#382=AXIS2_PLACEMENT_3D('',#379,#380,#381);
#384=DIRECTION('',(0.E0,-1.E0,0.E0));
#385=VECTOR('',#384,7.479610873696E0);
#386=CARTESIAN_POINT('',(-4.9E1,-2.4E1,-2.5E0));
#387=LINE('',#386,#385);
#388=DIRECTION('',(0.E0,-1.E0,0.E0));
#389=VECTOR('',#388,9.E0);
#390=CARTESIAN_POINT('',(-4.9E1,0.E0,-3.35E1));
#391=LINE('',#390,#389);
#392=CARTESIAN_POINT('',(1.1E1,-2.37E1,-1.77E1));
#393=DIRECTION('',(1.E0,0.E0,0.E0));
#394=DIRECTION('',(0.E0,1.E0,0.E0));
#395=AXIS2_PLACEMENT_3D('',#392,#393,#394);
#397=CARTESIAN_POINT('',(1.1E1,-2.37E1,-1.77E1));
#398=DIRECTION('',(1.E0,0.E0,0.E0));
#399=DIRECTION('',(0.E0,-1.E0,0.E0));
#400=AXIS2_PLACEMENT_3D('',#397,#398,#399);
#402=CARTESIAN_POINT('',(1.1E1,-2.37E1,-1.023E2));
#403=DIRECTION('',(1.E0,0.E0,0.E0));
#404=DIRECTION('',(0.E0,1.E0,0.E0));
#405=AXIS2_PLACEMENT_3D('',#402,#403,#404);
#407=CARTESIAN_POINT('',(1.1E1,-2.37E1,-1.023E2));
#408=DIRECTION('',(1.E0,0.E0,0.E0));
#409=DIRECTION('',(0.E0,-1.E0,0.E0));
#410=AXIS2_PLACEMENT_3D('',#407,#408,#409);
#412=CARTESIAN_POINT('',(1.1E1,-1.E1,-1.1E2));
#413=DIRECTION('',(1.E0,0.E0,0.E0));
#414=DIRECTION('',(0.E0,0.E0,-1.E0));
#415=AXIS2_PLACEMENT_3D('',#412,#413,#414);
#417=DIRECTION('',(0.E0,1.E0,0.E0));
#418=VECTOR('',#417,2.7E1);
#419=CARTESIAN_POINT('',(1.1E1,-3.7E1,-1.2E2));
#420=LINE('',#419,#418);
#421=DIRECTION('',(0.E0,0.E0,1.E0));
#422=VECTOR('',#421,1.2E2);
#423=CARTESIAN_POINT('',(1.1E1,-3.7E1,-1.2E2));
#424=LINE('',#423,#422);
#425=DIRECTION('',(0.E0,-1.E0,0.E0));
#426=VECTOR('',#425,2.7E1);
#427=CARTESIAN_POINT('',(1.1E1,-1.E1,0.E0));
#428=LINE('',#427,#426);
#429=CARTESIAN_POINT('',(1.1E1,-1.E1,-1.E1));
#430=DIRECTION('',(1.E0,0.E0,0.E0));
#431=DIRECTION('',(0.E0,1.E0,0.E0));
#432=AXIS2_PLACEMENT_3D('',#429,#430,#431);
#434=DIRECTION('',(0.E0,0.E0,1.E0));
#435=VECTOR('',#434,1.E2);
#436=CARTESIAN_POINT('',(1.1E1,0.E0,-1.1E2));
#437=LINE('',#436,#435);
#438=DIRECTION('',(-1.E0,0.E0,0.E0));
#439=VECTOR('',#438,1.8E0);
#440=CARTESIAN_POINT('',(1.1E1,-1.445E1,-1.77E1));
#441=LINE('',#440,#439);
#442=DIRECTION('',(-1.E0,0.E0,0.E0));
#443=VECTOR('',#442,1.8E0);
#444=CARTESIAN_POINT('',(1.1E1,-3.295E1,-1.77E1));
#445=LINE('',#444,#443);
#446=CARTESIAN_POINT('',(9.2E0,-2.37E1,-1.77E1));
#447=DIRECTION('',(1.E0,0.E0,0.E0));
#448=DIRECTION('',(0.E0,9.535754200787E-1,3.011543096517E-1));
#449=AXIS2_PLACEMENT_3D('',#446,#447,#448);
#451=CARTESIAN_POINT('',(9.2E0,-2.37E1,-1.023E2));
#452=DIRECTION('',(1.E0,0.E0,0.E0));
#453=DIRECTION('',(0.E0,3.011543096521E-1,-9.535754200786E-1));
#454=AXIS2_PLACEMENT_3D('',#451,#452,#453);
#456=CARTESIAN_POINT('',(9.2E0,-2.37E1,-1.023E2));
#457=DIRECTION('',(1.E0,0.E0,0.E0));
#458=DIRECTION('',(0.E0,-1.E0,0.E0));
#459=AXIS2_PLACEMENT_3D('',#456,#457,#458);
#461=CARTESIAN_POINT('',(9.2E0,-2.37E1,-1.023E2));
#462=DIRECTION('',(1.E0,0.E0,0.E0));
#463=DIRECTION('',(0.E0,9.945945945946E-1,1.038344470935E-1));
#464=AXIS2_PLACEMENT_3D('',#461,#462,#463);
#466=DIRECTION('',(0.E0,0.E0,1.E0));
#467=VECTOR('',#466,8.267906272877E1);
#468=CARTESIAN_POINT('',(9.2E0,-1.45E1,-1.013395313644E2));
#469=LINE('',#468,#467);
#470=CARTESIAN_POINT('',(9.2E0,-2.37E1,-1.77E1));
#471=DIRECTION('',(1.E0,0.E0,0.E0));
#472=DIRECTION('',(0.E0,-1.E0,0.E0));
#473=AXIS2_PLACEMENT_3D('',#470,#471,#472);
#475=CARTESIAN_POINT('',(9.2E0,-2.37E1,-1.77E1));
#476=DIRECTION('',(1.E0,0.E0,0.E0));
#477=DIRECTION('',(0.E0,-1.038344470935E-1,9.945945945946E-1));
#478=AXIS2_PLACEMENT_3D('',#475,#476,#477);
#480=CARTESIAN_POINT('',(9.2E0,-2.35E1,-1.75E1));
#481=DIRECTION('',(-1.E0,0.E0,0.E0));
#482=DIRECTION('',(0.E0,0.E0,1.E0));
#483=AXIS2_PLACEMENT_3D('',#480,#481,#482);
#485=CARTESIAN_POINT('',(9.2E0,-2.35E1,-1.75E1));
#486=DIRECTION('',(-1.E0,0.E0,0.E0));
#487=DIRECTION('',(0.E0,2.872974849199E-1,9.578414039697E-1));
#488=AXIS2_PLACEMENT_3D('',#485,#486,#487);
#490=CARTESIAN_POINT('',(9.2E0,-2.35E1,-1.75E1));
#491=DIRECTION('',(-1.E0,0.E0,0.E0));
#492=DIRECTION('',(0.E0,9.578414039701E-1,2.872974849188E-1));
#493=AXIS2_PLACEMENT_3D('',#490,#491,#492);
#495=CARTESIAN_POINT('',(6.800081565403E-1,-2.35E1,-1.75E1));
#496=DIRECTION('',(-1.E0,0.E0,0.E0));
#497=DIRECTION('',(0.E0,0.E0,1.E0));
#498=AXIS2_PLACEMENT_3D('',#495,#496,#497);
#500=CARTESIAN_POINT('',(9.2E0,-2.37E1,-1.77E1));
#501=DIRECTION('',(1.E0,0.E0,0.E0));
#502=DIRECTION('',(0.E0,3.011543096508E-1,9.535754200789E-1));
#503=AXIS2_PLACEMENT_3D('',#500,#501,#502);
#505=CARTESIAN_POINT('',(9.2E0,-2.37E1,-1.023E2));
#506=DIRECTION('',(1.E0,0.E0,0.E0));
#507=DIRECTION('',(0.E0,-1.038344470935E-1,-9.945945945946E-1));
#508=AXIS2_PLACEMENT_3D('',#505,#506,#507);
#510=CARTESIAN_POINT('',(9.2E0,-2.37E1,-1.023E2));
#511=DIRECTION('',(1.E0,0.E0,0.E0));
#512=DIRECTION('',(0.E0,1.E0,0.E0));
#513=AXIS2_PLACEMENT_3D('',#510,#511,#512);
#515=CARTESIAN_POINT('',(9.2E0,-2.37E1,-1.023E2));
#516=DIRECTION('',(1.E0,0.E0,0.E0));
#517=DIRECTION('',(0.E0,9.535754200790E-1,-3.011543096508E-1));
#518=AXIS2_PLACEMENT_3D('',#515,#516,#517);
#520=CARTESIAN_POINT('',(9.2E0,-2.37E1,-1.77E1));
#521=DIRECTION('',(1.E0,0.E0,0.E0));
#522=DIRECTION('',(0.E0,1.E0,0.E0));
#523=AXIS2_PLACEMENT_3D('',#520,#521,#522);
#525=CARTESIAN_POINT('',(9.2E0,-2.37E1,-1.77E1));
#526=DIRECTION('',(1.E0,0.E0,0.E0));
#527=DIRECTION('',(0.E0,9.945945945946E-1,-1.038344470935E-1));
#528=AXIS2_PLACEMENT_3D('',#525,#526,#527);
#530=DIRECTION('',(0.E0,-1.E0,0.E0));
#531=VECTOR('',#530,1.160468635615E0);
#532=CARTESIAN_POINT('',(9.2E0,-2.35E1,-8.5E0));
#533=LINE('',#532,#531);
#534=DIRECTION('',(-1.E0,-1.413581091674E-13,0.E0));
#535=VECTOR('',#534,8.519991843460E0);
#536=CARTESIAN_POINT('',(9.2E0,-2.35E1,-8.5E0));
#537=LINE('',#536,#535);
#538=DIRECTION('',(0.E0,1.E0,0.E0));
#539=VECTOR('',#538,1.35E1);
#540=CARTESIAN_POINT('',(6.800081565404E-1,-3.7E1,-8.5E0));
#541=LINE('',#540,#539);
#542=DIRECTION('',(0.E0,-1.E0,0.E0));
#543=VECTOR('',#542,1.233953136439E1);
#544=CARTESIAN_POINT('',(9.2E0,-2.466046863561E1,-8.5E0));
#545=LINE('',#544,#543);
#546=DIRECTION('',(-4.078236951431E-2,0.E0,-9.991680531006E-1));
#547=VECTOR('',#546,4.424071777555E0);
#548=CARTESIAN_POINT('',(1.804241299901E-1,-3.7E1,-1.119796088152E2));
#549=LINE('',#548,#547);
#550=CARTESIAN_POINT('',(6.800081565404E-1,-3.7E1,-1.12E2));
#551=DIRECTION('',(0.E0,-1.E0,0.E0));
#552=DIRECTION('',(0.E0,0.E0,1.E0));
#553=AXIS2_PLACEMENT_3D('',#550,#551,#552);
#555=DIRECTION('',(1.E0,0.E0,0.E0));
#556=VECTOR('',#555,8.519991843460E0);
#557=CARTESIAN_POINT('',(6.800081565404E-1,-3.7E1,-1.115E2));
#558=LINE('',#557,#556);
#559=DIRECTION('',(0.E0,0.E0,1.E0));
#560=VECTOR('',#559,1.03E2);
#561=CARTESIAN_POINT('',(9.2E0,-3.7E1,-1.115E2));
#562=LINE('',#561,#560);
#563=DIRECTION('',(1.E0,0.E0,0.E0));
#564=VECTOR('',#563,8.519991843460E0);
#565=CARTESIAN_POINT('',(6.800081565404E-1,-3.7E1,-8.5E0));
#566=LINE('',#565,#564);
#567=CARTESIAN_POINT('',(6.800081565404E-1,-3.7E1,-8.E0));
#568=DIRECTION('',(0.E0,-1.E0,0.E0));
#569=DIRECTION('',(-9.991680531006E-1,0.E0,-4.078236951431E-2));
#570=AXIS2_PLACEMENT_3D('',#567,#568,#569);
#572=DIRECTION('',(4.078236951431E-2,0.E0,-9.991680531006E-1));
#573=VECTOR('',#572,4.424071777555E0);
#574=CARTESIAN_POINT('',(0.E0,-3.7E1,-3.6E0));
#575=LINE('',#574,#573);
#576=DIRECTION('',(-1.E0,0.E0,0.E0));
#577=VECTOR('',#576,4.9E1);
#578=CARTESIAN_POINT('',(0.E0,-3.7E1,-2.5E0));
#579=LINE('',#578,#577);
#580=DIRECTION('',(1.E0,0.E0,0.E0));
#581=VECTOR('',#580,6.E1);
#582=CARTESIAN_POINT('',(-4.9E1,-1.E1,-1.2E2));
#583=LINE('',#582,#581);
#584=DIRECTION('',(1.E0,0.E0,0.E0));
#585=VECTOR('',#584,6.E1);
#586=CARTESIAN_POINT('',(-4.9E1,-3.7E1,-1.2E2));
#587=LINE('',#586,#585);
#588=DIRECTION('',(1.E0,0.E0,0.E0));
#589=VECTOR('',#588,4.9E1);
#590=CARTESIAN_POINT('',(-4.9E1,-3.147961087370E1,-1.175E2));
#591=LINE('',#590,#589);
#592=DIRECTION('',(-1.E0,0.E0,0.E0));
#593=VECTOR('',#592,4.9E1);
#594=CARTESIAN_POINT('',(0.E0,-2.4E1,-1.175E2));
#595=LINE('',#594,#593);
#596=DIRECTION('',(1.E0,0.E0,0.E0));
#597=VECTOR('',#596,4.9E1);
#598=CARTESIAN_POINT('',(-4.9E1,-3.547961087370E1,-1.175E2));
#599=LINE('',#598,#597);
#600=DIRECTION('',(-1.E0,0.E0,0.E0));
#601=VECTOR('',#600,4.9E1);
#602=CARTESIAN_POINT('',(0.E0,-3.7E1,-1.175E2));
#603=LINE('',#602,#601);
#604=CARTESIAN_POINT('',(-4.9E1,-2.4E1,-1.025E2));
#605=DIRECTION('',(1.E0,0.E0,0.E0));
#606=DIRECTION('',(0.E0,0.E0,-1.E0));
#607=AXIS2_PLACEMENT_3D('',#604,#605,#606);
#609=DIRECTION('',(-1.E0,0.E0,0.E0));
#610=VECTOR('',#609,4.9E1);
#611=CARTESIAN_POINT('',(0.E0,-9.E0,-1.025E2));
#612=LINE('',#611,#610);
#613=DIRECTION('',(0.E0,0.E0,1.E0));
#614=VECTOR('',#613,1.6E1);
#615=CARTESIAN_POINT('',(-4.9E1,-9.E0,-1.025E2));
#616=LINE('',#615,#614);
#617=DIRECTION('',(1.E0,0.E0,0.E0));
#618=VECTOR('',#617,4.6E1);
#619=CARTESIAN_POINT('',(-1.E2,-9.E0,-8.15E1));
#620=LINE('',#619,#618);
#621=CARTESIAN_POINT('',(-1.E2,-9.E0,-7.65E1));
#622=DIRECTION('',(0.E0,-1.E0,0.E0));
#623=DIRECTION('',(-1.E0,0.E0,0.E0));
#624=AXIS2_PLACEMENT_3D('',#621,#622,#623);
#626=DIRECTION('',(0.E0,0.E0,-1.E0));
#627=VECTOR('',#626,3.85E0);
#628=CARTESIAN_POINT('',(-7.1E1,-9.E0,-6.65E1));
#629=LINE('',#628,#627);
#630=DIRECTION('',(1.E0,0.E0,0.E0));
#631=VECTOR('',#630,1.7E1);
#632=CARTESIAN_POINT('',(-7.1E1,-9.E0,-7.035E1));
#633=LINE('',#632,#631);
#634=CARTESIAN_POINT('',(-5.4E1,-9.E0,-8.535E1));
#635=DIRECTION('',(0.E0,-1.E0,0.E0));
#636=DIRECTION('',(1.E0,0.E0,0.E0));
#637=AXIS2_PLACEMENT_3D('',#634,#635,#636);
#639=DIRECTION('',(0.E0,0.E0,-1.E0));
#640=VECTOR('',#639,5.8E0);
#641=CARTESIAN_POINT('',(-3.9E1,-9.E0,-8.535E1));
#642=LINE('',#641,#640);
#643=DIRECTION('',(-1.E0,0.E0,0.E0));
#644=VECTOR('',#643,2.33E1);
#645=CARTESIAN_POINT('',(-7.85E0,-9.E0,-9.9E1));
#646=LINE('',#645,#644);
#647=DIRECTION('',(0.E0,0.E0,-1.E0));
#648=VECTOR('',#647,1.135E1);
#649=CARTESIAN_POINT('',(0.E0,-9.E0,-9.115E1));
#650=LINE('',#649,#648);
#651=DIRECTION('',(1.E0,0.E0,0.E0));
#652=VECTOR('',#651,4.9E1);
#653=CARTESIAN_POINT('',(-4.9E1,-9.E0,-1.75E1));
#654=LINE('',#653,#652);
#655=DIRECTION('',(0.E0,0.E0,-1.E0));
#656=VECTOR('',#655,1.135E1);
#657=CARTESIAN_POINT('',(0.E0,-9.E0,-1.75E1));
#658=LINE('',#657,#656);
#659=DIRECTION('',(-1.E0,0.E0,0.E0));
#660=VECTOR('',#659,2.33E1);
#661=CARTESIAN_POINT('',(-7.85E0,-9.E0,-2.1E1));
#662=LINE('',#661,#660);
#663=DIRECTION('',(0.E0,0.E0,-1.E0));
#664=VECTOR('',#663,5.8E0);
#665=CARTESIAN_POINT('',(-3.9E1,-9.E0,-2.885E1));
#666=LINE('',#665,#664);
#667=CARTESIAN_POINT('',(-5.4E1,-9.E0,-3.465E1));
#668=DIRECTION('',(0.E0,-1.E0,0.E0));
#669=DIRECTION('',(0.E0,0.E0,-1.E0));
#670=AXIS2_PLACEMENT_3D('',#667,#668,#669);
#672=DIRECTION('',(-1.E0,0.E0,0.E0));
#673=VECTOR('',#672,1.7E1);
#674=CARTESIAN_POINT('',(-5.4E1,-9.E0,-4.965E1));
#675=LINE('',#674,#673);
#676=DIRECTION('',(0.E0,0.E0,-1.E0));
#677=VECTOR('',#676,3.85E0);
#678=CARTESIAN_POINT('',(-7.1E1,-9.E0,-4.965E1));
#679=LINE('',#678,#677);
#680=CARTESIAN_POINT('',(-1.E2,-9.E0,-4.35E1));
#681=DIRECTION('',(0.E0,-1.E0,0.E0));
#682=DIRECTION('',(0.E0,0.E0,1.E0));
#683=AXIS2_PLACEMENT_3D('',#680,#681,#682);
#685=DIRECTION('',(1.E0,0.E0,0.E0));
#686=VECTOR('',#685,4.6E1);
#687=CARTESIAN_POINT('',(-1.E2,-9.E0,-3.85E1));
#688=LINE('',#687,#686);
#689=DIRECTION('',(0.E0,0.E0,-1.E0));
#690=VECTOR('',#689,1.6E1);
#691=CARTESIAN_POINT('',(-4.9E1,-9.E0,-1.75E1));
#692=LINE('',#691,#690);
#693=CARTESIAN_POINT('',(-5.4E1,0.E0,-8.65E1));
#694=DIRECTION('',(0.E0,-1.E0,0.E0));
#695=DIRECTION('',(1.E0,0.E0,0.E0));
#696=AXIS2_PLACEMENT_3D('',#693,#694,#695);
#698=CARTESIAN_POINT('',(-5.4E1,-9.E0,-8.65E1));
#699=DIRECTION('',(0.E0,1.E0,0.E0));
#700=DIRECTION('',(0.E0,0.E0,1.E0));
#701=AXIS2_PLACEMENT_3D('',#698,#699,#700);
#703=DIRECTION('',(1.E0,0.E0,0.E0));
#704=VECTOR('',#703,6.E1);
#705=CARTESIAN_POINT('',(-4.9E1,0.E0,-1.1E2));
#706=LINE('',#705,#704);
#707=DIRECTION('',(-1.E0,0.E0,0.E0));
#708=VECTOR('',#707,6.E1);
#709=CARTESIAN_POINT('',(1.1E1,0.E0,-1.E1));
#710=LINE('',#709,#708);
#711=DIRECTION('',(0.E0,0.E0,-1.E0));
#712=VECTOR('',#711,2.35E1);
#713=CARTESIAN_POINT('',(-4.9E1,0.E0,-1.E1));
#714=LINE('',#713,#712);
#715=DIRECTION('',(1.E0,0.E0,0.E0));
#716=VECTOR('',#715,4.6E1);
#717=CARTESIAN_POINT('',(-1.E2,0.E0,-3.85E1));
#718=LINE('',#717,#716);
#719=CARTESIAN_POINT('',(-1.E2,0.E0,-4.35E1));
#720=DIRECTION('',(0.E0,1.E0,0.E0));
#721=DIRECTION('',(-1.E0,0.E0,0.E0));
#722=AXIS2_PLACEMENT_3D('',#719,#720,#721);
#724=DIRECTION('',(0.E0,0.E0,1.E0));
#725=VECTOR('',#724,3.E0);
#726=CARTESIAN_POINT('',(-6.130993321198E1,0.E0,-4.965E1));
#727=LINE('',#726,#725);
#728=DIRECTION('',(-1.E0,0.E0,0.E0));
#729=VECTOR('',#728,7.309933211977E0);
#730=CARTESIAN_POINT('',(-5.4E1,0.E0,-4.965E1));
#731=LINE('',#730,#729);
#732=CARTESIAN_POINT('',(-5.4E1,0.E0,-3.465E1));
#733=DIRECTION('',(0.E0,1.E0,0.E0));
#734=DIRECTION('',(1.E0,0.E0,0.E0));
#735=AXIS2_PLACEMENT_3D('',#732,#733,#734);
#737=DIRECTION('',(0.E0,0.E0,-1.E0));
#738=VECTOR('',#737,5.8E0);
#739=CARTESIAN_POINT('',(-3.9E1,0.E0,-2.885E1));
#740=LINE('',#739,#738);
#741=DIRECTION('',(-1.E0,0.E0,0.E0));
#742=VECTOR('',#741,2.33E1);
#743=CARTESIAN_POINT('',(-7.85E0,0.E0,-2.1E1));
#744=LINE('',#743,#742);
#745=DIRECTION('',(0.E0,0.E0,1.E0));
#746=VECTOR('',#745,6.23E1);
#747=CARTESIAN_POINT('',(0.E0,0.E0,-9.115E1));
#748=LINE('',#747,#746);
#749=DIRECTION('',(1.E0,0.E0,0.E0));
#750=VECTOR('',#749,2.33E1);
#751=CARTESIAN_POINT('',(-3.115E1,0.E0,-9.9E1));
#752=LINE('',#751,#750);
#753=DIRECTION('',(0.E0,0.E0,-1.E0));
#754=VECTOR('',#753,5.8E0);
#755=CARTESIAN_POINT('',(-3.9E1,0.E0,-8.535E1));
#756=LINE('',#755,#754);
#757=CARTESIAN_POINT('',(-5.4E1,0.E0,-8.535E1));
#758=DIRECTION('',(0.E0,1.E0,0.E0));
#759=DIRECTION('',(0.E0,0.E0,1.E0));
#760=AXIS2_PLACEMENT_3D('',#757,#758,#759);
#762=DIRECTION('',(1.E0,0.E0,0.E0));
#763=VECTOR('',#762,7.309933211977E0);
#764=CARTESIAN_POINT('',(-6.130993321198E1,0.E0,-7.035E1));
#765=LINE('',#764,#763);
#766=DIRECTION('',(0.E0,0.E0,-1.E0));
#767=VECTOR('',#766,3.E0);
#768=CARTESIAN_POINT('',(-6.130993321198E1,0.E0,-7.035E1));
#769=LINE('',#768,#767);
#770=CARTESIAN_POINT('',(-1.E2,0.E0,-7.65E1));
#771=DIRECTION('',(0.E0,1.E0,0.E0));
#772=DIRECTION('',(0.E0,0.E0,-1.E0));
#773=AXIS2_PLACEMENT_3D('',#770,#771,#772);
#775=DIRECTION('',(1.E0,0.E0,0.E0));
#776=VECTOR('',#775,4.6E1);
#777=CARTESIAN_POINT('',(-1.E2,0.E0,-8.15E1));
#778=LINE('',#777,#776);
#779=DIRECTION('',(0.E0,0.E0,1.E0));
#780=VECTOR('',#779,2.35E1);
#781=CARTESIAN_POINT('',(-4.9E1,0.E0,-1.1E2));
#782=LINE('',#781,#780);
#783=DIRECTION('',(-1.E0,0.E0,0.E0));
#784=VECTOR('',#783,6.E1);
#785=CARTESIAN_POINT('',(1.1E1,-1.E1,0.E0));
#786=LINE('',#785,#784);
#787=DIRECTION('',(-1.E0,0.E0,0.E0));
#788=VECTOR('',#787,6.E1);
#789=CARTESIAN_POINT('',(1.1E1,-3.7E1,0.E0));
#790=LINE('',#789,#788);
#791=CARTESIAN_POINT('',(-5.4E1,0.E0,-3.35E1));
#792=DIRECTION('',(0.E0,-1.E0,0.E0));
#793=DIRECTION('',(0.E0,0.E0,-1.E0));
#794=AXIS2_PLACEMENT_3D('',#791,#792,#793);
#796=CARTESIAN_POINT('',(-5.4E1,-9.E0,-3.35E1));
#797=DIRECTION('',(0.E0,1.E0,0.E0));
#798=DIRECTION('',(1.E0,0.E0,0.E0));
#799=AXIS2_PLACEMENT_3D('',#796,#797,#798);
#801=DIRECTION('',(0.E0,1.E0,0.E0));
#802=VECTOR('',#801,9.E0);
#803=CARTESIAN_POINT('',(-1.E2,-9.E0,-3.85E1));
#804=LINE('',#803,#802);
#805=DIRECTION('',(0.E0,-1.E0,0.E0));
#806=VECTOR('',#805,9.E0);
#807=CARTESIAN_POINT('',(-5.4E1,0.E0,-3.85E1));
#808=LINE('',#807,#806);
#809=DIRECTION('',(0.E0,1.E0,0.E0));
#810=VECTOR('',#809,9.E0);
#811=CARTESIAN_POINT('',(-1.05E2,-9.E0,-4.35E1));
#812=LINE('',#811,#810);
#813=DIRECTION('',(0.E0,0.E0,1.E0));
#814=VECTOR('',#813,1.E1);
#815=CARTESIAN_POINT('',(-1.05E2,-9.E0,-5.35E1));
#816=LINE('',#815,#814);
#817=DIRECTION('',(0.E0,1.E0,0.E0));
#818=VECTOR('',#817,2.151028407529E1);
#819=CARTESIAN_POINT('',(-1.05E2,-9.E0,-5.35E1));
#820=LINE('',#819,#818);
#821=DIRECTION('',(0.E0,0.E0,-1.E0));
#822=VECTOR('',#821,1.3E1);
#823=CARTESIAN_POINT('',(-1.05E2,1.251028407529E1,-5.35E1));
#824=LINE('',#823,#822);
#825=DIRECTION('',(0.E0,1.E0,0.E0));
#826=VECTOR('',#825,2.151028407529E1);
#827=CARTESIAN_POINT('',(-1.05E2,-9.E0,-6.65E1));
#828=LINE('',#827,#826);
#829=DIRECTION('',(0.E0,0.E0,1.E0));
#830=VECTOR('',#829,1.E1);
#831=CARTESIAN_POINT('',(-1.05E2,-9.E0,-7.65E1));
#832=LINE('',#831,#830);
#833=DIRECTION('',(0.E0,-1.E0,0.E0));
#834=VECTOR('',#833,9.E0);
#835=CARTESIAN_POINT('',(-1.05E2,0.E0,-7.65E1));
#836=LINE('',#835,#834);
#837=DIRECTION('',(0.E0,0.E0,-1.E0));
#838=VECTOR('',#837,3.15E0);
#839=CARTESIAN_POINT('',(-1.05E2,0.E0,-7.335E1));
#840=LINE('',#839,#838);
#841=DIRECTION('',(0.E0,1.E0,0.E0));
#842=VECTOR('',#841,3.1E1);
#843=CARTESIAN_POINT('',(-1.05E2,0.E0,-7.335E1));
#844=LINE('',#843,#842);
#845=DIRECTION('',(0.E0,-7.938448060994E-1,6.081204024113E-1));
#846=VECTOR('',#845,6.261279558253E0);
#847=CARTESIAN_POINT('',(-1.05E2,2.400780477881E1,-6.65E1));
#848=LINE('',#847,#846);
#849=DIRECTION('',(0.E0,0.E0,1.E0));
#850=VECTOR('',#849,5.384776310850E0);
#851=CARTESIAN_POINT('',(-1.05E2,1.903732052196E1,-6.269238815543E1));
#852=LINE('',#851,#850);
#853=DIRECTION('',(0.E0,7.938448060994E-1,6.081204024113E-1));
#854=VECTOR('',#853,6.261279558253E0);
#855=CARTESIAN_POINT('',(-1.05E2,1.903732052196E1,-5.730761184457E1));
#856=LINE('',#855,#854);
#857=DIRECTION('',(0.E0,0.E0,-1.E0));
#858=VECTOR('',#857,3.15E0);
#859=CARTESIAN_POINT('',(-1.05E2,0.E0,-4.35E1));
#860=LINE('',#859,#858);
#861=DIRECTION('',(-7.660444431190E-1,6.427876096865E-1,0.E0));
#862=VECTOR('',#861,1.114922042771E1);
#863=CARTESIAN_POINT('',(-7.1E1,-8.653587201238E0,-5.35E1));
#864=LINE('',#863,#862);
#865=DIRECTION('',(7.660444431190E-1,-6.427876096865E-1,0.E0));
#866=VECTOR('',#865,2.412971849731E1);
#867=CARTESIAN_POINT('',(-1.05E2,1.251028407529E1,-5.35E1));
#868=LINE('',#867,#866);
#869=DIRECTION('',(1.E0,0.E0,0.E0));
#870=VECTOR('',#869,3.4E1);
#871=CARTESIAN_POINT('',(-1.05E2,-9.E0,-5.35E1));
#872=LINE('',#871,#870);
#873=CARTESIAN_POINT('',(-7.954079835376E1,-1.487006452640E0,-5.35E1));
#874=CARTESIAN_POINT('',(-8.002197148932E1,-1.461630423814E0,
-5.376115281103E1));
#875=CARTESIAN_POINT('',(-8.112378038540E1,-1.403785968831E0,
-5.444646241030E1));
#876=CARTESIAN_POINT('',(-8.252712178566E1,-1.329635482958E0,
-5.566180016013E1));
#877=CARTESIAN_POINT('',(-8.360866846786E1,-1.272639556983E0,
-5.711404784971E1));
#878=CARTESIAN_POINT('',(-8.421077250794E1,-1.240874256002E0,
-5.856171255377E1));
#879=CARTESIAN_POINT('',(-8.440293554527E1,-1.230744043421E0,
-5.996644420276E1));
#880=CARTESIAN_POINT('',(-8.422891124868E1,-1.239917147124E0,
-6.136987800796E1));
#881=CARTESIAN_POINT('',(-8.364705836276E1,-1.270617001027E0,
-6.281779535564E1));
#882=CARTESIAN_POINT('',(-8.258868283506E1,-1.326381221800E0,
-6.427180873854E1));
#883=CARTESIAN_POINT('',(-8.117982863941E1,-1.400857843476E0,
-6.551476158603E1));
#884=CARTESIAN_POINT('',(-8.005485697053E1,-1.459842320906E0,
-6.622110481892E1));
#885=CARTESIAN_POINT('',(-7.954086676230E1,-1.486949051054E0,-6.65E1));
#887=DIRECTION('',(7.660444431190E-1,-6.427876096865E-1,0.E0));
#888=VECTOR('',#887,1.526555916350E1);
#889=CARTESIAN_POINT('',(-8.269409676830E1,8.805592727821E0,-6.875E1));
#890=LINE('',#889,#888);
#891=CARTESIAN_POINT('',(-8.112192974190E1,-3.E0,-5.349998163204E1));
#892=CARTESIAN_POINT('',(-8.087020802326E1,-2.718805887854E0,
-5.349998163204E1));
#893=CARTESIAN_POINT('',(-8.035706064836E1,-2.184102192485E0,
-5.350000918398E1));
#894=CARTESIAN_POINT('',(-7.981762779935E1,-1.708685398503E0,-5.35E1));
#895=CARTESIAN_POINT('',(-7.954079835376E1,-1.487006452640E0,-5.35E1));
#897=CARTESIAN_POINT('',(-7.954086676230E1,-1.486949051054E0,-6.65E1));
#898=CARTESIAN_POINT('',(-7.980959238196E1,-1.702094267988E0,-6.65E1));
#899=CARTESIAN_POINT('',(-8.034211361985E1,-2.169401091801E0,
-6.649998077227E1));
#900=CARTESIAN_POINT('',(-8.086325657848E1,-2.711021038635E0,
-6.650003845545E1));
#901=CARTESIAN_POINT('',(-8.112191153855E1,-3.E0,-6.650003845545E1));
#903=CARTESIAN_POINT('',(-8.112192974190E1,-3.E0,-5.349998163204E1));
#904=CARTESIAN_POINT('',(-8.120390840598E1,-3.E0,-5.355892477956E1));
#905=CARTESIAN_POINT('',(-8.192715591458E1,-3.E0,-5.409028579651E1));
#906=CARTESIAN_POINT('',(-8.308895540246E1,-3.E0,-5.516604887376E1));
#907=CARTESIAN_POINT('',(-8.421917631580E1,-3.E0,-5.678421331729E1));
#908=CARTESIAN_POINT('',(-8.484770376807E1,-3.E0,-5.839733958272E1));
#909=CARTESIAN_POINT('',(-8.504844145294E1,-3.E0,-5.996260973565E1));
#910=CARTESIAN_POINT('',(-8.486665328894E1,-3.E0,-6.152643083292E1));
#911=CARTESIAN_POINT('',(-8.425923265495E1,-3.E0,-6.313984727608E1));
#912=CARTESIAN_POINT('',(-8.315336215759E1,-3.E0,-6.475994745114E1));
#913=CARTESIAN_POINT('',(-8.198167724333E1,-3.E0,-6.586489359256E1));
#914=CARTESIAN_POINT('',(-8.123394473420E1,-3.E0,-6.641946833668E1));
#915=CARTESIAN_POINT('',(-8.112191153855E1,-3.E0,-6.650003845545E1));
#917=DIRECTION('',(9.999999999746E-1,0.E0,-7.129761702441E-6));
#918=VECTOR('',#917,5.393651692697E0);
#919=CARTESIAN_POINT('',(-8.651556323111E1,-3.E0,-6.65E1));
#920=LINE('',#919,#918);
#921=DIRECTION('',(-9.999999999942E-1,0.E0,-3.405489208506E-6));
#922=VECTOR('',#921,5.393633489242E0);
#923=CARTESIAN_POINT('',(-8.112192974190E1,-3.E0,-5.349998163204E1));
#924=LINE('',#923,#922);
#925=DIRECTION('',(7.660444431190E-1,-6.427876096865E-1,0.E0));
#926=VECTOR('',#925,1.114930972873E1);
#927=CARTESIAN_POINT('',(-7.954086676230E1,-1.486949051054E0,-6.65E1));
#928=LINE('',#927,#926);
#929=DIRECTION('',(-1.E0,0.E0,0.E0));
#930=VECTOR('',#929,3.4E1);
#931=CARTESIAN_POINT('',(-7.1E1,-9.E0,-6.65E1));
#932=LINE('',#931,#930);
#933=DIRECTION('',(7.660444431190E-1,-6.427876096865E-1,0.E0));
#934=VECTOR('',#933,2.412971849731E1);
#935=CARTESIAN_POINT('',(-1.05E2,1.251028407529E1,-6.65E1));
#936=LINE('',#935,#934);
#937=DIRECTION('',(0.E0,1.E0,0.E0));
#938=VECTOR('',#937,3.464127987620E-1);
#939=CARTESIAN_POINT('',(-7.1E1,-9.E0,-6.65E1));
#940=LINE('',#939,#938);
#941=CARTESIAN_POINT('',(-7.1E1,-1.006919557413E0,-6.875E1));
#942=CARTESIAN_POINT('',(-7.1E1,-2.398232238008E0,-6.875E1));
#943=CARTESIAN_POINT('',(-7.1E1,-5.062738519219E0,-6.837098583689E1));
#944=CARTESIAN_POINT('',(-7.1E1,-7.508610597129E0,-6.729042997870E1));
#945=CARTESIAN_POINT('',(-7.1E1,-8.653587201238E0,-6.65E1));
#947=DIRECTION('',(0.E0,-1.E0,0.E0));
#948=VECTOR('',#947,9.137851025326E0);
#949=CARTESIAN_POINT('',(-7.1E1,8.130931467913E0,-6.875E1));
#950=LINE('',#949,#948);
#951=DIRECTION('',(0.E0,0.E0,-1.E0));
#952=VECTOR('',#951,1.6E0);
#953=CARTESIAN_POINT('',(-7.1E1,8.130931467913E0,-6.875E1));
#954=LINE('',#953,#952);
#955=DIRECTION('',(0.E0,1.E0,0.E0));
#956=VECTOR('',#955,3.464127987620E-1);
#957=CARTESIAN_POINT('',(-7.1E1,-9.E0,-5.35E1));
#958=LINE('',#957,#956);
#959=DIRECTION('',(0.E0,0.E0,-1.E0));
#960=VECTOR('',#959,1.6E0);
#961=CARTESIAN_POINT('',(-7.1E1,8.130931467913E0,-4.965E1));
#962=LINE('',#961,#960);
#963=DIRECTION('',(0.E0,-1.E0,0.E0));
#964=VECTOR('',#963,9.137851025326E0);
#965=CARTESIAN_POINT('',(-7.1E1,8.130931467913E0,-5.125E1));
#966=LINE('',#965,#964);
#967=CARTESIAN_POINT('',(-7.1E1,-8.653587201238E0,-5.35E1));
#968=CARTESIAN_POINT('',(-7.1E1,-7.508610597129E0,-5.270957002130E1));
#969=CARTESIAN_POINT('',(-7.1E1,-5.062738519219E0,-5.162901416311E1));
#970=CARTESIAN_POINT('',(-7.1E1,-2.398232238008E0,-5.125E1));
#971=CARTESIAN_POINT('',(-7.1E1,-1.006919557413E0,-5.125E1));
#973=DIRECTION('',(0.E0,0.E0,-1.E0));
#974=VECTOR('',#973,5.384776310850E0);
#975=CARTESIAN_POINT('',(-8.687221623127E1,3.826303847548E0,-5.730761184457E1));
#976=LINE('',#975,#974);
#977=DIRECTION('',(4.545194776720E-1,5.416752204197E-1,-7.071067811865E-1));
#978=VECTOR('',#977,5.384776310850E0);
#979=CARTESIAN_POINT('',(-8.687221623127E1,3.826303847548E0,-6.269238815543E1));
#980=LINE('',#979,#978);
#981=DIRECTION('',(-6.427876096865E-1,-7.660444431190E-1,0.E0));
#982=VECTOR('',#981,7.E0);
#983=CARTESIAN_POINT('',(-7.819458350050E1,1.416790382965E1,-6.875E1));
#984=LINE('',#983,#982);
#985=CARTESIAN_POINT('',(-8.269409676830E1,8.805592727821E0,-6.E1));
#986=DIRECTION('',(-7.660444431190E-1,6.427876096865E-1,0.E0));
#987=DIRECTION('',(0.E0,0.E0,-1.E0));
#988=AXIS2_PLACEMENT_3D('',#985,#986,#987);
#990=DIRECTION('',(6.427876096865E-1,7.660444431190E-1,0.E0));
#991=VECTOR('',#990,7.E0);
#992=CARTESIAN_POINT('',(-8.269409676830E1,8.805592727821E0,-5.125E1));
#993=LINE('',#992,#991);
#994=DIRECTION('',(-4.545194776720E-1,-5.416752204197E-1,-7.071067811865E-1));
#995=VECTOR('',#994,5.384776310850E0);
#996=CARTESIAN_POINT('',(-8.442473051508E1,6.743103742639E0,-5.35E1));
#997=LINE('',#996,#995);
#998=DIRECTION('',(-7.660444431190E-1,6.427876096865E-1,0.E0));
#999=VECTOR('',#998,2.366414107115E1);
#1000=CARTESIAN_POINT('',(-8.687221623127E1,3.826303847548E0,
-5.730761184457E1));
#1001=LINE('',#1000,#999);
#1002=DIRECTION('',(-7.660444431190E-1,6.427876096865E-1,0.E0));
#1003=VECTOR('',#1002,2.366414107115E1);
#1004=CARTESIAN_POINT('',(-8.687221623127E1,3.826303847548E0,
-6.269238815543E1));
#1005=LINE('',#1004,#1003);
#1006=DIRECTION('',(-7.660444431190E-1,6.427876096865E-1,0.E0));
#1007=VECTOR('',#1006,2.04E1);
#1008=CARTESIAN_POINT('',(-8.431949043278E1,1.278027453087E1,-6.65E1));
#1009=LINE('',#1008,#1007);
#1010=DIRECTION('',(-6.427876096866E-1,-7.660444431190E-1,0.E0));
#1011=VECTOR('',#1010,1.E0);
#1012=CARTESIAN_POINT('',(-8.431949043278E1,1.278027453087E1,-6.65E1));
#1013=LINE('',#1012,#1011);
#1014=DIRECTION('',(-7.660444431190E-1,6.427876096865E-1,0.E0));
#1015=VECTOR('',#1014,8.E-1);
#1016=CARTESIAN_POINT('',(-8.434944248797E1,1.15E1,-6.65E1));
#1017=LINE('',#1016,#1015);
#1018=DIRECTION('',(-6.427876096865E-1,-7.660444431190E-1,0.E0));
#1019=VECTOR('',#1018,6.E0);
#1020=CARTESIAN_POINT('',(-8.049271682985E1,1.609626665871E1,-6.65E1));
#1021=LINE('',#1020,#1019);
#1022=DIRECTION('',(-7.660444431190E-1,6.427876096865E-1,0.E0));
#1023=VECTOR('',#1022,3.E0);
#1024=CARTESIAN_POINT('',(-7.819458350050E1,1.416790382965E1,-6.65E1));
#1025=LINE('',#1024,#1023);
#1026=DIRECTION('',(-6.427876096865E-1,-7.660444431190E-1,0.E0));
#1027=VECTOR('',#1026,9.692388155425E0);
#1028=CARTESIAN_POINT('',(-7.819458350050E1,1.416790382965E1,-6.65E1));
#1029=LINE('',#1028,#1027);
#1030=DIRECTION('',(-7.660444431190E-1,6.427876096865E-1,0.E0));
#1031=VECTOR('',#1030,2.685910676559E1);
#1032=CARTESIAN_POINT('',(-8.442473051508E1,6.743103742639E0,-6.65E1));
#1033=LINE('',#1032,#1031);
#1034=DIRECTION('',(0.E0,1.E0,0.E0));
#1035=VECTOR('',#1034,6.992195221189E0);
#1036=CARTESIAN_POINT('',(-1.05E2,2.400780477881E1,-6.65E1));
#1037=LINE('',#1036,#1035);
#1038=DIRECTION('',(-7.660444431190E-1,6.427876096866E-1,0.E0));
#1039=VECTOR('',#1038,1.186093068213E0);
#1040=CARTESIAN_POINT('',(-9.734569457847E1,3.023759407182E1,-6.65E1));
#1041=LINE('',#1040,#1039);
#1042=DIRECTION('',(-6.427876096865E-1,-7.660444431190E-1,0.E0));
#1043=VECTOR('',#1042,6.E0);
#1044=CARTESIAN_POINT('',(-9.734569457847E1,3.023759407182E1,-6.65E1));
#1045=LINE('',#1044,#1043);
#1046=DIRECTION('',(-7.660444431190E-1,6.427876096865E-1,0.E0));
#1047=VECTOR('',#1046,8.E-1);
#1048=CARTESIAN_POINT('',(-1.005895846821E2,2.512709732535E1,-6.65E1));
#1049=LINE('',#1048,#1047);
#1050=DIRECTION('',(-6.427876096866E-1,-7.660444431190E-1,-1.421085471520E-14));
#1051=VECTOR('',#1050,1.E0);
#1052=CARTESIAN_POINT('',(-9.994679707241E1,2.589314176847E1,-6.65E1));
#1053=LINE('',#1052,#1051);
#1054=DIRECTION('',(6.395975770443E-1,7.622427102571E-1,-9.950371902101E-2));
#1055=VECTOR('',#1054,4.019950248448E0);
#1056=CARTESIAN_POINT('',(-9.930400946272E1,2.665918621159E1,-6.61E1));
#1057=LINE('',#1056,#1055);
#1058=DIRECTION('',(5.968133127838E-1,7.112544096182E-1,3.713906763541E-1));
#1059=VECTOR('',#1058,1.077032961427E0);
#1060=CARTESIAN_POINT('',(-9.994679707241E1,2.589314176847E1,-6.65E1));
#1061=LINE('',#1060,#1059);
#1062=DIRECTION('',(5.968133127838E-1,7.112544096182E-1,-3.713906763541E-1));
#1063=VECTOR('',#1062,1.077032961427E0);
#1064=CARTESIAN_POINT('',(-9.994679707241E1,2.589314176847E1,-5.35E1));
#1065=LINE('',#1064,#1063);
#1066=DIRECTION('',(6.395975770443E-1,7.622427102571E-1,9.950371902100E-2));
#1067=VECTOR('',#1066,4.019950248448E0);
#1068=CARTESIAN_POINT('',(-9.930400946272E1,2.665918621159E1,-5.39E1));
#1069=LINE('',#1068,#1067);
#1070=DIRECTION('',(-7.660444431190E-1,6.427876096865E-1,0.E0));
#1071=VECTOR('',#1070,2.504134556446E1);
#1072=CARTESIAN_POINT('',(-6.130993321198E1,0.E0,-4.665E1));
#1073=LINE('',#1072,#1071);
#1074=DIRECTION('',(0.E0,0.E0,1.E0));
#1075=VECTOR('',#1074,2.25E0);
#1076=CARTESIAN_POINT('',(-7.819458350050E1,1.416790382965E1,-5.35E1));
#1077=LINE('',#1076,#1075);
#1078=DIRECTION('',(-7.660444431190E-1,6.427876096865E-1,0.E0));
#1079=VECTOR('',#1078,9.391861745258E0);
#1080=CARTESIAN_POINT('',(-7.1E1,8.130931467913E0,-5.125E1));
#1081=LINE('',#1080,#1079);
#1082=DIRECTION('',(7.660444431190E-1,-6.427876096865E-1,0.E0));
#1083=VECTOR('',#1082,2.504134556446E1);
#1084=CARTESIAN_POINT('',(-8.049271682985E1,1.609626665871E1,-7.335E1));
#1085=LINE('',#1084,#1083);
#1086=DIRECTION('',(-7.660444431190E-1,6.427876096865E-1,0.E0));
#1087=VECTOR('',#1086,9.391861745258E0);
#1088=CARTESIAN_POINT('',(-7.1E1,8.130931467913E0,-6.875E1));
#1089=LINE('',#1088,#1087);
#1090=DIRECTION('',(0.E0,0.E0,1.E0));
#1091=VECTOR('',#1090,2.25E0);
#1092=CARTESIAN_POINT('',(-7.819458350050E1,1.416790382965E1,-6.875E1));
#1093=LINE('',#1092,#1091);
#1094=DIRECTION('',(0.E0,0.E0,-1.E0));
#1095=VECTOR('',#1094,1.5E0);
#1096=CARTESIAN_POINT('',(-8.263764127059E1,1.789607196584E1,-5.2E1));
#1097=LINE('',#1096,#1095);
#1098=DIRECTION('',(-7.660444431190E-1,6.427876096865E-1,0.E0));
#1099=VECTOR('',#1098,1.84E1);
#1100=CARTESIAN_POINT('',(-8.263764127059E1,1.789607196584E1,-5.2E1));
#1101=LINE('',#1100,#1099);
#1102=DIRECTION('',(0.E0,0.E0,-1.E0));
#1103=VECTOR('',#1102,1.5E0);
#1104=CARTESIAN_POINT('',(-9.673285902398E1,2.972336398407E1,-5.2E1));
#1105=LINE('',#1104,#1103);
#1106=DIRECTION('',(-7.660444431190E-1,6.427876096865E-1,0.E0));
#1107=VECTOR('',#1106,1.84E1);
#1108=CARTESIAN_POINT('',(-8.263764127059E1,1.789607196584E1,-5.35E1));
#1109=LINE('',#1108,#1107);
#1110=DIRECTION('',(0.E0,0.E0,-1.E0));
#1111=VECTOR('',#1110,1.5E0);
#1112=CARTESIAN_POINT('',(-8.263764127059E1,1.789607196584E1,-6.65E1));
#1113=LINE('',#1112,#1111);
#1114=DIRECTION('',(-7.660444431190E-1,6.427876096865E-1,0.E0));
#1115=VECTOR('',#1114,1.84E1);
#1116=CARTESIAN_POINT('',(-8.263764127059E1,1.789607196584E1,-6.65E1));
#1117=LINE('',#1116,#1115);
#1118=DIRECTION('',(0.E0,0.E0,-1.E0));
#1119=VECTOR('',#1118,1.5E0);
#1120=CARTESIAN_POINT('',(-9.673285902398E1,2.972336398407E1,-6.65E1));
#1121=LINE('',#1120,#1119);
#1122=DIRECTION('',(-7.660444431190E-1,6.427876096865E-1,0.E0));
#1123=VECTOR('',#1122,1.84E1);
#1124=CARTESIAN_POINT('',(-8.263764127059E1,1.789607196584E1,-6.8E1));
#1125=LINE('',#1124,#1123);
#1126=DIRECTION('',(0.E0,0.E0,1.E0));
#1127=VECTOR('',#1126,6.85E0);
#1128=CARTESIAN_POINT('',(-1.012024202366E2,2.564132741310E1,-5.35E1));
#1129=LINE('',#1128,#1127);
#1130=DIRECTION('',(0.E0,0.E0,-1.E0));
#1131=VECTOR('',#1130,6.85E0);
#1132=CARTESIAN_POINT('',(-9.734569457847E1,3.023759407182E1,-4.665E1));
#1133=LINE('',#1132,#1131);
#1134=DIRECTION('',(0.E0,0.E0,1.E0));
#1135=VECTOR('',#1134,6.85E0);
#1136=CARTESIAN_POINT('',(-1.012024202366E2,2.564132741310E1,-7.335E1));
#1137=LINE('',#1136,#1135);
#1138=DIRECTION('',(0.E0,0.E0,-1.E0));
#1139=VECTOR('',#1138,6.85E0);
#1140=CARTESIAN_POINT('',(-9.734569457847E1,3.023759407182E1,-6.65E1));
#1141=LINE('',#1140,#1139);
#1142=DIRECTION('',(0.E0,0.E0,1.E0));
#1143=VECTOR('',#1142,6.85E0);
#1144=CARTESIAN_POINT('',(-8.434944248797E1,1.15E1,-5.35E1));
#1145=LINE('',#1144,#1143);
#1146=DIRECTION('',(0.E0,0.E0,1.E0));
#1147=VECTOR('',#1146,1.5E0);
#1148=CARTESIAN_POINT('',(-1.005895846821E2,2.512709732535E1,-5.35E1));
#1149=LINE('',#1148,#1147);
#1150=DIRECTION('',(0.E0,0.E0,1.E0));
#1151=VECTOR('',#1150,1.5E0);
#1152=CARTESIAN_POINT('',(-1.005895846821E2,2.512709732535E1,-6.8E1));
#1153=LINE('',#1152,#1151);
#1154=DIRECTION('',(0.E0,0.E0,1.E0));
#1155=VECTOR('',#1154,6.85E0);
#1156=CARTESIAN_POINT('',(-8.434944248797E1,1.15E1,-7.335E1));
#1157=LINE('',#1156,#1155);
#1158=DIRECTION('',(0.E0,0.E0,1.E0));
#1159=VECTOR('',#1158,6.85E0);
#1160=CARTESIAN_POINT('',(-8.049271682985E1,1.609626665871E1,-5.35E1));
#1161=LINE('',#1160,#1159);
#1162=DIRECTION('',(0.E0,0.E0,1.E0));
#1163=VECTOR('',#1162,6.85E0);
#1164=CARTESIAN_POINT('',(-8.049271682985E1,1.609626665871E1,-7.335E1));
#1165=LINE('',#1164,#1163);
#1166=DIRECTION('',(-1.E0,0.E0,0.E0));
#1167=VECTOR('',#1166,4.369006678802E1);
#1168=CARTESIAN_POINT('',(-6.130993321198E1,0.E0,-4.665E1));
#1169=LINE('',#1168,#1167);
#1170=DIRECTION('',(0.E0,1.E0,0.E0));
#1171=VECTOR('',#1170,3.1E1);
#1172=CARTESIAN_POINT('',(-1.05E2,0.E0,-4.665E1));
#1173=LINE('',#1172,#1171);
#1174=DIRECTION('',(-7.660444431190E-1,6.427876096865E-1,0.E0));
#1175=VECTOR('',#1174,1.186093068213E0);
#1176=CARTESIAN_POINT('',(-9.734569457847E1,3.023759407182E1,-4.665E1));
#1177=LINE('',#1176,#1175);
#1178=DIRECTION('',(6.427876096865E-1,7.660444431190E-1,0.E0));
#1179=VECTOR('',#1178,6.E0);
#1180=CARTESIAN_POINT('',(-1.012024202366E2,2.564132741310E1,-4.665E1));
#1181=LINE('',#1180,#1179);
#1182=DIRECTION('',(-7.660444431190E-1,6.427876096865E-1,0.E0));
#1183=VECTOR('',#1182,2.2E1);
#1184=CARTESIAN_POINT('',(-8.434944248797E1,1.15E1,-4.665E1));
#1185=LINE('',#1184,#1183);
#1186=DIRECTION('',(-6.427876096865E-1,-7.660444431190E-1,0.E0));
#1187=VECTOR('',#1186,6.E0);
#1188=CARTESIAN_POINT('',(-8.049271682985E1,1.609626665871E1,-4.665E1));
#1189=LINE('',#1188,#1187);
#1190=DIRECTION('',(0.E0,0.E0,1.E0));
#1191=VECTOR('',#1190,6.85E0);
#1192=CARTESIAN_POINT('',(-9.825429458240E1,3.1E1,-7.335E1));
#1193=LINE('',#1192,#1191);
#1194=DIRECTION('',(-1.E0,0.E0,0.E0));
#1195=VECTOR('',#1194,6.745705417603E0);
#1196=CARTESIAN_POINT('',(-9.825429458240E1,3.1E1,-6.65E1));
#1197=LINE('',#1196,#1195);
#1198=DIRECTION('',(0.E0,0.E0,1.E0));
#1199=VECTOR('',#1198,6.85E0);
#1200=CARTESIAN_POINT('',(-1.05E2,3.1E1,-7.335E1));
#1201=LINE('',#1200,#1199);
#1202=DIRECTION('',(-1.E0,0.E0,0.E0));
#1203=VECTOR('',#1202,6.745705417603E0);
#1204=CARTESIAN_POINT('',(-9.825429458240E1,3.1E1,-7.335E1));
#1205=LINE('',#1204,#1203);
#1206=DIRECTION('',(0.E0,0.E0,1.E0));
#1207=VECTOR('',#1206,6.85E0);
#1208=CARTESIAN_POINT('',(-9.825429458240E1,3.1E1,-5.35E1));
#1209=LINE('',#1208,#1207);
#1210=DIRECTION('',(1.E0,0.E0,0.E0));
#1211=VECTOR('',#1210,6.745705417603E0);
#1212=CARTESIAN_POINT('',(-1.05E2,3.1E1,-4.665E1));
#1213=LINE('',#1212,#1211);
#1214=DIRECTION('',(0.E0,0.E0,1.E0));
#1215=VECTOR('',#1214,6.85E0);
#1216=CARTESIAN_POINT('',(-1.05E2,3.1E1,-5.35E1));
#1217=LINE('',#1216,#1215);
#1218=DIRECTION('',(-1.E0,0.E0,0.E0));
#1219=VECTOR('',#1218,6.745705417603E0);
#1220=CARTESIAN_POINT('',(-9.825429458240E1,3.1E1,-5.35E1));
#1221=LINE('',#1220,#1219);
#1222=DIRECTION('',(1.E0,0.E0,0.E0));
#1223=VECTOR('',#1222,4.369006678802E1);
#1224=CARTESIAN_POINT('',(-1.05E2,0.E0,-7.335E1));
#1225=LINE('',#1224,#1223);
#1226=DIRECTION('',(-6.427876096865E-1,-7.660444431190E-1,0.E0));
#1227=VECTOR('',#1226,6.E0);
#1228=CARTESIAN_POINT('',(-8.049271682985E1,1.609626665871E1,-7.335E1));
#1229=LINE('',#1228,#1227);
#1230=DIRECTION('',(-7.660444431190E-1,6.427876096865E-1,0.E0));
#1231=VECTOR('',#1230,2.2E1);
#1232=CARTESIAN_POINT('',(-8.434944248797E1,1.15E1,-7.335E1));
#1233=LINE('',#1232,#1231);
#1234=DIRECTION('',(6.427876096865E-1,7.660444431190E-1,0.E0));
#1235=VECTOR('',#1234,6.E0);
#1236=CARTESIAN_POINT('',(-1.012024202366E2,2.564132741310E1,-7.335E1));
#1237=LINE('',#1236,#1235);
#1238=DIRECTION('',(-7.660444431190E-1,6.427876096865E-1,0.E0));
#1239=VECTOR('',#1238,1.186093068213E0);
#1240=CARTESIAN_POINT('',(-9.734569457847E1,3.023759407182E1,-7.335E1));
#1241=LINE('',#1240,#1239);
#1242=DIRECTION('',(-7.660444431190E-1,6.427876096865E-1,0.E0));
#1243=VECTOR('',#1242,2.04E1);
#1244=CARTESIAN_POINT('',(-8.431949043278E1,1.278027453087E1,-5.35E1));
#1245=LINE('',#1244,#1243);
#1246=DIRECTION('',(-6.427876096866E-1,-7.660444431190E-1,0.E0));
#1247=VECTOR('',#1246,1.E0);
#1248=CARTESIAN_POINT('',(-9.994679707241E1,2.589314176847E1,-5.35E1));
#1249=LINE('',#1248,#1247);
#1250=DIRECTION('',(-7.660444431190E-1,6.427876096865E-1,0.E0));
#1251=VECTOR('',#1250,8.E-1);
#1252=CARTESIAN_POINT('',(-1.005895846821E2,2.512709732535E1,-5.35E1));
#1253=LINE('',#1252,#1251);
#1254=DIRECTION('',(-6.427876096865E-1,-7.660444431190E-1,0.E0));
#1255=VECTOR('',#1254,6.E0);
#1256=CARTESIAN_POINT('',(-9.734569457847E1,3.023759407182E1,-5.35E1));
#1257=LINE('',#1256,#1255);
#1258=DIRECTION('',(-7.660444431190E-1,6.427876096865E-1,0.E0));
#1259=VECTOR('',#1258,1.186093068213E0);
#1260=CARTESIAN_POINT('',(-9.734569457847E1,3.023759407182E1,-5.35E1));
#1261=LINE('',#1260,#1259);
#1262=DIRECTION('',(0.E0,-1.E0,0.E0));
#1263=VECTOR('',#1262,6.992195221189E0);
#1264=CARTESIAN_POINT('',(-1.05E2,3.1E1,-5.35E1));
#1265=LINE('',#1264,#1263);
#1266=DIRECTION('',(6.427876096865E-1,7.660444431190E-1,0.E0));
#1267=VECTOR('',#1266,9.692388155425E0);
#1268=CARTESIAN_POINT('',(-8.442473051508E1,6.743103742639E0,-5.35E1));
#1269=LINE('',#1268,#1267);
#1270=DIRECTION('',(-7.660444431190E-1,6.427876096865E-1,0.E0));
#1271=VECTOR('',#1270,3.E0);
#1272=CARTESIAN_POINT('',(-7.819458350050E1,1.416790382965E1,-5.35E1));
#1273=LINE('',#1272,#1271);
#1274=DIRECTION('',(-6.427876096865E-1,-7.660444431190E-1,0.E0));
#1275=VECTOR('',#1274,6.E0);
#1276=CARTESIAN_POINT('',(-8.049271682985E1,1.609626665871E1,-5.35E1));
#1277=LINE('',#1276,#1275);
#1278=DIRECTION('',(-7.660444431190E-1,6.427876096865E-1,0.E0));
#1279=VECTOR('',#1278,8.E-1);
#1280=CARTESIAN_POINT('',(-8.434944248797E1,1.15E1,-5.35E1));
#1281=LINE('',#1280,#1279);
#1282=DIRECTION('',(-6.427876096865E-1,-7.660444431190E-1,0.E0));
#1283=VECTOR('',#1282,9.999999999999E-1);
#1284=CARTESIAN_POINT('',(-8.431949043278E1,1.278027453087E1,-5.35E1));
#1285=LINE('',#1284,#1283);
#1286=DIRECTION('',(0.E0,0.E0,-1.E0));
#1287=VECTOR('',#1286,1.7E0);
#1288=CARTESIAN_POINT('',(-8.239112760372E1,1.507840786023E1,-5.2E1));
#1289=LINE('',#1288,#1287);
#1290=DIRECTION('',(6.395975770443E-1,7.622427102571E-1,9.950371902100E-2));
#1291=VECTOR('',#1290,2.009975124224E0);
#1292=CARTESIAN_POINT('',(-8.367670282309E1,1.354631897399E1,-5.39E1));
#1293=LINE('',#1292,#1291);
#1294=DIRECTION('',(5.968133127838E-1,7.112544096182E-1,-3.713906763541E-1));
#1295=VECTOR('',#1294,1.077032961427E0);
#1296=CARTESIAN_POINT('',(-8.431949043278E1,1.278027453087E1,-5.35E1));
#1297=LINE('',#1296,#1295);
#1298=DIRECTION('',(0.E0,0.E0,1.E0));
#1299=VECTOR('',#1298,1.5E0);
#1300=CARTESIAN_POINT('',(-8.496227804247E1,1.201423008775E1,-5.35E1));
#1301=LINE('',#1300,#1299);
#1302=DIRECTION('',(0.E0,0.E0,-1.E0));
#1303=VECTOR('',#1302,1.7E0);
#1304=CARTESIAN_POINT('',(-8.239112760372E1,1.507840786023E1,-6.63E1));
#1305=LINE('',#1304,#1303);
#1306=DIRECTION('',(0.E0,0.E0,1.E0));
#1307=VECTOR('',#1306,1.5E0);
#1308=CARTESIAN_POINT('',(-8.496227804247E1,1.201423008775E1,-6.8E1));
#1309=LINE('',#1308,#1307);
#1310=DIRECTION('',(5.968133127838E-1,7.112544096182E-1,3.713906763541E-1));
#1311=VECTOR('',#1310,1.077032961427E0);
#1312=CARTESIAN_POINT('',(-8.431949043278E1,1.278027453087E1,-6.65E1));
#1313=LINE('',#1312,#1311);
#1314=DIRECTION('',(6.395975770443E-1,7.622427102571E-1,-9.950371902099E-2));
#1315=VECTOR('',#1314,2.009975124224E0);
#1316=CARTESIAN_POINT('',(-8.367670282309E1,1.354631897399E1,-6.61E1));
#1317=LINE('',#1316,#1315);
#1318=CARTESIAN_POINT('',(-8.263764127059E1,1.789607196584E1,-5.35E1));
#1319=CARTESIAN_POINT('',(-8.238165634051E1,1.768127510542E1,-5.35E1));
#1320=CARTESIAN_POINT('',(-8.207484760579E1,1.723424626062E1,
-5.351452311093E1));
#1321=CARTESIAN_POINT('',(-8.188919986269E1,1.654036971788E1,
-5.355574393100E1));
#1322=CARTESIAN_POINT('',(-8.195255666531E1,1.582533212373E1,
-5.361459148533E1));
#1323=CARTESIAN_POINT('',(-8.217739673927E1,1.533312238579E1,
-5.366674938016E1));
#1324=CARTESIAN_POINT('',(-8.239112760372E1,1.507840786023E1,-5.37E1));
#1326=DIRECTION('',(7.660444431190E-1,-6.427876096865E-1,0.E0));
#1327=VECTOR('',#1326,2.04E1);
#1328=CARTESIAN_POINT('',(-9.930400946272E1,2.665918621159E1,-5.39E1));
#1329=LINE('',#1328,#1327);
#1330=CARTESIAN_POINT('',(-8.392321648996E1,1.636398307960E1,-5.2E1));
#1331=DIRECTION('',(0.E0,0.E0,1.E0));
#1332=DIRECTION('',(7.660444431190E-1,-6.427876096865E-1,0.E0));
#1333=AXIS2_PLACEMENT_3D('',#1330,#1331,#1332);
#1335=DIRECTION('',(6.427876096865E-1,7.660444431190E-1,0.E0));
#1336=VECTOR('',#1335,4.E0);
#1337=CARTESIAN_POINT('',(-8.496227804247E1,1.201423008775E1,-5.2E1));
#1338=LINE('',#1337,#1336);
#1339=DIRECTION('',(-7.660444431190E-1,6.427876096865E-1,0.E0));
#1340=VECTOR('',#1339,2.04E1);
#1341=CARTESIAN_POINT('',(-8.496227804247E1,1.201423008775E1,-5.2E1));
#1342=LINE('',#1341,#1340);
#1343=DIRECTION('',(-6.427876096865E-1,-7.660444431190E-1,0.E0));
#1344=VECTOR('',#1343,6.E0);
#1345=CARTESIAN_POINT('',(-9.673285902398E1,2.972336398407E1,-5.2E1));
#1346=LINE('',#1345,#1344);
#1347=CARTESIAN_POINT('',(-8.392321648996E1,1.636398307960E1,-6.8E1));
#1348=DIRECTION('',(0.E0,0.E0,-1.E0));
#1349=DIRECTION('',(6.427876096865E-1,7.660444431190E-1,0.E0));
#1350=AXIS2_PLACEMENT_3D('',#1347,#1348,#1349);
#1352=DIRECTION('',(-6.427876096865E-1,-7.660444431190E-1,0.E0));
#1353=VECTOR('',#1352,6.E0);
#1354=CARTESIAN_POINT('',(-9.673285902398E1,2.972336398407E1,-6.8E1));
#1355=LINE('',#1354,#1353);
#1356=DIRECTION('',(-7.660444431190E-1,6.427876096865E-1,0.E0));
#1357=VECTOR('',#1356,2.04E1);
#1358=CARTESIAN_POINT('',(-8.496227804247E1,1.201423008775E1,-6.8E1));
#1359=LINE('',#1358,#1357);
#1360=DIRECTION('',(6.427876096865E-1,7.660444431190E-1,0.E0));
#1361=VECTOR('',#1360,4.E0);
#1362=CARTESIAN_POINT('',(-8.496227804247E1,1.201423008775E1,-6.8E1));
#1363=LINE('',#1362,#1361);
#1364=CARTESIAN_POINT('',(-8.239112760372E1,1.507840786023E1,-6.63E1));
#1365=CARTESIAN_POINT('',(-8.217739673927E1,1.533312238579E1,
-6.633325061984E1));
#1366=CARTESIAN_POINT('',(-8.195255666531E1,1.582533212373E1,
-6.638540851467E1));
#1367=CARTESIAN_POINT('',(-8.188919986269E1,1.654036971788E1,
-6.644425606900E1));
#1368=CARTESIAN_POINT('',(-8.207484760579E1,1.723424626062E1,
-6.648547688907E1));
#1369=CARTESIAN_POINT('',(-8.238165634051E1,1.768127510542E1,-6.65E1));
#1370=CARTESIAN_POINT('',(-8.263764127059E1,1.789607196584E1,-6.65E1));
#1372=DIRECTION('',(7.660444431190E-1,-6.427876096865E-1,0.E0));
#1373=VECTOR('',#1372,2.04E1);
#1374=CARTESIAN_POINT('',(-9.930400946272E1,2.665918621159E1,-6.61E1));
#1375=LINE('',#1374,#1373);
#1376=DIRECTION('',(-7.660444431190E-1,6.427876096865E-1,0.E0));
#1377=VECTOR('',#1376,2.685910676559E1);
#1378=CARTESIAN_POINT('',(-8.442473051508E1,6.743103742639E0,-5.35E1));
#1379=LINE('',#1378,#1377);
#1380=DIRECTION('',(-7.660444431190E-1,6.427876096865E-1,0.E0));
#1381=VECTOR('',#1380,1.264948381920E1);
#1382=CARTESIAN_POINT('',(-6.130993321198E1,0.E0,-4.965E1));
#1383=LINE('',#1382,#1381);
#1384=DIRECTION('',(0.E0,-1.E0,0.E0));
#1385=VECTOR('',#1384,1.713093146791E1);
#1386=CARTESIAN_POINT('',(-7.1E1,8.130931467913E0,-4.965E1));
#1387=LINE('',#1386,#1385);
#1388=DIRECTION('',(0.E0,1.E0,0.E0));
#1389=VECTOR('',#1388,9.E0);
#1390=CARTESIAN_POINT('',(-5.4E1,-9.E0,-4.965E1));
#1391=LINE('',#1390,#1389);
#1392=DIRECTION('',(0.E0,1.E0,0.E0));
#1393=VECTOR('',#1392,9.E0);
#1394=CARTESIAN_POINT('',(-3.9E1,-9.E0,-3.465E1));
#1395=LINE('',#1394,#1393);
#1396=DIRECTION('',(0.E0,1.E0,0.E0));
#1397=VECTOR('',#1396,9.E0);
#1398=CARTESIAN_POINT('',(-3.9E1,-9.E0,-2.885E1));
#1399=LINE('',#1398,#1397);
#1400=DIRECTION('',(0.E0,-1.E0,0.E0));
#1401=VECTOR('',#1400,9.E0);
#1402=CARTESIAN_POINT('',(-3.9E1,0.E0,-8.535E1));
#1403=LINE('',#1402,#1401);
#1404=DIRECTION('',(0.E0,1.E0,0.E0));
#1405=VECTOR('',#1404,9.E0);
#1406=CARTESIAN_POINT('',(-3.9E1,-9.E0,-9.115E1));
#1407=LINE('',#1406,#1405);
#1408=CARTESIAN_POINT('',(-3.115E1,-9.E0,-2.885E1));
#1409=DIRECTION('',(0.E0,1.E0,0.E0));
#1410=DIRECTION('',(-1.E0,0.E0,0.E0));
#1411=AXIS2_PLACEMENT_3D('',#1408,#1409,#1410);
#1413=CARTESIAN_POINT('',(-3.115E1,0.E0,-2.885E1));
#1414=DIRECTION('',(0.E0,-1.E0,0.E0));
#1415=DIRECTION('',(0.E0,0.E0,1.E0));
#1416=AXIS2_PLACEMENT_3D('',#1413,#1414,#1415);
#1418=DIRECTION('',(0.E0,1.E0,0.E0));
#1419=VECTOR('',#1418,9.E0);
#1420=CARTESIAN_POINT('',(-3.115E1,-9.E0,-2.1E1));
#1421=LINE('',#1420,#1419);
#1422=DIRECTION('',(0.E0,1.E0,0.E0));
#1423=VECTOR('',#1422,9.E0);
#1424=CARTESIAN_POINT('',(-7.85E0,-9.E0,-2.1E1));
#1425=LINE('',#1424,#1423);
#1426=CARTESIAN_POINT('',(-7.85E0,-9.E0,-2.885E1));
#1427=DIRECTION('',(0.E0,1.E0,0.E0));
#1428=DIRECTION('',(0.E0,0.E0,1.E0));
#1429=AXIS2_PLACEMENT_3D('',#1426,#1427,#1428);
#1431=CARTESIAN_POINT('',(-7.85E0,0.E0,-2.885E1));
#1432=DIRECTION('',(0.E0,-1.E0,0.E0));
#1433=DIRECTION('',(1.E0,0.E0,0.E0));
#1434=AXIS2_PLACEMENT_3D('',#1431,#1432,#1433);
#1436=DIRECTION('',(0.E0,1.E0,0.E0));
#1437=VECTOR('',#1436,1.713093146791E1);
#1438=CARTESIAN_POINT('',(-7.1E1,-9.E0,-7.035E1));
#1439=LINE('',#1438,#1437);
#1440=DIRECTION('',(-7.660444431190E-1,6.427876096865E-1,0.E0));
#1441=VECTOR('',#1440,1.264948381920E1);
#1442=CARTESIAN_POINT('',(-6.130993321198E1,0.E0,-7.035E1));
#1443=LINE('',#1442,#1441);
#1444=DIRECTION('',(0.E0,-1.E0,0.E0));
#1445=VECTOR('',#1444,9.E0);
#1446=CARTESIAN_POINT('',(-5.4E1,0.E0,-7.035E1));
#1447=LINE('',#1446,#1445);
#1448=CARTESIAN_POINT('',(-3.115E1,-9.E0,-9.115E1));
#1449=DIRECTION('',(0.E0,1.E0,0.E0));
#1450=DIRECTION('',(0.E0,0.E0,-1.E0));
#1451=AXIS2_PLACEMENT_3D('',#1448,#1449,#1450);
#1453=CARTESIAN_POINT('',(-3.115E1,0.E0,-9.115E1));
#1454=DIRECTION('',(0.E0,-1.E0,0.E0));
#1455=DIRECTION('',(-1.E0,0.E0,0.E0));
#1456=AXIS2_PLACEMENT_3D('',#1453,#1454,#1455);
#1458=DIRECTION('',(0.E0,1.E0,0.E0));
#1459=VECTOR('',#1458,9.E0);
#1460=CARTESIAN_POINT('',(-7.85E0,-9.E0,-9.9E1));
#1461=LINE('',#1460,#1459);
#1462=DIRECTION('',(0.E0,1.E0,0.E0));
#1463=VECTOR('',#1462,9.E0);
#1464=CARTESIAN_POINT('',(-3.115E1,-9.E0,-9.9E1));
#1465=LINE('',#1464,#1463);
#1466=CARTESIAN_POINT('',(-7.85E0,-9.E0,-9.115E1));
#1467=DIRECTION('',(0.E0,1.E0,0.E0));
#1468=DIRECTION('',(1.E0,0.E0,0.E0));
#1469=AXIS2_PLACEMENT_3D('',#1466,#1467,#1468);
#1471=CARTESIAN_POINT('',(-7.85E0,0.E0,-9.115E1));
#1472=DIRECTION('',(0.E0,-1.E0,0.E0));
#1473=DIRECTION('',(0.E0,0.E0,-1.E0));
#1474=AXIS2_PLACEMENT_3D('',#1471,#1472,#1473);
#1476=DIRECTION('',(7.660444431190E-1,-6.427876096865E-1,0.E0));
#1477=VECTOR('',#1476,1.526555916350E1);
#1478=CARTESIAN_POINT('',(-8.269409676830E1,8.805592727821E0,-5.125E1));
#1479=LINE('',#1478,#1477);
#1480=DIRECTION('',(0.E0,0.E0,-1.E0));
#1481=VECTOR('',#1480,1.3E1);
#1482=CARTESIAN_POINT('',(-8.651556323111E1,-3.E0,-5.35E1));
#1483=LINE('',#1482,#1481);
#1484=DIRECTION('',(0.E0,-1.E0,0.E0));
#1485=VECTOR('',#1484,9.E0);
#1486=CARTESIAN_POINT('',(-1.E2,0.E0,-8.15E1));
#1487=LINE('',#1486,#1485);
#1488=DIRECTION('',(0.E0,-1.E0,0.E0));
#1489=VECTOR('',#1488,9.E0);
#1490=CARTESIAN_POINT('',(-5.4E1,0.E0,-8.15E1));
#1491=LINE('',#1490,#1489);
#1492=CARTESIAN_POINT('',(-4.9E1,-2.4E1,-1.75E1));
#1493=DIRECTION('',(1.E0,0.E0,0.E0));
#1494=DIRECTION('',(0.E0,1.E0,0.E0));
#1495=AXIS2_PLACEMENT_3D('',#1492,#1493,#1494);
#1497=DIRECTION('',(-1.E0,0.E0,0.E0));
#1498=VECTOR('',#1497,4.9E1);
#1499=CARTESIAN_POINT('',(0.E0,-3.147961087370E1,-2.5E0));
#1500=LINE('',#1499,#1498);
#1501=DIRECTION('',(1.E0,0.E0,0.E0));
#1502=VECTOR('',#1501,4.9E1);
#1503=CARTESIAN_POINT('',(-4.9E1,-2.4E1,-2.5E0));
#1504=LINE('',#1503,#1502);
#1505=DIRECTION('',(-1.E0,0.E0,0.E0));
#1506=VECTOR('',#1505,4.9E1);
#1507=CARTESIAN_POINT('',(0.E0,-3.547961087370E1,-2.5E0));
#1508=LINE('',#1507,#1506);
#1509=DIRECTION('',(-2.036231265905E-14,-1.E0,-5.073801461280E-13));
#1510=VECTOR('',#1509,1.35E1);
#1511=CARTESIAN_POINT('',(1.804241299904E-1,-2.35E1,-1.119796088152E2));
#1512=LINE('',#1511,#1510);
#1513=CARTESIAN_POINT('',(6.800081565404E-1,-2.35E1,-1.12E2));
#1514=DIRECTION('',(0.E0,-1.E0,0.E0));
#1515=DIRECTION('',(0.E0,0.E0,1.E0));
#1516=AXIS2_PLACEMENT_3D('',#1513,#1514,#1515);
#1518=CARTESIAN_POINT('',(6.800081565404E-1,-1.4E1,-1.025E2));
#1519=DIRECTION('',(0.E0,0.E0,-1.E0));
#1520=DIRECTION('',(1.976196983833E-14,-1.E0,0.E0));
#1521=AXIS2_PLACEMENT_3D('',#1518,#1519,#1520);
#1523=CARTESIAN_POINT('',(9.2E0,-2.35E1,-1.025E2));
#1524=DIRECTION('',(-1.E0,0.E0,0.E0));
#1525=DIRECTION('',(0.E0,1.E0,0.E0));
#1526=AXIS2_PLACEMENT_3D('',#1523,#1524,#1525);
#1528=CARTESIAN_POINT('',(9.2E0,-2.35E1,-1.025E2));
#1529=DIRECTION('',(-1.E0,0.E0,0.E0));
#1530=DIRECTION('',(0.E0,9.578414039698E-1,-2.872974849198E-1));
#1531=AXIS2_PLACEMENT_3D('',#1528,#1529,#1530);
#1533=CARTESIAN_POINT('',(9.2E0,-2.35E1,-1.025E2));
#1534=DIRECTION('',(-1.E0,0.E0,0.E0));
#1535=DIRECTION('',(0.E0,2.872974849191E-1,-9.578414039700E-1));
#1536=AXIS2_PLACEMENT_3D('',#1533,#1534,#1535);
#1538=CARTESIAN_POINT('',(6.800081565403E-1,-2.35E1,-1.025E2));
#1539=DIRECTION('',(-1.E0,0.E0,0.E0));
#1540=DIRECTION('',(0.E0,1.E0,0.E0));
#1541=AXIS2_PLACEMENT_3D('',#1538,#1539,#1540);
#1543=DIRECTION('',(0.E0,-1.E0,0.E0));
#1544=VECTOR('',#1543,1.160468635615E0);
#1545=CARTESIAN_POINT('',(9.2E0,-2.35E1,-1.115E2));
#1546=LINE('',#1545,#1544);
#1547=DIRECTION('',(0.E0,1.E0,0.E0));
#1548=VECTOR('',#1547,1.233953136439E1);
#1549=CARTESIAN_POINT('',(9.2E0,-3.7E1,-1.115E2));
#1550=LINE('',#1549,#1548);
#1551=DIRECTION('',(0.E0,-1.E0,0.E0));
#1552=VECTOR('',#1551,1.349999999977E1);
#1553=CARTESIAN_POINT('',(6.800081565404E-1,-2.350000000023E1,-1.115E2));
#1554=LINE('',#1553,#1552);
#1555=DIRECTION('',(-1.E0,-2.661035131159E-11,0.E0));
#1556=VECTOR('',#1555,8.519991843460E0);
#1557=CARTESIAN_POINT('',(9.2E0,-2.35E1,-1.115E2));
#1558=LINE('',#1557,#1556);
#1559=DIRECTION('',(0.E0,0.E0,1.E0));
#1560=VECTOR('',#1559,1.160468635615E0);
#1561=CARTESIAN_POINT('',(9.2E0,-1.45E1,-1.025E2));
#1562=LINE('',#1561,#1560);
#1563=DIRECTION('',(-1.E0,0.E0,1.401071524491E-13));
#1564=VECTOR('',#1563,8.519991843460E0);
#1565=CARTESIAN_POINT('',(9.2E0,-1.45E1,-1.025E2));
#1566=LINE('',#1565,#1564);
#1567=DIRECTION('',(0.E0,0.E0,-1.E0));
#1568=VECTOR('',#1567,8.499999999977E1);
#1569=CARTESIAN_POINT('',(6.800081565404E-1,-1.45E1,-1.750000000023E1));
#1570=LINE('',#1569,#1568);
#1571=DIRECTION('',(-1.E0,0.E0,-2.661035131159E-11));
#1572=VECTOR('',#1571,8.519991843460E0);
#1573=CARTESIAN_POINT('',(9.2E0,-1.45E1,-1.75E1));
#1574=LINE('',#1573,#1572);
#1575=DIRECTION('',(0.E0,0.E0,1.E0));
#1576=VECTOR('',#1575,1.160468635615E0);
#1577=CARTESIAN_POINT('',(9.2E0,-1.45E1,-1.866046863561E1));
#1578=LINE('',#1577,#1576);
#1579=CARTESIAN_POINT('',(6.800081565404E-1,-1.4E1,-1.75E1));
#1580=DIRECTION('',(0.E0,0.E0,-1.E0));
#1581=DIRECTION('',(0.E0,-1.E0,0.E0));
#1582=AXIS2_PLACEMENT_3D('',#1579,#1580,#1581);
#1584=DIRECTION('',(0.E0,8.006144766756E-14,-1.E0));
#1585=VECTOR('',#1584,8.5E1);
#1586=CARTESIAN_POINT('',(1.804241299904E-1,-1.402039118476E1,-1.75E1));
#1587=LINE('',#1586,#1585);
#1588=DIRECTION('',(4.078236951431E-2,-9.991680531006E-1,-3.065691612199E-11));
#1589=VECTOR('',#1588,4.424071777545E0);
#1590=CARTESIAN_POINT('',(4.094502514818E-13,-9.600000000010E0,
-1.024999999999E2));
#1591=LINE('',#1590,#1589);
#1592=CARTESIAN_POINT('',(1.804241299901E-1,-2.35E1,-1.025E2));
#1593=DIRECTION('',(-1.E0,0.E0,0.E0));
#1594=DIRECTION('',(0.E0,1.E0,0.E0));
#1595=AXIS2_PLACEMENT_3D('',#1592,#1593,#1594);
#1597=DIRECTION('',(4.078236951431E-2,1.279887702095E-11,9.991680531006E-1));
#1598=VECTOR('',#1597,4.424071777549E0);
#1599=CARTESIAN_POINT('',(5.340496563496E-13,-2.350000000006E1,-1.164E2));
#1600=LINE('',#1599,#1598);
#1601=CARTESIAN_POINT('',(1.804241299901E-1,-2.35E1,-1.75E1));
#1602=DIRECTION('',(-1.E0,0.E0,0.E0));
#1603=DIRECTION('',(0.E0,0.E0,1.E0));
#1604=AXIS2_PLACEMENT_3D('',#1601,#1602,#1603);
#1606=DIRECTION('',(4.078236951431E-2,-9.991680531006E-1,1.279807397935E-11));
#1607=VECTOR('',#1606,4.424071777549E0);
#1608=CARTESIAN_POINT('',(5.338692451081E-13,-9.600000000013E0,
-1.750000000006E1));
#1609=LINE('',#1608,#1607);
#1610=CARTESIAN_POINT('',(6.800081565404E-1,-2.35E1,-8.E0));
#1611=DIRECTION('',(0.E0,1.E0,0.E0));
#1612=DIRECTION('',(1.909583602355E-14,0.E0,-1.E0));
#1613=AXIS2_PLACEMENT_3D('',#1610,#1611,#1612);
#1615=DIRECTION('',(0.E0,1.E0,0.E0));
#1616=VECTOR('',#1615,1.35E1);
#1617=CARTESIAN_POINT('',(1.804241299901E-1,-3.7E1,-8.020391184757E0));
#1618=LINE('',#1617,#1616);
#1619=DIRECTION('',(4.078236951431E-2,3.065531003879E-11,-9.991680531006E-1));
#1620=VECTOR('',#1619,4.424071777545E0);
#1621=CARTESIAN_POINT('',(4.096075330769E-13,-2.350000000014E1,
-3.600000000010E0));
#1622=LINE('',#1621,#1620);
#1623=DIRECTION('',(-1.E0,0.E0,0.E0));
#1624=VECTOR('',#1623,1.8E0);
#1625=CARTESIAN_POINT('',(1.1E1,-3.295E1,-1.023E2));
#1626=LINE('',#1625,#1624);
#1627=DIRECTION('',(-1.E0,0.E0,0.E0));
#1628=VECTOR('',#1627,1.8E0);
#1629=CARTESIAN_POINT('',(1.1E1,-1.445E1,-1.023E2));
#1630=LINE('',#1629,#1628);
#1631=CARTESIAN_POINT('',(-3.9E1,-9.E0,-2.885E1));
#1632=CARTESIAN_POINT('',(-3.9E1,0.E0,-2.885E1));
#1633=VERTEX_POINT('',#1631);
#1634=VERTEX_POINT('',#1632);
#1635=CARTESIAN_POINT('',(-3.115E1,-9.E0,-2.1E1));
#1636=CARTESIAN_POINT('',(-3.115E1,0.E0,-2.1E1));
#1637=VERTEX_POINT('',#1635);
#1638=VERTEX_POINT('',#1636);
#1639=CARTESIAN_POINT('',(-7.85E0,-9.E0,-2.1E1));
#1640=CARTESIAN_POINT('',(-7.85E0,0.E0,-2.1E1));
#1641=VERTEX_POINT('',#1639);
#1642=VERTEX_POINT('',#1640);
#1643=CARTESIAN_POINT('',(0.E0,-9.E0,-2.885E1));
#1644=CARTESIAN_POINT('',(0.E0,0.E0,-2.885E1));
#1645=VERTEX_POINT('',#1643);
#1646=VERTEX_POINT('',#1644);
#1647=CARTESIAN_POINT('',(0.E0,-9.E0,-9.115E1));
#1648=CARTESIAN_POINT('',(0.E0,0.E0,-9.115E1));
#1649=VERTEX_POINT('',#1647);
#1650=VERTEX_POINT('',#1648);
#1651=CARTESIAN_POINT('',(-7.85E0,-9.E0,-9.9E1));
#1652=CARTESIAN_POINT('',(-7.85E0,0.E0,-9.9E1));
#1653=VERTEX_POINT('',#1651);
#1654=VERTEX_POINT('',#1652);
#1655=CARTESIAN_POINT('',(-3.115E1,-9.E0,-9.9E1));
#1656=CARTESIAN_POINT('',(-3.115E1,0.E0,-9.9E1));
#1657=VERTEX_POINT('',#1655);
#1658=VERTEX_POINT('',#1656);
#1659=CARTESIAN_POINT('',(-3.9E1,-9.E0,-9.115E1));
#1660=CARTESIAN_POINT('',(-3.9E1,0.E0,-9.115E1));
#1661=VERTEX_POINT('',#1659);
#1662=VERTEX_POINT('',#1660);
#1663=CARTESIAN_POINT('',(-3.9E1,0.E0,-3.465E1));
#1664=CARTESIAN_POINT('',(-5.4E1,0.E0,-4.965E1));
#1665=VERTEX_POINT('',#1663);
#1666=VERTEX_POINT('',#1664);
#1667=CARTESIAN_POINT('',(-5.4E1,-9.E0,-4.965E1));
#1668=VERTEX_POINT('',#1667);
#1669=CARTESIAN_POINT('',(-3.9E1,-9.E0,-3.465E1));
#1670=VERTEX_POINT('',#1669);
#1671=CARTESIAN_POINT('',(-3.9E1,-9.E0,-8.535E1));
#1672=CARTESIAN_POINT('',(-5.4E1,-9.E0,-7.035E1));
#1673=VERTEX_POINT('',#1671);
#1674=VERTEX_POINT('',#1672);
#1675=CARTESIAN_POINT('',(-5.4E1,0.E0,-7.035E1));
#1676=VERTEX_POINT('',#1675);
#1677=CARTESIAN_POINT('',(-3.9E1,0.E0,-8.535E1));
#1678=VERTEX_POINT('',#1677);
#1679=CARTESIAN_POINT('',(-8.434944248797E1,1.15E1,-7.335E1));
#1680=CARTESIAN_POINT('',(-1.012024202366E2,2.564132741310E1,-7.335E1));
#1681=VERTEX_POINT('',#1679);
#1682=VERTEX_POINT('',#1680);
#1683=CARTESIAN_POINT('',(-9.734569457847E1,3.023759407182E1,-7.335E1));
#1684=VERTEX_POINT('',#1683);
#1685=CARTESIAN_POINT('',(-8.049271682985E1,1.609626665871E1,-7.335E1));
#1686=VERTEX_POINT('',#1685);
#1687=CARTESIAN_POINT('',(-8.434944248797E1,1.15E1,-4.665E1));
#1688=CARTESIAN_POINT('',(-1.012024202366E2,2.564132741310E1,-4.665E1));
#1689=VERTEX_POINT('',#1687);
#1690=VERTEX_POINT('',#1688);
#1691=CARTESIAN_POINT('',(-9.734569457847E1,3.023759407182E1,-4.665E1));
#1692=VERTEX_POINT('',#1691);
#1693=CARTESIAN_POINT('',(-8.049271682985E1,1.609626665871E1,-4.665E1));
#1694=VERTEX_POINT('',#1693);
#1695=CARTESIAN_POINT('',(-8.269409676830E1,8.805592727821E0,-6.875E1));
#1696=CARTESIAN_POINT('',(-8.269409676830E1,8.805592727821E0,-5.125E1));
#1697=VERTEX_POINT('',#1695);
#1698=VERTEX_POINT('',#1696);
#1699=CARTESIAN_POINT('',(-7.819458350050E1,1.416790382965E1,-6.875E1));
#1700=CARTESIAN_POINT('',(-7.819458350050E1,1.416790382965E1,-6.65E1));
#1701=VERTEX_POINT('',#1699);
#1702=VERTEX_POINT('',#1700);
#1703=CARTESIAN_POINT('',(-7.819458350050E1,1.416790382965E1,-5.35E1));
#1704=CARTESIAN_POINT('',(-7.819458350050E1,1.416790382965E1,-5.125E1));
#1705=VERTEX_POINT('',#1703);
#1706=VERTEX_POINT('',#1704);
#1707=CARTESIAN_POINT('',(-5.4E1,0.E0,-3.85E1));
#1708=CARTESIAN_POINT('',(-5.4E1,-9.E0,-3.85E1));
#1709=VERTEX_POINT('',#1707);
#1710=VERTEX_POINT('',#1708);
#1711=CARTESIAN_POINT('',(-4.9E1,0.E0,-3.35E1));
#1712=CARTESIAN_POINT('',(-4.9E1,-9.E0,-3.35E1));
#1713=VERTEX_POINT('',#1711);
#1714=VERTEX_POINT('',#1712);
#1715=CARTESIAN_POINT('',(-4.9E1,0.E0,-8.65E1));
#1716=CARTESIAN_POINT('',(-4.9E1,-9.E0,-8.65E1));
#1717=VERTEX_POINT('',#1715);
#1718=VERTEX_POINT('',#1716);
#1719=CARTESIAN_POINT('',(-5.4E1,0.E0,-8.15E1));
#1720=CARTESIAN_POINT('',(-5.4E1,-9.E0,-8.15E1));
#1721=VERTEX_POINT('',#1719);
#1722=VERTEX_POINT('',#1720);
#1723=CARTESIAN_POINT('',(-1.05E2,1.903732052196E1,-6.269238815543E1));
#1724=CARTESIAN_POINT('',(-1.05E2,1.903732052196E1,-5.730761184457E1));
#1725=VERTEX_POINT('',#1723);
#1726=VERTEX_POINT('',#1724);
#1727=CARTESIAN_POINT('',(-1.05E2,2.400780477881E1,-6.65E1));
#1728=VERTEX_POINT('',#1727);
#1729=CARTESIAN_POINT('',(-1.05E2,2.400780477881E1,-5.35E1));
#1730=VERTEX_POINT('',#1729);
#1731=CARTESIAN_POINT('',(-8.687221623127E1,3.826303847548E0,
-5.730761184457E1));
#1732=CARTESIAN_POINT('',(-8.687221623127E1,3.826303847548E0,
-6.269238815543E1));
#1733=VERTEX_POINT('',#1731);
#1734=VERTEX_POINT('',#1732);
#1735=CARTESIAN_POINT('',(-8.442473051508E1,6.743103742639E0,-6.65E1));
#1736=VERTEX_POINT('',#1735);
#1737=CARTESIAN_POINT('',(-8.442473051508E1,6.743103742639E0,-5.35E1));
#1738=VERTEX_POINT('',#1737);
#1739=CARTESIAN_POINT('',(-8.049271682985E1,1.609626665871E1,-5.35E1));
#1740=CARTESIAN_POINT('',(-8.434944248797E1,1.15E1,-5.35E1));
#1741=VERTEX_POINT('',#1739);
#1742=VERTEX_POINT('',#1740);
#1743=CARTESIAN_POINT('',(-8.496227804247E1,1.201423008775E1,-5.35E1));
#1744=VERTEX_POINT('',#1743);
#1745=CARTESIAN_POINT('',(-1.005895846821E2,2.512709732535E1,-5.35E1));
#1746=CARTESIAN_POINT('',(-1.012024202366E2,2.564132741310E1,-5.35E1));
#1747=VERTEX_POINT('',#1745);
#1748=VERTEX_POINT('',#1746);
#1749=CARTESIAN_POINT('',(-9.734569457847E1,3.023759407182E1,-5.35E1));
#1750=VERTEX_POINT('',#1749);
#1751=CARTESIAN_POINT('',(-8.049271682985E1,1.609626665871E1,-6.65E1));
#1752=CARTESIAN_POINT('',(-8.434944248797E1,1.15E1,-6.65E1));
#1753=VERTEX_POINT('',#1751);
#1754=VERTEX_POINT('',#1752);
#1755=CARTESIAN_POINT('',(-8.496227804247E1,1.201423008775E1,-6.65E1));
#1756=VERTEX_POINT('',#1755);
#1757=CARTESIAN_POINT('',(-1.005895846821E2,2.512709732535E1,-6.65E1));
#1758=CARTESIAN_POINT('',(-1.012024202366E2,2.564132741310E1,-6.65E1));
#1759=VERTEX_POINT('',#1757);
#1760=VERTEX_POINT('',#1758);
#1761=CARTESIAN_POINT('',(-9.734569457847E1,3.023759407182E1,-6.65E1));
#1762=VERTEX_POINT('',#1761);
#1763=CARTESIAN_POINT('',(-9.673285902398E1,2.972336398407E1,-6.8E1));
#1764=CARTESIAN_POINT('',(-1.005895846821E2,2.512709732535E1,-6.8E1));
#1765=VERTEX_POINT('',#1763);
#1766=VERTEX_POINT('',#1764);
#1767=CARTESIAN_POINT('',(-9.673285902398E1,2.972336398407E1,-5.2E1));
#1768=CARTESIAN_POINT('',(-1.005895846821E2,2.512709732535E1,-5.2E1));
#1769=VERTEX_POINT('',#1767);
#1770=VERTEX_POINT('',#1768);
#1771=CARTESIAN_POINT('',(-8.496227804247E1,1.201423008775E1,-6.8E1));
#1772=VERTEX_POINT('',#1771);
#1773=CARTESIAN_POINT('',(-8.496227804247E1,1.201423008775E1,-5.2E1));
#1774=VERTEX_POINT('',#1773);
#1775=CARTESIAN_POINT('',(-1.05E2,-9.E0,-5.35E1));
#1776=CARTESIAN_POINT('',(-1.05E2,1.251028407529E1,-5.35E1));
#1777=VERTEX_POINT('',#1775);
#1778=VERTEX_POINT('',#1776);
#1779=CARTESIAN_POINT('',(-1.05E2,-9.E0,-6.65E1));
#1780=CARTESIAN_POINT('',(-1.05E2,1.251028407529E1,-6.65E1));
#1781=VERTEX_POINT('',#1779);
#1782=VERTEX_POINT('',#1780);
#1783=CARTESIAN_POINT('',(-9.930400946272E1,2.665918621159E1,-6.61E1));
#1784=CARTESIAN_POINT('',(-8.367670282309E1,1.354631897399E1,-6.61E1));
#1785=VERTEX_POINT('',#1783);
#1786=VERTEX_POINT('',#1784);
#1787=CARTESIAN_POINT('',(-8.431949043278E1,1.278027453087E1,-6.65E1));
#1788=CARTESIAN_POINT('',(-9.994679707241E1,2.589314176847E1,-6.65E1));
#1789=VERTEX_POINT('',#1787);
#1790=VERTEX_POINT('',#1788);
#1791=CARTESIAN_POINT('',(-9.673285902398E1,2.972336398407E1,-6.65E1));
#1792=VERTEX_POINT('',#1791);
#1793=CARTESIAN_POINT('',(-9.930400946272E1,2.665918621159E1,-5.39E1));
#1794=CARTESIAN_POINT('',(-8.367670282309E1,1.354631897399E1,-5.39E1));
#1795=VERTEX_POINT('',#1793);
#1796=VERTEX_POINT('',#1794);
#1797=CARTESIAN_POINT('',(-9.994679707241E1,2.589314176847E1,-5.35E1));
#1798=VERTEX_POINT('',#1797);
#1799=CARTESIAN_POINT('',(-9.673285902398E1,2.972336398407E1,-5.35E1));
#1800=VERTEX_POINT('',#1799);
#1801=CARTESIAN_POINT('',(-8.431949043278E1,1.278027453087E1,-5.35E1));
#1802=VERTEX_POINT('',#1801);
#1803=CARTESIAN_POINT('',(-1.05E2,0.E0,-4.35E1));
#1804=CARTESIAN_POINT('',(-1.E2,0.E0,-3.85E1));
#1805=VERTEX_POINT('',#1803);
#1806=VERTEX_POINT('',#1804);
#1807=CARTESIAN_POINT('',(-1.E2,-9.E0,-3.85E1));
#1808=VERTEX_POINT('',#1807);
#1809=CARTESIAN_POINT('',(-1.05E2,-9.E0,-4.35E1));
#1810=VERTEX_POINT('',#1809);
#1811=CARTESIAN_POINT('',(-1.05E2,-9.E0,-7.65E1));
#1812=CARTESIAN_POINT('',(-1.E2,-9.E0,-8.15E1));
#1813=VERTEX_POINT('',#1811);
#1814=VERTEX_POINT('',#1812);
#1815=CARTESIAN_POINT('',(-1.E2,0.E0,-8.15E1));
#1816=VERTEX_POINT('',#1815);
#1817=CARTESIAN_POINT('',(-1.05E2,0.E0,-7.65E1));
#1818=VERTEX_POINT('',#1817);
#1819=CARTESIAN_POINT('',(-1.05E2,0.E0,-4.665E1));
#1820=VERTEX_POINT('',#1819);
#1821=CARTESIAN_POINT('',(-1.05E2,0.E0,-7.335E1));
#1822=VERTEX_POINT('',#1821);
#1823=CARTESIAN_POINT('',(-7.1E1,-9.E0,-7.035E1));
#1824=VERTEX_POINT('',#1823);
#1825=CARTESIAN_POINT('',(-7.1E1,-9.E0,-4.965E1));
#1826=VERTEX_POINT('',#1825);
#1827=CARTESIAN_POINT('',(-7.1E1,8.130931467913E0,-5.125E1));
#1828=CARTESIAN_POINT('',(-7.1E1,-1.006919557413E0,-5.125E1));
#1829=VERTEX_POINT('',#1827);
#1830=VERTEX_POINT('',#1828);
#1831=CARTESIAN_POINT('',(-7.1E1,8.130931467913E0,-6.875E1));
#1832=CARTESIAN_POINT('',(-7.1E1,-1.006919557413E0,-6.875E1));
#1833=VERTEX_POINT('',#1831);
#1834=VERTEX_POINT('',#1832);
#1835=CARTESIAN_POINT('',(-6.130993321198E1,0.E0,-4.965E1));
#1836=CARTESIAN_POINT('',(-6.130993321198E1,0.E0,-4.665E1));
#1837=VERTEX_POINT('',#1835);
#1838=VERTEX_POINT('',#1836);
#1839=CARTESIAN_POINT('',(-7.1E1,8.130931467913E0,-4.965E1));
#1840=VERTEX_POINT('',#1839);
#1841=CARTESIAN_POINT('',(-7.1E1,-9.E0,-6.65E1));
#1842=CARTESIAN_POINT('',(-7.1E1,-8.653587201238E0,-6.65E1));
#1843=VERTEX_POINT('',#1841);
#1844=VERTEX_POINT('',#1842);
#1845=CARTESIAN_POINT('',(-7.1E1,-9.E0,-5.35E1));
#1846=CARTESIAN_POINT('',(-7.1E1,-8.653587201238E0,-5.35E1));
#1847=VERTEX_POINT('',#1845);
#1848=VERTEX_POINT('',#1846);
#1849=CARTESIAN_POINT('',(-8.651556323111E1,-3.E0,-5.35E1));
#1850=VERTEX_POINT('',#1849);
#1851=CARTESIAN_POINT('',(-8.651556323111E1,-3.E0,-6.65E1));
#1852=VERTEX_POINT('',#1851);
#1853=CARTESIAN_POINT('',(-4.9E1,-3.7E1,-1.2E2));
#1854=CARTESIAN_POINT('',(-4.9E1,-3.7E1,-1.175E2));
#1855=VERTEX_POINT('',#1853);
#1856=VERTEX_POINT('',#1854);
#1857=CARTESIAN_POINT('',(-4.9E1,-3.7E1,-2.5E0));
#1858=CARTESIAN_POINT('',(-4.9E1,-3.7E1,0.E0));
#1859=VERTEX_POINT('',#1857);
#1860=VERTEX_POINT('',#1858);
#1861=CARTESIAN_POINT('',(0.E0,-3.7E1,-1.175E2));
#1862=VERTEX_POINT('',#1861);
#1863=CARTESIAN_POINT('',(0.E0,-3.7E1,-2.5E0));
#1864=VERTEX_POINT('',#1863);
#1865=CARTESIAN_POINT('',(-6.130993321198E1,0.E0,-7.035E1));
#1866=CARTESIAN_POINT('',(-7.1E1,8.130931467913E0,-7.035E1));
#1867=VERTEX_POINT('',#1865);
#1868=VERTEX_POINT('',#1866);
#1869=CARTESIAN_POINT('',(-6.130993321198E1,0.E0,-7.335E1));
#1870=VERTEX_POINT('',#1869);
#1871=CARTESIAN_POINT('',(0.E0,-9.E0,-1.025E2));
#1872=CARTESIAN_POINT('',(-4.9E1,-9.E0,-1.025E2));
#1873=VERTEX_POINT('',#1871);
#1874=VERTEX_POINT('',#1872);
#1875=CARTESIAN_POINT('',(2.842170943040E-14,-2.4E1,-1.175E2));
#1876=VERTEX_POINT('',#1875);
#1877=CARTESIAN_POINT('',(-4.9E1,-2.4E1,-1.175E2));
#1878=VERTEX_POINT('',#1877);
#1879=CARTESIAN_POINT('',(5.684341886081E-14,-2.4E1,-2.5E0));
#1880=CARTESIAN_POINT('',(5.684341886081E-14,-9.E0,-1.75E1));
#1881=VERTEX_POINT('',#1879);
#1882=VERTEX_POINT('',#1880);
#1883=CARTESIAN_POINT('',(-4.9E1,-9.E0,-1.75E1));
#1884=VERTEX_POINT('',#1883);
#1885=CARTESIAN_POINT('',(-4.9E1,-2.4E1,-2.5E0));
#1886=VERTEX_POINT('',#1885);
#1887=CARTESIAN_POINT('',(4.096075330769E-13,-2.350000000014E1,
-3.600000000010E0));
#1888=CARTESIAN_POINT('',(0.E0,-3.7E1,-3.6E0));
#1889=VERTEX_POINT('',#1887);
#1890=VERTEX_POINT('',#1888);
#1891=CARTESIAN_POINT('',(0.E0,-9.6E0,-1.75E1));
#1892=VERTEX_POINT('',#1891);
#1893=CARTESIAN_POINT('',(4.094502514818E-13,-9.600000000010E0,
-1.024999999999E2));
#1894=VERTEX_POINT('',#1893);
#1895=CARTESIAN_POINT('',(0.E0,-2.35E1,-1.164E2));
#1896=VERTEX_POINT('',#1895);
#1897=CARTESIAN_POINT('',(0.E0,-3.7E1,-1.164E2));
#1898=VERTEX_POINT('',#1897);
#1899=CARTESIAN_POINT('',(6.800081565404E-1,-3.7E1,-1.115E2));
#1900=CARTESIAN_POINT('',(1.804241299901E-1,-3.7E1,-1.119796088152E2));
#1901=VERTEX_POINT('',#1899);
#1902=VERTEX_POINT('',#1900);
#1903=CARTESIAN_POINT('',(1.804241299904E-1,-2.35E1,-1.119796088152E2));
#1904=VERTEX_POINT('',#1903);
#1905=CARTESIAN_POINT('',(6.800081565404E-1,-2.350000000023E1,-1.115E2));
#1906=VERTEX_POINT('',#1905);
#1907=CARTESIAN_POINT('',(6.800081565403E-1,-1.45E1,-1.025E2));
#1908=VERTEX_POINT('',#1907);
#1909=CARTESIAN_POINT('',(1.804241299901E-1,-1.402039118476E1,-1.025E2));
#1910=VERTEX_POINT('',#1909);
#1911=CARTESIAN_POINT('',(6.800081565404E-1,-1.45E1,-1.750000000023E1));
#1912=VERTEX_POINT('',#1911);
#1913=CARTESIAN_POINT('',(1.804241299904E-1,-1.402039118476E1,-1.75E1));
#1914=VERTEX_POINT('',#1913);
#1915=CARTESIAN_POINT('',(6.800081565403E-1,-2.35E1,-8.5E0));
#1916=VERTEX_POINT('',#1915);
#1917=CARTESIAN_POINT('',(1.804241299901E-1,-2.35E1,-8.020391184757E0));
#1918=VERTEX_POINT('',#1917);
#1919=CARTESIAN_POINT('',(1.804241299901E-1,-3.7E1,-8.020391184757E0));
#1920=CARTESIAN_POINT('',(6.800081565404E-1,-3.7E1,-8.5E0));
#1921=VERTEX_POINT('',#1919);
#1922=VERTEX_POINT('',#1920);
#1923=CARTESIAN_POINT('',(9.2E0,-3.7E1,-8.5E0));
#1924=VERTEX_POINT('',#1923);
#1925=CARTESIAN_POINT('',(9.2E0,-3.7E1,-1.115E2));
#1926=VERTEX_POINT('',#1925);
#1927=CARTESIAN_POINT('',(9.2E0,-2.35E1,-8.5E0));
#1928=CARTESIAN_POINT('',(9.2E0,-2.466046863561E1,-8.5E0));
#1929=VERTEX_POINT('',#1927);
#1930=VERTEX_POINT('',#1928);
#1931=CARTESIAN_POINT('',(9.2E0,-2.35E1,-1.115E2));
#1932=CARTESIAN_POINT('',(9.2E0,-2.466046863561E1,-1.115E2));
#1933=VERTEX_POINT('',#1931);
#1934=VERTEX_POINT('',#1932);
#1935=CARTESIAN_POINT('',(9.2E0,-1.45E1,-1.025E2));
#1936=CARTESIAN_POINT('',(9.2E0,-1.45E1,-1.013395313644E2));
#1937=VERTEX_POINT('',#1935);
#1938=VERTEX_POINT('',#1936);
#1939=CARTESIAN_POINT('',(9.2E0,-1.45E1,-1.866046863561E1));
#1940=CARTESIAN_POINT('',(9.2E0,-1.45E1,-1.75E1));
#1941=VERTEX_POINT('',#1939);
#1942=VERTEX_POINT('',#1940);
#1943=CARTESIAN_POINT('',(9.2E0,-2.091432263573E1,-8.879427364270E0));
#1944=VERTEX_POINT('',#1943);
#1945=CARTESIAN_POINT('',(9.2E0,-1.487942736427E1,-1.050856773643E2));
#1946=VERTEX_POINT('',#1945);
#1947=CARTESIAN_POINT('',(9.2E0,-1.487942736427E1,-1.491432263572E1));
#1948=VERTEX_POINT('',#1947);
#1949=CARTESIAN_POINT('',(9.2E0,-3.295E1,-1.77E1));
#1950=VERTEX_POINT('',#1949);
#1951=CARTESIAN_POINT('',(9.2E0,-3.295E1,-1.023E2));
#1952=VERTEX_POINT('',#1951);
#1953=CARTESIAN_POINT('',(9.2E0,-1.445E1,-1.77E1));
#1954=VERTEX_POINT('',#1953);
#1955=CARTESIAN_POINT('',(9.2E0,-1.445E1,-1.023E2));
#1956=VERTEX_POINT('',#1955);
#1957=CARTESIAN_POINT('',(9.2E0,-2.091432263573E1,-1.111205726357E2));
#1958=VERTEX_POINT('',#1957);
#1959=CARTESIAN_POINT('',(0.E0,-3.147961087370E1,-2.5E0));
#1960=CARTESIAN_POINT('',(0.E0,-3.547961087370E1,-2.5E0));
#1961=VERTEX_POINT('',#1959);
#1962=VERTEX_POINT('',#1960);
#1963=CARTESIAN_POINT('',(-4.9E1,-3.147961087370E1,-2.5E0));
#1964=VERTEX_POINT('',#1963);
#1965=CARTESIAN_POINT('',(-4.9E1,-3.547961087370E1,-2.5E0));
#1966=VERTEX_POINT('',#1965);
#1967=CARTESIAN_POINT('',(-4.9E1,-3.147961087370E1,-1.175E2));
#1968=CARTESIAN_POINT('',(-4.9E1,-3.547961087370E1,-1.175E2));
#1969=VERTEX_POINT('',#1967);
#1970=VERTEX_POINT('',#1968);
#1971=CARTESIAN_POINT('',(0.E0,-3.147961087370E1,-1.175E2));
#1972=CARTESIAN_POINT('',(0.E0,-3.547961087370E1,-1.175E2));
#1973=VERTEX_POINT('',#1971);
#1974=VERTEX_POINT('',#1972);
#1975=VERTEX_POINT('',#1318);
#1976=VERTEX_POINT('',#1324);
#1977=CARTESIAN_POINT('',(-8.239112760372E1,1.507840786023E1,-5.2E1));
#1978=VERTEX_POINT('',#1977);
#1979=CARTESIAN_POINT('',(-8.263764127059E1,1.789607196584E1,-5.2E1));
#1980=VERTEX_POINT('',#1979);
#1981=CARTESIAN_POINT('',(-8.263764127059E1,1.789607196584E1,-6.8E1));
#1982=CARTESIAN_POINT('',(-8.239112760372E1,1.507840786023E1,-6.8E1));
#1983=VERTEX_POINT('',#1981);
#1984=VERTEX_POINT('',#1982);
#1985=CARTESIAN_POINT('',(-8.239112760372E1,1.507840786023E1,-6.63E1));
#1986=VERTEX_POINT('',#1985);
#1987=VERTEX_POINT('',#1370);
#1988=VERTEX_POINT('',#903);
#1989=VERTEX_POINT('',#915);
#1990=VERTEX_POINT('',#873);
#1991=VERTEX_POINT('',#885);
#1992=CARTESIAN_POINT('',(-1.05E2,3.1E1,-7.335E1));
#1993=CARTESIAN_POINT('',(-1.05E2,3.1E1,-6.65E1));
#1994=VERTEX_POINT('',#1992);
#1995=VERTEX_POINT('',#1993);
#1996=CARTESIAN_POINT('',(-1.05E2,3.1E1,-5.35E1));
#1997=CARTESIAN_POINT('',(-1.05E2,3.1E1,-4.665E1));
#1998=VERTEX_POINT('',#1996);
#1999=VERTEX_POINT('',#1997);
#2000=CARTESIAN_POINT('',(-9.825429458240E1,3.1E1,-7.335E1));
#2001=CARTESIAN_POINT('',(-9.825429458240E1,3.1E1,-6.65E1));
#2002=VERTEX_POINT('',#2000);
#2003=VERTEX_POINT('',#2001);
#2004=CARTESIAN_POINT('',(-9.825429458240E1,3.1E1,-5.35E1));
#2005=CARTESIAN_POINT('',(-9.825429458240E1,3.1E1,-4.665E1));
#2006=VERTEX_POINT('',#2004);
#2007=VERTEX_POINT('',#2005);
#2008=CARTESIAN_POINT('',(-4.9E1,0.E0,-1.1E2));
#2009=CARTESIAN_POINT('',(-4.9E1,-1.E1,-1.2E2));
#2010=VERTEX_POINT('',#2008);
#2011=VERTEX_POINT('',#2009);
#2012=CARTESIAN_POINT('',(-4.9E1,-1.E1,0.E0));
#2013=CARTESIAN_POINT('',(-4.9E1,0.E0,-1.E1));
#2014=VERTEX_POINT('',#2012);
#2015=VERTEX_POINT('',#2013);
#2016=CARTESIAN_POINT('',(1.1E1,-1.445E1,-1.77E1));
#2017=CARTESIAN_POINT('',(1.1E1,-3.295E1,-1.77E1));
#2018=VERTEX_POINT('',#2016);
#2019=VERTEX_POINT('',#2017);
#2020=CARTESIAN_POINT('',(1.1E1,-1.445E1,-1.023E2));
#2021=CARTESIAN_POINT('',(1.1E1,-3.295E1,-1.023E2));
#2022=VERTEX_POINT('',#2020);
#2023=VERTEX_POINT('',#2021);
#2024=CARTESIAN_POINT('',(1.1E1,-3.7E1,-1.2E2));
#2025=CARTESIAN_POINT('',(1.1E1,-3.7E1,0.E0));
#2026=VERTEX_POINT('',#2024);
#2027=VERTEX_POINT('',#2025);
#2028=CARTESIAN_POINT('',(1.1E1,-1.E1,-1.2E2));
#2029=CARTESIAN_POINT('',(1.1E1,0.E0,-1.1E2));
#2030=VERTEX_POINT('',#2028);
#2031=VERTEX_POINT('',#2029);
#2032=CARTESIAN_POINT('',(1.1E1,0.E0,-1.E1));
#2033=CARTESIAN_POINT('',(1.1E1,-1.E1,0.E0));
#2034=VERTEX_POINT('',#2032);
#2035=VERTEX_POINT('',#2033);
#2036=CARTESIAN_POINT('',(0.E0,0.E0,0.E0));
#2037=DIRECTION('',(1.E0,0.E0,0.E0));
#2038=DIRECTION('',(0.E0,0.E0,-1.E0));
#2039=AXIS2_PLACEMENT_3D('',#2036,#2037,#2038);
#2040=PLANE('',#2039);
#2042=ORIENTED_EDGE('',*,*,#2041,.F.);
#2044=ORIENTED_EDGE('',*,*,#2043,.T.);
#2046=ORIENTED_EDGE('',*,*,#2045,.F.);
#2048=ORIENTED_EDGE('',*,*,#2047,.F.);
#2050=ORIENTED_EDGE('',*,*,#2049,.T.);
#2052=ORIENTED_EDGE('',*,*,#2051,.T.);
#2054=ORIENTED_EDGE('',*,*,#2053,.F.);
#2056=ORIENTED_EDGE('',*,*,#2055,.F.);
#2058=ORIENTED_EDGE('',*,*,#2057,.F.);
#2060=ORIENTED_EDGE('',*,*,#2059,.F.);
#2062=ORIENTED_EDGE('',*,*,#2061,.T.);
#2064=ORIENTED_EDGE('',*,*,#2063,.F.);
#2066=ORIENTED_EDGE('',*,*,#2065,.T.);
#2068=ORIENTED_EDGE('',*,*,#2067,.F.);
#2070=ORIENTED_EDGE('',*,*,#2069,.F.);
#2072=ORIENTED_EDGE('',*,*,#2071,.F.);
#2074=ORIENTED_EDGE('',*,*,#2073,.F.);
#2076=ORIENTED_EDGE('',*,*,#2075,.F.);
#2078=ORIENTED_EDGE('',*,*,#2077,.T.);
#2080=ORIENTED_EDGE('',*,*,#2079,.T.);
#2081=EDGE_LOOP('',(#2042,#2044,#2046,#2048,#2050,#2052,#2054,#2056,#2058,#2060,
#2062,#2064,#2066,#2068,#2070,#2072,#2074,#2076,#2078,#2080));
#2082=FACE_OUTER_BOUND('',#2081,.F.);
#2083=ADVANCED_FACE('',(#2082),#2040,.F.);
#2084=CARTESIAN_POINT('',(-4.9E1,-3.347961087370E1,-1.19E2));
#2085=DIRECTION('',(1.E0,0.E0,0.E0));
#2086=DIRECTION('',(0.E0,-1.E0,0.E0));
#2087=AXIS2_PLACEMENT_3D('',#2084,#2085,#2086);
#2088=CYLINDRICAL_SURFACE('',#2087,2.5E0);
#2090=ORIENTED_EDGE('',*,*,#2089,.F.);
#2092=ORIENTED_EDGE('',*,*,#2091,.T.);
#2093=ORIENTED_EDGE('',*,*,#2041,.T.);
#2095=ORIENTED_EDGE('',*,*,#2094,.F.);
#2096=EDGE_LOOP('',(#2090,#2092,#2093,#2095));
#2097=FACE_OUTER_BOUND('',#2096,.F.);
#2098=ADVANCED_FACE('',(#2097),#2088,.T.);
#2099=CARTESIAN_POINT('',(-4.9E1,0.E0,0.E0));
#2100=DIRECTION('',(1.E0,0.E0,0.E0));
#2101=DIRECTION('',(0.E0,0.E0,-1.E0));
#2102=AXIS2_PLACEMENT_3D('',#2099,#2100,#2101);
#2103=PLANE('',#2102);
#2105=ORIENTED_EDGE('',*,*,#2104,.F.);
#2107=ORIENTED_EDGE('',*,*,#2106,.T.);
#2109=ORIENTED_EDGE('',*,*,#2108,.T.);
#2111=ORIENTED_EDGE('',*,*,#2110,.F.);
#2113=ORIENTED_EDGE('',*,*,#2112,.F.);
#2115=ORIENTED_EDGE('',*,*,#2114,.F.);
#2116=ORIENTED_EDGE('',*,*,#2089,.T.);
#2118=ORIENTED_EDGE('',*,*,#2117,.F.);
#2120=ORIENTED_EDGE('',*,*,#2119,.F.);
#2122=ORIENTED_EDGE('',*,*,#2121,.T.);
#2123=EDGE_LOOP('',(#2105,#2107,#2109,#2111,#2113,#2115,#2116,#2118,#2120,
#2122));
#2124=FACE_OUTER_BOUND('',#2123,.F.);
#2125=ADVANCED_FACE('',(#2124),#2103,.F.);
#2126=CARTESIAN_POINT('',(-4.9E1,0.E0,0.E0));
#2127=DIRECTION('',(1.E0,0.E0,0.E0));
#2128=DIRECTION('',(0.E0,0.E0,-1.E0));
#2129=AXIS2_PLACEMENT_3D('',#2126,#2127,#2128);
#2130=PLANE('',#2129);
#2132=ORIENTED_EDGE('',*,*,#2131,.F.);
#2134=ORIENTED_EDGE('',*,*,#2133,.T.);
#2136=ORIENTED_EDGE('',*,*,#2135,.F.);
#2138=ORIENTED_EDGE('',*,*,#2137,.F.);
#2140=ORIENTED_EDGE('',*,*,#2139,.F.);
#2142=ORIENTED_EDGE('',*,*,#2141,.F.);
#2144=ORIENTED_EDGE('',*,*,#2143,.F.);
#2146=ORIENTED_EDGE('',*,*,#2145,.T.);
#2148=ORIENTED_EDGE('',*,*,#2147,.F.);
#2150=ORIENTED_EDGE('',*,*,#2149,.F.);
#2151=EDGE_LOOP('',(#2132,#2134,#2136,#2138,#2140,#2142,#2144,#2146,#2148,
#2150));
#2152=FACE_OUTER_BOUND('',#2151,.F.);
#2153=ADVANCED_FACE('',(#2152),#2130,.F.);
#2154=CARTESIAN_POINT('',(-3.434470845424E2,-1.E1,-1.1E2));
#2155=DIRECTION('',(1.E0,0.E0,0.E0));
#2156=DIRECTION('',(0.E0,0.E0,-1.E0));
#2157=AXIS2_PLACEMENT_3D('',#2154,#2155,#2156);
#2158=CYLINDRICAL_SURFACE('',#2157,1.E1);
#2160=ORIENTED_EDGE('',*,*,#2159,.T.);
#2162=ORIENTED_EDGE('',*,*,#2161,.F.);
#2163=ORIENTED_EDGE('',*,*,#2104,.T.);
#2165=ORIENTED_EDGE('',*,*,#2164,.T.);
#2166=EDGE_LOOP('',(#2160,#2162,#2163,#2165));
#2167=FACE_OUTER_BOUND('',#2166,.F.);
#2168=ADVANCED_FACE('',(#2167),#2158,.T.);
#2169=CARTESIAN_POINT('',(1.1E1,0.E0,0.E0));
#2170=DIRECTION('',(1.E0,0.E0,0.E0));
#2171=DIRECTION('',(0.E0,0.E0,-1.E0));
#2172=AXIS2_PLACEMENT_3D('',#2169,#2170,#2171);
#2173=PLANE('',#2172);
#2174=ORIENTED_EDGE('',*,*,#2159,.F.);
#2176=ORIENTED_EDGE('',*,*,#2175,.F.);
#2178=ORIENTED_EDGE('',*,*,#2177,.T.);
#2180=ORIENTED_EDGE('',*,*,#2179,.F.);
#2182=ORIENTED_EDGE('',*,*,#2181,.F.);
#2184=ORIENTED_EDGE('',*,*,#2183,.F.);
#2185=EDGE_LOOP('',(#2174,#2176,#2178,#2180,#2182,#2184));
#2186=FACE_OUTER_BOUND('',#2185,.F.);
#2188=ORIENTED_EDGE('',*,*,#2187,.T.);
#2190=ORIENTED_EDGE('',*,*,#2189,.T.);
#2191=EDGE_LOOP('',(#2188,#2190));
#2192=FACE_BOUND('',#2191,.F.);
#2194=ORIENTED_EDGE('',*,*,#2193,.T.);
#2196=ORIENTED_EDGE('',*,*,#2195,.T.);
#2197=EDGE_LOOP('',(#2194,#2196));
#2198=FACE_BOUND('',#2197,.F.);
#2199=ADVANCED_FACE('',(#2186,#2192,#2198),#2173,.T.);
#2200=CARTESIAN_POINT('',(1.02E1,-2.37E1,-1.77E1));
#2201=DIRECTION('',(1.E0,0.E0,0.E0));
#2202=DIRECTION('',(0.E0,1.E0,0.E0));
#2203=AXIS2_PLACEMENT_3D('',#2200,#2201,#2202);
#2204=CYLINDRICAL_SURFACE('',#2203,9.25E0);
#2205=ORIENTED_EDGE('',*,*,#2193,.F.);
#2207=ORIENTED_EDGE('',*,*,#2206,.T.);
#2209=ORIENTED_EDGE('',*,*,#2208,.T.);
#2211=ORIENTED_EDGE('',*,*,#2210,.T.);
#2213=ORIENTED_EDGE('',*,*,#2212,.T.);
#2215=ORIENTED_EDGE('',*,*,#2214,.T.);
#2217=ORIENTED_EDGE('',*,*,#2216,.F.);
#2218=EDGE_LOOP('',(#2205,#2207,#2209,#2211,#2213,#2215,#2217));
#2219=FACE_OUTER_BOUND('',#2218,.F.);
#2220=ADVANCED_FACE('',(#2219),#2204,.F.);
#2221=CARTESIAN_POINT('',(1.02E1,-2.37E1,-1.77E1));
#2222=DIRECTION('',(1.E0,0.E0,0.E0));
#2223=DIRECTION('',(0.E0,1.E0,0.E0));
#2224=AXIS2_PLACEMENT_3D('',#2221,#2222,#2223);
#2225=CYLINDRICAL_SURFACE('',#2224,9.25E0);
#2226=ORIENTED_EDGE('',*,*,#2195,.F.);
#2227=ORIENTED_EDGE('',*,*,#2216,.T.);
#2229=ORIENTED_EDGE('',*,*,#2228,.T.);
#2231=ORIENTED_EDGE('',*,*,#2230,.T.);
#2232=ORIENTED_EDGE('',*,*,#2206,.F.);
#2233=EDGE_LOOP('',(#2226,#2227,#2229,#2231,#2232));
#2234=FACE_OUTER_BOUND('',#2233,.F.);
#2235=ADVANCED_FACE('',(#2234),#2225,.F.);
#2236=CARTESIAN_POINT('',(9.2E0,0.E0,0.E0));
#2237=DIRECTION('',(1.E0,0.E0,0.E0));
#2238=DIRECTION('',(0.E0,1.E0,0.E0));
#2239=AXIS2_PLACEMENT_3D('',#2236,#2237,#2238);
#2240=PLANE('',#2239);
#2241=ORIENTED_EDGE('',*,*,#2210,.F.);
#2243=ORIENTED_EDGE('',*,*,#2242,.F.);
#2244=EDGE_LOOP('',(#2241,#2243));
#2245=FACE_OUTER_BOUND('',#2244,.F.);
#2246=ADVANCED_FACE('',(#2245),#2240,.F.);
#2247=CARTESIAN_POINT('',(9.2E0,0.E0,0.E0));
#2248=DIRECTION('',(1.E0,0.E0,0.E0));
#2249=DIRECTION('',(0.E0,1.E0,0.E0));
#2250=AXIS2_PLACEMENT_3D('',#2247,#2248,#2249);
#2251=PLANE('',#2250);
#2253=ORIENTED_EDGE('',*,*,#2252,.F.);
#2255=ORIENTED_EDGE('',*,*,#2254,.F.);
#2256=EDGE_LOOP('',(#2253,#2255));
#2257=FACE_OUTER_BOUND('',#2256,.F.);
#2258=ADVANCED_FACE('',(#2257),#2251,.F.);
#2259=CARTESIAN_POINT('',(9.2E0,0.E0,0.E0));
#2260=DIRECTION('',(1.E0,0.E0,0.E0));
#2261=DIRECTION('',(0.E0,1.E0,0.E0));
#2262=AXIS2_PLACEMENT_3D('',#2259,#2260,#2261);
#2263=PLANE('',#2262);
#2265=ORIENTED_EDGE('',*,*,#2264,.F.);
#2267=ORIENTED_EDGE('',*,*,#2266,.T.);
#2269=ORIENTED_EDGE('',*,*,#2268,.F.);
#2271=ORIENTED_EDGE('',*,*,#2270,.F.);
#2273=ORIENTED_EDGE('',*,*,#2272,.T.);
#2274=ORIENTED_EDGE('',*,*,#2228,.F.);
#2275=ORIENTED_EDGE('',*,*,#2214,.F.);
#2277=ORIENTED_EDGE('',*,*,#2276,.T.);
#2278=EDGE_LOOP('',(#2265,#2267,#2269,#2271,#2273,#2274,#2275,#2277));
#2279=FACE_OUTER_BOUND('',#2278,.F.);
#2280=ADVANCED_FACE('',(#2279),#2263,.F.);
#2281=CARTESIAN_POINT('',(2.098670536627E2,-2.35E1,-1.75E1));
#2282=DIRECTION('',(-1.E0,0.E0,0.E0));
#2283=DIRECTION('',(0.E0,0.E0,1.E0));
#2284=AXIS2_PLACEMENT_3D('',#2281,#2282,#2283);
#2285=CYLINDRICAL_SURFACE('',#2284,9.E0);
#2287=ORIENTED_EDGE('',*,*,#2286,.T.);
#2288=ORIENTED_EDGE('',*,*,#2242,.T.);
#2290=ORIENTED_EDGE('',*,*,#2289,.T.);
#2292=ORIENTED_EDGE('',*,*,#2291,.T.);
#2294=ORIENTED_EDGE('',*,*,#2293,.F.);
#2296=ORIENTED_EDGE('',*,*,#2295,.F.);
#2297=EDGE_LOOP('',(#2287,#2288,#2290,#2292,#2294,#2296));
#2298=FACE_OUTER_BOUND('',#2297,.F.);
#2299=ADVANCED_FACE('',(#2298),#2285,.F.);
#2300=CARTESIAN_POINT('',(9.2E0,0.E0,0.E0));
#2301=DIRECTION('',(1.E0,0.E0,0.E0));
#2302=DIRECTION('',(0.E0,1.E0,0.E0));
#2303=AXIS2_PLACEMENT_3D('',#2300,#2301,#2302);
#2304=PLANE('',#2303);
#2306=ORIENTED_EDGE('',*,*,#2305,.T.);
#2307=ORIENTED_EDGE('',*,*,#2212,.F.);
#2308=ORIENTED_EDGE('',*,*,#2286,.F.);
#2309=EDGE_LOOP('',(#2306,#2307,#2308));
#2310=FACE_OUTER_BOUND('',#2309,.F.);
#2311=ADVANCED_FACE('',(#2310),#2304,.T.);
#2312=CARTESIAN_POINT('',(9.2E0,0.E0,0.E0));
#2313=DIRECTION('',(1.E0,0.E0,0.E0));
#2314=DIRECTION('',(0.E0,1.E0,0.E0));
#2315=AXIS2_PLACEMENT_3D('',#2312,#2313,#2314);
#2316=PLANE('',#2315);
#2318=ORIENTED_EDGE('',*,*,#2317,.F.);
#2320=ORIENTED_EDGE('',*,*,#2319,.F.);
#2322=ORIENTED_EDGE('',*,*,#2321,.F.);
#2323=EDGE_LOOP('',(#2318,#2320,#2322));
#2324=FACE_OUTER_BOUND('',#2323,.F.);
#2325=ADVANCED_FACE('',(#2324),#2316,.T.);
#2326=CARTESIAN_POINT('',(9.2E0,0.E0,0.E0));
#2327=DIRECTION('',(1.E0,0.E0,0.E0));
#2328=DIRECTION('',(0.E0,1.E0,0.E0));
#2329=AXIS2_PLACEMENT_3D('',#2326,#2327,#2328);
#2330=PLANE('',#2329);
#2332=ORIENTED_EDGE('',*,*,#2331,.T.);
#2334=ORIENTED_EDGE('',*,*,#2333,.F.);
#2336=ORIENTED_EDGE('',*,*,#2335,.F.);
#2338=ORIENTED_EDGE('',*,*,#2337,.F.);
#2339=EDGE_LOOP('',(#2332,#2334,#2336,#2338));
#2340=FACE_OUTER_BOUND('',#2339,.F.);
#2341=ADVANCED_FACE('',(#2340),#2330,.T.);
#2342=CARTESIAN_POINT('',(9.2E0,0.E0,0.E0));
#2343=DIRECTION('',(1.E0,0.E0,0.E0));
#2344=DIRECTION('',(0.E0,1.E0,0.E0));
#2345=AXIS2_PLACEMENT_3D('',#2342,#2343,#2344);
#2346=PLANE('',#2345);
#2348=ORIENTED_EDGE('',*,*,#2347,.T.);
#2349=ORIENTED_EDGE('',*,*,#2289,.F.);
#2350=ORIENTED_EDGE('',*,*,#2208,.F.);
#2351=ORIENTED_EDGE('',*,*,#2230,.F.);
#2352=EDGE_LOOP('',(#2348,#2349,#2350,#2351));
#2353=FACE_OUTER_BOUND('',#2352,.F.);
#2354=ADVANCED_FACE('',(#2353),#2346,.T.);
#2355=CARTESIAN_POINT('',(1.E1,-1.45E1,-8.5E0));
#2356=DIRECTION('',(0.E0,0.E0,1.E0));
#2357=DIRECTION('',(0.E0,-1.E0,0.E0));
#2358=AXIS2_PLACEMENT_3D('',#2355,#2356,#2357);
#2359=PLANE('',#2358);
#2360=ORIENTED_EDGE('',*,*,#2305,.F.);
#2361=ORIENTED_EDGE('',*,*,#2295,.T.);
#2363=ORIENTED_EDGE('',*,*,#2362,.F.);
#2365=ORIENTED_EDGE('',*,*,#2364,.T.);
#2366=ORIENTED_EDGE('',*,*,#2276,.F.);
#2367=EDGE_LOOP('',(#2360,#2361,#2363,#2365,#2366));
#2368=FACE_OUTER_BOUND('',#2367,.F.);
#2369=ADVANCED_FACE('',(#2368),#2359,.F.);
#2370=CARTESIAN_POINT('',(6.800081565404E-1,-1.630270780624E2,-8.E0));
#2371=DIRECTION('',(0.E0,1.E0,0.E0));
#2372=DIRECTION('',(0.E0,0.E0,-1.E0));
#2373=AXIS2_PLACEMENT_3D('',#2370,#2371,#2372);
#2374=CYLINDRICAL_SURFACE('',#2373,5.E-1);
#2376=ORIENTED_EDGE('',*,*,#2375,.T.);
#2377=ORIENTED_EDGE('',*,*,#2362,.T.);
#2379=ORIENTED_EDGE('',*,*,#2378,.T.);
#2381=ORIENTED_EDGE('',*,*,#2380,.F.);
#2382=EDGE_LOOP('',(#2376,#2377,#2379,#2381));
#2383=FACE_OUTER_BOUND('',#2382,.F.);
#2384=ADVANCED_FACE('',(#2383),#2374,.T.);
#2385=CARTESIAN_POINT('',(0.E0,-3.7E1,0.E0));
#2386=DIRECTION('',(0.E0,-1.E0,0.E0));
#2387=DIRECTION('',(0.E0,0.E0,-1.E0));
#2388=AXIS2_PLACEMENT_3D('',#2385,#2386,#2387);
#2389=PLANE('',#2388);
#2390=ORIENTED_EDGE('',*,*,#2177,.F.);
#2392=ORIENTED_EDGE('',*,*,#2391,.F.);
#2393=ORIENTED_EDGE('',*,*,#2119,.T.);
#2395=ORIENTED_EDGE('',*,*,#2394,.F.);
#2396=ORIENTED_EDGE('',*,*,#2077,.F.);
#2398=ORIENTED_EDGE('',*,*,#2397,.F.);
#2400=ORIENTED_EDGE('',*,*,#2399,.F.);
#2402=ORIENTED_EDGE('',*,*,#2401,.T.);
#2403=ORIENTED_EDGE('',*,*,#2264,.T.);
#2404=ORIENTED_EDGE('',*,*,#2364,.F.);
#2405=ORIENTED_EDGE('',*,*,#2375,.F.);
#2407=ORIENTED_EDGE('',*,*,#2406,.F.);
#2408=ORIENTED_EDGE('',*,*,#2065,.F.);
#2410=ORIENTED_EDGE('',*,*,#2409,.T.);
#2411=ORIENTED_EDGE('',*,*,#2135,.T.);
#2413=ORIENTED_EDGE('',*,*,#2412,.F.);
#2414=EDGE_LOOP('',(#2390,#2392,#2393,#2395,#2396,#2398,#2400,#2402,#2403,#2404,
#2405,#2407,#2408,#2410,#2411,#2413));
#2415=FACE_OUTER_BOUND('',#2414,.F.);
#2416=ADVANCED_FACE('',(#2415),#2389,.T.);
#2417=CARTESIAN_POINT('',(0.E0,-2.2E1,-1.2E2));
#2418=DIRECTION('',(0.E0,0.E0,-1.E0));
#2419=DIRECTION('',(0.E0,1.E0,0.E0));
#2420=AXIS2_PLACEMENT_3D('',#2417,#2418,#2419);
#2421=PLANE('',#2420);
#2422=ORIENTED_EDGE('',*,*,#2164,.F.);
#2423=ORIENTED_EDGE('',*,*,#2121,.F.);
#2424=ORIENTED_EDGE('',*,*,#2391,.T.);
#2425=ORIENTED_EDGE('',*,*,#2175,.T.);
#2426=EDGE_LOOP('',(#2422,#2423,#2424,#2425));
#2427=FACE_OUTER_BOUND('',#2426,.F.);
#2428=ADVANCED_FACE('',(#2427),#2421,.T.);
#2429=CARTESIAN_POINT('',(0.E0,-3.7E1,-1.175E2));
#2430=DIRECTION('',(0.E0,0.E0,1.E0));
#2431=DIRECTION('',(0.E0,1.E0,0.E0));
#2432=AXIS2_PLACEMENT_3D('',#2429,#2430,#2431);
#2433=PLANE('',#2432);
#2434=ORIENTED_EDGE('',*,*,#2091,.F.);
#2435=ORIENTED_EDGE('',*,*,#2114,.T.);
#2437=ORIENTED_EDGE('',*,*,#2436,.F.);
#2438=ORIENTED_EDGE('',*,*,#2043,.F.);
#2439=EDGE_LOOP('',(#2434,#2435,#2437,#2438));
#2440=FACE_OUTER_BOUND('',#2439,.F.);
#2441=ADVANCED_FACE('',(#2440),#2433,.T.);
#2442=CARTESIAN_POINT('',(0.E0,-3.7E1,-1.175E2));
#2443=DIRECTION('',(0.E0,0.E0,1.E0));
#2444=DIRECTION('',(0.E0,1.E0,0.E0));
#2445=AXIS2_PLACEMENT_3D('',#2442,#2443,#2444);
#2446=PLANE('',#2445);
#2447=ORIENTED_EDGE('',*,*,#2094,.T.);
#2448=ORIENTED_EDGE('',*,*,#2079,.F.);
#2449=ORIENTED_EDGE('',*,*,#2394,.T.);
#2450=ORIENTED_EDGE('',*,*,#2117,.T.);
#2451=EDGE_LOOP('',(#2447,#2448,#2449,#2450));
#2452=FACE_OUTER_BOUND('',#2451,.F.);
#2453=ADVANCED_FACE('',(#2452),#2446,.T.);
#2454=CARTESIAN_POINT('',(2.098670536627E2,-2.4E1,-1.025E2));
#2455=DIRECTION('',(-1.E0,0.E0,0.E0));
#2456=DIRECTION('',(0.E0,1.E0,0.E0));
#2457=AXIS2_PLACEMENT_3D('',#2454,#2455,#2456);
#2458=CYLINDRICAL_SURFACE('',#2457,1.5E1);
#2460=ORIENTED_EDGE('',*,*,#2459,.F.);
#2461=ORIENTED_EDGE('',*,*,#2045,.T.);
#2462=ORIENTED_EDGE('',*,*,#2436,.T.);
#2463=ORIENTED_EDGE('',*,*,#2112,.T.);
#2464=EDGE_LOOP('',(#2460,#2461,#2462,#2463));
#2465=FACE_OUTER_BOUND('',#2464,.F.);
#2466=ADVANCED_FACE('',(#2465),#2458,.F.);
#2467=CARTESIAN_POINT('',(0.E0,-9.E0,-1.2E2));
#2468=DIRECTION('',(0.E0,-1.E0,0.E0));
#2469=DIRECTION('',(0.E0,0.E0,1.E0));
#2470=AXIS2_PLACEMENT_3D('',#2467,#2468,#2469);
#2471=PLANE('',#2470);
#2472=ORIENTED_EDGE('',*,*,#2459,.T.);
#2473=ORIENTED_EDGE('',*,*,#2110,.T.);
#2475=ORIENTED_EDGE('',*,*,#2474,.F.);
#2477=ORIENTED_EDGE('',*,*,#2476,.F.);
#2479=ORIENTED_EDGE('',*,*,#2478,.F.);
#2481=ORIENTED_EDGE('',*,*,#2480,.T.);
#2483=ORIENTED_EDGE('',*,*,#2482,.F.);
#2485=ORIENTED_EDGE('',*,*,#2484,.T.);
#2487=ORIENTED_EDGE('',*,*,#2486,.T.);
#2489=ORIENTED_EDGE('',*,*,#2488,.F.);
#2491=ORIENTED_EDGE('',*,*,#2490,.T.);
#2493=ORIENTED_EDGE('',*,*,#2492,.F.);
#2495=ORIENTED_EDGE('',*,*,#2494,.F.);
#2497=ORIENTED_EDGE('',*,*,#2496,.F.);
#2498=ORIENTED_EDGE('',*,*,#2047,.T.);
#2499=EDGE_LOOP('',(#2472,#2473,#2475,#2477,#2479,#2481,#2483,#2485,#2487,#2489,
#2491,#2493,#2495,#2497,#2498));
#2500=FACE_OUTER_BOUND('',#2499,.F.);
#2501=ADVANCED_FACE('',(#2500),#2471,.T.);
#2502=CARTESIAN_POINT('',(0.E0,-9.E0,-1.2E2));
#2503=DIRECTION('',(0.E0,-1.E0,0.E0));
#2504=DIRECTION('',(0.E0,0.E0,1.E0));
#2505=AXIS2_PLACEMENT_3D('',#2502,#2503,#2504);
#2506=PLANE('',#2505);
#2508=ORIENTED_EDGE('',*,*,#2507,.T.);
#2509=ORIENTED_EDGE('',*,*,#2055,.T.);
#2511=ORIENTED_EDGE('',*,*,#2510,.F.);
#2513=ORIENTED_EDGE('',*,*,#2512,.T.);
#2515=ORIENTED_EDGE('',*,*,#2514,.F.);
#2517=ORIENTED_EDGE('',*,*,#2516,.T.);
#2519=ORIENTED_EDGE('',*,*,#2518,.F.);
#2521=ORIENTED_EDGE('',*,*,#2520,.T.);
#2523=ORIENTED_EDGE('',*,*,#2522,.T.);
#2525=ORIENTED_EDGE('',*,*,#2524,.F.);
#2527=ORIENTED_EDGE('',*,*,#2526,.T.);
#2529=ORIENTED_EDGE('',*,*,#2528,.F.);
#2531=ORIENTED_EDGE('',*,*,#2530,.T.);
#2533=ORIENTED_EDGE('',*,*,#2532,.F.);
#2534=ORIENTED_EDGE('',*,*,#2145,.F.);
#2535=EDGE_LOOP('',(#2508,#2509,#2511,#2513,#2515,#2517,#2519,#2521,#2523,#2525,
#2527,#2529,#2531,#2533,#2534));
#2536=FACE_OUTER_BOUND('',#2535,.F.);
#2537=ADVANCED_FACE('',(#2536),#2506,.T.);
#2538=CARTESIAN_POINT('',(-5.4E1,1.661492655911E2,-8.65E1));
#2539=DIRECTION('',(0.E0,-1.E0,0.E0));
#2540=DIRECTION('',(1.E0,0.E0,0.E0));
#2541=AXIS2_PLACEMENT_3D('',#2538,#2539,#2540);
#2542=CYLINDRICAL_SURFACE('',#2541,5.E0);
#2543=ORIENTED_EDGE('',*,*,#2108,.F.);
#2545=ORIENTED_EDGE('',*,*,#2544,.T.);
#2547=ORIENTED_EDGE('',*,*,#2546,.T.);
#2548=ORIENTED_EDGE('',*,*,#2474,.T.);
#2549=EDGE_LOOP('',(#2543,#2545,#2547,#2548));
#2550=FACE_OUTER_BOUND('',#2549,.F.);
#2551=ADVANCED_FACE('',(#2550),#2542,.F.);
#2552=CARTESIAN_POINT('',(0.E0,0.E0,-1.2E2));
#2553=DIRECTION('',(0.E0,1.E0,0.E0));
#2554=DIRECTION('',(0.E0,0.E0,1.E0));
#2555=AXIS2_PLACEMENT_3D('',#2552,#2553,#2554);
#2556=PLANE('',#2555);
#2557=ORIENTED_EDGE('',*,*,#2161,.T.);
#2558=ORIENTED_EDGE('',*,*,#2183,.T.);
#2560=ORIENTED_EDGE('',*,*,#2559,.T.);
#2561=ORIENTED_EDGE('',*,*,#2149,.T.);
#2563=ORIENTED_EDGE('',*,*,#2562,.F.);
#2565=ORIENTED_EDGE('',*,*,#2564,.F.);
#2567=ORIENTED_EDGE('',*,*,#2566,.F.);
#2569=ORIENTED_EDGE('',*,*,#2568,.T.);
#2571=ORIENTED_EDGE('',*,*,#2570,.F.);
#2573=ORIENTED_EDGE('',*,*,#2572,.F.);
#2575=ORIENTED_EDGE('',*,*,#2574,.F.);
#2577=ORIENTED_EDGE('',*,*,#2576,.F.);
#2579=ORIENTED_EDGE('',*,*,#2578,.F.);
#2581=ORIENTED_EDGE('',*,*,#2580,.F.);
#2583=ORIENTED_EDGE('',*,*,#2582,.F.);
#2585=ORIENTED_EDGE('',*,*,#2584,.F.);
#2586=ORIENTED_EDGE('',*,*,#2051,.F.);
#2588=ORIENTED_EDGE('',*,*,#2587,.F.);
#2590=ORIENTED_EDGE('',*,*,#2589,.F.);
#2592=ORIENTED_EDGE('',*,*,#2591,.F.);
#2594=ORIENTED_EDGE('',*,*,#2593,.F.);
#2596=ORIENTED_EDGE('',*,*,#2595,.F.);
#2598=ORIENTED_EDGE('',*,*,#2597,.F.);
#2600=ORIENTED_EDGE('',*,*,#2599,.T.);
#2602=ORIENTED_EDGE('',*,*,#2601,.F.);
#2604=ORIENTED_EDGE('',*,*,#2603,.T.);
#2606=ORIENTED_EDGE('',*,*,#2605,.F.);
#2608=ORIENTED_EDGE('',*,*,#2607,.T.);
#2609=ORIENTED_EDGE('',*,*,#2544,.F.);
#2610=ORIENTED_EDGE('',*,*,#2106,.F.);
#2611=EDGE_LOOP('',(#2557,#2558,#2560,#2561,#2563,#2565,#2567,#2569,#2571,#2573,
#2575,#2577,#2579,#2581,#2583,#2585,#2586,#2588,#2590,#2592,#2594,#2596,#2598,
#2600,#2602,#2604,#2606,#2608,#2609,#2610));
#2612=FACE_OUTER_BOUND('',#2611,.F.);
#2613=ADVANCED_FACE('',(#2612),#2556,.T.);
#2614=CARTESIAN_POINT('',(2.103277736627E2,-1.E1,-1.E1));
#2615=DIRECTION('',(-1.E0,0.E0,0.E0));
#2616=DIRECTION('',(0.E0,0.E0,1.E0));
#2617=AXIS2_PLACEMENT_3D('',#2614,#2615,#2616);
#2618=CYLINDRICAL_SURFACE('',#2617,1.E1);
#2619=ORIENTED_EDGE('',*,*,#2131,.T.);
#2620=ORIENTED_EDGE('',*,*,#2559,.F.);
#2621=ORIENTED_EDGE('',*,*,#2181,.T.);
#2623=ORIENTED_EDGE('',*,*,#2622,.T.);
#2624=EDGE_LOOP('',(#2619,#2620,#2621,#2623));
#2625=FACE_OUTER_BOUND('',#2624,.F.);
#2626=ADVANCED_FACE('',(#2625),#2618,.T.);
#2627=CARTESIAN_POINT('',(0.E0,0.E0,0.E0));
#2628=DIRECTION('',(0.E0,0.E0,1.E0));
#2629=DIRECTION('',(0.E0,-1.E0,0.E0));
#2630=AXIS2_PLACEMENT_3D('',#2627,#2628,#2629);
#2631=PLANE('',#2630);
#2632=ORIENTED_EDGE('',*,*,#2622,.F.);
#2633=ORIENTED_EDGE('',*,*,#2179,.T.);
#2634=ORIENTED_EDGE('',*,*,#2412,.T.);
#2635=ORIENTED_EDGE('',*,*,#2133,.F.);
#2636=EDGE_LOOP('',(#2632,#2633,#2634,#2635));
#2637=FACE_OUTER_BOUND('',#2636,.F.);
#2638=ADVANCED_FACE('',(#2637),#2631,.T.);
#2639=CARTESIAN_POINT('',(-5.4E1,1.661492655911E2,-3.35E1));
#2640=DIRECTION('',(0.E0,-1.E0,0.E0));
#2641=DIRECTION('',(0.E0,0.E0,-1.E0));
#2642=AXIS2_PLACEMENT_3D('',#2639,#2640,#2641);
#2643=CYLINDRICAL_SURFACE('',#2642,5.E0);
#2645=ORIENTED_EDGE('',*,*,#2644,.F.);
#2646=ORIENTED_EDGE('',*,*,#2562,.T.);
#2647=ORIENTED_EDGE('',*,*,#2147,.T.);
#2648=ORIENTED_EDGE('',*,*,#2532,.T.);
#2649=EDGE_LOOP('',(#2645,#2646,#2647,#2648));
#2650=FACE_OUTER_BOUND('',#2649,.F.);
#2651=ADVANCED_FACE('',(#2650),#2643,.F.);
#2652=CARTESIAN_POINT('',(-4.9E1,0.E0,-3.85E1));
#2653=DIRECTION('',(0.E0,0.E0,-1.E0));
#2654=DIRECTION('',(-1.E0,0.E0,0.E0));
#2655=AXIS2_PLACEMENT_3D('',#2652,#2653,#2654);
#2656=PLANE('',#2655);
#2658=ORIENTED_EDGE('',*,*,#2657,.T.);
#2659=ORIENTED_EDGE('',*,*,#2564,.T.);
#2660=ORIENTED_EDGE('',*,*,#2644,.T.);
#2661=ORIENTED_EDGE('',*,*,#2530,.F.);
#2662=EDGE_LOOP('',(#2658,#2659,#2660,#2661));
#2663=FACE_OUTER_BOUND('',#2662,.F.);
#2664=ADVANCED_FACE('',(#2663),#2656,.F.);
#2665=CARTESIAN_POINT('',(-1.E2,-1.284730780624E2,-4.35E1));
#2666=DIRECTION('',(0.E0,1.E0,0.E0));
#2667=DIRECTION('',(-1.E0,0.E0,0.E0));
#2668=AXIS2_PLACEMENT_3D('',#2665,#2666,#2667);
#2669=CYLINDRICAL_SURFACE('',#2668,5.E0);
#2670=ORIENTED_EDGE('',*,*,#2566,.T.);
#2671=ORIENTED_EDGE('',*,*,#2657,.F.);
#2672=ORIENTED_EDGE('',*,*,#2528,.T.);
#2674=ORIENTED_EDGE('',*,*,#2673,.T.);
#2675=EDGE_LOOP('',(#2670,#2671,#2672,#2674));
#2676=FACE_OUTER_BOUND('',#2675,.F.);
#2677=ADVANCED_FACE('',(#2676),#2669,.T.);
#2678=CARTESIAN_POINT('',(-1.05E2,0.E0,0.E0));
#2679=DIRECTION('',(-1.E0,0.E0,0.E0));
#2680=DIRECTION('',(0.E0,0.E0,-1.E0));
#2681=AXIS2_PLACEMENT_3D('',#2678,#2679,#2680);
#2682=PLANE('',#2681);
#2683=ORIENTED_EDGE('',*,*,#2673,.F.);
#2684=ORIENTED_EDGE('',*,*,#2526,.F.);
#2686=ORIENTED_EDGE('',*,*,#2685,.T.);
#2688=ORIENTED_EDGE('',*,*,#2687,.T.);
#2690=ORIENTED_EDGE('',*,*,#2689,.F.);
#2691=ORIENTED_EDGE('',*,*,#2480,.F.);
#2693=ORIENTED_EDGE('',*,*,#2692,.F.);
#2694=ORIENTED_EDGE('',*,*,#2603,.F.);
#2696=ORIENTED_EDGE('',*,*,#2695,.T.);
#2698=ORIENTED_EDGE('',*,*,#2697,.T.);
#2700=ORIENTED_EDGE('',*,*,#2699,.F.);
#2702=ORIENTED_EDGE('',*,*,#2701,.T.);
#2704=ORIENTED_EDGE('',*,*,#2703,.T.);
#2706=ORIENTED_EDGE('',*,*,#2705,.T.);
#2708=ORIENTED_EDGE('',*,*,#2707,.F.);
#2710=ORIENTED_EDGE('',*,*,#2709,.T.);
#2712=ORIENTED_EDGE('',*,*,#2711,.F.);
#2713=ORIENTED_EDGE('',*,*,#2568,.F.);
#2714=EDGE_LOOP('',(#2683,#2684,#2686,#2688,#2690,#2691,#2693,#2694,#2696,#2698,
#2700,#2702,#2704,#2706,#2708,#2710,#2712,#2713));
#2715=FACE_OUTER_BOUND('',#2714,.F.);
#2716=ADVANCED_FACE('',(#2715),#2682,.T.);
#2717=CARTESIAN_POINT('',(0.E0,0.E0,-5.35E1));
#2718=DIRECTION('',(0.E0,0.E0,-1.E0));
#2719=DIRECTION('',(-1.E0,0.E0,0.E0));
#2720=AXIS2_PLACEMENT_3D('',#2717,#2718,#2719);
#2721=PLANE('',#2720);
#2723=ORIENTED_EDGE('',*,*,#2722,.T.);
#2725=ORIENTED_EDGE('',*,*,#2724,.F.);
#2727=ORIENTED_EDGE('',*,*,#2726,.T.);
#2729=ORIENTED_EDGE('',*,*,#2728,.F.);
#2730=ORIENTED_EDGE('',*,*,#2685,.F.);
#2731=ORIENTED_EDGE('',*,*,#2524,.T.);
#2733=ORIENTED_EDGE('',*,*,#2732,.T.);
#2734=EDGE_LOOP('',(#2723,#2725,#2727,#2729,#2730,#2731,#2733));
#2735=FACE_OUTER_BOUND('',#2734,.F.);
#2736=ADVANCED_FACE('',(#2735),#2721,.T.);
#2737=CARTESIAN_POINT('',(-8.269409676830E1,8.805592727821E0,-6.E1));
#2738=DIRECTION('',(-7.660444431190E-1,6.427876096865E-1,0.E0));
#2739=DIRECTION('',(-6.427876096865E-1,-7.660444431190E-1,0.E0));
#2740=AXIS2_PLACEMENT_3D('',#2737,#2738,#2739);
#2741=CYLINDRICAL_SURFACE('',#2740,8.75E0);
#2743=ORIENTED_EDGE('',*,*,#2742,.F.);
#2744=ORIENTED_EDGE('',*,*,#2722,.F.);
#2746=ORIENTED_EDGE('',*,*,#2745,.T.);
#2748=ORIENTED_EDGE('',*,*,#2747,.F.);
#2750=ORIENTED_EDGE('',*,*,#2749,.F.);
#2752=ORIENTED_EDGE('',*,*,#2751,.T.);
#2754=ORIENTED_EDGE('',*,*,#2753,.T.);
#2756=ORIENTED_EDGE('',*,*,#2755,.F.);
#2757=EDGE_LOOP('',(#2743,#2744,#2746,#2748,#2750,#2752,#2754,#2756));
#2758=FACE_OUTER_BOUND('',#2757,.F.);
#2759=ADVANCED_FACE('',(#2758),#2741,.F.);
#2760=CARTESIAN_POINT('',(-7.913265570783E1,-1.280323134724E0,
-5.343320197301E1));
#2761=CARTESIAN_POINT('',(-7.931264406438E1,-1.928503316544E0,
-5.310203075877E1));
#2762=CARTESIAN_POINT('',(-7.949263242094E1,-2.576683498365E0,
-5.277085954452E1));
#2763=CARTESIAN_POINT('',(-7.967262077749E1,-3.224863680185E0,
-5.243968833028E1));
#2764=CARTESIAN_POINT('',(-7.974420788913E1,-1.242965581164E0,
-5.374120736145E1));
#2765=CARTESIAN_POINT('',(-7.993601143970E1,-1.905226562900E0,
-5.342556921493E1));
#2766=CARTESIAN_POINT('',(-8.012781499028E1,-2.567487544636E0,
-5.310993106841E1));
#2767=CARTESIAN_POINT('',(-8.031961854085E1,-3.229748526371E0,
-5.279429292189E1));
#2768=CARTESIAN_POINT('',(-8.096549833293E1,-1.168361279911E0,
-5.447106040299E1));
#2769=CARTESIAN_POINT('',(-8.118089722660E1,-1.858742096557E0,
-5.419222958891E1));
#2770=CARTESIAN_POINT('',(-8.139629612027E1,-2.549122913203E0,
-5.391339877482E1));
#2771=CARTESIAN_POINT('',(-8.161169501395E1,-3.239503729849E0,
-5.363456796073E1));
#2772=CARTESIAN_POINT('',(-8.244243058719E1,-1.078140727227E0,
-5.573644369380E1));
#2773=CARTESIAN_POINT('',(-8.268636382619E1,-1.802527452439E0,
-5.552142762156E1));
#2774=CARTESIAN_POINT('',(-8.293029706520E1,-2.526914177650E0,
-5.530641154933E1));
#2775=CARTESIAN_POINT('',(-8.317423030421E1,-3.251300902862E0,
-5.509139547710E1));
#2776=CARTESIAN_POINT('',(-8.351675827531E1,-1.012513859437E0,
-5.716371866902E1));
#2777=CARTESIAN_POINT('',(-8.378144753557E1,-1.761636647542E0,
-5.702068172340E1));
#2778=CARTESIAN_POINT('',(-8.404613679582E1,-2.510759435648E0,
-5.687764477777E1));
#2779=CARTESIAN_POINT('',(-8.431082605608E1,-3.259882223753E0,
-5.673460783215E1));
#2780=CARTESIAN_POINT('',(-8.411485328134E1,-9.759783569812E-1,
-5.858646411355E1));
#2781=CARTESIAN_POINT('',(-8.439109774286E1,-1.738872097701E0,
-5.851517786507E1));
#2782=CARTESIAN_POINT('',(-8.466734220438E1,-2.501765838422E0,
-5.844389161658E1));
#2783=CARTESIAN_POINT('',(-8.494358666590E1,-3.264659579142E0,
-5.837260536810E1));
#2784=CARTESIAN_POINT('',(-8.430573466390E1,-9.643180903835E-1,
-5.996702162030E1));
#2785=CARTESIAN_POINT('',(-8.458566695556E1,-1.731606815927E0,
-5.996535848249E1));
#2786=CARTESIAN_POINT('',(-8.486559924722E1,-2.498895541470E0,
-5.996369534469E1));
#2787=CARTESIAN_POINT('',(-8.514553153889E1,-3.266184267013E0,
-5.996203220689E1));
#2788=CARTESIAN_POINT('',(-8.413287129220E1,-9.748777006082E-1,
-6.134630403967E1));
#2789=CARTESIAN_POINT('',(-8.440946386186E1,-1.738186300458E0,
-6.141419970841E1));
#2790=CARTESIAN_POINT('',(-8.468605643152E1,-2.501494900308E0,
-6.148209537715E1));
#2791=CARTESIAN_POINT('',(-8.496264900119E1,-3.264803500159E0,
-6.154999104590E1));
#2792=CARTESIAN_POINT('',(-8.355489178035E1,-1.010184418874E0,
-6.276929651744E1));
#2793=CARTESIAN_POINT('',(-8.382031778029E1,-1.760185219145E0,
-6.290895534150E1));
#2794=CARTESIAN_POINT('',(-8.408574378023E1,-2.510186019415E0,
-6.304861416555E1));
#2795=CARTESIAN_POINT('',(-8.435116978018E1,-3.260186819685E0,
-6.318827298961E1));
#2796=CARTESIAN_POINT('',(-8.250358354259E1,-1.074405110093E0,
-6.419831142776E1));
#2797=CARTESIAN_POINT('',(-8.274869825728E1,-1.800199863198E0,
-6.441003712537E1));
#2798=CARTESIAN_POINT('',(-8.299381297198E1,-2.525994616302E0,
-6.462176282297E1));
#2799=CARTESIAN_POINT('',(-8.323892768667E1,-3.251789369406E0,
-6.483348852058E1));
#2800=CARTESIAN_POINT('',(-8.102627408314E1,-1.164648704905E0,
-6.548768718107E1));
#2801=CARTESIAN_POINT('',(-8.124284716489E1,-1.856428864411E0,
-6.576443758815E1));
#2802=CARTESIAN_POINT('',(-8.145942024664E1,-2.548209023917E0,
-6.604118799522E1));
#2803=CARTESIAN_POINT('',(-8.167599332839E1,-3.239989183423E0,
-6.631793840229E1));
#2804=CARTESIAN_POINT('',(-7.978859558989E1,-1.240254093969E0,
-6.623551964982E1));
#2805=CARTESIAN_POINT('',(-7.998125671127E1,-1.903537088793E0,
-6.654998411262E1));
#2806=CARTESIAN_POINT('',(-8.017391783264E1,-2.566820083616E0,
-6.686444857542E1));
#2807=CARTESIAN_POINT('',(-8.036657895402E1,-3.230103078440E0,
-6.717891303822E1));
#2808=CARTESIAN_POINT('',(-7.915010158635E1,-1.279257427886E0,
-6.655801302553E1));
#2809=CARTESIAN_POINT('',(-7.933042699744E1,-1.927839295666E0,
-6.688874120199E1));
#2810=CARTESIAN_POINT('',(-7.951075240854E1,-2.576421163446E0,
-6.721946937846E1));
#2811=CARTESIAN_POINT('',(-7.969107781964E1,-3.225003031227E0,
-6.755019755492E1));
#2812=B_SPLINE_SURFACE_WITH_KNOTS('',3,3,((#2760,#2761,#2762,#2763),(#2764,
#2765,#2766,#2767),(#2768,#2769,#2770,#2771),(#2772,#2773,#2774,#2775),(#2776,
#2777,#2778,#2779),(#2780,#2781,#2782,#2783),(#2784,#2785,#2786,#2787),(#2788,
#2789,#2790,#2791),(#2792,#2793,#2794,#2795),(#2796,#2797,#2798,#2799),(#2800,
#2801,#2802,#2803),(#2804,#2805,#2806,#2807),(#2808,#2809,#2810,#2811)),
.UNSPECIFIED.,.F.,.F.,.F.,(4,1,1,1,1,1,1,1,1,1,4),(4,4),(3.488826788918E-1,
3.75E-1,4.0625E-1,4.375E-1,4.6875E-1,5.E-1,5.3125E-1,5.625E-1,5.9375E-1,6.25E-1,
6.523350926741E-1),(-1.505855188864E-1,1.150449714926E0),.UNSPECIFIED.);
#2814=ORIENTED_EDGE('',*,*,#2813,.F.);
#2815=ORIENTED_EDGE('',*,*,#2724,.T.);
#2816=ORIENTED_EDGE('',*,*,#2742,.T.);
#2818=ORIENTED_EDGE('',*,*,#2817,.T.);
#2819=EDGE_LOOP('',(#2814,#2815,#2816,#2818));
#2820=FACE_OUTER_BOUND('',#2819,.F.);
#2821=ADVANCED_FACE('',(#2820),#2812,.F.);
#2822=CARTESIAN_POINT('',(-1.05E2,-3.E0,0.E0));
#2823=DIRECTION('',(0.E0,-1.E0,0.E0));
#2824=DIRECTION('',(0.E0,0.E0,-1.E0));
#2825=AXIS2_PLACEMENT_3D('',#2822,#2823,#2824);
#2826=PLANE('',#2825);
#2827=ORIENTED_EDGE('',*,*,#2813,.T.);
#2829=ORIENTED_EDGE('',*,*,#2828,.F.);
#2831=ORIENTED_EDGE('',*,*,#2830,.F.);
#2832=ORIENTED_EDGE('',*,*,#2726,.F.);
#2833=EDGE_LOOP('',(#2827,#2829,#2831,#2832));
#2834=FACE_OUTER_BOUND('',#2833,.F.);
#2835=ADVANCED_FACE('',(#2834),#2826,.T.);
#2836=CARTESIAN_POINT('',(0.E0,0.E0,-6.65E1));
#2837=DIRECTION('',(0.E0,0.E0,-1.E0));
#2838=DIRECTION('',(-1.E0,0.E0,0.E0));
#2839=AXIS2_PLACEMENT_3D('',#2836,#2837,#2838);
#2840=PLANE('',#2839);
#2841=ORIENTED_EDGE('',*,*,#2828,.T.);
#2842=ORIENTED_EDGE('',*,*,#2817,.F.);
#2843=ORIENTED_EDGE('',*,*,#2755,.T.);
#2845=ORIENTED_EDGE('',*,*,#2844,.F.);
#2846=ORIENTED_EDGE('',*,*,#2482,.T.);
#2847=ORIENTED_EDGE('',*,*,#2689,.T.);
#2849=ORIENTED_EDGE('',*,*,#2848,.T.);
#2850=EDGE_LOOP('',(#2841,#2842,#2843,#2845,#2846,#2847,#2849));
#2851=FACE_OUTER_BOUND('',#2850,.F.);
#2852=ADVANCED_FACE('',(#2851),#2840,.F.);
#2853=CARTESIAN_POINT('',(-7.1E1,-9.E0,-4.965E1));
#2854=DIRECTION('',(-1.E0,0.E0,0.E0));
#2855=DIRECTION('',(0.E0,0.E0,-1.E0));
#2856=AXIS2_PLACEMENT_3D('',#2853,#2854,#2855);
#2857=PLANE('',#2856);
#2858=ORIENTED_EDGE('',*,*,#2844,.T.);
#2859=ORIENTED_EDGE('',*,*,#2753,.F.);
#2861=ORIENTED_EDGE('',*,*,#2860,.F.);
#2863=ORIENTED_EDGE('',*,*,#2862,.T.);
#2865=ORIENTED_EDGE('',*,*,#2864,.F.);
#2866=ORIENTED_EDGE('',*,*,#2484,.F.);
#2867=EDGE_LOOP('',(#2858,#2859,#2861,#2863,#2865,#2866));
#2868=FACE_OUTER_BOUND('',#2867,.F.);
#2869=ADVANCED_FACE('',(#2868),#2857,.F.);
#2870=CARTESIAN_POINT('',(-7.1E1,-9.E0,-4.965E1));
#2871=DIRECTION('',(-1.E0,0.E0,0.E0));
#2872=DIRECTION('',(0.E0,0.E0,-1.E0));
#2873=AXIS2_PLACEMENT_3D('',#2870,#2871,#2872);
#2874=PLANE('',#2873);
#2875=ORIENTED_EDGE('',*,*,#2732,.F.);
#2876=ORIENTED_EDGE('',*,*,#2522,.F.);
#2878=ORIENTED_EDGE('',*,*,#2877,.F.);
#2880=ORIENTED_EDGE('',*,*,#2879,.T.);
#2882=ORIENTED_EDGE('',*,*,#2881,.T.);
#2883=ORIENTED_EDGE('',*,*,#2745,.F.);
#2884=EDGE_LOOP('',(#2875,#2876,#2878,#2880,#2882,#2883));
#2885=FACE_OUTER_BOUND('',#2884,.F.);
#2886=ADVANCED_FACE('',(#2885),#2874,.F.);
#2887=CARTESIAN_POINT('',(-7.690900828112E1,1.569999271589E1,-6.875E1));
#2888=DIRECTION('',(0.E0,0.E0,-1.E0));
#2889=DIRECTION('',(-6.427876096865E-1,-7.660444431190E-1,0.E0));
#2890=AXIS2_PLACEMENT_3D('',#2887,#2888,#2889);
#2891=PLANE('',#2890);
#2892=ORIENTED_EDGE('',*,*,#2860,.T.);
#2893=ORIENTED_EDGE('',*,*,#2751,.F.);
#2895=ORIENTED_EDGE('',*,*,#2894,.F.);
#2897=ORIENTED_EDGE('',*,*,#2896,.F.);
#2898=EDGE_LOOP('',(#2892,#2893,#2895,#2897));
#2899=FACE_OUTER_BOUND('',#2898,.F.);
#2900=ADVANCED_FACE('',(#2899),#2891,.F.);
#2901=CARTESIAN_POINT('',(-3.562866030436E1,6.489599572073E1,-6.8E1));
#2902=DIRECTION('',(-7.660444431190E-1,6.427876096865E-1,0.E0));
#2903=DIRECTION('',(-6.427876096865E-1,-7.660444431190E-1,0.E0));
#2904=AXIS2_PLACEMENT_3D('',#2901,#2902,#2903);
#2905=PLANE('',#2904);
#2907=ORIENTED_EDGE('',*,*,#2906,.T.);
#2909=ORIENTED_EDGE('',*,*,#2908,.T.);
#2911=ORIENTED_EDGE('',*,*,#2910,.F.);
#2913=ORIENTED_EDGE('',*,*,#2912,.F.);
#2914=ORIENTED_EDGE('',*,*,#2894,.T.);
#2915=ORIENTED_EDGE('',*,*,#2749,.T.);
#2917=ORIENTED_EDGE('',*,*,#2916,.T.);
#2919=ORIENTED_EDGE('',*,*,#2918,.F.);
#2921=ORIENTED_EDGE('',*,*,#2920,.F.);
#2923=ORIENTED_EDGE('',*,*,#2922,.T.);
#2924=EDGE_LOOP('',(#2907,#2909,#2911,#2913,#2914,#2915,#2917,#2919,#2921,
#2923));
#2925=FACE_OUTER_BOUND('',#2924,.F.);
#2926=ADVANCED_FACE('',(#2925),#2905,.F.);
#2927=CARTESIAN_POINT('',(-8.687221623127E1,3.826303847548E0,
-5.730761184457E1));
#2928=DIRECTION('',(-6.427876096865E-1,-7.660444431190E-1,0.E0));
#2929=DIRECTION('',(0.E0,0.E0,-1.E0));
#2930=AXIS2_PLACEMENT_3D('',#2927,#2928,#2929);
#2931=PLANE('',#2930);
#2932=ORIENTED_EDGE('',*,*,#2703,.F.);
#2934=ORIENTED_EDGE('',*,*,#2933,.F.);
#2935=ORIENTED_EDGE('',*,*,#2906,.F.);
#2937=ORIENTED_EDGE('',*,*,#2936,.T.);
#2938=EDGE_LOOP('',(#2932,#2934,#2935,#2937));
#2939=FACE_OUTER_BOUND('',#2938,.F.);
#2940=ADVANCED_FACE('',(#2939),#2931,.F.);
#2941=CARTESIAN_POINT('',(-8.687221623127E1,3.826303847548E0,
-6.269238815543E1));
#2942=DIRECTION('',(-4.545194776720E-1,-5.416752204197E-1,-7.071067811865E-1));
#2943=DIRECTION('',(4.545194776720E-1,5.416752204197E-1,-7.071067811865E-1));
#2944=AXIS2_PLACEMENT_3D('',#2941,#2942,#2943);
#2945=PLANE('',#2944);
#2946=ORIENTED_EDGE('',*,*,#2701,.F.);
#2948=ORIENTED_EDGE('',*,*,#2947,.F.);
#2949=ORIENTED_EDGE('',*,*,#2908,.F.);
#2950=ORIENTED_EDGE('',*,*,#2933,.T.);
#2951=EDGE_LOOP('',(#2946,#2948,#2949,#2950));
#2952=FACE_OUTER_BOUND('',#2951,.F.);
#2953=ADVANCED_FACE('',(#2952),#2945,.F.);
#2954=CARTESIAN_POINT('',(-5.364370140655E1,2.211453551399E1,-6.65E1));
#2955=DIRECTION('',(0.E0,0.E0,-1.E0));
#2956=DIRECTION('',(-6.427876096865E-1,-7.660444431190E-1,0.E0));
#2957=AXIS2_PLACEMENT_3D('',#2954,#2955,#2956);
#2958=PLANE('',#2957);
#2960=ORIENTED_EDGE('',*,*,#2959,.F.);
#2962=ORIENTED_EDGE('',*,*,#2961,.T.);
#2964=ORIENTED_EDGE('',*,*,#2963,.F.);
#2966=ORIENTED_EDGE('',*,*,#2965,.F.);
#2968=ORIENTED_EDGE('',*,*,#2967,.F.);
#2969=ORIENTED_EDGE('',*,*,#2910,.T.);
#2970=ORIENTED_EDGE('',*,*,#2947,.T.);
#2971=ORIENTED_EDGE('',*,*,#2699,.T.);
#2973=ORIENTED_EDGE('',*,*,#2972,.F.);
#2975=ORIENTED_EDGE('',*,*,#2974,.F.);
#2977=ORIENTED_EDGE('',*,*,#2976,.T.);
#2979=ORIENTED_EDGE('',*,*,#2978,.F.);
#2981=ORIENTED_EDGE('',*,*,#2980,.F.);
#2982=EDGE_LOOP('',(#2960,#2962,#2964,#2966,#2968,#2969,#2970,#2971,#2973,#2975,
#2977,#2979,#2981));
#2983=FACE_OUTER_BOUND('',#2982,.F.);
#2984=ADVANCED_FACE('',(#2983),#2958,.F.);
#2985=CARTESIAN_POINT('',(-9.994679707241E1,2.589314176847E1,-6.65E1));
#2986=DIRECTION('',(-2.387253251135E-1,-2.845017638472E-1,9.284766908853E-1));
#2987=DIRECTION('',(5.968133127838E-1,7.112544096182E-1,3.713906763540E-1));
#2988=AXIS2_PLACEMENT_3D('',#2985,#2986,#2987);
#2989=PLANE('',#2988);
#2990=ORIENTED_EDGE('',*,*,#2959,.T.);
#2992=ORIENTED_EDGE('',*,*,#2991,.T.);
#2994=ORIENTED_EDGE('',*,*,#2993,.T.);
#2996=ORIENTED_EDGE('',*,*,#2995,.F.);
#2997=EDGE_LOOP('',(#2990,#2992,#2994,#2996));
#2998=FACE_OUTER_BOUND('',#2997,.F.);
#2999=ADVANCED_FACE('',(#2998),#2989,.T.);
#3000=CARTESIAN_POINT('',(-9.673285902398E1,2.972336398407E1,-6.8E1));
#3001=DIRECTION('',(7.660444431190E-1,-6.427876096865E-1,0.E0));
#3002=DIRECTION('',(-6.427876096865E-1,-7.660444431190E-1,0.E0));
#3003=AXIS2_PLACEMENT_3D('',#3000,#3001,#3002);
#3004=PLANE('',#3003);
#3006=ORIENTED_EDGE('',*,*,#3005,.F.);
#3008=ORIENTED_EDGE('',*,*,#3007,.F.);
#3009=ORIENTED_EDGE('',*,*,#2991,.F.);
#3010=ORIENTED_EDGE('',*,*,#2980,.T.);
#3012=ORIENTED_EDGE('',*,*,#3011,.F.);
#3014=ORIENTED_EDGE('',*,*,#3013,.F.);
#3015=EDGE_LOOP('',(#3006,#3008,#3009,#3010,#3012,#3014));
#3016=FACE_OUTER_BOUND('',#3015,.F.);
#3017=ADVANCED_FACE('',(#3016),#3004,.F.);
#3018=CARTESIAN_POINT('',(-9.673285902398E1,2.972336398407E1,-6.8E1));
#3019=DIRECTION('',(7.660444431190E-1,-6.427876096865E-1,0.E0));
#3020=DIRECTION('',(-6.427876096865E-1,-7.660444431190E-1,0.E0));
#3021=AXIS2_PLACEMENT_3D('',#3018,#3019,#3020);
#3022=PLANE('',#3021);
#3024=ORIENTED_EDGE('',*,*,#3023,.F.);
#3026=ORIENTED_EDGE('',*,*,#3025,.T.);
#3028=ORIENTED_EDGE('',*,*,#3027,.T.);
#3030=ORIENTED_EDGE('',*,*,#3029,.F.);
#3032=ORIENTED_EDGE('',*,*,#3031,.T.);
#3034=ORIENTED_EDGE('',*,*,#3033,.F.);
#3035=EDGE_LOOP('',(#3024,#3026,#3028,#3030,#3032,#3034));
#3036=FACE_OUTER_BOUND('',#3035,.F.);
#3037=ADVANCED_FACE('',(#3036),#3022,.F.);
#3038=CARTESIAN_POINT('',(-6.9E1,6.452732205559E0,-7.335E1));
#3039=DIRECTION('',(-6.427876096865E-1,-7.660444431190E-1,0.E0));
#3040=DIRECTION('',(-7.660444431190E-1,6.427876096865E-1,0.E0));
#3041=AXIS2_PLACEMENT_3D('',#3038,#3039,#3040);
#3042=PLANE('',#3041);
#3044=ORIENTED_EDGE('',*,*,#3043,.F.);
#3046=ORIENTED_EDGE('',*,*,#3045,.T.);
#3048=ORIENTED_EDGE('',*,*,#3047,.F.);
#3050=ORIENTED_EDGE('',*,*,#3049,.F.);
#3051=EDGE_LOOP('',(#3044,#3046,#3048,#3050));
#3052=FACE_OUTER_BOUND('',#3051,.F.);
#3053=ADVANCED_FACE('',(#3052),#3042,.F.);
#3054=CARTESIAN_POINT('',(-6.9E1,6.452732205559E0,-7.335E1));
#3055=DIRECTION('',(-6.427876096865E-1,-7.660444431190E-1,0.E0));
#3056=DIRECTION('',(-7.660444431190E-1,6.427876096865E-1,0.E0));
#3057=AXIS2_PLACEMENT_3D('',#3054,#3055,#3056);
#3058=PLANE('',#3057);
#3060=ORIENTED_EDGE('',*,*,#3059,.F.);
#3061=ORIENTED_EDGE('',*,*,#2974,.T.);
#3063=ORIENTED_EDGE('',*,*,#3062,.F.);
#3065=ORIENTED_EDGE('',*,*,#3064,.F.);
#3066=EDGE_LOOP('',(#3060,#3061,#3063,#3065));
#3067=FACE_OUTER_BOUND('',#3066,.F.);
#3068=ADVANCED_FACE('',(#3067),#3058,.F.);
#3069=CARTESIAN_POINT('',(-6.9E1,6.452732205559E0,-7.335E1));
#3070=DIRECTION('',(-6.427876096865E-1,-7.660444431190E-1,0.E0));
#3071=DIRECTION('',(-7.660444431190E-1,6.427876096865E-1,0.E0));
#3072=AXIS2_PLACEMENT_3D('',#3069,#3070,#3071);
#3073=PLANE('',#3072);
#3074=ORIENTED_EDGE('',*,*,#2879,.F.);
#3076=ORIENTED_EDGE('',*,*,#3075,.F.);
#3077=ORIENTED_EDGE('',*,*,#2572,.T.);
#3079=ORIENTED_EDGE('',*,*,#3078,.T.);
#3081=ORIENTED_EDGE('',*,*,#3080,.F.);
#3083=ORIENTED_EDGE('',*,*,#3082,.F.);
#3084=ORIENTED_EDGE('',*,*,#2918,.T.);
#3086=ORIENTED_EDGE('',*,*,#3085,.F.);
#3087=EDGE_LOOP('',(#3074,#3076,#3077,#3079,#3081,#3083,#3084,#3086));
#3088=FACE_OUTER_BOUND('',#3087,.F.);
#3089=ADVANCED_FACE('',(#3088),#3073,.F.);
#3090=CARTESIAN_POINT('',(-6.9E1,6.452732205559E0,-7.335E1));
#3091=DIRECTION('',(-6.427876096865E-1,-7.660444431190E-1,0.E0));
#3092=DIRECTION('',(-7.660444431190E-1,6.427876096865E-1,0.E0));
#3093=AXIS2_PLACEMENT_3D('',#3090,#3091,#3092);
#3094=PLANE('',#3093);
#3096=ORIENTED_EDGE('',*,*,#3095,.T.);
#3097=ORIENTED_EDGE('',*,*,#2599,.F.);
#3099=ORIENTED_EDGE('',*,*,#3098,.T.);
#3100=ORIENTED_EDGE('',*,*,#2862,.F.);
#3101=ORIENTED_EDGE('',*,*,#2896,.T.);
#3102=ORIENTED_EDGE('',*,*,#2912,.T.);
#3103=ORIENTED_EDGE('',*,*,#2967,.T.);
#3105=ORIENTED_EDGE('',*,*,#3104,.F.);
#3106=EDGE_LOOP('',(#3096,#3097,#3099,#3100,#3101,#3102,#3103,#3105));
#3107=FACE_OUTER_BOUND('',#3106,.F.);
#3108=ADVANCED_FACE('',(#3107),#3094,.F.);
#3109=CARTESIAN_POINT('',(-6.9E1,6.452732205559E0,-7.335E1));
#3110=DIRECTION('',(-6.427876096865E-1,-7.660444431190E-1,0.E0));
#3111=DIRECTION('',(-7.660444431190E-1,6.427876096865E-1,0.E0));
#3112=AXIS2_PLACEMENT_3D('',#3109,#3110,#3111);
#3113=PLANE('',#3112);
#3115=ORIENTED_EDGE('',*,*,#3114,.F.);
#3117=ORIENTED_EDGE('',*,*,#3116,.T.);
#3118=ORIENTED_EDGE('',*,*,#3029,.T.);
#3120=ORIENTED_EDGE('',*,*,#3119,.F.);
#3121=EDGE_LOOP('',(#3115,#3117,#3118,#3120));
#3122=FACE_OUTER_BOUND('',#3121,.F.);
#3123=ADVANCED_FACE('',(#3122),#3113,.F.);
#3124=CARTESIAN_POINT('',(-6.9E1,6.452732205559E0,-7.335E1));
#3125=DIRECTION('',(-6.427876096865E-1,-7.660444431190E-1,0.E0));
#3126=DIRECTION('',(-7.660444431190E-1,6.427876096865E-1,0.E0));
#3127=AXIS2_PLACEMENT_3D('',#3124,#3125,#3126);
#3128=PLANE('',#3127);
#3130=ORIENTED_EDGE('',*,*,#3129,.F.);
#3132=ORIENTED_EDGE('',*,*,#3131,.T.);
#3133=ORIENTED_EDGE('',*,*,#3005,.T.);
#3135=ORIENTED_EDGE('',*,*,#3134,.F.);
#3136=EDGE_LOOP('',(#3130,#3132,#3133,#3135));
#3137=FACE_OUTER_BOUND('',#3136,.F.);
#3138=ADVANCED_FACE('',(#3137),#3128,.F.);
#3139=CARTESIAN_POINT('',(-1.012024202366E2,2.564132741310E1,-7.335E1));
#3140=DIRECTION('',(-7.660444431190E-1,6.427876096865E-1,0.E0));
#3141=DIRECTION('',(6.427876096865E-1,7.660444431190E-1,0.E0));
#3142=AXIS2_PLACEMENT_3D('',#3139,#3140,#3141);
#3143=PLANE('',#3142);
#3145=ORIENTED_EDGE('',*,*,#3144,.T.);
#3147=ORIENTED_EDGE('',*,*,#3146,.T.);
#3148=ORIENTED_EDGE('',*,*,#3043,.T.);
#3150=ORIENTED_EDGE('',*,*,#3149,.T.);
#3151=EDGE_LOOP('',(#3145,#3147,#3148,#3150));
#3152=FACE_OUTER_BOUND('',#3151,.F.);
#3153=ADVANCED_FACE('',(#3152),#3143,.F.);
#3154=CARTESIAN_POINT('',(-1.012024202366E2,2.564132741310E1,-7.335E1));
#3155=DIRECTION('',(-7.660444431190E-1,6.427876096865E-1,0.E0));
#3156=DIRECTION('',(6.427876096865E-1,7.660444431190E-1,0.E0));
#3157=AXIS2_PLACEMENT_3D('',#3154,#3155,#3156);
#3158=PLANE('',#3157);
#3160=ORIENTED_EDGE('',*,*,#3159,.T.);
#3161=ORIENTED_EDGE('',*,*,#2976,.F.);
#3162=ORIENTED_EDGE('',*,*,#3059,.T.);
#3164=ORIENTED_EDGE('',*,*,#3163,.F.);
#3165=EDGE_LOOP('',(#3160,#3161,#3162,#3164));
#3166=FACE_OUTER_BOUND('',#3165,.F.);
#3167=ADVANCED_FACE('',(#3166),#3158,.F.);
#3168=CARTESIAN_POINT('',(-8.434944248797E1,1.15E1,-7.335E1));
#3169=DIRECTION('',(-6.427876096865E-1,-7.660444431190E-1,0.E0));
#3170=DIRECTION('',(-7.660444431190E-1,6.427876096865E-1,0.E0));
#3171=AXIS2_PLACEMENT_3D('',#3168,#3169,#3170);
#3172=PLANE('',#3171);
#3174=ORIENTED_EDGE('',*,*,#3173,.T.);
#3176=ORIENTED_EDGE('',*,*,#3175,.T.);
#3177=ORIENTED_EDGE('',*,*,#3144,.F.);
#3179=ORIENTED_EDGE('',*,*,#3178,.F.);
#3180=ORIENTED_EDGE('',*,*,#3033,.T.);
#3182=ORIENTED_EDGE('',*,*,#3181,.F.);
#3184=ORIENTED_EDGE('',*,*,#3183,.F.);
#3186=ORIENTED_EDGE('',*,*,#3185,.F.);
#3187=EDGE_LOOP('',(#3174,#3176,#3177,#3179,#3180,#3182,#3184,#3186));
#3188=FACE_OUTER_BOUND('',#3187,.F.);
#3189=ADVANCED_FACE('',(#3188),#3172,.F.);
#3190=CARTESIAN_POINT('',(-8.434944248797E1,1.15E1,-7.335E1));
#3191=DIRECTION('',(-6.427876096865E-1,-7.660444431190E-1,0.E0));
#3192=DIRECTION('',(-7.660444431190E-1,6.427876096865E-1,0.E0));
#3193=AXIS2_PLACEMENT_3D('',#3190,#3191,#3192);
#3194=PLANE('',#3193);
#3196=ORIENTED_EDGE('',*,*,#3195,.T.);
#3197=ORIENTED_EDGE('',*,*,#3011,.T.);
#3198=ORIENTED_EDGE('',*,*,#2978,.T.);
#3199=ORIENTED_EDGE('',*,*,#3159,.F.);
#3201=ORIENTED_EDGE('',*,*,#3200,.F.);
#3203=ORIENTED_EDGE('',*,*,#3202,.T.);
#3204=ORIENTED_EDGE('',*,*,#2963,.T.);
#3206=ORIENTED_EDGE('',*,*,#3205,.F.);
#3207=EDGE_LOOP('',(#3196,#3197,#3198,#3199,#3201,#3203,#3204,#3206));
#3208=FACE_OUTER_BOUND('',#3207,.F.);
#3209=ADVANCED_FACE('',(#3208),#3194,.F.);
#3210=CARTESIAN_POINT('',(-8.049271682985E1,1.609626665871E1,-7.335E1));
#3211=DIRECTION('',(7.660444431190E-1,-6.427876096865E-1,0.E0));
#3212=DIRECTION('',(-6.427876096865E-1,-7.660444431190E-1,0.E0));
#3213=AXIS2_PLACEMENT_3D('',#3210,#3211,#3212);
#3214=PLANE('',#3213);
#3215=ORIENTED_EDGE('',*,*,#3080,.T.);
#3217=ORIENTED_EDGE('',*,*,#3216,.T.);
#3218=ORIENTED_EDGE('',*,*,#3173,.F.);
#3220=ORIENTED_EDGE('',*,*,#3219,.F.);
#3221=EDGE_LOOP('',(#3215,#3217,#3218,#3220));
#3222=FACE_OUTER_BOUND('',#3221,.F.);
#3223=ADVANCED_FACE('',(#3222),#3214,.F.);
#3224=CARTESIAN_POINT('',(-8.049271682985E1,1.609626665871E1,-7.335E1));
#3225=DIRECTION('',(7.660444431190E-1,-6.427876096865E-1,0.E0));
#3226=DIRECTION('',(-6.427876096865E-1,-7.660444431190E-1,0.E0));
#3227=AXIS2_PLACEMENT_3D('',#3224,#3225,#3226);
#3228=PLANE('',#3227);
#3229=ORIENTED_EDGE('',*,*,#3104,.T.);
#3230=ORIENTED_EDGE('',*,*,#2965,.T.);
#3231=ORIENTED_EDGE('',*,*,#3202,.F.);
#3233=ORIENTED_EDGE('',*,*,#3232,.F.);
#3234=EDGE_LOOP('',(#3229,#3230,#3231,#3233));
#3235=FACE_OUTER_BOUND('',#3234,.F.);
#3236=ADVANCED_FACE('',(#3235),#3228,.F.);
#3237=CARTESIAN_POINT('',(-1.05E2,0.E0,-4.665E1));
#3238=DIRECTION('',(0.E0,0.E0,1.E0));
#3239=DIRECTION('',(1.E0,0.E0,0.E0));
#3240=AXIS2_PLACEMENT_3D('',#3237,#3238,#3239);
#3241=PLANE('',#3240);
#3242=ORIENTED_EDGE('',*,*,#3078,.F.);
#3243=ORIENTED_EDGE('',*,*,#2570,.T.);
#3244=ORIENTED_EDGE('',*,*,#2711,.T.);
#3246=ORIENTED_EDGE('',*,*,#3245,.T.);
#3247=ORIENTED_EDGE('',*,*,#3045,.F.);
#3248=ORIENTED_EDGE('',*,*,#3146,.F.);
#3249=ORIENTED_EDGE('',*,*,#3175,.F.);
#3250=ORIENTED_EDGE('',*,*,#3216,.F.);
#3251=EDGE_LOOP('',(#3242,#3243,#3244,#3246,#3247,#3248,#3249,#3250));
#3252=FACE_OUTER_BOUND('',#3251,.F.);
#3253=ADVANCED_FACE('',(#3252),#3241,.T.);
#3254=CARTESIAN_POINT('',(0.E0,3.1E1,0.E0));
#3255=DIRECTION('',(0.E0,1.E0,0.E0));
#3256=DIRECTION('',(-1.E0,0.E0,0.E0));
#3257=AXIS2_PLACEMENT_3D('',#3254,#3255,#3256);
#3258=PLANE('',#3257);
#3259=ORIENTED_EDGE('',*,*,#3062,.T.);
#3260=ORIENTED_EDGE('',*,*,#2972,.T.);
#3261=ORIENTED_EDGE('',*,*,#2697,.F.);
#3263=ORIENTED_EDGE('',*,*,#3262,.F.);
#3264=EDGE_LOOP('',(#3259,#3260,#3261,#3263));
#3265=FACE_OUTER_BOUND('',#3264,.F.);
#3266=ADVANCED_FACE('',(#3265),#3258,.T.);
#3267=CARTESIAN_POINT('',(0.E0,3.1E1,0.E0));
#3268=DIRECTION('',(0.E0,1.E0,0.E0));
#3269=DIRECTION('',(-1.E0,0.E0,0.E0));
#3270=AXIS2_PLACEMENT_3D('',#3267,#3268,#3269);
#3271=PLANE('',#3270);
#3272=ORIENTED_EDGE('',*,*,#3047,.T.);
#3273=ORIENTED_EDGE('',*,*,#3245,.F.);
#3274=ORIENTED_EDGE('',*,*,#2709,.F.);
#3276=ORIENTED_EDGE('',*,*,#3275,.F.);
#3277=EDGE_LOOP('',(#3272,#3273,#3274,#3276));
#3278=FACE_OUTER_BOUND('',#3277,.F.);
#3279=ADVANCED_FACE('',(#3278),#3271,.T.);
#3280=CARTESIAN_POINT('',(-6.9E1,0.E0,-7.335E1));
#3281=DIRECTION('',(0.E0,0.E0,-1.E0));
#3282=DIRECTION('',(-1.E0,0.E0,0.E0));
#3283=AXIS2_PLACEMENT_3D('',#3280,#3281,#3282);
#3284=PLANE('',#3283);
#3285=ORIENTED_EDGE('',*,*,#2601,.T.);
#3286=ORIENTED_EDGE('',*,*,#3095,.F.);
#3287=ORIENTED_EDGE('',*,*,#3232,.T.);
#3288=ORIENTED_EDGE('',*,*,#3200,.T.);
#3289=ORIENTED_EDGE('',*,*,#3163,.T.);
#3290=ORIENTED_EDGE('',*,*,#3064,.T.);
#3291=ORIENTED_EDGE('',*,*,#3262,.T.);
#3292=ORIENTED_EDGE('',*,*,#2695,.F.);
#3293=EDGE_LOOP('',(#3285,#3286,#3287,#3288,#3289,#3290,#3291,#3292));
#3294=FACE_OUTER_BOUND('',#3293,.F.);
#3295=ADVANCED_FACE('',(#3294),#3284,.T.);
#3296=CARTESIAN_POINT('',(-7.22E1,0.E0,-5.35E1));
#3297=DIRECTION('',(0.E0,0.E0,1.E0));
#3298=DIRECTION('',(6.427876096865E-1,7.660444431190E-1,0.E0));
#3299=AXIS2_PLACEMENT_3D('',#3296,#3297,#3298);
#3300=PLANE('',#3299);
#3302=ORIENTED_EDGE('',*,*,#3301,.T.);
#3303=ORIENTED_EDGE('',*,*,#3023,.T.);
#3304=ORIENTED_EDGE('',*,*,#3178,.T.);
#3305=ORIENTED_EDGE('',*,*,#3149,.F.);
#3306=ORIENTED_EDGE('',*,*,#3049,.T.);
#3307=ORIENTED_EDGE('',*,*,#3275,.T.);
#3308=ORIENTED_EDGE('',*,*,#2707,.T.);
#3310=ORIENTED_EDGE('',*,*,#3309,.F.);
#3311=ORIENTED_EDGE('',*,*,#2920,.T.);
#3312=ORIENTED_EDGE('',*,*,#3082,.T.);
#3313=ORIENTED_EDGE('',*,*,#3219,.T.);
#3314=ORIENTED_EDGE('',*,*,#3185,.T.);
#3316=ORIENTED_EDGE('',*,*,#3315,.F.);
#3317=EDGE_LOOP('',(#3302,#3303,#3304,#3305,#3306,#3307,#3308,#3310,#3311,#3312,
#3313,#3314,#3316));
#3318=FACE_OUTER_BOUND('',#3317,.F.);
#3319=ADVANCED_FACE('',(#3318),#3300,.F.);
#3320=CARTESIAN_POINT('',(-9.994679707241E1,2.589314176847E1,-5.35E1));
#3321=DIRECTION('',(2.387253251135E-1,2.845017638472E-1,9.284766908853E-1));
#3322=DIRECTION('',(5.968133127838E-1,7.112544096182E-1,-3.713906763540E-1));
#3323=AXIS2_PLACEMENT_3D('',#3320,#3321,#3322);
#3324=PLANE('',#3323);
#3325=ORIENTED_EDGE('',*,*,#3025,.F.);
#3326=ORIENTED_EDGE('',*,*,#3301,.F.);
#3328=ORIENTED_EDGE('',*,*,#3327,.T.);
#3330=ORIENTED_EDGE('',*,*,#3329,.F.);
#3331=EDGE_LOOP('',(#3325,#3326,#3328,#3330));
#3332=FACE_OUTER_BOUND('',#3331,.F.);
#3333=ADVANCED_FACE('',(#3332),#3324,.F.);
#3334=CARTESIAN_POINT('',(-8.496227804247E1,1.201423008775E1,-6.8E1));
#3335=DIRECTION('',(-7.660444431190E-1,6.427876096865E-1,0.E0));
#3336=DIRECTION('',(6.427876096865E-1,7.660444431190E-1,0.E0));
#3337=AXIS2_PLACEMENT_3D('',#3334,#3335,#3336);
#3338=PLANE('',#3337);
#3340=ORIENTED_EDGE('',*,*,#3339,.T.);
#3342=ORIENTED_EDGE('',*,*,#3341,.F.);
#3343=ORIENTED_EDGE('',*,*,#3327,.F.);
#3344=ORIENTED_EDGE('',*,*,#3315,.T.);
#3345=ORIENTED_EDGE('',*,*,#3183,.T.);
#3347=ORIENTED_EDGE('',*,*,#3346,.T.);
#3348=EDGE_LOOP('',(#3340,#3342,#3343,#3344,#3345,#3347));
#3349=FACE_OUTER_BOUND('',#3348,.F.);
#3350=ADVANCED_FACE('',(#3349),#3338,.F.);
#3351=CARTESIAN_POINT('',(-8.496227804247E1,1.201423008775E1,-6.8E1));
#3352=DIRECTION('',(-7.660444431190E-1,6.427876096865E-1,0.E0));
#3353=DIRECTION('',(6.427876096865E-1,7.660444431190E-1,0.E0));
#3354=AXIS2_PLACEMENT_3D('',#3351,#3352,#3353);
#3355=PLANE('',#3354);
#3357=ORIENTED_EDGE('',*,*,#3356,.T.);
#3359=ORIENTED_EDGE('',*,*,#3358,.F.);
#3360=ORIENTED_EDGE('',*,*,#3205,.T.);
#3361=ORIENTED_EDGE('',*,*,#2961,.F.);
#3362=ORIENTED_EDGE('',*,*,#2995,.T.);
#3364=ORIENTED_EDGE('',*,*,#3363,.T.);
#3365=EDGE_LOOP('',(#3357,#3359,#3360,#3361,#3362,#3364));
#3366=FACE_OUTER_BOUND('',#3365,.F.);
#3367=ADVANCED_FACE('',(#3366),#3355,.F.);
#3368=CARTESIAN_POINT('',(-8.392321648996E1,1.636398307960E1,1.56432E2));
#3369=DIRECTION('',(0.E0,0.E0,-1.E0));
#3370=DIRECTION('',(6.427876096865E-1,7.660444431190E-1,0.E0));
#3371=AXIS2_PLACEMENT_3D('',#3368,#3369,#3370);
#3372=CYLINDRICAL_SURFACE('',#3371,2.E0);
#3374=ORIENTED_EDGE('',*,*,#3373,.T.);
#3375=ORIENTED_EDGE('',*,*,#3339,.F.);
#3377=ORIENTED_EDGE('',*,*,#3376,.T.);
#3378=ORIENTED_EDGE('',*,*,#3114,.T.);
#3379=EDGE_LOOP('',(#3374,#3375,#3377,#3378));
#3380=FACE_OUTER_BOUND('',#3379,.F.);
#3381=ADVANCED_FACE('',(#3380),#3372,.T.);
#3382=CARTESIAN_POINT('',(-9.930400946272E1,2.665918621159E1,-5.39E1));
#3383=DIRECTION('',(-6.395975770443E-2,-7.622427102571E-2,9.950371902100E-1));
#3384=DIRECTION('',(6.395975770443E-1,7.622427102571E-1,9.950371902100E-2));
#3385=AXIS2_PLACEMENT_3D('',#3382,#3383,#3384);
#3386=PLANE('',#3385);
#3387=ORIENTED_EDGE('',*,*,#3373,.F.);
#3388=ORIENTED_EDGE('',*,*,#3119,.T.);
#3389=ORIENTED_EDGE('',*,*,#3027,.F.);
#3390=ORIENTED_EDGE('',*,*,#3329,.T.);
#3391=ORIENTED_EDGE('',*,*,#3341,.T.);
#3392=EDGE_LOOP('',(#3387,#3388,#3389,#3390,#3391));
#3393=FACE_OUTER_BOUND('',#3392,.F.);
#3394=ADVANCED_FACE('',(#3393),#3386,.F.);
#3395=CARTESIAN_POINT('',(0.E0,3.5E1,-5.2E1));
#3396=DIRECTION('',(0.E0,0.E0,-1.E0));
#3397=DIRECTION('',(-1.E0,0.E0,0.E0));
#3398=AXIS2_PLACEMENT_3D('',#3395,#3396,#3397);
#3399=PLANE('',#3398);
#3400=ORIENTED_EDGE('',*,*,#3376,.F.);
#3401=ORIENTED_EDGE('',*,*,#3346,.F.);
#3402=ORIENTED_EDGE('',*,*,#3181,.T.);
#3403=ORIENTED_EDGE('',*,*,#3031,.F.);
#3404=ORIENTED_EDGE('',*,*,#3116,.F.);
#3405=EDGE_LOOP('',(#3400,#3401,#3402,#3403,#3404));
#3406=FACE_OUTER_BOUND('',#3405,.F.);
#3407=ADVANCED_FACE('',(#3406),#3399,.F.);
#3408=CARTESIAN_POINT('',(-8.392321648996E1,1.636398307960E1,1.56432E2));
#3409=DIRECTION('',(0.E0,0.E0,-1.E0));
#3410=DIRECTION('',(6.427876096865E-1,7.660444431190E-1,0.E0));
#3411=AXIS2_PLACEMENT_3D('',#3408,#3409,#3410);
#3412=CYLINDRICAL_SURFACE('',#3411,2.E0);
#3414=ORIENTED_EDGE('',*,*,#3413,.T.);
#3415=ORIENTED_EDGE('',*,*,#3356,.F.);
#3417=ORIENTED_EDGE('',*,*,#3416,.T.);
#3418=ORIENTED_EDGE('',*,*,#3129,.T.);
#3419=EDGE_LOOP('',(#3414,#3415,#3417,#3418));
#3420=FACE_OUTER_BOUND('',#3419,.F.);
#3421=ADVANCED_FACE('',(#3420),#3412,.T.);
#3422=CARTESIAN_POINT('',(0.E0,3.5E1,-6.8E1));
#3423=DIRECTION('',(0.E0,0.E0,-1.E0));
#3424=DIRECTION('',(-1.E0,0.E0,0.E0));
#3425=AXIS2_PLACEMENT_3D('',#3422,#3423,#3424);
#3426=PLANE('',#3425);
#3427=ORIENTED_EDGE('',*,*,#3413,.F.);
#3428=ORIENTED_EDGE('',*,*,#3134,.T.);
#3429=ORIENTED_EDGE('',*,*,#3013,.T.);
#3430=ORIENTED_EDGE('',*,*,#3195,.F.);
#3431=ORIENTED_EDGE('',*,*,#3358,.T.);
#3432=EDGE_LOOP('',(#3427,#3428,#3429,#3430,#3431));
#3433=FACE_OUTER_BOUND('',#3432,.F.);
#3434=ADVANCED_FACE('',(#3433),#3426,.T.);
#3435=CARTESIAN_POINT('',(-9.930400946272E1,2.665918621159E1,-6.61E1));
#3436=DIRECTION('',(6.395975770443E-2,7.622427102571E-2,9.950371902100E-1));
#3437=DIRECTION('',(6.395975770443E-1,7.622427102571E-1,-9.950371902100E-2));
#3438=AXIS2_PLACEMENT_3D('',#3435,#3436,#3437);
#3439=PLANE('',#3438);
#3440=ORIENTED_EDGE('',*,*,#3416,.F.);
#3441=ORIENTED_EDGE('',*,*,#3363,.F.);
#3442=ORIENTED_EDGE('',*,*,#2993,.F.);
#3443=ORIENTED_EDGE('',*,*,#3007,.T.);
#3444=ORIENTED_EDGE('',*,*,#3131,.F.);
#3445=EDGE_LOOP('',(#3440,#3441,#3442,#3443,#3444));
#3446=FACE_OUTER_BOUND('',#3445,.F.);
#3447=ADVANCED_FACE('',(#3446),#3439,.T.);
#3448=CARTESIAN_POINT('',(-8.442473051508E1,6.743103742639E0,-5.35E1));
#3449=DIRECTION('',(-4.545194776720E-1,-5.416752204197E-1,7.071067811865E-1));
#3450=DIRECTION('',(-4.545194776720E-1,-5.416752204197E-1,-7.071067811865E-1));
#3451=AXIS2_PLACEMENT_3D('',#3448,#3449,#3450);
#3452=PLANE('',#3451);
#3453=ORIENTED_EDGE('',*,*,#2705,.F.);
#3454=ORIENTED_EDGE('',*,*,#2936,.F.);
#3455=ORIENTED_EDGE('',*,*,#2922,.F.);
#3456=ORIENTED_EDGE('',*,*,#3309,.T.);
#3457=EDGE_LOOP('',(#3453,#3454,#3455,#3456));
#3458=FACE_OUTER_BOUND('',#3457,.F.);
#3459=ADVANCED_FACE('',(#3458),#3452,.F.);
#3460=CARTESIAN_POINT('',(-3.9E1,-9.E0,-4.965E1));
#3461=DIRECTION('',(0.E0,0.E0,1.E0));
#3462=DIRECTION('',(-1.E0,0.E0,0.E0));
#3463=AXIS2_PLACEMENT_3D('',#3460,#3461,#3462);
#3464=PLANE('',#3463);
#3465=ORIENTED_EDGE('',*,*,#2574,.T.);
#3466=ORIENTED_EDGE('',*,*,#3075,.T.);
#3467=ORIENTED_EDGE('',*,*,#2877,.T.);
#3468=ORIENTED_EDGE('',*,*,#2520,.F.);
#3470=ORIENTED_EDGE('',*,*,#3469,.T.);
#3471=EDGE_LOOP('',(#3465,#3466,#3467,#3468,#3470));
#3472=FACE_OUTER_BOUND('',#3471,.F.);
#3473=ADVANCED_FACE('',(#3472),#3464,.F.);
#3474=CARTESIAN_POINT('',(-5.4E1,-5.06792E1,-3.465E1));
#3475=DIRECTION('',(0.E0,1.E0,0.E0));
#3476=DIRECTION('',(1.E0,0.E0,0.E0));
#3477=AXIS2_PLACEMENT_3D('',#3474,#3475,#3476);
#3478=CYLINDRICAL_SURFACE('',#3477,1.5E1);
#3479=ORIENTED_EDGE('',*,*,#2576,.T.);
#3480=ORIENTED_EDGE('',*,*,#3469,.F.);
#3481=ORIENTED_EDGE('',*,*,#2518,.T.);
#3483=ORIENTED_EDGE('',*,*,#3482,.T.);
#3484=EDGE_LOOP('',(#3479,#3480,#3481,#3483));
#3485=FACE_OUTER_BOUND('',#3484,.F.);
#3486=ADVANCED_FACE('',(#3485),#3478,.T.);
#3487=CARTESIAN_POINT('',(-3.9E1,-9.E0,-2.1E1));
#3488=DIRECTION('',(-1.E0,0.E0,0.E0));
#3489=DIRECTION('',(0.E0,0.E0,-1.E0));
#3490=AXIS2_PLACEMENT_3D('',#3487,#3488,#3489);
#3491=PLANE('',#3490);
#3492=ORIENTED_EDGE('',*,*,#3482,.F.);
#3493=ORIENTED_EDGE('',*,*,#2516,.F.);
#3495=ORIENTED_EDGE('',*,*,#3494,.T.);
#3496=ORIENTED_EDGE('',*,*,#2578,.T.);
#3497=EDGE_LOOP('',(#3492,#3493,#3495,#3496));
#3498=FACE_OUTER_BOUND('',#3497,.F.);
#3499=ADVANCED_FACE('',(#3498),#3491,.F.);
#3500=CARTESIAN_POINT('',(-3.9E1,-9.E0,-2.1E1));
#3501=DIRECTION('',(-1.E0,0.E0,0.E0));
#3502=DIRECTION('',(0.E0,0.E0,-1.E0));
#3503=AXIS2_PLACEMENT_3D('',#3500,#3501,#3502);
#3504=PLANE('',#3503);
#3506=ORIENTED_EDGE('',*,*,#3505,.F.);
#3507=ORIENTED_EDGE('',*,*,#2593,.T.);
#3509=ORIENTED_EDGE('',*,*,#3508,.F.);
#3510=ORIENTED_EDGE('',*,*,#2490,.F.);
#3511=EDGE_LOOP('',(#3506,#3507,#3509,#3510));
#3512=FACE_OUTER_BOUND('',#3511,.F.);
#3513=ADVANCED_FACE('',(#3512),#3504,.F.);
#3514=CARTESIAN_POINT('',(-3.115E1,-5.06792E1,-2.885E1));
#3515=DIRECTION('',(0.E0,1.E0,0.E0));
#3516=DIRECTION('',(-1.E0,0.E0,0.E0));
#3517=AXIS2_PLACEMENT_3D('',#3514,#3515,#3516);
#3518=CYLINDRICAL_SURFACE('',#3517,7.85E0);
#3519=ORIENTED_EDGE('',*,*,#3494,.F.);
#3520=ORIENTED_EDGE('',*,*,#2514,.T.);
#3522=ORIENTED_EDGE('',*,*,#3521,.T.);
#3523=ORIENTED_EDGE('',*,*,#2580,.T.);
#3524=EDGE_LOOP('',(#3519,#3520,#3522,#3523));
#3525=FACE_OUTER_BOUND('',#3524,.F.);
#3526=ADVANCED_FACE('',(#3525),#3518,.F.);
#3527=CARTESIAN_POINT('',(0.E0,-9.E0,-2.1E1));
#3528=DIRECTION('',(0.E0,0.E0,1.E0));
#3529=DIRECTION('',(-1.E0,0.E0,0.E0));
#3530=AXIS2_PLACEMENT_3D('',#3527,#3528,#3529);
#3531=PLANE('',#3530);
#3532=ORIENTED_EDGE('',*,*,#3521,.F.);
#3533=ORIENTED_EDGE('',*,*,#2512,.F.);
#3535=ORIENTED_EDGE('',*,*,#3534,.T.);
#3536=ORIENTED_EDGE('',*,*,#2582,.T.);
#3537=EDGE_LOOP('',(#3532,#3533,#3535,#3536));
#3538=FACE_OUTER_BOUND('',#3537,.F.);
#3539=ADVANCED_FACE('',(#3538),#3531,.F.);
#3540=CARTESIAN_POINT('',(-7.85E0,-5.06792E1,-2.885E1));
#3541=DIRECTION('',(0.E0,1.E0,0.E0));
#3542=DIRECTION('',(0.E0,0.E0,1.E0));
#3543=AXIS2_PLACEMENT_3D('',#3540,#3541,#3542);
#3544=CYLINDRICAL_SURFACE('',#3543,7.85E0);
#3545=ORIENTED_EDGE('',*,*,#3534,.F.);
#3546=ORIENTED_EDGE('',*,*,#2510,.T.);
#3547=ORIENTED_EDGE('',*,*,#2053,.T.);
#3548=ORIENTED_EDGE('',*,*,#2584,.T.);
#3549=EDGE_LOOP('',(#3545,#3546,#3547,#3548));
#3550=FACE_OUTER_BOUND('',#3549,.F.);
#3551=ADVANCED_FACE('',(#3550),#3544,.F.);
#3552=CARTESIAN_POINT('',(-5.4E1,2.86792E1,-8.535E1));
#3553=DIRECTION('',(0.E0,-1.E0,0.E0));
#3554=DIRECTION('',(1.E0,0.E0,0.E0));
#3555=AXIS2_PLACEMENT_3D('',#3552,#3553,#3554);
#3556=CYLINDRICAL_SURFACE('',#3555,1.5E1);
#3557=ORIENTED_EDGE('',*,*,#2488,.T.);
#3559=ORIENTED_EDGE('',*,*,#3558,.F.);
#3560=ORIENTED_EDGE('',*,*,#2595,.T.);
#3561=ORIENTED_EDGE('',*,*,#3505,.T.);
#3562=EDGE_LOOP('',(#3557,#3559,#3560,#3561));
#3563=FACE_OUTER_BOUND('',#3562,.F.);
#3564=ADVANCED_FACE('',(#3563),#3556,.T.);
#3565=CARTESIAN_POINT('',(-6.9E1,-9.E0,-7.035E1));
#3566=DIRECTION('',(0.E0,0.E0,-1.E0));
#3567=DIRECTION('',(1.E0,0.E0,0.E0));
#3568=AXIS2_PLACEMENT_3D('',#3565,#3566,#3567);
#3569=PLANE('',#3568);
#3570=ORIENTED_EDGE('',*,*,#2864,.T.);
#3571=ORIENTED_EDGE('',*,*,#3098,.F.);
#3572=ORIENTED_EDGE('',*,*,#2597,.T.);
#3573=ORIENTED_EDGE('',*,*,#3558,.T.);
#3574=ORIENTED_EDGE('',*,*,#2486,.F.);
#3575=EDGE_LOOP('',(#3570,#3571,#3572,#3573,#3574));
#3576=FACE_OUTER_BOUND('',#3575,.F.);
#3577=ADVANCED_FACE('',(#3576),#3569,.F.);
#3578=CARTESIAN_POINT('',(-3.115E1,-5.06792E1,-9.115E1));
#3579=DIRECTION('',(0.E0,1.E0,0.E0));
#3580=DIRECTION('',(0.E0,0.E0,-1.E0));
#3581=AXIS2_PLACEMENT_3D('',#3578,#3579,#3580);
#3582=CYLINDRICAL_SURFACE('',#3581,7.85E0);
#3584=ORIENTED_EDGE('',*,*,#3583,.F.);
#3585=ORIENTED_EDGE('',*,*,#2492,.T.);
#3586=ORIENTED_EDGE('',*,*,#3508,.T.);
#3587=ORIENTED_EDGE('',*,*,#2591,.T.);
#3588=EDGE_LOOP('',(#3584,#3585,#3586,#3587));
#3589=FACE_OUTER_BOUND('',#3588,.F.);
#3590=ADVANCED_FACE('',(#3589),#3582,.F.);
#3591=CARTESIAN_POINT('',(-3.9E1,-9.E0,-9.9E1));
#3592=DIRECTION('',(0.E0,0.E0,-1.E0));
#3593=DIRECTION('',(1.E0,0.E0,0.E0));
#3594=AXIS2_PLACEMENT_3D('',#3591,#3592,#3593);
#3595=PLANE('',#3594);
#3597=ORIENTED_EDGE('',*,*,#3596,.F.);
#3598=ORIENTED_EDGE('',*,*,#2494,.T.);
#3599=ORIENTED_EDGE('',*,*,#3583,.T.);
#3600=ORIENTED_EDGE('',*,*,#2589,.T.);
#3601=EDGE_LOOP('',(#3597,#3598,#3599,#3600));
#3602=FACE_OUTER_BOUND('',#3601,.F.);
#3603=ADVANCED_FACE('',(#3602),#3595,.F.);
#3604=CARTESIAN_POINT('',(-7.85E0,-5.06792E1,-9.115E1));
#3605=DIRECTION('',(0.E0,1.E0,0.E0));
#3606=DIRECTION('',(1.E0,0.E0,0.E0));
#3607=AXIS2_PLACEMENT_3D('',#3604,#3605,#3606);
#3608=CYLINDRICAL_SURFACE('',#3607,7.85E0);
#3609=ORIENTED_EDGE('',*,*,#2049,.F.);
#3610=ORIENTED_EDGE('',*,*,#2496,.T.);
#3611=ORIENTED_EDGE('',*,*,#3596,.T.);
#3612=ORIENTED_EDGE('',*,*,#2587,.T.);
#3613=EDGE_LOOP('',(#3609,#3610,#3611,#3612));
#3614=FACE_OUTER_BOUND('',#3613,.F.);
#3615=ADVANCED_FACE('',(#3614),#3608,.F.);
#3616=CARTESIAN_POINT('',(-8.269409676830E1,8.805592727821E0,-5.125E1));
#3617=DIRECTION('',(0.E0,0.E0,1.E0));
#3618=DIRECTION('',(6.427876096865E-1,7.660444431190E-1,0.E0));
#3619=AXIS2_PLACEMENT_3D('',#3616,#3617,#3618);
#3620=PLANE('',#3619);
#3621=ORIENTED_EDGE('',*,*,#2881,.F.);
#3622=ORIENTED_EDGE('',*,*,#3085,.T.);
#3623=ORIENTED_EDGE('',*,*,#2916,.F.);
#3624=ORIENTED_EDGE('',*,*,#2747,.T.);
#3625=EDGE_LOOP('',(#3621,#3622,#3623,#3624));
#3626=FACE_OUTER_BOUND('',#3625,.F.);
#3627=ADVANCED_FACE('',(#3626),#3620,.F.);
#3628=CARTESIAN_POINT('',(-1.05E2,1.251028407529E1,-5.35E1));
#3629=DIRECTION('',(6.427876096865E-1,7.660444431190E-1,0.E0));
#3630=DIRECTION('',(7.660444431190E-1,-6.427876096865E-1,0.E0));
#3631=AXIS2_PLACEMENT_3D('',#3628,#3629,#3630);
#3632=PLANE('',#3631);
#3633=ORIENTED_EDGE('',*,*,#2728,.T.);
#3634=ORIENTED_EDGE('',*,*,#2830,.T.);
#3635=ORIENTED_EDGE('',*,*,#2848,.F.);
#3636=ORIENTED_EDGE('',*,*,#2687,.F.);
#3637=EDGE_LOOP('',(#3633,#3634,#3635,#3636));
#3638=FACE_OUTER_BOUND('',#3637,.F.);
#3639=ADVANCED_FACE('',(#3638),#3632,.F.);
#3640=CARTESIAN_POINT('',(-1.E2,1.661492655911E2,-7.65E1));
#3641=DIRECTION('',(0.E0,-1.E0,0.E0));
#3642=DIRECTION('',(-1.E0,0.E0,0.E0));
#3643=AXIS2_PLACEMENT_3D('',#3640,#3641,#3642);
#3644=CYLINDRICAL_SURFACE('',#3643,5.E0);
#3645=ORIENTED_EDGE('',*,*,#2478,.T.);
#3647=ORIENTED_EDGE('',*,*,#3646,.F.);
#3648=ORIENTED_EDGE('',*,*,#2605,.T.);
#3649=ORIENTED_EDGE('',*,*,#2692,.T.);
#3650=EDGE_LOOP('',(#3645,#3647,#3648,#3649));
#3651=FACE_OUTER_BOUND('',#3650,.F.);
#3652=ADVANCED_FACE('',(#3651),#3644,.T.);
#3653=CARTESIAN_POINT('',(-1.05E2,0.E0,-8.15E1));
#3654=DIRECTION('',(0.E0,0.E0,1.E0));
#3655=DIRECTION('',(1.E0,0.E0,0.E0));
#3656=AXIS2_PLACEMENT_3D('',#3653,#3654,#3655);
#3657=PLANE('',#3656);
#3658=ORIENTED_EDGE('',*,*,#3646,.T.);
#3659=ORIENTED_EDGE('',*,*,#2476,.T.);
#3660=ORIENTED_EDGE('',*,*,#2546,.F.);
#3661=ORIENTED_EDGE('',*,*,#2607,.F.);
#3662=EDGE_LOOP('',(#3658,#3659,#3660,#3661));
#3663=FACE_OUTER_BOUND('',#3662,.F.);
#3664=ADVANCED_FACE('',(#3663),#3657,.F.);
#3665=CARTESIAN_POINT('',(-3.431863645424E2,-2.4E1,-1.75E1));
#3666=DIRECTION('',(1.E0,0.E0,0.E0));
#3667=DIRECTION('',(0.E0,1.E0,0.E0));
#3668=AXIS2_PLACEMENT_3D('',#3665,#3666,#3667);
#3669=CYLINDRICAL_SURFACE('',#3668,1.5E1);
#3670=ORIENTED_EDGE('',*,*,#2057,.T.);
#3671=ORIENTED_EDGE('',*,*,#2507,.F.);
#3672=ORIENTED_EDGE('',*,*,#2143,.T.);
#3674=ORIENTED_EDGE('',*,*,#3673,.T.);
#3675=EDGE_LOOP('',(#3670,#3671,#3672,#3674));
#3676=FACE_OUTER_BOUND('',#3675,.F.);
#3677=ADVANCED_FACE('',(#3676),#3669,.F.);
#3678=CARTESIAN_POINT('',(0.E0,-9.E0,-2.5E0));
#3679=DIRECTION('',(0.E0,0.E0,-1.E0));
#3680=DIRECTION('',(0.E0,-1.E0,0.E0));
#3681=AXIS2_PLACEMENT_3D('',#3678,#3679,#3680);
#3682=PLANE('',#3681);
#3684=ORIENTED_EDGE('',*,*,#3683,.F.);
#3685=ORIENTED_EDGE('',*,*,#2059,.T.);
#3686=ORIENTED_EDGE('',*,*,#3673,.F.);
#3687=ORIENTED_EDGE('',*,*,#2141,.T.);
#3688=EDGE_LOOP('',(#3684,#3685,#3686,#3687));
#3689=FACE_OUTER_BOUND('',#3688,.F.);
#3690=ADVANCED_FACE('',(#3689),#3682,.T.);
#3691=CARTESIAN_POINT('',(0.E0,-9.E0,-2.5E0));
#3692=DIRECTION('',(0.E0,0.E0,-1.E0));
#3693=DIRECTION('',(0.E0,-1.E0,0.E0));
#3694=AXIS2_PLACEMENT_3D('',#3691,#3692,#3693);
#3695=PLANE('',#3694);
#3697=ORIENTED_EDGE('',*,*,#3696,.T.);
#3698=ORIENTED_EDGE('',*,*,#2137,.T.);
#3699=ORIENTED_EDGE('',*,*,#2409,.F.);
#3700=ORIENTED_EDGE('',*,*,#2063,.T.);
#3701=EDGE_LOOP('',(#3697,#3698,#3699,#3700));
#3702=FACE_OUTER_BOUND('',#3701,.F.);
#3703=ADVANCED_FACE('',(#3702),#3695,.T.);
#3704=CARTESIAN_POINT('',(-4.9E1,-3.347961087370E1,-1.E0));
#3705=DIRECTION('',(-1.E0,0.E0,0.E0));
#3706=DIRECTION('',(0.E0,-1.E0,0.E0));
#3707=AXIS2_PLACEMENT_3D('',#3704,#3705,#3706);
#3708=CYLINDRICAL_SURFACE('',#3707,2.5E0);
#3709=ORIENTED_EDGE('',*,*,#2061,.F.);
#3710=ORIENTED_EDGE('',*,*,#3683,.T.);
#3711=ORIENTED_EDGE('',*,*,#2139,.T.);
#3712=ORIENTED_EDGE('',*,*,#3696,.F.);
#3713=EDGE_LOOP('',(#3709,#3710,#3711,#3712));
#3714=FACE_OUTER_BOUND('',#3713,.F.);
#3715=ADVANCED_FACE('',(#3714),#3708,.T.);
#3716=CARTESIAN_POINT('',(1.E-1,-3.025E1,-1.1395E2));
#3717=DIRECTION('',(-9.991680531006E-1,0.E0,4.078236951431E-2));
#3718=DIRECTION('',(4.078236951431E-2,0.E0,9.991680531006E-1));
#3719=AXIS2_PLACEMENT_3D('',#3716,#3717,#3718);
#3720=PLANE('',#3719);
#3722=ORIENTED_EDGE('',*,*,#3721,.T.);
#3723=ORIENTED_EDGE('',*,*,#2397,.T.);
#3724=ORIENTED_EDGE('',*,*,#2075,.T.);
#3726=ORIENTED_EDGE('',*,*,#3725,.T.);
#3727=EDGE_LOOP('',(#3722,#3723,#3724,#3726));
#3728=FACE_OUTER_BOUND('',#3727,.F.);
#3729=ADVANCED_FACE('',(#3728),#3720,.T.);
#3730=CARTESIAN_POINT('',(6.800081565404E-1,-2.317861547052E1,-1.12E2));
#3731=DIRECTION('',(0.E0,-1.E0,0.E0));
#3732=DIRECTION('',(0.E0,0.E0,1.E0));
#3733=AXIS2_PLACEMENT_3D('',#3730,#3731,#3732);
#3734=CYLINDRICAL_SURFACE('',#3733,5.E-1);
#3735=ORIENTED_EDGE('',*,*,#2399,.T.);
#3736=ORIENTED_EDGE('',*,*,#3721,.F.);
#3738=ORIENTED_EDGE('',*,*,#3737,.F.);
#3740=ORIENTED_EDGE('',*,*,#3739,.T.);
#3741=EDGE_LOOP('',(#3735,#3736,#3738,#3740));
#3742=FACE_OUTER_BOUND('',#3741,.F.);
#3743=ADVANCED_FACE('',(#3742),#3734,.T.);
#3744=CARTESIAN_POINT('',(6.800081565404E-1,-2.35E1,-1.025E2));
#3745=DIRECTION('',(-1.E0,0.E0,0.E0));
#3746=DIRECTION('',(0.E0,9.995739548263E-1,2.918747733099E-2));
#3747=AXIS2_PLACEMENT_3D('',#3744,#3745,#3746);
#3748=TOROIDAL_SURFACE('',#3747,9.5E0,5.E-1);
#3750=ORIENTED_EDGE('',*,*,#3749,.T.);
#3751=ORIENTED_EDGE('',*,*,#3737,.T.);
#3753=ORIENTED_EDGE('',*,*,#3752,.F.);
#3755=ORIENTED_EDGE('',*,*,#3754,.F.);
#3756=EDGE_LOOP('',(#3750,#3751,#3753,#3755));
#3757=FACE_OUTER_BOUND('',#3756,.F.);
#3758=ADVANCED_FACE('',(#3757),#3748,.T.);
#3759=CARTESIAN_POINT('',(2.098670536627E2,-2.35E1,-1.025E2));
#3760=DIRECTION('',(-1.E0,0.E0,0.E0));
#3761=DIRECTION('',(0.E0,1.E0,0.E0));
#3762=AXIS2_PLACEMENT_3D('',#3759,#3760,#3761);
#3763=CYLINDRICAL_SURFACE('',#3762,9.E0);
#3764=ORIENTED_EDGE('',*,*,#2337,.T.);
#3765=ORIENTED_EDGE('',*,*,#2254,.T.);
#3766=ORIENTED_EDGE('',*,*,#2319,.T.);
#3768=ORIENTED_EDGE('',*,*,#3767,.T.);
#3769=ORIENTED_EDGE('',*,*,#3749,.F.);
#3771=ORIENTED_EDGE('',*,*,#3770,.F.);
#3772=EDGE_LOOP('',(#3764,#3765,#3766,#3768,#3769,#3771));
#3773=FACE_OUTER_BOUND('',#3772,.F.);
#3774=ADVANCED_FACE('',(#3773),#3763,.F.);
#3775=CARTESIAN_POINT('',(1.E1,-2.998922261134E1,-1.115E2));
#3776=DIRECTION('',(0.E0,0.E0,-1.E0));
#3777=DIRECTION('',(0.E0,1.E0,0.E0));
#3778=AXIS2_PLACEMENT_3D('',#3775,#3776,#3777);
#3779=PLANE('',#3778);
#3780=ORIENTED_EDGE('',*,*,#2317,.T.);
#3781=ORIENTED_EDGE('',*,*,#2266,.F.);
#3782=ORIENTED_EDGE('',*,*,#2401,.F.);
#3783=ORIENTED_EDGE('',*,*,#3739,.F.);
#3784=ORIENTED_EDGE('',*,*,#3767,.F.);
#3785=EDGE_LOOP('',(#3780,#3781,#3782,#3783,#3784));
#3786=FACE_OUTER_BOUND('',#3785,.F.);
#3787=ADVANCED_FACE('',(#3786),#3779,.F.);
#3788=CARTESIAN_POINT('',(1.E1,-1.45E1,-1.115E2));
#3789=DIRECTION('',(0.E0,1.E0,0.E0));
#3790=DIRECTION('',(0.E0,0.E0,1.E0));
#3791=AXIS2_PLACEMENT_3D('',#3788,#3789,#3790);
#3792=PLANE('',#3791);
#3793=ORIENTED_EDGE('',*,*,#2272,.F.);
#3794=ORIENTED_EDGE('',*,*,#2331,.F.);
#3795=ORIENTED_EDGE('',*,*,#3770,.T.);
#3797=ORIENTED_EDGE('',*,*,#3796,.F.);
#3798=ORIENTED_EDGE('',*,*,#2291,.F.);
#3799=ORIENTED_EDGE('',*,*,#2347,.F.);
#3800=EDGE_LOOP('',(#3793,#3794,#3795,#3797,#3798,#3799));
#3801=FACE_OUTER_BOUND('',#3800,.F.);
#3802=ADVANCED_FACE('',(#3801),#3792,.F.);
#3803=CARTESIAN_POINT('',(6.800081565404E-1,-1.4E1,-1.717861547052E1));
#3804=DIRECTION('',(0.E0,0.E0,-1.E0));
#3805=DIRECTION('',(0.E0,-1.E0,0.E0));
#3806=AXIS2_PLACEMENT_3D('',#3803,#3804,#3805);
#3807=CYLINDRICAL_SURFACE('',#3806,5.E-1);
#3808=ORIENTED_EDGE('',*,*,#3796,.T.);
#3809=ORIENTED_EDGE('',*,*,#3754,.T.);
#3811=ORIENTED_EDGE('',*,*,#3810,.F.);
#3813=ORIENTED_EDGE('',*,*,#3812,.F.);
#3814=EDGE_LOOP('',(#3808,#3809,#3811,#3813));
#3815=FACE_OUTER_BOUND('',#3814,.F.);
#3816=ADVANCED_FACE('',(#3815),#3807,.T.);
#3817=CARTESIAN_POINT('',(1.E-1,-1.205E1,-6.E1));
#3818=DIRECTION('',(-9.991680531006E-1,-4.078236951431E-2,0.E0));
#3819=DIRECTION('',(4.078236951431E-2,-9.991680531006E-1,0.E0));
#3820=AXIS2_PLACEMENT_3D('',#3817,#3818,#3819);
#3821=PLANE('',#3820);
#3822=ORIENTED_EDGE('',*,*,#3810,.T.);
#3824=ORIENTED_EDGE('',*,*,#3823,.F.);
#3825=ORIENTED_EDGE('',*,*,#2071,.T.);
#3827=ORIENTED_EDGE('',*,*,#3826,.T.);
#3828=EDGE_LOOP('',(#3822,#3824,#3825,#3827));
#3829=FACE_OUTER_BOUND('',#3828,.F.);
#3830=ADVANCED_FACE('',(#3829),#3821,.T.);
#3831=CARTESIAN_POINT('',(9.021206499504E-2,-2.35E1,-1.025E2));
#3832=DIRECTION('',(-1.E0,0.E0,0.E0));
#3833=DIRECTION('',(0.E0,0.E0,-1.E0));
#3834=AXIS2_PLACEMENT_3D('',#3831,#3832,#3833);
#3835=CONICAL_SURFACE('',#3834,1.168980440762E1,8.766269414088E1);
#3836=ORIENTED_EDGE('',*,*,#3752,.T.);
#3837=ORIENTED_EDGE('',*,*,#3725,.F.);
#3838=ORIENTED_EDGE('',*,*,#2073,.T.);
#3839=ORIENTED_EDGE('',*,*,#3823,.T.);
#3840=EDGE_LOOP('',(#3836,#3837,#3838,#3839));
#3841=FACE_OUTER_BOUND('',#3840,.F.);
#3842=ADVANCED_FACE('',(#3841),#3835,.F.);
#3843=CARTESIAN_POINT('',(9.021206499504E-2,-2.35E1,-1.75E1));
#3844=DIRECTION('',(-1.E0,0.E0,0.E0));
#3845=DIRECTION('',(0.E0,0.E0,-1.E0));
#3846=AXIS2_PLACEMENT_3D('',#3843,#3844,#3845);
#3847=CONICAL_SURFACE('',#3846,1.168980440762E1,8.766269414088E1);
#3849=ORIENTED_EDGE('',*,*,#3848,.T.);
#3850=ORIENTED_EDGE('',*,*,#3826,.F.);
#3851=ORIENTED_EDGE('',*,*,#2069,.T.);
#3853=ORIENTED_EDGE('',*,*,#3852,.T.);
#3854=EDGE_LOOP('',(#3849,#3850,#3851,#3853));
#3855=FACE_OUTER_BOUND('',#3854,.F.);
#3856=ADVANCED_FACE('',(#3855),#3847,.F.);
#3857=CARTESIAN_POINT('',(6.800081565404E-1,-2.35E1,-1.75E1));
#3858=DIRECTION('',(-1.E0,0.E0,0.E0));
#3859=DIRECTION('',(0.E0,-2.918747733099E-2,9.995739548263E-1));
#3860=AXIS2_PLACEMENT_3D('',#3857,#3858,#3859);
#3861=TOROIDAL_SURFACE('',#3860,9.5E0,5.E-1);
#3862=ORIENTED_EDGE('',*,*,#2293,.T.);
#3863=ORIENTED_EDGE('',*,*,#3812,.T.);
#3864=ORIENTED_EDGE('',*,*,#3848,.F.);
#3865=ORIENTED_EDGE('',*,*,#2378,.F.);
#3866=EDGE_LOOP('',(#3862,#3863,#3864,#3865));
#3867=FACE_OUTER_BOUND('',#3866,.F.);
#3868=ADVANCED_FACE('',(#3867),#3861,.T.);
#3869=CARTESIAN_POINT('',(1.E-1,-3.025E1,-6.05E0));
#3870=DIRECTION('',(-9.991680531006E-1,0.E0,-4.078236951431E-2));
#3871=DIRECTION('',(4.078236951431E-2,0.E0,-9.991680531006E-1));
#3872=AXIS2_PLACEMENT_3D('',#3869,#3870,#3871);
#3873=PLANE('',#3872);
#3874=ORIENTED_EDGE('',*,*,#2380,.T.);
#3875=ORIENTED_EDGE('',*,*,#3852,.F.);
#3876=ORIENTED_EDGE('',*,*,#2067,.T.);
#3877=ORIENTED_EDGE('',*,*,#2406,.T.);
#3878=EDGE_LOOP('',(#3874,#3875,#3876,#3877));
#3879=FACE_OUTER_BOUND('',#3878,.F.);
#3880=ADVANCED_FACE('',(#3879),#3873,.T.);
#3881=CARTESIAN_POINT('',(1.02E1,-2.37E1,-1.023E2));
#3882=DIRECTION('',(1.E0,0.E0,0.E0));
#3883=DIRECTION('',(0.E0,1.E0,0.E0));
#3884=AXIS2_PLACEMENT_3D('',#3881,#3882,#3883);
#3885=CYLINDRICAL_SURFACE('',#3884,9.25E0);
#3886=ORIENTED_EDGE('',*,*,#2189,.F.);
#3888=ORIENTED_EDGE('',*,*,#3887,.T.);
#3889=ORIENTED_EDGE('',*,*,#2268,.T.);
#3890=ORIENTED_EDGE('',*,*,#2321,.T.);
#3891=ORIENTED_EDGE('',*,*,#2252,.T.);
#3892=ORIENTED_EDGE('',*,*,#2335,.T.);
#3894=ORIENTED_EDGE('',*,*,#3893,.F.);
#3895=EDGE_LOOP('',(#3886,#3888,#3889,#3890,#3891,#3892,#3894));
#3896=FACE_OUTER_BOUND('',#3895,.F.);
#3897=ADVANCED_FACE('',(#3896),#3885,.F.);
#3898=CARTESIAN_POINT('',(1.02E1,-2.37E1,-1.023E2));
#3899=DIRECTION('',(1.E0,0.E0,0.E0));
#3900=DIRECTION('',(0.E0,1.E0,0.E0));
#3901=AXIS2_PLACEMENT_3D('',#3898,#3899,#3900);
#3902=CYLINDRICAL_SURFACE('',#3901,9.25E0);
#3903=ORIENTED_EDGE('',*,*,#2187,.F.);
#3904=ORIENTED_EDGE('',*,*,#3893,.T.);
#3905=ORIENTED_EDGE('',*,*,#2333,.T.);
#3906=ORIENTED_EDGE('',*,*,#2270,.T.);
#3907=ORIENTED_EDGE('',*,*,#3887,.F.);
#3908=EDGE_LOOP('',(#3903,#3904,#3905,#3906,#3907));
#3909=FACE_OUTER_BOUND('',#3908,.F.);
#3910=ADVANCED_FACE('',(#3909),#3902,.F.);
#3911=CLOSED_SHELL('',(#2083,#2098,#2125,#2153,#2168,#2199,#2220,#2235,#2246,
#2258,#2280,#2299,#2311,#2325,#2341,#2354,#2369,#2384,#2416,#2428,#2441,#2453,
#2466,#2501,#2537,#2551,#2613,#2626,#2638,#2651,#2664,#2677,#2716,#2736,#2759,
#2821,#2835,#2852,#2869,#2886,#2900,#2926,#2940,#2953,#2984,#2999,#3017,#3037,
#3053,#3068,#3089,#3108,#3123,#3138,#3153,#3167,#3189,#3209,#3223,#3236,#3253,
#3266,#3279,#3295,#3319,#3333,#3350,#3367,#3381,#3394,#3407,#3421,#3434,#3447,
#3459,#3473,#3486,#3499,#3513,#3526,#3539,#3551,#3564,#3577,#3590,#3603,#3615,
#3627,#3639,#3652,#3664,#3677,#3690,#3703,#3715,#3729,#3743,#3758,#3774,#3787,
#3802,#3816,#3830,#3842,#3856,#3868,#3880,#3897,#3910));
#3912=MANIFOLD_SOLID_BREP('',#3911);
#3914=DIMENSIONAL_EXPONENTS(0.E0,0.E0,0.E0,0.E0,0.E0,0.E0,0.E0);
#3916=PLANE_ANGLE_MEASURE_WITH_UNIT(PLANE_ANGLE_MEASURE(1.745329251994E-2),
#3915);
#3917=(CONVERSION_BASED_UNIT('DEGREE',#3916)NAMED_UNIT(*)PLANE_ANGLE_UNIT());
#3919=UNCERTAINTY_MEASURE_WITH_UNIT(LENGTH_MEASURE(2.180755148171E-2),#3913,
'closure',
'Maximum model space distance between geometric entities at asserted connectivities');
#3920=(GEOMETRIC_REPRESENTATION_CONTEXT(3)GLOBAL_UNCERTAINTY_ASSIGNED_CONTEXT((
#3919))GLOBAL_UNIT_ASSIGNED_CONTEXT((#3913,#3917,#3918))REPRESENTATION_CONTEXT(
'ID1','3'));
#3922=APPLICATION_CONTEXT(
'CONFIGURATION CONTROLLED 3D DESIGNS OF MECHANICAL PARTS AND ASSEMBLIES');
#3923=APPLICATION_PROTOCOL_DEFINITION('international standard',
'config_control_design',1994,#3922);
#3924=DESIGN_CONTEXT('',#3922,'design');
#3925=MECHANICAL_CONTEXT('',#3922,'mechanical');
#3926=PRODUCT('GUDINGZUO-AMS-HT','GUDINGZUO-AMS-HT','NOT SPECIFIED',(#3925));
#3927=PRODUCT_DEFINITION_FORMATION_WITH_SPECIFIED_SOURCE('1','LAST_VERSION',
#3926,.MADE.);
#3931=PRODUCT_CATEGORY('part','');
#3932=PRODUCT_RELATED_PRODUCT_CATEGORY('detail','',(#3926));
#3933=PRODUCT_CATEGORY_RELATIONSHIP('','',#3931,#3932);
#3934=SECURITY_CLASSIFICATION_LEVEL('unclassified');
#3935=SECURITY_CLASSIFICATION('','',#3934);
#3936=CC_DESIGN_SECURITY_CLASSIFICATION(#3935,(#3927));
#3937=APPROVAL_STATUS('approved');
#3938=APPROVAL(#3937,'');
#3939=CC_DESIGN_APPROVAL(#3938,(#3935,#3927,#3928));
#3940=CALENDAR_DATE(126,10,3);
#3941=COORDINATED_UNIVERSAL_TIME_OFFSET(8,0,.AHEAD.);
#3942=LOCAL_TIME(10,9,5.8E1,#3941);
#3943=DATE_AND_TIME(#3940,#3942);
#3944=APPROVAL_DATE_TIME(#3943,#3938);
#3945=DATE_TIME_ROLE('creation_date');
#3946=CC_DESIGN_DATE_AND_TIME_ASSIGNMENT(#3943,#3945,(#3928));
#3947=DATE_TIME_ROLE('classification_date');
#3948=CC_DESIGN_DATE_AND_TIME_ASSIGNMENT(#3943,#3947,(#3935));
#3949=PERSON('UNSPECIFIED','UNSPECIFIED',$,$,$,$);
#3950=ORGANIZATION('UNSPECIFIED','UNSPECIFIED','UNSPECIFIED');
#3951=PERSON_AND_ORGANIZATION(#3949,#3950);
#3952=APPROVAL_ROLE('approver');
#3953=APPROVAL_PERSON_ORGANIZATION(#3951,#3938,#3952);
#3954=PERSON_AND_ORGANIZATION_ROLE('creator');
#3955=CC_DESIGN_PERSON_AND_ORGANIZATION_ASSIGNMENT(#3951,#3954,(#3927,#3928));
#3956=PERSON_AND_ORGANIZATION_ROLE('design_supplier');
#3957=CC_DESIGN_PERSON_AND_ORGANIZATION_ASSIGNMENT(#3951,#3956,(#3927));
#3958=PERSON_AND_ORGANIZATION_ROLE('classification_officer');
#3959=CC_DESIGN_PERSON_AND_ORGANIZATION_ASSIGNMENT(#3951,#3958,(#3935));
#3960=PERSON_AND_ORGANIZATION_ROLE('design_owner');
#3961=CC_DESIGN_PERSON_AND_ORGANIZATION_ASSIGNMENT(#3951,#3960,(#3926));
#1=DRAUGHTING_PRE_DEFINED_COLOUR('black');
#2=COLOUR_RGB('',0.E0,0.E0,4.7E-1);
#3=COLOUR_RGB('',0.E0,0.E0,6.E-1);
#4=COLOUR_RGB('',0.E0,0.E0,8.E-1);
#5=COLOUR_RGB('',0.E0,2.745098039216E-2,7.019607843137E-1);
#6=COLOUR_RGB('',0.E0,3.137254901961E-2,3.411764705882E-1);
#7=COLOUR_RGB('',0.E0,2.E-1,1.E0);
#8=COLOUR_RGB('',0.E0,3.3E-1,0.E0);
#9=COLOUR_RGB('',0.E0,3.3E-1,3.3E-1);
#10=COLOUR_RGB('',0.E0,3.450980392157E-1,1.568627450980E-1);
#11=COLOUR_RGB('',0.E0,4.E-1,0.E0);
#12=COLOUR_RGB('',0.E0,4.E-1,4.E-1);
#13=COLOUR_RGB('',0.E0,4.E-1,6.E-1);
#14=COLOUR_RGB('',0.E0,4.E-1,1.E0);
#15=COLOUR_RGB('',0.E0,4.392156862745E-1,8.745098039216E-1);
#16=COLOUR_RGB('',0.E0,5.019607843137E-1,5.019607843137E-1);
#17=COLOUR_RGB('',0.E0,6.E-1,0.E0);
#18=COLOUR_RGB('',0.E0,6.E-1,4.509803921569E-1);
#19=COLOUR_RGB('',0.E0,6.E-1,6.E-1);
#20=COLOUR_RGB('',0.E0,6.E-1,1.E0);
#21=COLOUR_RGB('',0.E0,8.E-1,0.E0);
#22=COLOUR_RGB('',0.E0,8.E-1,8.E-1);
#23=COLOUR_RGB('',0.E0,8.E-1,1.E0);
#24=COLOUR_RGB('',0.E0,8.039215686275E-1,5.254901960784E-1);
#25=COLOUR_RGB('',0.E0,9.3E-1,0.E0);
#26=COLOUR_RGB('',0.E0,9.3E-1,9.3E-1);
#27=DRAUGHTING_PRE_DEFINED_COLOUR('green');
#28=COLOUR_RGB('',0.E0,1.E0,2.E-1);
#29=COLOUR_RGB('',0.E0,1.E0,4.E-1);
#30=COLOUR_RGB('',0.E0,1.E0,6.E-1);
#31=COLOUR_RGB('',0.E0,1.E0,8.E-1);
#32=DRAUGHTING_PRE_DEFINED_COLOUR('cyan');
#33=COLOUR_RGB('',3.1E-2,2.E-1,6.27E-1);
#34=COLOUR_RGB('',3.529411764706E-2,5.137254901961E-1,1.725490196078E-1);
#35=COLOUR_RGB('',5.098039215686E-2,2.313725490196E-1,8.E-1);
#36=COLOUR_RGB('',6.6667E-2,5.17647E-1,6.39216E-1);
#37=COLOUR_RGB('',7.E-2,7.E-2,1.E0);
#38=COLOUR_RGB('',7.E-2,6.E-1,3.E-1);
#39=COLOUR_RGB('',8.E-2,1.E-1,1.1E-1);
#40=COLOUR_RGB('',9.803921568627E-2,9.803921568627E-2,4.392156862745E-1);
#41=COLOUR_RGB('',1.019607843137E-1,6.313725490196E-1,5.019607843137E-1);
#42=COLOUR_RGB('',1.176470588235E-1,5.647058823529E-1,1.E0);
#43=COLOUR_RGB('',1.254901960784E-1,6.980392156863E-1,6.666666666667E-1);
#44=COLOUR_RGB('',1.333333333333E-1,5.450980392157E-1,1.333333333333E-1);
#45=COLOUR_RGB('',1.450980392157E-1,3.529411764706E-2,0.E0);
#46=COLOUR_RGB('',1.607843137255E-1,6.313725490196E-1,2.588235294118E-1);
#47=COLOUR_RGB('',1.686274509804E-1,1.686274509804E-1,1.803921568627E-1);
#48=COLOUR_RGB('',1.803921568627E-1,5.450980392157E-1,3.411764705882E-1);
#49=COLOUR_RGB('',1.803921568627E-1,7.607843137255E-1,7.490196078431E-1);
#50=COLOUR_RGB('',1.9E-1,2.3E-1,3.1E-1);
#51=COLOUR_RGB('',1.960784313725E-1,8.039215686275E-1,1.960784313725E-1);
#52=COLOUR_RGB('',2.E-1,2.E-1,6.E-1);
#53=COLOUR_RGB('',2.E-1,4.E-1,2.E-1);
#54=COLOUR_RGB('',2.E-1,1.E0,0.E0);
#55=COLOUR_RGB('',2.E-1,1.E0,2.E-1);
#56=COLOUR_RGB('',2.E-1,1.E0,1.E0);
#57=COLOUR_RGB('',2.039215686275E-1,6.274509803922E-1,9.372549019608E-1);
#58=COLOUR_RGB('',2.313725490196E-1,3.803921568627E-1,5.607843137255E-1);
#59=COLOUR_RGB('',2.352941176471E-1,7.019607843137E-1,4.431372549020E-1);
#60=COLOUR_RGB('',2.431372549020E-1,8.784313725490E-1,8.156862745098E-1);
#61=COLOUR_RGB('',2.470588235294E-1,5.921568627451E-1,6.313725490196E-1);
#62=COLOUR_RGB('',2.470588235294E-1,6.E-1,7.490196078431E-1);
#63=COLOUR_RGB('',2.5098E-1,2.35294E-1,8.62745E-1);
#64=COLOUR_RGB('',2.549019607843E-1,4.117647058824E-1,1.E0);
#65=COLOUR_RGB('',2.58824E-1,7.80392E-1,8.86275E-1);
#66=COLOUR_RGB('',2.627450980392E-1,1.E0,5.137254901961E-1);
#67=COLOUR_RGB('',2.7E-1,0.E0,4.E-1);
#68=COLOUR_RGB('',2.7E-1,2.7E-1,0.E0);
#69=COLOUR_RGB('',2.7E-1,2.7E-1,1.E0);
#70=COLOUR_RGB('',2.745098039216E-1,5.098039215686E-1,7.058823529412E-1);
#71=COLOUR_RGB('',2.784313725490E-1,2.784313725490E-1,2.784313725490E-1);
#72=COLOUR_RGB('',2.784313725490E-1,6.039215686275E-1,1.E0);
#73=COLOUR_RGB('',2.784313725490E-1,8.392156862745E-1,6.117647058824E-1);
#74=COLOUR_RGB('',2.823529411765E-1,2.392156862745E-1,5.450980392157E-1);
#75=COLOUR_RGB('',3.13725E-1,4.70588E-1,1.96078E-1);
#76=COLOUR_RGB('',3.2549E-1,4.98039E-1,9.84314E-1);
#77=COLOUR_RGB('',3.254901960784E-1,5.764705882353E-1,8.117647058824E-1);
#78=COLOUR_RGB('',3.3E-1,0.E0,0.E0);
#79=COLOUR_RGB('',3.3E-1,0.E0,3.3E-1);
#80=COLOUR_RGB('',3.3E-1,0.E0,5.3E-1);
#81=COLOUR_RGB('',3.411764705882E-1,7.019607843137E-1,1.019607843137E-1);
#82=COLOUR_RGB('',3.450980392157E-1,3.647058823529E-1,3.725490196078E-1);
#83=COLOUR_RGB('',3.529411764706E-1,6.862745098039E-1,7.490196078431E-1);
#84=COLOUR_RGB('',3.725490196078E-1,6.196078431373E-1,6.274509803922E-1);
#85=COLOUR_RGB('',3.764705882353E-1,6.E-1,3.019607843137E-1);
#86=COLOUR_RGB('',3.803921568627E-1,4.392156862745E-1,5.960784313725E-1);
#87=COLOUR_RGB('',3.882352941176E-1,4.392156862745E-1,4.901960784314E-1);
#88=COLOUR_RGB('',3.921568627451E-1,5.843137254902E-1,9.294117647059E-1);
#89=COLOUR_RGB('',3.96078E-1,7.13725E-1,1.E0);
#90=COLOUR_RGB('',4.E-1,0.E0,4.E-1);
#91=COLOUR_RGB('',4.E-1,0.E0,6.7E-1);
#92=COLOUR_RGB('',4.E-1,0.E0,1.E0);
#93=COLOUR_RGB('',4.E-1,1.3E-1,0.E0);
#94=COLOUR_RGB('',4.E-1,2.E-1,8.E-1);
#95=COLOUR_RGB('',4.E-1,4.E-1,0.E0);
#96=COLOUR_RGB('',4.E-1,4.E-1,1.E0);
#97=COLOUR_RGB('',4.E-1,8.039215686275E-1,6.666666666667E-1);
#98=COLOUR_RGB('',4.E-1,1.E0,0.E0);
#99=COLOUR_RGB('',4.E-1,1.E0,4.E-1);
#100=COLOUR_RGB('',4.E-1,1.E0,1.E0);
#101=COLOUR_RGB('',4.117647058824E-1,0.E0,2.196078431373E-1);
#102=COLOUR_RGB('',4.156862745098E-1,3.529411764706E-1,8.039215686275E-1);
#103=COLOUR_RGB('',4.156862745098E-1,1.E0,7.176470588235E-1);
#104=COLOUR_RGB('',4.196078431373E-1,5.568627450980E-1,1.372549019608E-1);
#105=COLOUR_RGB('',4.392156862745E-1,2.E-1,2.E-1);
#106=COLOUR_RGB('',4.666666666667E-1,5.333333333333E-1,6.E-1);
#107=COLOUR_RGB('',4.7E-1,0.E0,0.E0);
#108=COLOUR_RGB('',4.7E-1,0.E0,8.E-1);
#109=COLOUR_RGB('',4.705882352941E-1,1.960784313725E-1,1.E0);
#110=COLOUR_RGB('',4.7E-1,2.E-1,7.E-2);
#111=COLOUR_RGB('',4.784313725490E-1,4.509803921569E-1,7.098039215686E-1);
#112=COLOUR_RGB('',4.823529411765E-1,4.078431372549E-1,9.333333333333E-1);
#113=COLOUR_RGB('',4.941176470588E-1,7.490196078431E-1,6.941176470588E-1);
#114=COLOUR_RGB('',4.980392156863E-1,7.490196078431E-1,3.882352941176E-1);
#115=COLOUR_RGB('',4.980392156863E-1,1.E0,8.313725490196E-1);
#116=COLOUR_RGB('',5.019607843137E-1,0.E0,5.019607843137E-1);
#117=COLOUR_RGB('',5.019607843137E-1,3.294117647059E-1,1.E0);
#118=COLOUR_RGB('',5.019607843137E-1,5.019607843137E-1,0.E0);
#119=COLOUR_RGB('',5.01961E-1,5.01961E-1,5.01961E-1);
#120=COLOUR_RGB('',5.019607843137E-1,1.E0,5.019607843137E-1);
#121=COLOUR_RGB('',5.098039215686E-1,3.960784313725E-1,1.058823529412E-1);
#122=COLOUR_RGB('',5.3E-1,0.E0,9.3E-1);
#123=COLOUR_RGB('',5.3E-1,2.7E-1,1.3E-1);
#124=COLOUR_RGB('',5.3E-1,5.3E-1,1.E0);
#125=COLOUR_RGB('',5.294117647059E-1,8.078431372549E-1,9.215686274510E-1);
#126=COLOUR_RGB('',5.411764705882E-1,1.686274509804E-1,8.862745098039E-1);
#127=COLOUR_RGB('',5.5E-1,6.5E-1,7.3E-1);
#128=COLOUR_RGB('',5.607843137255E-1,7.372549019608E-1,5.607843137255E-1);
#129=COLOUR_RGB('',5.68627E-1,9.37255E-1,9.37255E-1);
#130=COLOUR_RGB('',5.764705882353E-1,4.392156862745E-1,8.588235294118E-1);
#131=COLOUR_RGB('',5.764705882353E-1,1.E0,7.137254901961E-1);
#132=COLOUR_RGB('',5.803921568627E-1,0.E0,8.274509803922E-1);
#133=COLOUR_RGB('',5.88235E-1,2.35294E-1,1.56863E-1);
#134=COLOUR_RGB('',5.882352941176E-1,4.980392156863E-1,7.490196078431E-1);
#135=COLOUR_RGB('',6.E-1,0.E0,6.E-1);
#136=COLOUR_RGB('',6.E-1,1.960784313725E-1,8.E-1);
#137=COLOUR_RGB('',6.E-1,2.E-1,4.E-1);
#138=COLOUR_RGB('',6.E-1,2.E-1,1.E0);
#139=COLOUR_RGB('',6.E-1,3.3E-1,2.E-1);
#140=COLOUR_RGB('',6.E-1,3.647058823529E-1,7.490196078431E-1);
#141=COLOUR_RGB('',6.E-1,6.E-1,0.E0);
#142=COLOUR_RGB('',6.E-1,1.E0,6.E-1);
#143=COLOUR_RGB('',6.E-1,1.E0,1.E0);
#144=COLOUR_RGB('',6.039215686275E-1,7.490196078431E-1,9.019607843137E-2);
#145=COLOUR_RGB('',6.23529E-1,6.23529E-1,6.23529E-1);
#146=COLOUR_RGB('',6.27451E-1,4.70588E-1,3.52941E-1);
#147=COLOUR_RGB('',6.392156862745E-1,1.E0,3.333333333333E-1);
#148=COLOUR_RGB('',6.549019607843E-1,7.490196078431E-1,5.058823529412E-1);
#149=COLOUR_RGB('',6.627450980392E-1,8.901960784314E-1,0.E0);
#150=COLOUR_RGB('',6.66667E-1,8.23529E-1,1.96078E-1);
#151=COLOUR_RGB('',6.66667E-1,8.23529E-1,5.88235E-1);
#152=COLOUR_RGB('',6.7E-1,0.E0,0.E0);
#153=COLOUR_RGB('',6.7E-1,4.E-1,2.7E-1);
#154=COLOUR_RGB('',6.7E-1,4.E-1,1.E0);
#155=COLOUR_RGB('',6.7E-1,6.7E-1,1.E0);
#156=COLOUR_RGB('',6.7E-1,1.E0,0.E0);
#157=COLOUR_RGB('',6.784313725490E-1,5.647058823529E-1,7.490196078431E-1);
#158=COLOUR_RGB('',6.784313725490E-1,8.117647058824E-1,1.E0);
#159=COLOUR_RGB('',6.784313725490E-1,8.470588235294E-1,9.019607843137E-1);
#160=COLOUR_RGB('',6.784313725490E-1,1.E0,1.843137254902E-1);
#161=COLOUR_RGB('',6.941176470588E-1,6.941176470588E-1,6.941176470588E-1);
#162=COLOUR_RGB('',6.980392156863E-1,1.333333333333E-1,1.333333333333E-1);
#163=COLOUR_RGB('',7.098039215686E-1,3.058823529412E-1,7.450980392157E-2);
#164=COLOUR_RGB('',7.17647E-1,1.68627E-1,4.43137E-1);
#165=COLOUR_RGB('',7.215686274510E-1,5.254901960784E-1,4.313725490196E-2);
#166=COLOUR_RGB('',7.294117647059E-1,2.705882352941E-1,1.E0);
#167=COLOUR_RGB('',7.294117647059E-1,3.333333333333E-1,8.274509803922E-1);
#168=COLOUR_RGB('',7.294117647059E-1,4.E-1,0.E0);
#169=COLOUR_RGB('',7.3E-1,4.7E-1,3.3E-1);
#170=COLOUR_RGB('',7.372549019608E-1,5.607843137255E-1,5.607843137255E-1);
#171=COLOUR_RGB('',7.411764705882E-1,7.176470588235E-1,4.196078431373E-1);
#172=COLOUR_RGB('',7.490196078431E-1,2.235294117647E-1,3.333333333333E-1);
#173=COLOUR_RGB('',7.52941E-1,7.52941E-1,7.52941E-1);
#174=COLOUR_RGB('',7.647058823529E-1,8.823529411765E-1,7.450980392157E-1);
#175=COLOUR_RGB('',7.803921568627E-1,8.235294117647E-2,5.215686274510E-1);
#176=COLOUR_RGB('',8.E-1,0.E0,8.E-1);
#177=COLOUR_RGB('',8.E-1,2.E-1,2.E-1);
#178=COLOUR_RGB('',8.E-1,2.E-1,8.E-1);
#179=COLOUR_RGB('',8.E-1,5.3E-1,4.E-1);
#180=COLOUR_RGB('',8.E-1,6.E-1,1.E0);
#181=COLOUR_RGB('',8.E-1,8.E-1,0.E0);
#182=COLOUR_RGB('',8.E-1,8.E-1,2.E-1);
#183=COLOUR_RGB('',8.E-1,8.E-1,1.E0);
#184=COLOUR_RGB('',8.E-1,1.E0,2.E-1);
#185=COLOUR_RGB('',8.E-1,1.E0,4.E-1);
#186=COLOUR_RGB('',8.E-1,1.E0,8.E-1);
#187=COLOUR_RGB('',8.E-1,1.E0,1.E0);
#188=COLOUR_RGB('',8.039215686275E-1,3.607843137255E-1,3.607843137255E-1);
#189=COLOUR_RGB('',8.03922E-1,5.88235E-1,1.96078E-1);
#190=COLOUR_RGB('',8.117647058824E-1,8.705882352941E-1,4.196078431373E-1);
#191=COLOUR_RGB('',8.196078431373E-1,7.098039215686E-1,5.490196078431E-2);
#192=COLOUR_RGB('',8.235294117647E-1,4.117647058824E-1,1.176470588235E-1);
#193=COLOUR_RGB('',8.235294117647E-1,7.058823529412E-1,5.490196078431E-1);
#194=COLOUR_RGB('',8.274509803922E-1,8.274509803922E-1,8.274509803922E-1);
#195=COLOUR_RGB('',8.392156862745E-1,8.E-1,7.137254901961E-1);
#196=COLOUR_RGB('',8.431372549020E-1,8.980392156863E-1,9.333333333333E-1);
#197=COLOUR_RGB('',8.549019607843E-1,6.470588235294E-1,1.254901960784E-1);
#198=COLOUR_RGB('',8.588235294118E-1,4.392156862745E-1,5.764705882353E-1);
#199=COLOUR_RGB('',8.627450980392E-1,7.843137254902E-2,2.352941176471E-1);
#200=COLOUR_RGB('',8.666666666667E-1,6.274509803922E-1,8.666666666667E-1);
#201=COLOUR_RGB('',8.7E-1,0.E0,0.E0);
#202=COLOUR_RGB('',8.7E-1,6.E-1,4.7E-1);
#203=COLOUR_RGB('',8.823529411765E-1,7.607843137255E-1,2.823529411765E-1);
#204=COLOUR_RGB('',8.98039E-1,6.07843E-1,1.E0);
#205=COLOUR_RGB('',9.019607843137E-1,7.882352941176E-1,0.E0);
#206=COLOUR_RGB('',9.E-1,8.3E-1,1.2E-1);
#207=COLOUR_RGB('',9.09804E-1,3.68627E-1,8.19608E-1);
#208=COLOUR_RGB('',9.3E-1,0.E0,9.3E-1);
#209=COLOUR_RGB('',9.3E-1,6.7E-1,5.3E-1);
#210=COLOUR_RGB('',9.3E-1,8.E-1,1.E0);
#211=COLOUR_RGB('',9.3E-1,9.3E-1,0.E0);
#212=COLOUR_RGB('',9.3E-1,1.E0,9.3E-1);
#213=COLOUR_RGB('',9.3E-1,1.E0,1.E0);
#214=COLOUR_RGB('',9.333333333333E-1,5.098039215686E-1,9.333333333333E-1);
#215=COLOUR_RGB('',9.333333333333E-1,9.098039215686E-1,6.666666666667E-1);
#216=COLOUR_RGB('',9.411764705882E-1,9.019607843137E-1,5.490196078431E-1);
#217=COLOUR_RGB('',9.490196078431E-1,7.568627450980E-1,1.764705882353E-1);
#218=COLOUR_RGB('',9.568627450980E-1,6.431372549020E-1,3.764705882353E-1);
#219=COLOUR_RGB('',9.607843137255E-1,5.882352941176E-1,5.882352941176E-1);
#220=DRAUGHTING_PRE_DEFINED_COLOUR('red');
#221=COLOUR_RGB('',1.E0,0.E0,2.705882352941E-1);
#222=COLOUR_RGB('',1.E0,0.E0,4.705882352941E-1);
#223=COLOUR_RGB('',1.E0,0.E0,7.803921568627E-1);
#224=DRAUGHTING_PRE_DEFINED_COLOUR('magenta');
#225=COLOUR_RGB('',1.E0,3.1E-2,3.1E-2);
#226=COLOUR_RGB('',1.E0,7.E-2,7.E-2);
#227=COLOUR_RGB('',1.E0,7.843137254902E-2,5.764705882353E-1);
#228=COLOUR_RGB('',1.E0,2.E-1,1.E0);
#229=COLOUR_RGB('',1.E0,2.7E-1,0.E0);
#230=COLOUR_RGB('',1.E0,2.7E-1,2.7E-1);
#231=COLOUR_RGB('',1.E0,3.882352941176E-1,2.784313725490E-1);
#232=COLOUR_RGB('',1.E0,4.E-1,1.E0);
#233=COLOUR_RGB('',1.E0,4.117647058824E-1,7.058823529412E-1);
#234=COLOUR_RGB('',1.E0,4.7E-1,0.E0);
#235=COLOUR_RGB('',1.E0,4.7E-1,4.7E-1);
#236=COLOUR_RGB('',1.E0,4.980392156863E-1,3.137254901961E-1);
#237=COLOUR_RGB('',1.E0,6.E-1,1.E0);
#238=COLOUR_RGB('',1.E0,6.7E-1,0.E0);
#239=COLOUR_RGB('',1.E0,6.705882352941E-1,1.372549019608E-1);
#240=COLOUR_RGB('',1.E0,6.7E-1,6.7E-1);
#241=COLOUR_RGB('',1.E0,7.3E-1,6.E-1);
#242=COLOUR_RGB('',1.E0,7.686274509804E-1,5.882352941176E-2);
#243=COLOUR_RGB('',1.E0,7.921568627451E-1,2.980392156863E-1);
#244=COLOUR_RGB('',1.E0,8.E-1,8.E-1);
#245=COLOUR_RGB('',1.E0,8.E-1,1.E0);
#246=COLOUR_RGB('',1.E0,8.078431372549E-1,4.588235294118E-1);
#247=COLOUR_RGB('',1.E0,8.7E-1,0.E0);
#248=COLOUR_RGB('',1.E0,9.215686274510E-1,8.039215686275E-1);
#249=COLOUR_RGB('',1.E0,9.3E-1,9.3E-1);
#250=COLOUR_RGB('',1.E0,9.3E-1,1.E0);
#251=DRAUGHTING_PRE_DEFINED_COLOUR('yellow');
#252=COLOUR_RGB('',1.E0,1.E0,1.3E-1);
#253=COLOUR_RGB('',1.E0,1.E0,3.3E-1);
#254=COLOUR_RGB('',1.E0,1.E0,5.3E-1);
#255=COLOUR_RGB('',1.E0,1.E0,7.3E-1);
#256=COLOUR_RGB('',1.E0,1.E0,9.3E-1);
#257=DRAUGHTING_PRE_DEFINED_COLOUR('white');
#262=CIRCLE('',#261,2.5E0);
#271=CIRCLE('',#270,1.5E1);
#284=CIRCLE('',#283,1.5E1);
#293=CIRCLE('',#292,2.5E0);
#310=CIRCLE('',#309,1.39E1);
#319=CIRCLE('',#318,1.39E1);
#336=CIRCLE('',#335,1.E1);
#349=CIRCLE('',#348,2.5E0);
#366=CIRCLE('',#365,1.E1);
#383=CIRCLE('',#382,2.5E0);
#396=CIRCLE('',#395,9.25E0);
#401=CIRCLE('',#400,9.25E0);
#406=CIRCLE('',#405,9.25E0);
#411=CIRCLE('',#410,9.25E0);
#416=CIRCLE('',#415,1.E1);
#433=CIRCLE('',#432,1.E1);
#450=CIRCLE('',#449,9.25E0);
#455=CIRCLE('',#454,9.25E0);
#460=CIRCLE('',#459,9.25E0);
#465=CIRCLE('',#464,9.25E0);
#474=CIRCLE('',#473,9.25E0);
#479=CIRCLE('',#478,9.25E0);
#484=CIRCLE('',#483,9.E0);
#489=CIRCLE('',#488,9.E0);
#494=CIRCLE('',#493,9.E0);
#499=CIRCLE('',#498,9.E0);
#504=CIRCLE('',#503,9.25E0);
#509=CIRCLE('',#508,9.25E0);
#514=CIRCLE('',#513,9.25E0);
#519=CIRCLE('',#518,9.25E0);
#524=CIRCLE('',#523,9.25E0);
#529=CIRCLE('',#528,9.25E0);
#554=CIRCLE('',#553,5.E-1);
#571=CIRCLE('',#570,5.E-1);
#608=CIRCLE('',#607,1.5E1);
#625=CIRCLE('',#624,5.E0);
#638=CIRCLE('',#637,1.5E1);
#671=CIRCLE('',#670,1.5E1);
#684=CIRCLE('',#683,5.E0);
#697=CIRCLE('',#696,5.E0);
#702=CIRCLE('',#701,5.E0);
#723=CIRCLE('',#722,5.E0);
#736=CIRCLE('',#735,1.5E1);
#761=CIRCLE('',#760,1.5E1);
#774=CIRCLE('',#773,5.E0);
#795=CIRCLE('',#794,5.E0);
#800=CIRCLE('',#799,5.E0);
#886=B_SPLINE_CURVE_WITH_KNOTS('',3,(#873,#874,#875,#876,#877,#878,#879,#880,
#881,#882,#883,#884,#885),.UNSPECIFIED.,.F.,.F.,(4,1,1,1,1,1,1,1,1,1,4),(0.E0,
7.197699327350E-2,1.783608827917E-1,2.847447723099E-1,3.911286618281E-1,
4.975125513464E-1,6.038964408646E-1,7.102803303828E-1,8.166642199010E-1,
9.230481094192E-1,1.E0),.UNSPECIFIED.);
#896=B_SPLINE_CURVE_WITH_KNOTS('',3,(#891,#892,#893,#894,#895),.UNSPECIFIED.,
.F.,.F.,(4,1,4),(0.E0,5.E-1,1.E0),.UNSPECIFIED.);
#902=B_SPLINE_CURVE_WITH_KNOTS('',3,(#897,#898,#899,#900,#901),.UNSPECIFIED.,
.F.,.F.,(4,1,4),(0.E0,5.E-1,1.E0),.UNSPECIFIED.);
#916=B_SPLINE_CURVE_WITH_KNOTS('',3,(#903,#904,#905,#906,#907,#908,#909,#910,
#911,#912,#913,#914,#915),.UNSPECIFIED.,.F.,.F.,(4,1,1,1,1,1,1,1,1,1,4),(0.E0,
1.517326474861E-2,1.356825981195E-1,2.561919314905E-1,3.767012648614E-1,
4.972105982324E-1,6.177199316033E-1,7.382292649742E-1,8.587385983452E-1,
9.792479317161E-1,1.E0),.UNSPECIFIED.);
#946=B_SPLINE_CURVE_WITH_KNOTS('',3,(#941,#942,#943,#944,#945),.UNSPECIFIED.,
.F.,.F.,(4,1,4),(0.E0,5.E-1,1.E0),.UNSPECIFIED.);
#972=B_SPLINE_CURVE_WITH_KNOTS('',3,(#967,#968,#969,#970,#971),.UNSPECIFIED.,
.F.,.F.,(4,1,4),(0.E0,5.E-1,1.E0),.UNSPECIFIED.);
#989=CIRCLE('',#988,8.75E0);
#1325=B_SPLINE_CURVE_WITH_KNOTS('',3,(#1318,#1319,#1320,#1321,#1322,#1323,
#1324),.UNSPECIFIED.,.F.,.F.,(4,1,1,1,4),(0.E0,2.5E-1,5.E-1,7.5E-1,1.E0),
.UNSPECIFIED.);
#1334=CIRCLE('',#1333,2.E0);
#1351=CIRCLE('',#1350,2.E0);
#1371=B_SPLINE_CURVE_WITH_KNOTS('',3,(#1364,#1365,#1366,#1367,#1368,#1369,
#1370),.UNSPECIFIED.,.F.,.F.,(4,1,1,1,4),(0.E0,2.5E-1,5.E-1,7.5E-1,1.E0),
.UNSPECIFIED.);
#1412=CIRCLE('',#1411,7.85E0);
#1417=CIRCLE('',#1416,7.85E0);
#1430=CIRCLE('',#1429,7.85E0);
#1435=CIRCLE('',#1434,7.85E0);
#1452=CIRCLE('',#1451,7.85E0);
#1457=CIRCLE('',#1456,7.85E0);
#1470=CIRCLE('',#1469,7.85E0);
#1475=CIRCLE('',#1474,7.85E0);
#1496=CIRCLE('',#1495,1.5E1);
#1517=CIRCLE('',#1516,5.E-1);
#1522=CIRCLE('',#1521,5.E-1);
#1527=CIRCLE('',#1526,9.E0);
#1532=CIRCLE('',#1531,9.E0);
#1537=CIRCLE('',#1536,9.E0);
#1542=CIRCLE('',#1541,9.E0);
#1583=CIRCLE('',#1582,5.E-1);
#1596=CIRCLE('',#1595,9.479608815243E0);
#1605=CIRCLE('',#1604,9.479608815243E0);
#1614=CIRCLE('',#1613,5.E-1);
#2041=EDGE_CURVE('',#1973,#1974,#262,.T.);
#2043=EDGE_CURVE('',#1973,#1876,#266,.T.);
#2045=EDGE_CURVE('',#1873,#1876,#271,.T.);
#2047=EDGE_CURVE('',#1649,#1873,#650,.T.);
#2049=EDGE_CURVE('',#1649,#1650,#275,.T.);
#2051=EDGE_CURVE('',#1650,#1646,#748,.T.);
#2053=EDGE_CURVE('',#1645,#1646,#279,.T.);
#2055=EDGE_CURVE('',#1882,#1645,#658,.T.);
#2057=EDGE_CURVE('',#1881,#1882,#284,.T.);
#2059=EDGE_CURVE('',#1961,#1881,#288,.T.);
#2061=EDGE_CURVE('',#1961,#1962,#293,.T.);
#2063=EDGE_CURVE('',#1864,#1962,#297,.T.);
#2065=EDGE_CURVE('',#1864,#1890,#301,.T.);
#2067=EDGE_CURVE('',#1889,#1890,#305,.T.);
#2069=EDGE_CURVE('',#1892,#1889,#310,.T.);
#2071=EDGE_CURVE('',#1894,#1892,#314,.T.);
#2073=EDGE_CURVE('',#1896,#1894,#319,.T.);
#2075=EDGE_CURVE('',#1898,#1896,#323,.T.);
#2077=EDGE_CURVE('',#1898,#1862,#327,.T.);
#2079=EDGE_CURVE('',#1862,#1974,#331,.T.);
#2089=EDGE_CURVE('',#1969,#1970,#349,.T.);
#2091=EDGE_CURVE('',#1969,#1973,#591,.T.);
#2094=EDGE_CURVE('',#1970,#1974,#599,.T.);
#2104=EDGE_CURVE('',#2010,#2011,#336,.T.);
#2106=EDGE_CURVE('',#2010,#1717,#782,.T.);
#2108=EDGE_CURVE('',#1717,#1718,#340,.T.);
#2110=EDGE_CURVE('',#1874,#1718,#616,.T.);
#2112=EDGE_CURVE('',#1878,#1874,#608,.T.);
#2114=EDGE_CURVE('',#1969,#1878,#344,.T.);
#2117=EDGE_CURVE('',#1856,#1970,#353,.T.);
#2119=EDGE_CURVE('',#1855,#1856,#357,.T.);
#2121=EDGE_CURVE('',#1855,#2011,#361,.T.);
#2131=EDGE_CURVE('',#2014,#2015,#366,.T.);
#2133=EDGE_CURVE('',#2014,#1860,#370,.T.);
#2135=EDGE_CURVE('',#1859,#1860,#374,.T.);
#2137=EDGE_CURVE('',#1966,#1859,#378,.T.);
#2139=EDGE_CURVE('',#1964,#1966,#383,.T.);
#2141=EDGE_CURVE('',#1886,#1964,#387,.T.);
#2143=EDGE_CURVE('',#1884,#1886,#1496,.T.);
#2145=EDGE_CURVE('',#1884,#1714,#692,.T.);
#2147=EDGE_CURVE('',#1713,#1714,#391,.T.);
#2149=EDGE_CURVE('',#2015,#1713,#714,.T.);
#2159=EDGE_CURVE('',#2030,#2031,#416,.T.);
#2161=EDGE_CURVE('',#2010,#2031,#706,.T.);
#2164=EDGE_CURVE('',#2011,#2030,#583,.T.);
#2175=EDGE_CURVE('',#2026,#2030,#420,.T.);
#2177=EDGE_CURVE('',#2026,#2027,#424,.T.);
#2179=EDGE_CURVE('',#2035,#2027,#428,.T.);
#2181=EDGE_CURVE('',#2034,#2035,#433,.T.);
#2183=EDGE_CURVE('',#2031,#2034,#437,.T.);
#2187=EDGE_CURVE('',#2022,#2023,#406,.T.);
#2189=EDGE_CURVE('',#2023,#2022,#411,.T.);
#2193=EDGE_CURVE('',#2018,#2019,#396,.T.);
#2195=EDGE_CURVE('',#2019,#2018,#401,.T.);
#2206=EDGE_CURVE('',#2018,#1954,#441,.T.);
#2208=EDGE_CURVE('',#1954,#1948,#524,.T.);
#2210=EDGE_CURVE('',#1948,#1944,#450,.T.);
#2212=EDGE_CURVE('',#1944,#1930,#504,.T.);
#2214=EDGE_CURVE('',#1930,#1950,#479,.T.);
#2216=EDGE_CURVE('',#2019,#1950,#445,.T.);
#2228=EDGE_CURVE('',#1950,#1941,#474,.T.);
#2230=EDGE_CURVE('',#1941,#1954,#529,.T.);
#2242=EDGE_CURVE('',#1944,#1948,#489,.T.);
#2252=EDGE_CURVE('',#1958,#1946,#455,.T.);
#2254=EDGE_CURVE('',#1946,#1958,#1532,.T.);
#2264=EDGE_CURVE('',#1926,#1924,#562,.T.);
#2266=EDGE_CURVE('',#1926,#1934,#1550,.T.);
#2268=EDGE_CURVE('',#1952,#1934,#460,.T.);
#2270=EDGE_CURVE('',#1938,#1952,#465,.T.);
#2272=EDGE_CURVE('',#1938,#1941,#469,.T.);
#2276=EDGE_CURVE('',#1930,#1924,#545,.T.);
#2286=EDGE_CURVE('',#1929,#1944,#484,.T.);
#2289=EDGE_CURVE('',#1948,#1942,#494,.T.);
#2291=EDGE_CURVE('',#1942,#1912,#1574,.T.);
#2293=EDGE_CURVE('',#1916,#1912,#499,.T.);
#2295=EDGE_CURVE('',#1929,#1916,#537,.T.);
#2305=EDGE_CURVE('',#1929,#1930,#533,.T.);
#2317=EDGE_CURVE('',#1933,#1934,#1546,.T.);
#2319=EDGE_CURVE('',#1958,#1933,#1537,.T.);
#2321=EDGE_CURVE('',#1934,#1958,#509,.T.);
#2331=EDGE_CURVE('',#1937,#1938,#1562,.T.);
#2333=EDGE_CURVE('',#1956,#1938,#514,.T.);
#2335=EDGE_CURVE('',#1946,#1956,#519,.T.);
#2337=EDGE_CURVE('',#1937,#1946,#1527,.T.);
#2347=EDGE_CURVE('',#1941,#1942,#1578,.T.);
#2362=EDGE_CURVE('',#1922,#1916,#541,.T.);
#2364=EDGE_CURVE('',#1922,#1924,#566,.T.);
#2375=EDGE_CURVE('',#1921,#1922,#571,.T.);
#2378=EDGE_CURVE('',#1916,#1918,#1614,.T.);
#2380=EDGE_CURVE('',#1921,#1918,#1618,.T.);
#2391=EDGE_CURVE('',#1855,#2026,#587,.T.);
#2394=EDGE_CURVE('',#1862,#1856,#603,.T.);
#2397=EDGE_CURVE('',#1902,#1898,#549,.T.);
#2399=EDGE_CURVE('',#1901,#1902,#554,.T.);
#2401=EDGE_CURVE('',#1901,#1926,#558,.T.);
#2406=EDGE_CURVE('',#1890,#1921,#575,.T.);
#2409=EDGE_CURVE('',#1864,#1859,#579,.T.);
#2412=EDGE_CURVE('',#2027,#1860,#790,.T.);
#2436=EDGE_CURVE('',#1876,#1878,#595,.T.);
#2459=EDGE_CURVE('',#1873,#1874,#612,.T.);
#2474=EDGE_CURVE('',#1722,#1718,#702,.T.);
#2476=EDGE_CURVE('',#1814,#1722,#620,.T.);
#2478=EDGE_CURVE('',#1813,#1814,#625,.T.);
#2480=EDGE_CURVE('',#1813,#1781,#832,.T.);
#2482=EDGE_CURVE('',#1843,#1781,#932,.T.);
#2484=EDGE_CURVE('',#1843,#1824,#629,.T.);
#2486=EDGE_CURVE('',#1824,#1674,#633,.T.);
#2488=EDGE_CURVE('',#1673,#1674,#638,.T.);
#2490=EDGE_CURVE('',#1673,#1661,#642,.T.);
#2492=EDGE_CURVE('',#1657,#1661,#1452,.T.);
#2494=EDGE_CURVE('',#1653,#1657,#646,.T.);
#2496=EDGE_CURVE('',#1649,#1653,#1470,.T.);
#2507=EDGE_CURVE('',#1884,#1882,#654,.T.);
#2510=EDGE_CURVE('',#1641,#1645,#1430,.T.);
#2512=EDGE_CURVE('',#1641,#1637,#662,.T.);
#2514=EDGE_CURVE('',#1633,#1637,#1412,.T.);
#2516=EDGE_CURVE('',#1633,#1670,#666,.T.);
#2518=EDGE_CURVE('',#1668,#1670,#671,.T.);
#2520=EDGE_CURVE('',#1668,#1826,#675,.T.);
#2522=EDGE_CURVE('',#1826,#1847,#679,.T.);
#2524=EDGE_CURVE('',#1777,#1847,#872,.T.);
#2526=EDGE_CURVE('',#1777,#1810,#816,.T.);
#2528=EDGE_CURVE('',#1808,#1810,#684,.T.);
#2530=EDGE_CURVE('',#1808,#1710,#688,.T.);
#2532=EDGE_CURVE('',#1714,#1710,#800,.T.);
#2544=EDGE_CURVE('',#1717,#1721,#697,.T.);
#2546=EDGE_CURVE('',#1721,#1722,#1491,.T.);
#2559=EDGE_CURVE('',#2034,#2015,#710,.T.);
#2562=EDGE_CURVE('',#1709,#1713,#795,.T.);
#2564=EDGE_CURVE('',#1806,#1709,#718,.T.);
#2566=EDGE_CURVE('',#1805,#1806,#723,.T.);
#2568=EDGE_CURVE('',#1805,#1820,#860,.T.);
#2570=EDGE_CURVE('',#1838,#1820,#1169,.T.);
#2572=EDGE_CURVE('',#1837,#1838,#727,.T.);
#2574=EDGE_CURVE('',#1666,#1837,#731,.T.);
#2576=EDGE_CURVE('',#1665,#1666,#736,.T.);
#2578=EDGE_CURVE('',#1634,#1665,#740,.T.);
#2580=EDGE_CURVE('',#1638,#1634,#1417,.T.);
#2582=EDGE_CURVE('',#1642,#1638,#744,.T.);
#2584=EDGE_CURVE('',#1646,#1642,#1435,.T.);
#2587=EDGE_CURVE('',#1654,#1650,#1475,.T.);
#2589=EDGE_CURVE('',#1658,#1654,#752,.T.);
#2591=EDGE_CURVE('',#1662,#1658,#1457,.T.);
#2593=EDGE_CURVE('',#1678,#1662,#756,.T.);
#2595=EDGE_CURVE('',#1676,#1678,#761,.T.);
#2597=EDGE_CURVE('',#1867,#1676,#765,.T.);
#2599=EDGE_CURVE('',#1867,#1870,#769,.T.);
#2601=EDGE_CURVE('',#1822,#1870,#1225,.T.);
#2603=EDGE_CURVE('',#1822,#1818,#840,.T.);
#2605=EDGE_CURVE('',#1816,#1818,#774,.T.);
#2607=EDGE_CURVE('',#1816,#1721,#778,.T.);
#2622=EDGE_CURVE('',#2035,#2014,#786,.T.);
#2644=EDGE_CURVE('',#1709,#1710,#808,.T.);
#2657=EDGE_CURVE('',#1808,#1806,#804,.T.);
#2673=EDGE_CURVE('',#1810,#1805,#812,.T.);
#2685=EDGE_CURVE('',#1777,#1778,#820,.T.);
#2687=EDGE_CURVE('',#1778,#1782,#824,.T.);
#2689=EDGE_CURVE('',#1781,#1782,#828,.T.);
#2692=EDGE_CURVE('',#1818,#1813,#836,.T.);
#2695=EDGE_CURVE('',#1822,#1994,#844,.T.);
#2697=EDGE_CURVE('',#1994,#1995,#1201,.T.);
#2699=EDGE_CURVE('',#1728,#1995,#1037,.T.);
#2701=EDGE_CURVE('',#1728,#1725,#848,.T.);
#2703=EDGE_CURVE('',#1725,#1726,#852,.T.);
#2705=EDGE_CURVE('',#1726,#1730,#856,.T.);
#2707=EDGE_CURVE('',#1998,#1730,#1265,.T.);
#2709=EDGE_CURVE('',#1998,#1999,#1217,.T.);
#2711=EDGE_CURVE('',#1820,#1999,#1173,.T.);
#2722=EDGE_CURVE('',#1848,#1990,#864,.T.);
#2724=EDGE_CURVE('',#1988,#1990,#896,.T.);
#2726=EDGE_CURVE('',#1988,#1850,#924,.T.);
#2728=EDGE_CURVE('',#1778,#1850,#868,.T.);
#2732=EDGE_CURVE('',#1847,#1848,#958,.T.);
#2742=EDGE_CURVE('',#1990,#1991,#886,.T.);
#2745=EDGE_CURVE('',#1848,#1830,#972,.T.);
#2747=EDGE_CURVE('',#1698,#1830,#1479,.T.);
#2749=EDGE_CURVE('',#1697,#1698,#989,.T.);
#2751=EDGE_CURVE('',#1697,#1834,#890,.T.);
#2753=EDGE_CURVE('',#1834,#1844,#946,.T.);
#2755=EDGE_CURVE('',#1991,#1844,#928,.T.);
#2813=EDGE_CURVE('',#1988,#1989,#916,.T.);
#2817=EDGE_CURVE('',#1991,#1989,#902,.T.);
#2828=EDGE_CURVE('',#1852,#1989,#920,.T.);
#2830=EDGE_CURVE('',#1850,#1852,#1483,.T.);
#2844=EDGE_CURVE('',#1843,#1844,#940,.T.);
#2848=EDGE_CURVE('',#1782,#1852,#936,.T.);
#2860=EDGE_CURVE('',#1833,#1834,#950,.T.);
#2862=EDGE_CURVE('',#1833,#1868,#954,.T.);
#2864=EDGE_CURVE('',#1824,#1868,#1439,.T.);
#2877=EDGE_CURVE('',#1840,#1826,#1387,.T.);
#2879=EDGE_CURVE('',#1840,#1829,#962,.T.);
#2881=EDGE_CURVE('',#1829,#1830,#966,.T.);
#2894=EDGE_CURVE('',#1701,#1697,#984,.T.);
#2896=EDGE_CURVE('',#1833,#1701,#1089,.T.);
#2906=EDGE_CURVE('',#1733,#1734,#976,.T.);
#2908=EDGE_CURVE('',#1734,#1736,#980,.T.);
#2910=EDGE_CURVE('',#1702,#1736,#1029,.T.);
#2912=EDGE_CURVE('',#1701,#1702,#1093,.T.);
#2916=EDGE_CURVE('',#1698,#1706,#993,.T.);
#2918=EDGE_CURVE('',#1705,#1706,#1077,.T.);
#2920=EDGE_CURVE('',#1738,#1705,#1269,.T.);
#2922=EDGE_CURVE('',#1738,#1733,#997,.T.);
#2933=EDGE_CURVE('',#1734,#1725,#1005,.T.);
#2936=EDGE_CURVE('',#1733,#1726,#1001,.T.);
#2947=EDGE_CURVE('',#1736,#1728,#1033,.T.);
#2959=EDGE_CURVE('',#1789,#1790,#1009,.T.);
#2961=EDGE_CURVE('',#1789,#1756,#1013,.T.);
#2963=EDGE_CURVE('',#1754,#1756,#1017,.T.);
#2965=EDGE_CURVE('',#1753,#1754,#1021,.T.);
#2967=EDGE_CURVE('',#1702,#1753,#1025,.T.);
#2972=EDGE_CURVE('',#2003,#1995,#1197,.T.);
#2974=EDGE_CURVE('',#1762,#2003,#1041,.T.);
#2976=EDGE_CURVE('',#1762,#1760,#1045,.T.);
#2978=EDGE_CURVE('',#1759,#1760,#1049,.T.);
#2980=EDGE_CURVE('',#1790,#1759,#1053,.T.);
#2991=EDGE_CURVE('',#1790,#1785,#1061,.T.);
#2993=EDGE_CURVE('',#1785,#1786,#1375,.T.);
#2995=EDGE_CURVE('',#1789,#1786,#1313,.T.);
#3005=EDGE_CURVE('',#1792,#1765,#1121,.T.);
#3007=EDGE_CURVE('',#1785,#1792,#1057,.T.);
#3011=EDGE_CURVE('',#1766,#1759,#1153,.T.);
#3013=EDGE_CURVE('',#1765,#1766,#1355,.T.);
#3023=EDGE_CURVE('',#1798,#1747,#1249,.T.);
#3025=EDGE_CURVE('',#1798,#1795,#1065,.T.);
#3027=EDGE_CURVE('',#1795,#1800,#1069,.T.);
#3029=EDGE_CURVE('',#1769,#1800,#1105,.T.);
#3031=EDGE_CURVE('',#1769,#1770,#1346,.T.);
#3033=EDGE_CURVE('',#1747,#1770,#1149,.T.);
#3043=EDGE_CURVE('',#1692,#1750,#1133,.T.);
#3045=EDGE_CURVE('',#1692,#2007,#1177,.T.);
#3047=EDGE_CURVE('',#2006,#2007,#1209,.T.);
#3049=EDGE_CURVE('',#1750,#2006,#1261,.T.);
#3059=EDGE_CURVE('',#1762,#1684,#1141,.T.);
#3062=EDGE_CURVE('',#2002,#2003,#1193,.T.);
#3064=EDGE_CURVE('',#1684,#2002,#1241,.T.);
#3075=EDGE_CURVE('',#1837,#1840,#1383,.T.);
#3078=EDGE_CURVE('',#1838,#1694,#1073,.T.);
#3080=EDGE_CURVE('',#1741,#1694,#1161,.T.);
#3082=EDGE_CURVE('',#1705,#1741,#1273,.T.);
#3085=EDGE_CURVE('',#1829,#1706,#1081,.T.);
#3095=EDGE_CURVE('',#1686,#1870,#1085,.T.);
#3098=EDGE_CURVE('',#1867,#1868,#1443,.T.);
#3104=EDGE_CURVE('',#1686,#1753,#1165,.T.);
#3114=EDGE_CURVE('',#1980,#1975,#1097,.T.);
#3116=EDGE_CURVE('',#1980,#1769,#1101,.T.);
#3119=EDGE_CURVE('',#1975,#1800,#1109,.T.);
#3129=EDGE_CURVE('',#1987,#1983,#1113,.T.);
#3131=EDGE_CURVE('',#1987,#1792,#1117,.T.);
#3134=EDGE_CURVE('',#1983,#1765,#1125,.T.);
#3144=EDGE_CURVE('',#1748,#1690,#1129,.T.);
#3146=EDGE_CURVE('',#1690,#1692,#1181,.T.);
#3149=EDGE_CURVE('',#1750,#1748,#1257,.T.);
#3159=EDGE_CURVE('',#1682,#1760,#1137,.T.);
#3163=EDGE_CURVE('',#1682,#1684,#1237,.T.);
#3173=EDGE_CURVE('',#1742,#1689,#1145,.T.);
#3175=EDGE_CURVE('',#1689,#1690,#1185,.T.);
#3178=EDGE_CURVE('',#1747,#1748,#1253,.T.);
#3181=EDGE_CURVE('',#1774,#1770,#1342,.T.);
#3183=EDGE_CURVE('',#1744,#1774,#1301,.T.);
#3185=EDGE_CURVE('',#1742,#1744,#1281,.T.);
#3195=EDGE_CURVE('',#1772,#1766,#1359,.T.);
#3200=EDGE_CURVE('',#1681,#1682,#1233,.T.);
#3202=EDGE_CURVE('',#1681,#1754,#1157,.T.);
#3205=EDGE_CURVE('',#1772,#1756,#1309,.T.);
#3216=EDGE_CURVE('',#1694,#1689,#1189,.T.);
#3219=EDGE_CURVE('',#1741,#1742,#1277,.T.);
#3232=EDGE_CURVE('',#1686,#1681,#1229,.T.);
#3245=EDGE_CURVE('',#1999,#2007,#1213,.T.);
#3262=EDGE_CURVE('',#2002,#1994,#1205,.T.);
#3275=EDGE_CURVE('',#2006,#1998,#1221,.T.);
#3301=EDGE_CURVE('',#1802,#1798,#1245,.T.);
#3309=EDGE_CURVE('',#1738,#1730,#1379,.T.);
#3315=EDGE_CURVE('',#1802,#1744,#1285,.T.);
#3327=EDGE_CURVE('',#1802,#1796,#1297,.T.);
#3329=EDGE_CURVE('',#1795,#1796,#1329,.T.);
#3339=EDGE_CURVE('',#1978,#1976,#1289,.T.);
#3341=EDGE_CURVE('',#1796,#1976,#1293,.T.);
#3346=EDGE_CURVE('',#1774,#1978,#1338,.T.);
#3356=EDGE_CURVE('',#1986,#1984,#1305,.T.);
#3358=EDGE_CURVE('',#1772,#1984,#1363,.T.);
#3363=EDGE_CURVE('',#1786,#1986,#1317,.T.);
#3373=EDGE_CURVE('',#1975,#1976,#1325,.T.);
#3376=EDGE_CURVE('',#1978,#1980,#1334,.T.);
#3413=EDGE_CURVE('',#1983,#1984,#1351,.T.);
#3416=EDGE_CURVE('',#1986,#1987,#1371,.T.);
#3469=EDGE_CURVE('',#1668,#1666,#1391,.T.);
#3482=EDGE_CURVE('',#1670,#1665,#1395,.T.);
#3494=EDGE_CURVE('',#1633,#1634,#1399,.T.);
#3505=EDGE_CURVE('',#1678,#1673,#1403,.T.);
#3508=EDGE_CURVE('',#1661,#1662,#1407,.T.);
#3521=EDGE_CURVE('',#1637,#1638,#1421,.T.);
#3534=EDGE_CURVE('',#1641,#1642,#1425,.T.);
#3558=EDGE_CURVE('',#1676,#1674,#1447,.T.);
#3583=EDGE_CURVE('',#1657,#1658,#1465,.T.);
#3596=EDGE_CURVE('',#1653,#1654,#1461,.T.);
#3646=EDGE_CURVE('',#1816,#1814,#1487,.T.);
#3673=EDGE_CURVE('',#1886,#1881,#1504,.T.);
#3683=EDGE_CURVE('',#1961,#1964,#1500,.T.);
#3696=EDGE_CURVE('',#1962,#1966,#1508,.T.);
#3721=EDGE_CURVE('',#1904,#1902,#1512,.T.);
#3725=EDGE_CURVE('',#1896,#1904,#1600,.T.);
#3737=EDGE_CURVE('',#1906,#1904,#1517,.T.);
#3739=EDGE_CURVE('',#1906,#1901,#1554,.T.);
#3749=EDGE_CURVE('',#1908,#1906,#1542,.T.);
#3752=EDGE_CURVE('',#1910,#1904,#1596,.T.);
#3754=EDGE_CURVE('',#1908,#1910,#1522,.T.);
#3767=EDGE_CURVE('',#1933,#1906,#1558,.T.);
#3770=EDGE_CURVE('',#1937,#1908,#1566,.T.);
#3796=EDGE_CURVE('',#1912,#1908,#1570,.T.);
#3810=EDGE_CURVE('',#1914,#1910,#1587,.T.);
#3812=EDGE_CURVE('',#1912,#1914,#1583,.T.);
#3823=EDGE_CURVE('',#1894,#1910,#1591,.T.);
#3826=EDGE_CURVE('',#1892,#1914,#1609,.T.);
#3848=EDGE_CURVE('',#1918,#1914,#1605,.T.);
#3852=EDGE_CURVE('',#1889,#1918,#1622,.T.);
#3887=EDGE_CURVE('',#2023,#1952,#1626,.T.);
#3893=EDGE_CURVE('',#2022,#1956,#1630,.T.);
#3913=(LENGTH_UNIT()NAMED_UNIT(*)SI_UNIT(.MILLI.,.METRE.));
#3915=(NAMED_UNIT(*)PLANE_ANGLE_UNIT()SI_UNIT($,.RADIAN.));
#3918=(NAMED_UNIT(*)SI_UNIT($,.STERADIAN.)SOLID_ANGLE_UNIT());
#3921=ADVANCED_BREP_SHAPE_REPRESENTATION('',(#3912),#3920);
#3928=PRODUCT_DEFINITION('design','',#3927,#3924);
#3929=PRODUCT_DEFINITION_SHAPE('','SHAPE FOR GUDINGZUO-AMS-HT.',#3928);
#3930=SHAPE_DEFINITION_REPRESENTATION(#3929,#3921);
ENDSEC;
END-ISO-10303-21;
