ISO-10303-21;
HEADER;
FILE_DESCRIPTION((''),'2;1');
FILE_NAME('FILAMENT-TRACK-SWITCH-HOLDER-ID','2026-01-27T19:02:22',(
'jiarong.huang'),(''),'CREO PARAMETRIC BY PTC INC, 2019164',
'CREO PARAMETRIC BY PTC INC, 2019164','');
FILE_SCHEMA(('CONFIG_CONTROL_DESIGN','SHAPE_APPEARANCE_LAYERS_GROUPS'));
ENDSEC;
DATA;
#367=CARTESIAN_POINT('',(-1.919999992778E1,3.5E0,1.935000000252E1));
#368=DIRECTION('',(-1.E0,0.E0,0.E0));
#369=DIRECTION('',(0.E0,-1.E0,0.E0));
#370=AXIS2_PLACEMENT_3D('',#367,#368,#369);
#372=DRAUGHTING_PRE_DEFINED_CURVE_FONT('continuous');
#373=CURVE_STYLE('',#372,POSITIVE_LENGTH_MEASURE(2.E-2),#84);
#374=PRESENTATION_STYLE_ASSIGNMENT((#373));
#375=STYLED_ITEM('',(#374),#371);
#376=CARTESIAN_POINT('',(-1.919999992778E1,3.5E0,1.935000000252E1));
#377=DIRECTION('',(-1.E0,0.E0,0.E0));
#378=DIRECTION('',(0.E0,1.E0,0.E0));
#379=AXIS2_PLACEMENT_3D('',#376,#377,#378);
#381=CURVE_STYLE('',#372,POSITIVE_LENGTH_MEASURE(2.E-2),#84);
#382=PRESENTATION_STYLE_ASSIGNMENT((#381));
#383=STYLED_ITEM('',(#382),#380);
#384=CARTESIAN_POINT('',(-1.919999992778E1,3.5E0,1.935000000252E1));
#385=DIRECTION('',(1.E0,0.E0,0.E0));
#386=DIRECTION('',(0.E0,7.580055171248E-1,-6.522481399041E-1));
#387=AXIS2_PLACEMENT_3D('',#384,#385,#386);
#389=CURVE_STYLE('',#372,POSITIVE_LENGTH_MEASURE(2.E-2),#84);
#390=PRESENTATION_STYLE_ASSIGNMENT((#389));
#391=STYLED_ITEM('',(#390),#388);
#392=CARTESIAN_POINT('',(-1.919999992778E1,3.5E0,1.935000000252E1));
#393=DIRECTION('',(1.E0,0.E0,0.E0));
#394=DIRECTION('',(0.E0,-7.580055171248E-1,6.522481399041E-1));
#395=AXIS2_PLACEMENT_3D('',#392,#393,#394);
#397=CURVE_STYLE('',#372,POSITIVE_LENGTH_MEASURE(2.E-2),#84);
#398=PRESENTATION_STYLE_ASSIGNMENT((#397));
#399=STYLED_ITEM('',(#398),#396);
#400=DIRECTION('',(-1.E0,-1.317464655889E-14,0.E0));
#401=VECTOR('',#400,1.5E0);
#402=CARTESIAN_POINT('',(-1.919999992778E1,1.E0,1.935000000252E1));
#403=LINE('',#402,#401);
#404=CURVE_STYLE('',#372,POSITIVE_LENGTH_MEASURE(2.E-2),#84);
#405=PRESENTATION_STYLE_ASSIGNMENT((#404));
#406=STYLED_ITEM('',(#405),#403);
#407=DIRECTION('',(-1.E0,-1.361873576874E-14,0.E0));
#408=VECTOR('',#407,1.5E0);
#409=CARTESIAN_POINT('',(-1.919999992778E1,6.E0,1.935000000252E1));
#410=LINE('',#409,#408);
#411=CURVE_STYLE('',#372,POSITIVE_LENGTH_MEASURE(2.E-2),#84);
#412=PRESENTATION_STYLE_ASSIGNMENT((#411));
#413=STYLED_ITEM('',(#412),#410);
#414=CARTESIAN_POINT('',(-2.069999992778E1,-6.437843477002E1,
-6.827643934431E1));
#415=DIRECTION('',(-1.E0,0.E0,0.E0));
#416=DIRECTION('',(0.E0,-6.522481399042E-1,-7.580055171247E-1));
#417=AXIS2_PLACEMENT_3D('',#414,#415,#416);
#419=CURVE_STYLE('',#372,POSITIVE_LENGTH_MEASURE(2.E-2),#84);
#420=PRESENTATION_STYLE_ASSIGNMENT((#419));
#421=STYLED_ITEM('',(#420),#418);
#422=DIRECTION('',(-3.552713678820E-14,-7.580055171248E-1,6.522481399042E-1));
#423=VECTOR('',#422,4.999999999972E-1);
#424=CARTESIAN_POINT('',(-2.069999992778E1,-6.726067271098E1,
-7.239259099988E1));
#425=LINE('',#424,#423);
#426=CURVE_STYLE('',#372,POSITIVE_LENGTH_MEASURE(2.E-2),#84);
#427=PRESENTATION_STYLE_ASSIGNMENT((#426));
#428=STYLED_ITEM('',(#427),#425);
#429=CARTESIAN_POINT('',(-2.069999992778E1,-6.399943201145E1,
-6.860256341426E1));
#430=DIRECTION('',(-1.E0,0.E0,0.E0));
#431=DIRECTION('',(0.E0,7.580055171249E-1,-6.522481399039E-1));
#432=AXIS2_PLACEMENT_3D('',#429,#430,#431);
#434=CURVE_STYLE('',#372,POSITIVE_LENGTH_MEASURE(2.E-2),#84);
#435=PRESENTATION_STYLE_ASSIGNMENT((#434));
#436=STYLED_ITEM('',(#435),#433);
#437=DIRECTION('',(0.E0,-6.522481399046E-1,-7.580055171244E-1));
#438=VECTOR('',#437,5.613421520745E1);
#439=CARTESIAN_POINT('',(-2.069999992778E1,-2.359596697177E1,
-2.931375928709E1));
#440=LINE('',#439,#438);
#441=CURVE_STYLE('',#372,POSITIVE_LENGTH_MEASURE(2.E-2),#84);
#442=PRESENTATION_STYLE_ASSIGNMENT((#441));
#443=STYLED_ITEM('',(#442),#440);
#444=CARTESIAN_POINT('',(-2.069999992778E1,-1.980593938615E1,
-3.257499998663E1));
#445=DIRECTION('',(1.E0,0.E0,-1.418043850165E-14));
#446=DIRECTION('',(1.421085471518E-14,-6.963318810437E-14,1.E0));
#447=AXIS2_PLACEMENT_3D('',#444,#445,#446);
#449=CURVE_STYLE('',#372,POSITIVE_LENGTH_MEASURE(2.E-2),#84);
#450=PRESENTATION_STYLE_ASSIGNMENT((#449));
#451=STYLED_ITEM('',(#450),#448);
#452=DIRECTION('',(0.E0,-1.E0,0.E0));
#453=VECTOR('',#452,3.078006803039E1);
#454=CARTESIAN_POINT('',(-2.069999992778E1,1.097412864424E1,-2.757499998662E1));
#455=LINE('',#454,#453);
#456=CURVE_STYLE('',#372,POSITIVE_LENGTH_MEASURE(2.E-2),#84);
#457=PRESENTATION_STYLE_ASSIGNMENT((#456));
#458=STYLED_ITEM('',(#457),#455);
#459=CARTESIAN_POINT('',(-2.069999992778E1,1.097412864424E1,-2.257499998662E1));
#460=DIRECTION('',(-1.E0,0.E0,0.E0));
#461=DIRECTION('',(0.E0,1.E0,8.810729923425E-14));
#462=AXIS2_PLACEMENT_3D('',#459,#460,#461);
#464=CURVE_STYLE('',#372,POSITIVE_LENGTH_MEASURE(2.E-2),#84);
#465=PRESENTATION_STYLE_ASSIGNMENT((#464));
#466=STYLED_ITEM('',(#465),#463);
#467=DIRECTION('',(0.E0,0.E0,-1.E0));
#468=VECTOR('',#467,7.6E1);
#469=CARTESIAN_POINT('',(-2.069999992778E1,1.597412864424E1,5.342500001338E1));
#470=LINE('',#469,#468);
#471=CURVE_STYLE('',#372,POSITIVE_LENGTH_MEASURE(2.E-2),#84);
#472=PRESENTATION_STYLE_ASSIGNMENT((#471));
#473=STYLED_ITEM('',(#472),#470);
#474=CARTESIAN_POINT('',(-2.069999992778E1,1.097412864424E1,5.342500001338E1));
#475=DIRECTION('',(-1.E0,0.E0,0.E0));
#476=DIRECTION('',(0.E0,-6.608047442569E-14,1.E0));
#477=AXIS2_PLACEMENT_3D('',#474,#475,#476);
#479=CURVE_STYLE('',#372,POSITIVE_LENGTH_MEASURE(2.E-2),#84);
#480=PRESENTATION_STYLE_ASSIGNMENT((#479));
#481=STYLED_ITEM('',(#480),#478);
#482=DIRECTION('',(0.E0,1.E0,0.E0));
#483=VECTOR('',#482,3.108123584680E1);
#484=CARTESIAN_POINT('',(-2.069999992778E1,-2.010710720256E1,5.842500001338E1));
#485=LINE('',#484,#483);
#486=CURVE_STYLE('',#372,POSITIVE_LENGTH_MEASURE(2.E-2),#84);
#487=PRESENTATION_STYLE_ASSIGNMENT((#486));
#488=STYLED_ITEM('',(#487),#485);
#489=CARTESIAN_POINT('',(-2.069999992778E1,-2.010710720256E1,6.342500001337E1));
#490=DIRECTION('',(1.E0,0.E0,0.E0));
#491=DIRECTION('',(0.E0,-7.580055171254E-1,-6.522481399034E-1));
#492=AXIS2_PLACEMENT_3D('',#489,#490,#491);
#494=CURVE_STYLE('',#372,POSITIVE_LENGTH_MEASURE(2.E-2),#84);
#495=PRESENTATION_STYLE_ASSIGNMENT((#494));
#496=STYLED_ITEM('',(#495),#493);
#497=DIRECTION('',(0.E0,6.522481399045E-1,-7.580055171244E-1));
#498=VECTOR('',#497,5.567247710812E1);
#499=CARTESIAN_POINT('',(-2.069999992778E1,-6.020940442583E1,1.023638041138E2));
#500=LINE('',#499,#498);
#501=CURVE_STYLE('',#372,POSITIVE_LENGTH_MEASURE(2.E-2),#84);
#502=PRESENTATION_STYLE_ASSIGNMENT((#501));
#503=STYLED_ITEM('',(#502),#500);
#504=CARTESIAN_POINT('',(-2.069999992778E1,-6.399943201145E1,9.910256341424E1));
#505=DIRECTION('',(-1.E0,0.E0,0.E0));
#506=DIRECTION('',(0.E0,-6.522481399007E-1,7.580055171277E-1));
#507=AXIS2_PLACEMENT_3D('',#504,#505,#506);
#509=CURVE_STYLE('',#372,POSITIVE_LENGTH_MEASURE(2.E-2),#84);
#510=PRESENTATION_STYLE_ASSIGNMENT((#509));
#511=STYLED_ITEM('',(#510),#508);
#512=DIRECTION('',(1.421085471414E-14,7.580055170839E-1,6.522481399516E-1));
#513=VECTOR('',#512,5.000000000372E-1);
#514=CARTESIAN_POINT('',(-2.069999992778E1,-6.763967546954E1,1.025664669299E2));
#515=LINE('',#514,#513);
#516=CURVE_STYLE('',#372,POSITIVE_LENGTH_MEASURE(2.E-2),#84);
#517=PRESENTATION_STYLE_ASSIGNMENT((#516));
#518=STYLED_ITEM('',(#517),#515);
#519=CARTESIAN_POINT('',(-2.069999992778E1,-6.437843477002E1,9.877643934430E1));
#520=DIRECTION('',(-1.E0,0.E0,0.E0));
#521=DIRECTION('',(0.E0,-9.971999240784E-1,7.478175859165E-2));
#522=AXIS2_PLACEMENT_3D('',#519,#520,#521);
#524=CURVE_STYLE('',#372,POSITIVE_LENGTH_MEASURE(2.E-2),#84);
#525=PRESENTATION_STYLE_ASSIGNMENT((#524));
#526=STYLED_ITEM('',(#525),#523);
#527=DIRECTION('',(0.E0,0.E0,1.E0));
#528=VECTOR('',#527,1.678006962747E2);
#529=CARTESIAN_POINT('',(-2.069999992778E1,-6.936443439040E1,
-6.865034813744E1));
#530=LINE('',#529,#528);
#531=CURVE_STYLE('',#372,POSITIVE_LENGTH_MEASURE(2.E-2),#84);
#532=PRESENTATION_STYLE_ASSIGNMENT((#531));
#533=STYLED_ITEM('',(#532),#530);
#534=CARTESIAN_POINT('',(-2.069999992778E1,-1.65E1,1.935000000252E1));
#535=DIRECTION('',(1.E0,0.E0,0.E0));
#536=DIRECTION('',(0.E0,-1.E0,0.E0));
#537=AXIS2_PLACEMENT_3D('',#534,#535,#536);
#539=CURVE_STYLE('',#372,POSITIVE_LENGTH_MEASURE(2.E-2),#84);
#540=PRESENTATION_STYLE_ASSIGNMENT((#539));
#541=STYLED_ITEM('',(#540),#538);
#542=CARTESIAN_POINT('',(-2.069999992778E1,-1.65E1,1.935000000252E1));
#543=DIRECTION('',(1.E0,0.E0,0.E0));
#544=DIRECTION('',(0.E0,1.E0,0.E0));
#545=AXIS2_PLACEMENT_3D('',#542,#543,#544);
#547=CURVE_STYLE('',#372,POSITIVE_LENGTH_MEASURE(2.E-2),#84);
#548=PRESENTATION_STYLE_ASSIGNMENT((#547));
#549=STYLED_ITEM('',(#548),#546);
#550=CARTESIAN_POINT('',(-2.069999992778E1,3.5E0,1.935000000252E1));
#551=DIRECTION('',(1.E0,0.E0,0.E0));
#552=DIRECTION('',(0.E0,-1.E0,0.E0));
#553=AXIS2_PLACEMENT_3D('',#550,#551,#552);
#555=CURVE_STYLE('',#372,POSITIVE_LENGTH_MEASURE(2.E-2),#84);
#556=PRESENTATION_STYLE_ASSIGNMENT((#555));
#557=STYLED_ITEM('',(#556),#554);
#558=CARTESIAN_POINT('',(-2.069999992778E1,3.5E0,1.935000000252E1));
#559=DIRECTION('',(1.E0,0.E0,0.E0));
#560=DIRECTION('',(0.E0,1.E0,0.E0));
#561=AXIS2_PLACEMENT_3D('',#558,#559,#560);
#563=CURVE_STYLE('',#372,POSITIVE_LENGTH_MEASURE(2.E-2),#84);
#564=PRESENTATION_STYLE_ASSIGNMENT((#563));
#565=STYLED_ITEM('',(#564),#562);
#566=CARTESIAN_POINT('',(-2.069999992778E1,-6.402587135576E1,9.875E1));
#567=DIRECTION('',(1.E0,0.E0,0.E0));
#568=DIRECTION('',(0.E0,0.E0,1.E0));
#569=AXIS2_PLACEMENT_3D('',#566,#567,#568);
#571=CURVE_STYLE('',#372,POSITIVE_LENGTH_MEASURE(2.E-2),#84);
#572=PRESENTATION_STYLE_ASSIGNMENT((#571));
#573=STYLED_ITEM('',(#572),#570);
#574=CARTESIAN_POINT('',(-2.069999992778E1,-6.402587135576E1,9.875E1));
#575=DIRECTION('',(1.E0,0.E0,0.E0));
#576=DIRECTION('',(0.E0,1.E0,0.E0));
#577=AXIS2_PLACEMENT_3D('',#574,#575,#576);
#579=CURVE_STYLE('',#372,POSITIVE_LENGTH_MEASURE(2.E-2),#84);
#580=PRESENTATION_STYLE_ASSIGNMENT((#579));
#581=STYLED_ITEM('',(#580),#578);
#582=CARTESIAN_POINT('',(-2.069999992778E1,-6.402587135576E1,9.875E1));
#583=DIRECTION('',(1.E0,0.E0,0.E0));
#584=DIRECTION('',(0.E0,0.E0,-1.E0));
#585=AXIS2_PLACEMENT_3D('',#582,#583,#584);
#587=CURVE_STYLE('',#372,POSITIVE_LENGTH_MEASURE(2.E-2),#84);
#588=PRESENTATION_STYLE_ASSIGNMENT((#587));
#589=STYLED_ITEM('',(#588),#586);
#590=CARTESIAN_POINT('',(-2.069999992778E1,-6.402587135576E1,9.875E1));
#591=DIRECTION('',(1.E0,0.E0,0.E0));
#592=DIRECTION('',(0.E0,-1.E0,0.E0));
#593=AXIS2_PLACEMENT_3D('',#590,#591,#592);
#595=CURVE_STYLE('',#372,POSITIVE_LENGTH_MEASURE(2.E-2),#84);
#596=PRESENTATION_STYLE_ASSIGNMENT((#595));
#597=STYLED_ITEM('',(#596),#594);
#598=CARTESIAN_POINT('',(-2.069999992778E1,-6.402587135576E1,-6.825E1));
#599=DIRECTION('',(1.E0,0.E0,0.E0));
#600=DIRECTION('',(0.E0,1.055663493129E-13,1.E0));
#601=AXIS2_PLACEMENT_3D('',#598,#599,#600);
#603=CURVE_STYLE('',#372,POSITIVE_LENGTH_MEASURE(2.E-2),#84);
#604=PRESENTATION_STYLE_ASSIGNMENT((#603));
#605=STYLED_ITEM('',(#604),#602);
#606=CARTESIAN_POINT('',(-2.069999992778E1,-6.402587135576E1,-6.825E1));
#607=DIRECTION('',(1.E0,0.E0,0.E0));
#608=DIRECTION('',(0.E0,1.E0,0.E0));
#609=AXIS2_PLACEMENT_3D('',#606,#607,#608);
#611=CURVE_STYLE('',#372,POSITIVE_LENGTH_MEASURE(2.E-2),#84);
#612=PRESENTATION_STYLE_ASSIGNMENT((#611));
#613=STYLED_ITEM('',(#612),#610);
#614=CARTESIAN_POINT('',(-2.069999992778E1,-6.402587135576E1,-6.825E1));
#615=DIRECTION('',(1.E0,0.E0,0.E0));
#616=DIRECTION('',(0.E0,1.055663493129E-13,-1.E0));
#617=AXIS2_PLACEMENT_3D('',#614,#615,#616);
#619=CURVE_STYLE('',#372,POSITIVE_LENGTH_MEASURE(2.E-2),#84);
#620=PRESENTATION_STYLE_ASSIGNMENT((#619));
#621=STYLED_ITEM('',(#620),#618);
#622=CARTESIAN_POINT('',(-2.069999992778E1,-6.402587135576E1,-6.825E1));
#623=DIRECTION('',(1.E0,0.E0,0.E0));
#624=DIRECTION('',(0.E0,-1.E0,0.E0));
#625=AXIS2_PLACEMENT_3D('',#622,#623,#624);
#627=CURVE_STYLE('',#372,POSITIVE_LENGTH_MEASURE(2.E-2),#84);
#628=PRESENTATION_STYLE_ASSIGNMENT((#627));
#629=STYLED_ITEM('',(#628),#626);
#630=CARTESIAN_POINT('',(-2.069999992778E1,-5.686443439040E1,2.878893046734E1));
#631=DIRECTION('',(1.E0,0.E0,0.E0));
#632=DIRECTION('',(0.E0,-1.E0,-2.636113549670E-13));
#633=AXIS2_PLACEMENT_3D('',#630,#631,#632);
#635=CURVE_STYLE('',#372,POSITIVE_LENGTH_MEASURE(2.E-2),#84);
#636=PRESENTATION_STYLE_ASSIGNMENT((#635));
#637=STYLED_ITEM('',(#636),#634);
#638=DIRECTION('',(0.E0,0.E0,-1.E0));
#639=VECTOR('',#638,5.052305514119E1);
#640=CARTESIAN_POINT('',(-2.069999992778E1,-6.186443439040E1,7.931198560853E1));
#641=LINE('',#640,#639);
#642=CURVE_STYLE('',#372,POSITIVE_LENGTH_MEASURE(2.E-2),#84);
#643=PRESENTATION_STYLE_ASSIGNMENT((#642));
#644=STYLED_ITEM('',(#643),#641);
#645=CARTESIAN_POINT('',(-2.069999992778E1,-5.686443439040E1,7.931198560853E1));
#646=DIRECTION('',(1.E0,0.E0,0.E0));
#647=DIRECTION('',(0.E0,7.580055171244E-1,6.522481399046E-1));
#648=AXIS2_PLACEMENT_3D('',#645,#646,#647);
#650=CURVE_STYLE('',#372,POSITIVE_LENGTH_MEASURE(2.E-2),#84);
#651=PRESENTATION_STYLE_ASSIGNMENT((#650));
#652=STYLED_ITEM('',(#651),#649);
#653=DIRECTION('',(0.E0,-6.522481399047E-1,7.580055171243E-1));
#654=VECTOR('',#653,3.332631095671E1);
#655=CARTESIAN_POINT('',(-2.069999992778E1,-3.133738247338E1,5.731169873746E1));
#656=LINE('',#655,#654);
#657=CURVE_STYLE('',#372,POSITIVE_LENGTH_MEASURE(2.E-2),#84);
#658=PRESENTATION_STYLE_ASSIGNMENT((#657));
#659=STYLED_ITEM('',(#658),#656);
#660=CARTESIAN_POINT('',(-2.069999992778E1,-3.512741005899E1,5.405045803794E1));
#661=DIRECTION('',(1.E0,0.E0,0.E0));
#662=DIRECTION('',(0.E0,1.E0,0.E0));
#663=AXIS2_PLACEMENT_3D('',#660,#661,#662);
#665=CURVE_STYLE('',#372,POSITIVE_LENGTH_MEASURE(2.E-2),#84);
#666=PRESENTATION_STYLE_ASSIGNMENT((#665));
#667=STYLED_ITEM('',(#666),#664);
#668=CARTESIAN_POINT('',(-2.069999992778E1,-3.512741005899E1,5.405045803794E1));
#669=DIRECTION('',(1.E0,0.E0,0.E0));
#670=DIRECTION('',(0.E0,7.580055171244E-1,-6.522481399046E-1));
#671=AXIS2_PLACEMENT_3D('',#668,#669,#670);
#673=CURVE_STYLE('',#372,POSITIVE_LENGTH_MEASURE(2.E-2),#84);
#674=PRESENTATION_STYLE_ASSIGNMENT((#673));
#675=STYLED_ITEM('',(#674),#672);
#676=DIRECTION('',(0.E0,6.522481399047E-1,7.580055171243E-1));
#677=VECTOR('',#676,3.332631095672E1);
#678=CARTESIAN_POINT('',(-2.069999992778E1,-5.307440680478E1,2.552768976782E1));
#679=LINE('',#678,#677);
#680=CURVE_STYLE('',#372,POSITIVE_LENGTH_MEASURE(2.E-2),#84);
#681=PRESENTATION_STYLE_ASSIGNMENT((#680));
#682=STYLED_ITEM('',(#681),#679);
#683=CARTESIAN_POINT('',(-2.069999992778E1,-3.512741005908E1,
-2.355045803803E1));
#684=DIRECTION('',(1.E0,0.E0,0.E0));
#685=DIRECTION('',(0.E0,7.580055171242E-1,-6.522481399048E-1));
#686=AXIS2_PLACEMENT_3D('',#683,#684,#685);
#688=CURVE_STYLE('',#372,POSITIVE_LENGTH_MEASURE(2.E-2),#84);
#689=PRESENTATION_STYLE_ASSIGNMENT((#688));
#690=STYLED_ITEM('',(#689),#687);
#691=DIRECTION('',(0.E0,6.522481399046E-1,7.580055171243E-1));
#692=VECTOR('',#691,3.332631095658E1);
#693=CARTESIAN_POINT('',(-2.069999992778E1,-5.307440680478E1,
-5.207322630804E1));
#694=LINE('',#693,#692);
#695=CURVE_STYLE('',#372,POSITIVE_LENGTH_MEASURE(2.E-2),#84);
#696=PRESENTATION_STYLE_ASSIGNMENT((#695));
#697=STYLED_ITEM('',(#696),#694);
#698=CARTESIAN_POINT('',(-2.069999992778E1,-5.686443439040E1,
-4.881198560852E1));
#699=DIRECTION('',(1.E0,0.E0,0.E0));
#700=DIRECTION('',(0.E0,-1.E0,-2.913225216616E-13));
#701=AXIS2_PLACEMENT_3D('',#698,#699,#700);
#703=CURVE_STYLE('',#372,POSITIVE_LENGTH_MEASURE(2.E-2),#84);
#704=PRESENTATION_STYLE_ASSIGNMENT((#703));
#705=STYLED_ITEM('',(#704),#702);
#706=DIRECTION('',(0.E0,0.E0,-1.E0));
#707=VECTOR('',#706,5.052305514098E1);
#708=CARTESIAN_POINT('',(-2.069999992778E1,-6.186443439040E1,1.711069532465E0));
#709=LINE('',#708,#707);
#710=CURVE_STYLE('',#372,POSITIVE_LENGTH_MEASURE(2.E-2),#84);
#711=PRESENTATION_STYLE_ASSIGNMENT((#710));
#712=STYLED_ITEM('',(#711),#709);
#713=CARTESIAN_POINT('',(-2.069999992778E1,-5.686443439040E1,1.711069532465E0));
#714=DIRECTION('',(1.E0,0.E0,0.E0));
#715=DIRECTION('',(0.E0,7.580055171245E-1,6.522481399045E-1));
#716=AXIS2_PLACEMENT_3D('',#713,#714,#715);
#718=CURVE_STYLE('',#372,POSITIVE_LENGTH_MEASURE(2.E-2),#84);
#719=PRESENTATION_STYLE_ASSIGNMENT((#718));
#720=STYLED_ITEM('',(#719),#717);
#721=DIRECTION('',(0.E0,-6.522481399046E-1,7.580055171243E-1));
#722=VECTOR('',#721,3.332631095658E1);
#723=CARTESIAN_POINT('',(-2.069999992778E1,-3.133738247346E1,
-2.028921733850E1));
#724=LINE('',#723,#722);
#725=CURVE_STYLE('',#372,POSITIVE_LENGTH_MEASURE(2.E-2),#84);
#726=PRESENTATION_STYLE_ASSIGNMENT((#725));
#727=STYLED_ITEM('',(#726),#724);
#728=CARTESIAN_POINT('',(-2.069999992778E1,-3.512741005908E1,
-2.355045803803E1));
#729=DIRECTION('',(1.E0,0.E0,0.E0));
#730=DIRECTION('',(0.E0,1.E0,0.E0));
#731=AXIS2_PLACEMENT_3D('',#728,#729,#730);
#733=CURVE_STYLE('',#372,POSITIVE_LENGTH_MEASURE(2.E-2),#84);
#734=PRESENTATION_STYLE_ASSIGNMENT((#733));
#735=STYLED_ITEM('',(#734),#732);
#736=CARTESIAN_POINT('',(-2.069999992778E1,2.474128644240E0,2.979976497411E1));
#737=DIRECTION('',(1.E0,0.E0,0.E0));
#738=DIRECTION('',(0.E0,9.770203387968E-2,-9.952157115800E-1));
#739=AXIS2_PLACEMENT_3D('',#736,#737,#738);
#741=CURVE_STYLE('',#372,POSITIVE_LENGTH_MEASURE(2.E-2),#84);
#742=PRESENTATION_STYLE_ASSIGNMENT((#741));
#743=STYLED_ITEM('',(#742),#740);
#744=CARTESIAN_POINT('',(-2.069999992778E1,3.5E0,1.935000000252E1));
#745=DIRECTION('',(-1.E0,0.E0,1.102057292506E-14));
#746=DIRECTION('',(1.147799803920E-14,-6.476890718441E-1,7.619047619051E-1));
#747=AXIS2_PLACEMENT_3D('',#744,#745,#746);
#749=CURVE_STYLE('',#372,POSITIVE_LENGTH_MEASURE(2.E-2),#84);
#750=PRESENTATION_STYLE_ASSIGNMENT((#749));
#751=STYLED_ITEM('',(#750),#748);
#752=CARTESIAN_POINT('',(-2.069999992778E1,-3.300735254368E0,2.735000000252E1));
#753=DIRECTION('',(1.E0,0.E0,1.357506226342E-14));
#754=DIRECTION('',(1.332267629550E-14,-1.276756478319E-13,-1.E0));
#755=AXIS2_PLACEMENT_3D('',#752,#753,#754);
#757=CURVE_STYLE('',#372,POSITIVE_LENGTH_MEASURE(2.E-2),#84);
#758=PRESENTATION_STYLE_ASSIGNMENT((#757));
#759=STYLED_ITEM('',(#758),#756);
#760=CARTESIAN_POINT('',(-2.069999992778E1,-9.699264745632E0,2.735000000252E1));
#761=DIRECTION('',(1.E0,0.E0,1.357506226343E-14));
#762=DIRECTION('',(1.332267629550E-14,-6.476890718452E-1,-7.619047619042E-1));
#763=AXIS2_PLACEMENT_3D('',#760,#761,#762);
#765=CURVE_STYLE('',#372,POSITIVE_LENGTH_MEASURE(2.E-2),#84);
#766=PRESENTATION_STYLE_ASSIGNMENT((#765));
#767=STYLED_ITEM('',(#766),#764);
#768=CARTESIAN_POINT('',(-2.069999992778E1,-1.65E1,1.935000000252E1));
#769=DIRECTION('',(-1.E0,0.E0,0.E0));
#770=DIRECTION('',(0.E0,4.515510897495E-2,9.989799878543E-1));
#771=AXIS2_PLACEMENT_3D('',#768,#769,#770);
#773=CURVE_STYLE('',#372,POSITIVE_LENGTH_MEASURE(2.E-2),#84);
#774=PRESENTATION_STYLE_ASSIGNMENT((#773));
#775=STYLED_ITEM('',(#774),#772);
#776=CARTESIAN_POINT('',(-2.069999992778E1,-1.602587135576E1,2.983928987499E1));
#777=DIRECTION('',(1.E0,0.E0,0.E0));
#778=DIRECTION('',(0.E0,-1.E0,1.287858708565E-13));
#779=AXIS2_PLACEMENT_3D('',#776,#777,#778);
#781=CURVE_STYLE('',#372,POSITIVE_LENGTH_MEASURE(2.E-2),#84);
#782=PRESENTATION_STYLE_ASSIGNMENT((#781));
#783=STYLED_ITEM('',(#782),#780);
#784=CARTESIAN_POINT('',(-2.069999992778E1,-1.702587135576E1,4.592500001338E1));
#785=DIRECTION('',(1.E0,0.E0,0.E0));
#786=DIRECTION('',(0.E0,6.513308411135E-14,1.E0));
#787=AXIS2_PLACEMENT_3D('',#784,#785,#786);
#789=CURVE_STYLE('',#372,POSITIVE_LENGTH_MEASURE(2.E-2),#84);
#790=PRESENTATION_STYLE_ASSIGNMENT((#789));
#791=STYLED_ITEM('',(#790),#788);
#792=CARTESIAN_POINT('',(-2.069999992778E1,3.474128644240E0,4.592500001338E1));
#793=DIRECTION('',(1.E0,0.E0,0.E0));
#794=DIRECTION('',(0.E0,1.E0,-3.315866100214E-14));
#795=AXIS2_PLACEMENT_3D('',#792,#793,#794);
#797=CURVE_STYLE('',#372,POSITIVE_LENGTH_MEASURE(2.E-2),#84);
#798=PRESENTATION_STYLE_ASSIGNMENT((#797));
#799=STYLED_ITEM('',(#798),#796);
#800=CARTESIAN_POINT('',(-2.069999992778E1,-1.15E1,-1.031662478783E1));
#801=DIRECTION('',(1.E0,0.E0,0.E0));
#802=DIRECTION('',(0.E0,1.E0,-1.018444587923E-13));
#803=AXIS2_PLACEMENT_3D('',#800,#801,#802);
#805=CURVE_STYLE('',#372,POSITIVE_LENGTH_MEASURE(2.E-2),#84);
#806=PRESENTATION_STYLE_ASSIGNMENT((#805));
#807=STYLED_ITEM('',(#806),#804);
#808=DIRECTION('',(0.E0,-1.045272586237E-14,1.E0));
#809=VECTOR('',#808,4.758375198787E0);
#810=CARTESIAN_POINT('',(-2.069999992778E1,-8.5E0,-1.507499998662E1));
#811=LINE('',#810,#809);
#812=CURVE_STYLE('',#372,POSITIVE_LENGTH_MEASURE(2.E-2),#84);
#813=PRESENTATION_STYLE_ASSIGNMENT((#812));
#814=STYLED_ITEM('',(#813),#811);
#815=CARTESIAN_POINT('',(-2.069999992778E1,-1.15E1,-1.507499998662E1));
#816=DIRECTION('',(1.E0,0.E0,0.E0));
#817=DIRECTION('',(0.E0,-1.012523398458E-13,-1.E0));
#818=AXIS2_PLACEMENT_3D('',#815,#816,#817);
#820=CURVE_STYLE('',#372,POSITIVE_LENGTH_MEASURE(2.E-2),#84);
#821=PRESENTATION_STYLE_ASSIGNMENT((#820));
#822=STYLED_ITEM('',(#821),#819);
#823=DIRECTION('',(0.E0,1.E0,-2.571694815224E-14));
#824=VECTOR('',#823,5.525871355760E0);
#825=CARTESIAN_POINT('',(-2.069999992778E1,-1.702587135576E1,
-1.807499998662E1));
#826=LINE('',#825,#824);
#827=CURVE_STYLE('',#372,POSITIVE_LENGTH_MEASURE(2.E-2),#84);
#828=PRESENTATION_STYLE_ASSIGNMENT((#827));
#829=STYLED_ITEM('',(#828),#826);
#830=CARTESIAN_POINT('',(-2.069999992778E1,-1.702587135576E1,
-1.507499998662E1));
#831=DIRECTION('',(1.E0,0.E0,0.E0));
#832=DIRECTION('',(0.E0,-1.E0,2.954673542869E-13));
#833=AXIS2_PLACEMENT_3D('',#830,#831,#832);
#835=CURVE_STYLE('',#372,POSITIVE_LENGTH_MEASURE(2.E-2),#84);
#836=PRESENTATION_STYLE_ASSIGNMENT((#835));
#837=STYLED_ITEM('',(#836),#834);
#838=DIRECTION('',(0.E0,-1.617857958263E-14,-1.E0));
#839=VECTOR('',#838,2.393571011667E1);
#840=CARTESIAN_POINT('',(-2.069999992778E1,-2.002587135576E1,8.860710130047E0));
#841=LINE('',#840,#839);
#842=CURVE_STYLE('',#372,POSITIVE_LENGTH_MEASURE(2.E-2),#84);
#843=PRESENTATION_STYLE_ASSIGNMENT((#842));
#844=STYLED_ITEM('',(#843),#841);
#845=CARTESIAN_POINT('',(-2.069999992778E1,-1.602587135576E1,8.860710130049E0));
#846=DIRECTION('',(1.E0,0.E0,0.E0));
#847=DIRECTION('',(0.E0,-4.515510897471E-2,9.989799878544E-1));
#848=AXIS2_PLACEMENT_3D('',#845,#846,#847);
#850=CURVE_STYLE('',#372,POSITIVE_LENGTH_MEASURE(2.E-2),#84);
#851=PRESENTATION_STYLE_ASSIGNMENT((#850));
#852=STYLED_ITEM('',(#851),#849);
#853=CARTESIAN_POINT('',(-2.069999992778E1,-1.65E1,1.935000000252E1));
#854=DIRECTION('',(-1.E0,0.E0,-1.620638221533E-14));
#855=DIRECTION('',(1.639714005600E-14,5.263157894734E-1,-8.502891800740E-1));
#856=AXIS2_PLACEMENT_3D('',#853,#854,#855);
#858=CURVE_STYLE('',#372,POSITIVE_LENGTH_MEASURE(2.E-2),#84);
#859=PRESENTATION_STYLE_ASSIGNMENT((#858));
#860=STYLED_ITEM('',(#859),#857);
#861=CARTESIAN_POINT('',(-2.069999992778E1,-1.15E1,1.127225279182E1));
#862=DIRECTION('',(1.E0,0.E0,0.E0));
#863=DIRECTION('',(0.E0,1.E0,6.276460832548E-14));
#864=AXIS2_PLACEMENT_3D('',#861,#862,#863);
#866=CURVE_STYLE('',#372,POSITIVE_LENGTH_MEASURE(2.E-2),#84);
#867=PRESENTATION_STYLE_ASSIGNMENT((#866));
#868=STYLED_ITEM('',(#867),#865);
#869=DIRECTION('',(0.E0,0.E0,1.E0));
#870=VECTOR('',#869,1.495562799894E1);
#871=CARTESIAN_POINT('',(-2.069999992778E1,-8.5E0,-3.683375207123E0));
#872=LINE('',#871,#870);
#873=CURVE_STYLE('',#372,POSITIVE_LENGTH_MEASURE(2.E-2),#84);
#874=PRESENTATION_STYLE_ASSIGNMENT((#873));
#875=STYLED_ITEM('',(#874),#872);
#876=CARTESIAN_POINT('',(-2.069999992778E1,-1.15E1,-3.683375207122E0));
#877=DIRECTION('',(1.E0,2.663247435101E-14,0.E0));
#878=DIRECTION('',(-2.605323364452E-14,8.333333333335E-1,-5.527707983924E-1));
#879=AXIS2_PLACEMENT_3D('',#876,#877,#878);
#881=CURVE_STYLE('',#372,POSITIVE_LENGTH_MEASURE(2.E-2),#84);
#882=PRESENTATION_STYLE_ASSIGNMENT((#881));
#883=STYLED_ITEM('',(#882),#880);
#884=CARTESIAN_POINT('',(-2.069999992778E1,-6.5E0,-6.999999997478E0));
#885=DIRECTION('',(-1.E0,0.E0,0.E0));
#886=DIRECTION('',(0.E0,-1.E0,0.E0));
#887=AXIS2_PLACEMENT_3D('',#884,#885,#886);
#889=CURVE_STYLE('',#372,POSITIVE_LENGTH_MEASURE(2.E-2),#84);
#890=PRESENTATION_STYLE_ASSIGNMENT((#889));
#891=STYLED_ITEM('',(#890),#888);
#892=CARTESIAN_POINT('',(-2.069999992778E1,-6.5E0,-6.999999997478E0));
#893=DIRECTION('',(-1.E0,0.E0,0.E0));
#894=DIRECTION('',(0.E0,-8.333333333334E-1,-5.527707983925E-1));
#895=AXIS2_PLACEMENT_3D('',#892,#893,#894);
#897=CURVE_STYLE('',#372,POSITIVE_LENGTH_MEASURE(2.E-2),#84);
#898=PRESENTATION_STYLE_ASSIGNMENT((#897));
#899=STYLED_ITEM('',(#898),#896);
#900=CARTESIAN_POINT('',(-2.069999992778E1,-1.5E0,-1.031662478783E1));
#901=DIRECTION('',(1.E0,0.E0,0.E0));
#902=DIRECTION('',(0.E0,-8.333333333333E-1,5.527707983926E-1));
#903=AXIS2_PLACEMENT_3D('',#900,#901,#902);
#905=CURVE_STYLE('',#372,POSITIVE_LENGTH_MEASURE(2.E-2),#84);
#906=PRESENTATION_STYLE_ASSIGNMENT((#905));
#907=STYLED_ITEM('',(#906),#904);
#908=CARTESIAN_POINT('',(-2.069999992778E1,-6.5E0,-6.999999997478E0));
#909=DIRECTION('',(-1.E0,0.E0,0.E0));
#910=DIRECTION('',(0.E0,1.E0,0.E0));
#911=AXIS2_PLACEMENT_3D('',#908,#909,#910);
#913=CURVE_STYLE('',#372,POSITIVE_LENGTH_MEASURE(2.E-2),#84);
#914=PRESENTATION_STYLE_ASSIGNMENT((#913));
#915=STYLED_ITEM('',(#914),#912);
#916=CARTESIAN_POINT('',(-2.069999992778E1,-6.5E0,-6.999999997478E0));
#917=DIRECTION('',(-1.E0,0.E0,0.E0));
#918=DIRECTION('',(0.E0,8.333333333333E-1,5.527707983926E-1));
#919=AXIS2_PLACEMENT_3D('',#916,#917,#918);
#921=CURVE_STYLE('',#372,POSITIVE_LENGTH_MEASURE(2.E-2),#84);
#922=PRESENTATION_STYLE_ASSIGNMENT((#921));
#923=STYLED_ITEM('',(#922),#920);
#924=CARTESIAN_POINT('',(-2.069999992778E1,-1.5E0,-3.683375207122E0));
#925=DIRECTION('',(1.E0,-2.663247435099E-14,0.E0));
#926=DIRECTION('',(-2.605323364454E-14,-1.E0,-3.404683942184E-14));
#927=AXIS2_PLACEMENT_3D('',#924,#925,#926);
#929=CURVE_STYLE('',#372,POSITIVE_LENGTH_MEASURE(2.E-2),#84);
#930=PRESENTATION_STYLE_ASSIGNMENT((#929));
#931=STYLED_ITEM('',(#930),#928);
#932=DIRECTION('',(0.E0,0.E0,-1.E0));
#933=VECTOR('',#932,1.495562799894E1);
#934=CARTESIAN_POINT('',(-2.069999992778E1,-4.5E0,1.127225279182E1));
#935=LINE('',#934,#933);
#936=CURVE_STYLE('',#372,POSITIVE_LENGTH_MEASURE(2.E-2),#84);
#937=PRESENTATION_STYLE_ASSIGNMENT((#936));
#938=STYLED_ITEM('',(#937),#935);
#939=CARTESIAN_POINT('',(-2.069999992778E1,-1.5E0,1.127225279182E1));
#940=DIRECTION('',(1.E0,0.E0,0.E0));
#941=DIRECTION('',(0.E0,5.263157894737E-1,8.502891800739E-1));
#942=AXIS2_PLACEMENT_3D('',#939,#940,#941);
#944=CURVE_STYLE('',#372,POSITIVE_LENGTH_MEASURE(2.E-2),#84);
#945=PRESENTATION_STYLE_ASSIGNMENT((#944));
#946=STYLED_ITEM('',(#945),#943);
#947=CARTESIAN_POINT('',(-2.069999992778E1,3.5E0,1.935000000252E1));
#948=DIRECTION('',(-1.E0,-1.350606275221E-14,-3.994357844164E-14));
#949=DIRECTION('',(4.099285014E-14,-9.770203388148E-2,-9.952157115799E-1));
#950=AXIS2_PLACEMENT_3D('',#947,#948,#949);
#952=CURVE_STYLE('',#372,POSITIVE_LENGTH_MEASURE(2.E-2),#84);
#953=PRESENTATION_STYLE_ASSIGNMENT((#952));
#954=STYLED_ITEM('',(#953),#951);
#955=CARTESIAN_POINT('',(-2.069999992778E1,2.474128644240E0,8.900235030932E0));
#956=DIRECTION('',(1.E0,0.E0,0.E0));
#957=DIRECTION('',(0.E0,1.E0,-1.554312234475E-14));
#958=AXIS2_PLACEMENT_3D('',#955,#956,#957);
#960=CURVE_STYLE('',#372,POSITIVE_LENGTH_MEASURE(2.E-2),#84);
#961=PRESENTATION_STYLE_ASSIGNMENT((#960));
#962=STYLED_ITEM('',(#961),#959);
#963=DIRECTION('',(0.E0,0.E0,1.E0));
#964=VECTOR('',#963,2.397523501755E1);
#965=CARTESIAN_POINT('',(-2.069999992778E1,6.474128644240E0,-1.507499998662E1));
#966=LINE('',#965,#964);
#967=CURVE_STYLE('',#372,POSITIVE_LENGTH_MEASURE(2.E-2),#84);
#968=PRESENTATION_STYLE_ASSIGNMENT((#967));
#969=STYLED_ITEM('',(#968),#966);
#970=CARTESIAN_POINT('',(-2.069999992778E1,3.474128644240E0,-1.507499998662E1));
#971=DIRECTION('',(1.E0,0.E0,0.E0));
#972=DIRECTION('',(0.E0,7.327471962526E-14,-1.E0));
#973=AXIS2_PLACEMENT_3D('',#970,#971,#972);
#975=CURVE_STYLE('',#372,POSITIVE_LENGTH_MEASURE(2.E-2),#84);
#976=PRESENTATION_STYLE_ASSIGNMENT((#975));
#977=STYLED_ITEM('',(#976),#974);
#978=DIRECTION('',(0.E0,1.E0,-2.428410556271E-14));
#979=VECTOR('',#978,4.974128644240E0);
#980=CARTESIAN_POINT('',(-2.069999992778E1,-1.5E0,-1.807499998662E1));
#981=LINE('',#980,#979);
#982=CURVE_STYLE('',#372,POSITIVE_LENGTH_MEASURE(2.E-2),#84);
#983=PRESENTATION_STYLE_ASSIGNMENT((#982));
#984=STYLED_ITEM('',(#983),#981);
#985=CARTESIAN_POINT('',(-2.069999992778E1,-1.5E0,-1.507499998662E1));
#986=DIRECTION('',(1.E0,0.E0,0.E0));
#987=DIRECTION('',(0.E0,-1.E0,0.E0));
#988=AXIS2_PLACEMENT_3D('',#985,#986,#987);
#990=CURVE_STYLE('',#372,POSITIVE_LENGTH_MEASURE(2.E-2),#84);
#991=PRESENTATION_STYLE_ASSIGNMENT((#990));
#992=STYLED_ITEM('',(#991),#989);
#993=DIRECTION('',(0.E0,0.E0,-1.E0));
#994=VECTOR('',#993,4.758375198786E0);
#995=CARTESIAN_POINT('',(-2.069999992778E1,-4.5E0,-1.031662478783E1));
#996=LINE('',#995,#994);
#997=CURVE_STYLE('',#372,POSITIVE_LENGTH_MEASURE(2.E-2),#84);
#998=PRESENTATION_STYLE_ASSIGNMENT((#997));
#999=STYLED_ITEM('',(#998),#996);
#1000=DIRECTION('',(0.E0,-6.522481399047E-1,-7.580055171243E-1));
#1001=VECTOR('',#1000,1.748051091585E1);
#1002=CARTESIAN_POINT('',(-2.069999992778E1,-3.781589894138E1,
3.176156441579E1));
#1003=LINE('',#1002,#1001);
#1004=CURVE_STYLE('',#372,POSITIVE_LENGTH_MEASURE(2.E-2),#84);
#1005=PRESENTATION_STYLE_ASSIGNMENT((#1004));
#1006=STYLED_ITEM('',(#1005),#1003);
#1007=CARTESIAN_POINT('',(-2.069999992778E1,-3.402587135576E1,
2.850032371627E1));
#1008=DIRECTION('',(1.E0,0.E0,0.E0));
#1009=DIRECTION('',(0.E0,1.E0,2.486899575160E-14));
#1010=AXIS2_PLACEMENT_3D('',#1007,#1008,#1009);
#1012=CURVE_STYLE('',#372,POSITIVE_LENGTH_MEASURE(2.E-2),#84);
#1013=PRESENTATION_STYLE_ASSIGNMENT((#1012));
#1014=STYLED_ITEM('',(#1013),#1011);
#1015=CARTESIAN_POINT('',(-2.069999992778E1,-3.402587135576E1,
1.999676283540E0));
#1016=DIRECTION('',(1.E0,0.E0,0.E0));
#1017=DIRECTION('',(0.E0,-7.580055171244E-1,-6.522481399046E-1));
#1018=AXIS2_PLACEMENT_3D('',#1015,#1016,#1017);
#1020=CURVE_STYLE('',#372,POSITIVE_LENGTH_MEASURE(2.E-2),#84);
#1021=PRESENTATION_STYLE_ASSIGNMENT((#1020));
#1022=STYLED_ITEM('',(#1021),#1019);
#1023=DIRECTION('',(0.E0,6.522481399046E-1,-7.580055171243E-1));
#1024=VECTOR('',#1023,1.748051091584E1);
#1025=CARTESIAN_POINT('',(-2.069999992778E1,-4.921752967082E1,
1.198875930038E1));
#1026=LINE('',#1025,#1024);
#1027=CURVE_STYLE('',#372,POSITIVE_LENGTH_MEASURE(2.E-2),#84);
#1028=PRESENTATION_STYLE_ASSIGNMENT((#1027));
#1029=STYLED_ITEM('',(#1028),#1026);
#1030=CARTESIAN_POINT('',(-2.069999992778E1,-4.542750208520E1,
1.524999999990E1));
#1031=DIRECTION('',(1.E0,0.E0,0.E0));
#1032=DIRECTION('',(0.E0,-1.E0,0.E0));
#1033=AXIS2_PLACEMENT_3D('',#1030,#1031,#1032);
#1035=CURVE_STYLE('',#372,POSITIVE_LENGTH_MEASURE(2.E-2),#84);
#1036=PRESENTATION_STYLE_ASSIGNMENT((#1035));
#1037=STYLED_ITEM('',(#1036),#1034);
#1038=CARTESIAN_POINT('',(-2.069999992778E1,-4.542750208520E1,
1.524999999990E1));
#1039=DIRECTION('',(1.E0,0.E0,0.E0));
#1040=DIRECTION('',(0.E0,-7.580055171241E-1,6.522481399049E-1));
#1041=AXIS2_PLACEMENT_3D('',#1038,#1039,#1040);
#1043=CURVE_STYLE('',#372,POSITIVE_LENGTH_MEASURE(2.E-2),#84);
#1044=PRESENTATION_STYLE_ASSIGNMENT((#1043));
#1045=STYLED_ITEM('',(#1044),#1042);
#1046=DIRECTION('',(1.E0,9.000207986295E-14,-7.579122514774E-14));
#1047=VECTOR('',#1046,3.E0);
#1048=CARTESIAN_POINT('',(-2.069999992778E1,-6.763967546954E1,
-7.206646692993E1));
#1049=LINE('',#1048,#1047);
#1050=CURVE_STYLE('',#372,POSITIVE_LENGTH_MEASURE(2.E-2),#84);
#1051=PRESENTATION_STYLE_ASSIGNMENT((#1050));
#1052=STYLED_ITEM('',(#1051),#1049);
#1053=DIRECTION('',(-1.E0,4.736951571734E-14,-2.046363078989E-12));
#1054=VECTOR('',#1053,3.E0);
#1055=CARTESIAN_POINT('',(-1.769999992778E1,-6.936443439040E1,
-6.865034813743E1));
#1056=LINE('',#1055,#1054);
#1057=CURVE_STYLE('',#372,POSITIVE_LENGTH_MEASURE(2.E-2),#84);
#1058=PRESENTATION_STYLE_ASSIGNMENT((#1057));
#1059=STYLED_ITEM('',(#1058),#1056);
#1060=CARTESIAN_POINT('',(-1.769999992778E1,-6.437843477002E1,
-6.827643934431E1));
#1061=DIRECTION('',(1.E0,-9.947598300641E-14,-1.278976924368E-13));
#1062=DIRECTION('',(-1.087130385713E-13,-9.971999240758E-1,-7.478175862603E-2));
#1063=AXIS2_PLACEMENT_3D('',#1060,#1061,#1062);
#1065=CURVE_STYLE('',#372,POSITIVE_LENGTH_MEASURE(2.E-2),#84);
#1066=PRESENTATION_STYLE_ASSIGNMENT((#1065));
#1067=STYLED_ITEM('',(#1066),#1064);
#1068=CARTESIAN_POINT('',(-1.669999994165E1,-6.836436429948E1,
-6.861248545605E1));
#1069=CARTESIAN_POINT('',(-1.681109142148E1,-6.847545577931E1,
-6.861716012865E1));
#1070=CARTESIAN_POINT('',(-1.703326472755E1,-6.869773190573E1,
-6.862489326006E1));
#1071=CARTESIAN_POINT('',(-1.736662566175E1,-6.903105077707E1,
-6.863776834571E1));
#1072=CARTESIAN_POINT('',(-1.758886988207E1,-6.925330434469E1,
-6.864618706658E1));
#1073=CARTESIAN_POINT('',(-1.769999992778E1,-6.936443439040E1,
-6.865034813743E1));
#1075=CURVE_STYLE('',#372,POSITIVE_LENGTH_MEASURE(2.E-2),#84);
#1076=PRESENTATION_STYLE_ASSIGNMENT((#1075));
#1077=STYLED_ITEM('',(#1076),#1074);
#1078=DIRECTION('',(7.071067817736E-1,4.612090823841E-1,5.359908408697E-1));
#1079=VECTOR('',#1078,1.414213561199E0);
#1080=CARTESIAN_POINT('',(-1.769999992778E1,-6.763967546954E1,
-7.206646692993E1));
#1081=LINE('',#1080,#1079);
#1082=CURVE_STYLE('',#372,POSITIVE_LENGTH_MEASURE(2.E-2),#84);
#1083=PRESENTATION_STYLE_ASSIGNMENT((#1082));
#1084=STYLED_ITEM('',(#1083),#1081);
#1085=DIRECTION('',(0.E0,0.E0,-1.E0));
#1086=VECTOR('',#1085,1.678006962747E2);
#1087=CARTESIAN_POINT('',(-1.769999992778E1,-6.936443439040E1,
9.915034813725E1));
#1088=LINE('',#1087,#1086);
#1089=CURVE_STYLE('',#372,POSITIVE_LENGTH_MEASURE(2.E-2),#84);
#1090=PRESENTATION_STYLE_ASSIGNMENT((#1089));
#1091=STYLED_ITEM('',(#1090),#1088);
#1092=DIRECTION('',(1.E0,-9.000207986294E-14,-2.842170943040E-14));
#1093=VECTOR('',#1092,3.E0);
#1094=CARTESIAN_POINT('',(-2.069999992778E1,-6.936443439040E1,
9.915034813725E1));
#1095=LINE('',#1094,#1093);
#1096=CURVE_STYLE('',#372,POSITIVE_LENGTH_MEASURE(2.E-2),#84);
#1097=PRESENTATION_STYLE_ASSIGNMENT((#1096));
#1098=STYLED_ITEM('',(#1097),#1095);
#1099=DIRECTION('',(-1.E0,-9.473903143468E-14,-2.842170943041E-14));
#1100=VECTOR('',#1099,3.E0);
#1101=CARTESIAN_POINT('',(-1.769999992778E1,-6.763967546954E1,
1.025664669299E2));
#1102=LINE('',#1101,#1100);
#1103=CURVE_STYLE('',#372,POSITIVE_LENGTH_MEASURE(2.E-2),#84);
#1104=PRESENTATION_STYLE_ASSIGNMENT((#1103));
#1105=STYLED_ITEM('',(#1104),#1102);
#1106=CARTESIAN_POINT('',(-1.769999992778E1,-6.936443439040E1,
9.915034813725E1));
#1107=CARTESIAN_POINT('',(-1.758886988206E1,-6.925330434468E1,
9.914618706146E1));
#1108=CARTESIAN_POINT('',(-1.736662566128E1,-6.903105077611E1,
9.913776836671E1));
#1109=CARTESIAN_POINT('',(-1.703326472563E1,-6.869773190549E1,
9.912489328410E1));
#1110=CARTESIAN_POINT('',(-1.681109142148E1,-6.847545577573E1,
9.911716017904E1));
#1111=CARTESIAN_POINT('',(-1.669999994165E1,-6.836436429590E1,
9.911248550142E1));
#1113=CURVE_STYLE('',#372,POSITIVE_LENGTH_MEASURE(2.E-2),#84);
#1114=PRESENTATION_STYLE_ASSIGNMENT((#1113));
#1115=STYLED_ITEM('',(#1114),#1112);
#1116=CARTESIAN_POINT('',(-1.769999992778E1,-6.437843477002E1,
9.877643934430E1));
#1117=DIRECTION('',(1.E0,7.958078640513E-13,3.268496584496E-13));
#1118=DIRECTION('',(2.714273250613E-13,-6.522481399055E-1,7.580055171236E-1));
#1119=AXIS2_PLACEMENT_3D('',#1116,#1117,#1118);
#1121=CURVE_STYLE('',#372,POSITIVE_LENGTH_MEASURE(2.E-2),#84);
#1122=PRESENTATION_STYLE_ASSIGNMENT((#1121));
#1123=STYLED_ITEM('',(#1122),#1120);
#1124=DIRECTION('',(-7.071067811867E-1,-4.612090827609E-1,5.359908413198E-1));
#1125=VECTOR('',#1124,1.414213562373E0);
#1126=CARTESIAN_POINT('',(-1.669999992778E1,-6.698742732961E1,
1.018084614128E2));
#1127=LINE('',#1126,#1125);
#1128=CURVE_STYLE('',#372,POSITIVE_LENGTH_MEASURE(2.E-2),#84);
#1129=PRESENTATION_STYLE_ASSIGNMENT((#1128));
#1130=STYLED_ITEM('',(#1129),#1127);
#1131=CARTESIAN_POINT('',(-1.670001740314E1,-6.437843477002E1,
-6.827643934431E1));
#1132=DIRECTION('',(1.E0,-9.947598300641E-14,-1.278976924368E-13));
#1133=DIRECTION('',(-1.101336427950E-13,-9.964648863007E-1,-8.401029918824E-2));
#1134=AXIS2_PLACEMENT_3D('',#1131,#1132,#1133);
#1136=CURVE_STYLE('',#372,POSITIVE_LENGTH_MEASURE(2.E-2),#84);
#1137=PRESENTATION_STYLE_ASSIGNMENT((#1136));
#1138=STYLED_ITEM('',(#1137),#1135);
#1139=DIRECTION('',(0.E0,-2.132674956388E-11,-1.E0));
#1140=VECTOR('',#1139,1.677249709575E2);
#1141=CARTESIAN_POINT('',(-1.669999994165E1,-6.836436429590E1,
9.911248550142E1));
#1142=LINE('',#1141,#1140);
#1143=CURVE_STYLE('',#372,POSITIVE_LENGTH_MEASURE(2.E-2),#84);
#1144=PRESENTATION_STYLE_ASSIGNMENT((#1143));
#1145=STYLED_ITEM('',(#1144),#1142);
#1146=CARTESIAN_POINT('',(-1.670001740445E1,-6.437843477002E1,
9.877643934430E1));
#1147=DIRECTION('',(1.E0,7.958078640513E-13,3.268496584496E-13));
#1148=DIRECTION('',(2.708932344318E-13,-6.522481398989E-1,7.580055171293E-1));
#1149=AXIS2_PLACEMENT_3D('',#1146,#1147,#1148);
#1151=CURVE_STYLE('',#372,POSITIVE_LENGTH_MEASURE(2.E-2),#84);
#1152=PRESENTATION_STYLE_ASSIGNMENT((#1151));
#1153=STYLED_ITEM('',(#1152),#1150);
#1154=DIRECTION('',(-5.968558976419E-13,-7.580055088166E-1,-6.522481495595E-1));
#1155=VECTOR('',#1154,5.000000003323E-1);
#1156=CARTESIAN_POINT('',(-1.669999992778E1,-6.660842457495E1,
1.021345854878E2));
#1157=LINE('',#1156,#1155);
#1158=CURVE_STYLE('',#372,POSITIVE_LENGTH_MEASURE(2.E-2),#84);
#1159=PRESENTATION_STYLE_ASSIGNMENT((#1158));
#1160=STYLED_ITEM('',(#1159),#1157);
#1161=CARTESIAN_POINT('',(-1.669999992665E1,-6.399943201145E1,
9.910256341424E1));
#1162=DIRECTION('',(1.E0,9.947598300641E-14,-5.400124791777E-13));
#1163=DIRECTION('',(2.771116661453E-13,7.580055014551E-1,6.522481581146E-1));
#1164=AXIS2_PLACEMENT_3D('',#1161,#1162,#1163);
#1166=CURVE_STYLE('',#372,POSITIVE_LENGTH_MEASURE(2.E-2),#84);
#1167=PRESENTATION_STYLE_ASSIGNMENT((#1166));
#1168=STYLED_ITEM('',(#1167),#1165);
#1169=DIRECTION('',(0.E0,-6.522481397847E-1,7.580055172275E-1));
#1170=VECTOR('',#1169,5.567247714003E1);
#1171=CARTESIAN_POINT('',(-1.669999992778E1,-2.465514030715E1,
5.951151117233E1));
#1172=LINE('',#1171,#1170);
#1173=CURVE_STYLE('',#372,POSITIVE_LENGTH_MEASURE(2.E-2),#84);
#1174=PRESENTATION_STYLE_ASSIGNMENT((#1173));
#1175=STYLED_ITEM('',(#1174),#1172);
#1176=CARTESIAN_POINT('',(-1.669999992819E1,-2.010710720256E1,
6.342500001337E1));
#1177=DIRECTION('',(-1.E0,-4.263256414560E-14,-2.202682480856E-13));
#1178=DIRECTION('',(2.202682479203E-13,-6.653782112880E-9,-1.E0));
#1179=AXIS2_PLACEMENT_3D('',#1176,#1177,#1178);
#1181=CURVE_STYLE('',#372,POSITIVE_LENGTH_MEASURE(2.E-2),#84);
#1182=PRESENTATION_STYLE_ASSIGNMENT((#1181));
#1183=STYLED_ITEM('',(#1182),#1180);
#1184=DIRECTION('',(0.E0,-1.E0,-2.823723549149E-10));
#1185=VECTOR('',#1184,3.108123586038E1);
#1186=CARTESIAN_POINT('',(-1.669999992778E1,1.097412864454E1,5.742500001970E1));
#1187=LINE('',#1186,#1185);
#1188=CURVE_STYLE('',#372,POSITIVE_LENGTH_MEASURE(2.E-2),#84);
#1189=PRESENTATION_STYLE_ASSIGNMENT((#1188));
#1190=STYLED_ITEM('',(#1189),#1187);
#1191=CARTESIAN_POINT('',(-1.669999992665E1,1.097412864424E1,5.342500001338E1));
#1192=DIRECTION('',(1.E0,2.131628207280E-14,1.421085471520E-14));
#1193=DIRECTION('',(-2.131628201151E-14,1.E0,2.393501745469E-8));
#1194=AXIS2_PLACEMENT_3D('',#1191,#1192,#1193);
#1196=CURVE_STYLE('',#372,POSITIVE_LENGTH_MEASURE(2.E-2),#84);
#1197=PRESENTATION_STYLE_ASSIGNMENT((#1196));
#1198=STYLED_ITEM('',(#1197),#1195);
#1199=DIRECTION('',(0.E0,-2.924210580047E-13,1.E0));
#1200=VECTOR('',#1199,7.600000003208E1);
#1201=CARTESIAN_POINT('',(-1.669999992778E1,1.497412865058E1,
-2.257499998693E1));
#1202=LINE('',#1201,#1200);
#1203=CURVE_STYLE('',#372,POSITIVE_LENGTH_MEASURE(2.E-2),#84);
#1204=PRESENTATION_STYLE_ASSIGNMENT((#1203));
#1205=STYLED_ITEM('',(#1204),#1202);
#1206=CARTESIAN_POINT('',(-1.669999992665E1,1.097412864424E1,
-2.257499998662E1));
#1207=DIRECTION('',(1.E0,-7.460698725481E-14,7.105427357601E-14));
#1208=DIRECTION('',(7.105427337099E-14,2.401977454444E-8,-1.E0));
#1209=AXIS2_PLACEMENT_3D('',#1206,#1207,#1208);
#1211=CURVE_STYLE('',#372,POSITIVE_LENGTH_MEASURE(2.E-2),#84);
#1212=PRESENTATION_STYLE_ASSIGNMENT((#1211));
#1213=STYLED_ITEM('',(#1212),#1210);
#1214=DIRECTION('',(0.E0,1.E0,-2.318801920591E-10));
#1215=VECTOR('',#1214,3.078006806227E1);
#1216=CARTESIAN_POINT('',(-1.669999992778E1,-1.980593938614E1,
-2.657499998582E1));
#1217=LINE('',#1216,#1215);
#1218=CURVE_STYLE('',#372,POSITIVE_LENGTH_MEASURE(2.E-2),#84);
#1219=PRESENTATION_STYLE_ASSIGNMENT((#1218));
#1220=STYLED_ITEM('',(#1219),#1217);
#1221=CARTESIAN_POINT('',(-1.669999992791E1,-1.980593938615E1,
-3.257499998663E1));
#1222=DIRECTION('',(-1.E0,-1.776356839400E-14,9.237055564881E-14));
#1223=DIRECTION('',(7.342274934382E-14,-7.580055157042E-1,6.522481415551E-1));
#1224=AXIS2_PLACEMENT_3D('',#1221,#1222,#1223);
#1226=CURVE_STYLE('',#372,POSITIVE_LENGTH_MEASURE(2.E-2),#84);
#1227=PRESENTATION_STYLE_ASSIGNMENT((#1226));
#1228=STYLED_ITEM('',(#1227),#1225);
#1229=DIRECTION('',(0.E0,6.522481398082E-1,7.580055172073E-1));
#1230=VECTOR('',#1229,5.613421521212E1);
#1231=CARTESIAN_POINT('',(-1.669999992778E1,-6.096740993835E1,
-7.121155597824E1));
#1232=LINE('',#1231,#1230);
#1233=CURVE_STYLE('',#372,POSITIVE_LENGTH_MEASURE(2.E-2),#84);
#1234=PRESENTATION_STYLE_ASSIGNMENT((#1233));
#1235=STYLED_ITEM('',(#1234),#1232);
#1236=CARTESIAN_POINT('',(-1.669999992665E1,-6.399943201145E1,
-6.860256341426E1));
#1237=DIRECTION('',(1.E0,-3.552713678800E-14,-5.684341886081E-14));
#1238=DIRECTION('',(-6.661338128531E-14,-6.522481216981E-1,-7.580055327907E-1));
#1239=AXIS2_PLACEMENT_3D('',#1236,#1237,#1238);
#1241=CURVE_STYLE('',#372,POSITIVE_LENGTH_MEASURE(2.E-2),#84);
#1242=PRESENTATION_STYLE_ASSIGNMENT((#1241));
#1243=STYLED_ITEM('',(#1242),#1240);
#1244=DIRECTION('',(-1.421085381032E-14,7.580055110232E-1,-6.522481469950E-1));
#1245=VECTOR('',#1244,5.000000318377E-1);
#1246=CARTESIAN_POINT('',(-1.669999992778E1,-6.698742733068E1,
-7.130846141409E1));
#1247=LINE('',#1246,#1245);
#1248=CURVE_STYLE('',#372,POSITIVE_LENGTH_MEASURE(2.E-2),#84);
#1249=PRESENTATION_STYLE_ASSIGNMENT((#1248));
#1250=STYLED_ITEM('',(#1249),#1247);
#1251=CARTESIAN_POINT('',(-1.669999992778E1,-6.5E0,-6.999999997478E0));
#1252=DIRECTION('',(-1.E0,0.E0,0.E0));
#1253=DIRECTION('',(0.E0,-1.E0,8.694799266538E-14));
#1254=AXIS2_PLACEMENT_3D('',#1251,#1252,#1253);
#1256=CURVE_STYLE('',#372,POSITIVE_LENGTH_MEASURE(2.E-2),#84);
#1257=PRESENTATION_STYLE_ASSIGNMENT((#1256));
#1258=STYLED_ITEM('',(#1257),#1255);
#1259=CARTESIAN_POINT('',(-1.669999992778E1,-6.5E0,-6.999999997478E0));
#1260=DIRECTION('',(-1.E0,0.E0,0.E0));
#1261=DIRECTION('',(0.E0,1.E0,8.694799266538E-14));
#1262=AXIS2_PLACEMENT_3D('',#1259,#1260,#1261);
#1264=CURVE_STYLE('',#372,POSITIVE_LENGTH_MEASURE(2.E-2),#84);
#1265=PRESENTATION_STYLE_ASSIGNMENT((#1264));
#1266=STYLED_ITEM('',(#1265),#1263);
#1267=CARTESIAN_POINT('',(-1.669999992778E1,-6.5E0,1.935000000252E1));
#1268=DIRECTION('',(-1.E0,0.E0,0.E0));
#1269=DIRECTION('',(0.E0,1.E0,9.162261592696E-14));
#1270=AXIS2_PLACEMENT_3D('',#1267,#1268,#1269);
#1272=CURVE_STYLE('',#372,POSITIVE_LENGTH_MEASURE(2.E-2),#84);
#1273=PRESENTATION_STYLE_ASSIGNMENT((#1272));
#1274=STYLED_ITEM('',(#1273),#1271);
#1275=CARTESIAN_POINT('',(-1.669999992778E1,-6.5E0,1.935000000252E1));
#1276=DIRECTION('',(-1.E0,0.E0,0.E0));
#1277=DIRECTION('',(0.E0,-1.E0,4.506336824163E-13));
#1278=AXIS2_PLACEMENT_3D('',#1275,#1276,#1277);
#1280=CURVE_STYLE('',#372,POSITIVE_LENGTH_MEASURE(2.E-2),#84);
#1281=PRESENTATION_STYLE_ASSIGNMENT((#1280));
#1282=STYLED_ITEM('',(#1281),#1279);
#1283=DIRECTION('',(0.E0,-6.522481398259E-1,7.580055171921E-1));
#1284=VECTOR('',#1283,1.748051091579E1);
#1285=CARTESIAN_POINT('',(-1.669999992778E1,-3.857390445988E1,
-1.913812557074E0));
#1286=LINE('',#1285,#1284);
#1287=CURVE_STYLE('',#372,POSITIVE_LENGTH_MEASURE(2.E-2),#84);
#1288=PRESENTATION_STYLE_ASSIGNMENT((#1287));
#1289=STYLED_ITEM('',(#1288),#1286);
#1290=CARTESIAN_POINT('',(-1.670006572054E1,-3.402587135576E1,
1.999676283540E0));
#1291=DIRECTION('',(-1.E0,2.842170943040E-14,-2.975397705995E-14));
#1292=DIRECTION('',(2.842202107374E-14,1.E0,-4.728821559981E-9));
#1293=AXIS2_PLACEMENT_3D('',#1290,#1291,#1292);
#1295=CURVE_STYLE('',#372,POSITIVE_LENGTH_MEASURE(2.E-2),#84);
#1296=PRESENTATION_STYLE_ASSIGNMENT((#1295));
#1297=STYLED_ITEM('',(#1296),#1294);
#1298=DIRECTION('',(0.E0,-2.305855938376E-14,-1.E0));
#1299=VECTOR('',#1298,2.650064744219E1);
#1300=CARTESIAN_POINT('',(-1.669999992778E1,-2.802587135394E1,
2.850032371627E1));
#1301=LINE('',#1300,#1299);
#1302=CURVE_STYLE('',#372,POSITIVE_LENGTH_MEASURE(2.E-2),#84);
#1303=PRESENTATION_STYLE_ASSIGNMENT((#1302));
#1304=STYLED_ITEM('',(#1303),#1301);
#1305=CARTESIAN_POINT('',(-1.670006572054E1,-3.402587135576E1,
2.850032371627E1));
#1306=DIRECTION('',(-1.E0,-2.131628207280E-14,-2.131628207280E-14));
#1307=DIRECTION('',(0.E0,-7.580055140399E-1,6.522481434892E-1));
#1308=AXIS2_PLACEMENT_3D('',#1305,#1306,#1307);
#1310=CURVE_STYLE('',#372,POSITIVE_LENGTH_MEASURE(2.E-2),#84);
#1311=PRESENTATION_STYLE_ASSIGNMENT((#1310));
#1312=STYLED_ITEM('',(#1311),#1309);
#1313=DIRECTION('',(0.E0,6.522481398259E-1,7.580055171921E-1));
#1314=VECTOR('',#1313,1.748051092531E1);
#1315=CARTESIAN_POINT('',(-1.669999992778E1,-4.997553518795E1,
1.916348883933E1));
#1316=LINE('',#1315,#1314);
#1317=CURVE_STYLE('',#372,POSITIVE_LENGTH_MEASURE(2.E-2),#84);
#1318=PRESENTATION_STYLE_ASSIGNMENT((#1317));
#1319=STYLED_ITEM('',(#1318),#1316);
#1320=CARTESIAN_POINT('',(-1.669999992778E1,-4.542750208520E1,
1.524999999990E1));
#1321=DIRECTION('',(-1.E0,1.136868377216E-13,1.101341240428E-13));
#1322=DIRECTION('',(-1.580957587066E-13,-7.580055171138E-1,-6.522481399169E-1));
#1323=AXIS2_PLACEMENT_3D('',#1320,#1321,#1322);
#1325=CURVE_STYLE('',#372,POSITIVE_LENGTH_MEASURE(2.E-2),#84);
#1326=PRESENTATION_STYLE_ASSIGNMENT((#1325));
#1327=STYLED_ITEM('',(#1326),#1324);
#1328=DIRECTION('',(0.E0,0.E0,1.E0));
#1329=VECTOR('',#1328,5.052305515044E1);
#1330=CARTESIAN_POINT('',(-1.669999992778E1,-6.286443439221E1,
-4.881198560852E1));
#1331=LINE('',#1330,#1329);
#1332=CURVE_STYLE('',#372,POSITIVE_LENGTH_MEASURE(2.E-2),#84);
#1333=PRESENTATION_STYLE_ASSIGNMENT((#1332));
#1334=STYLED_ITEM('',(#1333),#1331);
#1335=CARTESIAN_POINT('',(-1.670006572054E1,-5.686443439040E1,
-4.881198560852E1));
#1336=DIRECTION('',(-1.E0,2.842170943040E-14,2.842170943040E-14));
#1337=DIRECTION('',(0.E0,7.580055140402E-1,-6.522481434889E-1));
#1338=AXIS2_PLACEMENT_3D('',#1335,#1336,#1337);
#1340=CURVE_STYLE('',#372,POSITIVE_LENGTH_MEASURE(2.E-2),#84);
#1341=PRESENTATION_STYLE_ASSIGNMENT((#1340));
#1342=STYLED_ITEM('',(#1341),#1339);
#1343=DIRECTION('',(0.E0,-6.522481398633E-1,-7.580055171599E-1));
#1344=VECTOR('',#1343,3.332631096604E1);
#1345=CARTESIAN_POINT('',(-1.669999992778E1,-3.057937695634E1,
-2.746394687745E1));
#1346=LINE('',#1345,#1344);
#1347=CURVE_STYLE('',#372,POSITIVE_LENGTH_MEASURE(2.E-2),#84);
#1348=PRESENTATION_STYLE_ASSIGNMENT((#1347));
#1349=STYLED_ITEM('',(#1348),#1346);
#1350=CARTESIAN_POINT('',(-1.669999992778E1,-3.512741005908E1,
-2.355045803803E1));
#1351=DIRECTION('',(-1.E0,2.415845301584E-13,-4.618527782441E-14));
#1352=DIRECTION('',(1.527666881884E-13,7.580055171137E-1,6.522481399170E-1));
#1353=AXIS2_PLACEMENT_3D('',#1350,#1351,#1352);
#1355=CURVE_STYLE('',#372,POSITIVE_LENGTH_MEASURE(2.E-2),#84);
#1356=PRESENTATION_STYLE_ASSIGNMENT((#1355));
#1357=STYLED_ITEM('',(#1356),#1354);
#1358=DIRECTION('',(0.E0,6.522481398633E-1,-7.580055171599E-1));
#1359=VECTOR('',#1358,3.332631095652E1);
#1360=CARTESIAN_POINT('',(-1.669999992778E1,-5.231640128628E1,
5.624558373078E0));
#1361=LINE('',#1360,#1359);
#1362=CURVE_STYLE('',#372,POSITIVE_LENGTH_MEASURE(2.E-2),#84);
#1363=PRESENTATION_STYLE_ASSIGNMENT((#1362));
#1364=STYLED_ITEM('',(#1363),#1361);
#1365=CARTESIAN_POINT('',(-1.670006572054E1,-5.686443439040E1,
1.711069532465E0));
#1366=DIRECTION('',(-1.E0,0.E0,5.417888360171E-14));
#1367=DIRECTION('',(0.E0,-1.E0,4.728697731749E-9));
#1368=AXIS2_PLACEMENT_3D('',#1365,#1366,#1367);
#1370=CURVE_STYLE('',#372,POSITIVE_LENGTH_MEASURE(2.E-2),#84);
#1371=PRESENTATION_STYLE_ASSIGNMENT((#1370));
#1372=STYLED_ITEM('',(#1371),#1369);
#1373=CARTESIAN_POINT('',(-1.670006572054E1,-5.686443439040E1,
7.931198560853E1));
#1374=DIRECTION('',(-1.E0,-4.973799150321E-14,7.105427357601E-14));
#1375=DIRECTION('',(4.973853687905E-14,-1.E0,4.728727967154E-9));
#1376=AXIS2_PLACEMENT_3D('',#1373,#1374,#1375);
#1378=CURVE_STYLE('',#372,POSITIVE_LENGTH_MEASURE(2.E-2),#84);
#1379=PRESENTATION_STYLE_ASSIGNMENT((#1378));
#1380=STYLED_ITEM('',(#1379),#1377);
#1381=DIRECTION('',(0.E0,0.E0,1.E0));
#1382=VECTOR('',#1381,5.052305515064E1);
#1383=CARTESIAN_POINT('',(-1.669999992778E1,-6.286443439221E1,
2.878893046734E1));
#1384=LINE('',#1383,#1382);
#1385=CURVE_STYLE('',#372,POSITIVE_LENGTH_MEASURE(2.E-2),#84);
#1386=PRESENTATION_STYLE_ASSIGNMENT((#1385));
#1387=STYLED_ITEM('',(#1386),#1384);
#1388=CARTESIAN_POINT('',(-1.670006572054E1,-5.686443439040E1,
2.878893046734E1));
#1389=DIRECTION('',(-1.E0,-2.842170943040E-14,-1.421085471520E-14));
#1390=DIRECTION('',(-1.243463421976E-14,7.580055140400E-1,-6.522481434891E-1));
#1391=AXIS2_PLACEMENT_3D('',#1388,#1389,#1390);
#1393=CURVE_STYLE('',#372,POSITIVE_LENGTH_MEASURE(2.E-2),#84);
#1394=PRESENTATION_STYLE_ASSIGNMENT((#1393));
#1395=STYLED_ITEM('',(#1394),#1392);
#1396=DIRECTION('',(0.E0,-6.522481398634E-1,-7.580055171599E-1));
#1397=VECTOR('',#1396,3.332631096617E1);
#1398=CARTESIAN_POINT('',(-1.669999992778E1,-3.057937695625E1,
5.013696919851E1));
#1399=LINE('',#1398,#1397);
#1400=CURVE_STYLE('',#372,POSITIVE_LENGTH_MEASURE(2.E-2),#84);
#1401=PRESENTATION_STYLE_ASSIGNMENT((#1400));
#1402=STYLED_ITEM('',(#1401),#1399);
#1403=CARTESIAN_POINT('',(-1.669999992778E1,-3.512741005899E1,
5.405045803794E1));
#1404=DIRECTION('',(-1.E0,-1.065814103640E-13,0.E0));
#1405=DIRECTION('',(-8.052817671948E-14,7.580055171139E-1,6.522481399168E-1));
#1406=AXIS2_PLACEMENT_3D('',#1403,#1404,#1405);
#1408=CURVE_STYLE('',#372,POSITIVE_LENGTH_MEASURE(2.E-2),#84);
#1409=PRESENTATION_STYLE_ASSIGNMENT((#1408));
#1410=STYLED_ITEM('',(#1409),#1407);
#1411=DIRECTION('',(0.E0,6.522481398633E-1,-7.580055171599E-1));
#1412=VECTOR('',#1411,3.332631095666E1);
#1413=CARTESIAN_POINT('',(-1.669999992778E1,-5.231640128628E1,
8.322547444914E1));
#1414=LINE('',#1413,#1412);
#1415=CURVE_STYLE('',#372,POSITIVE_LENGTH_MEASURE(2.E-2),#84);
#1416=PRESENTATION_STYLE_ASSIGNMENT((#1415));
#1417=STYLED_ITEM('',(#1416),#1414);
#1418=CARTESIAN_POINT('',(-1.669999992778E1,3.474128644240E0,
-1.507499998662E1));
#1419=DIRECTION('',(-1.E0,2.264854970235E-14,-2.131628207280E-14));
#1420=DIRECTION('',(2.309263891220E-14,1.E0,-4.973799150321E-14));
#1421=AXIS2_PLACEMENT_3D('',#1418,#1419,#1420);
#1423=CURVE_STYLE('',#372,POSITIVE_LENGTH_MEASURE(2.E-2),#84);
#1424=PRESENTATION_STYLE_ASSIGNMENT((#1423));
#1425=STYLED_ITEM('',(#1424),#1422);
#1426=DIRECTION('',(0.E0,0.E0,-1.E0));
#1427=VECTOR('',#1426,2.397523501755E1);
#1428=CARTESIAN_POINT('',(-1.669999992778E1,7.474128644240E0,8.900235030932E0));
#1429=LINE('',#1428,#1427);
#1430=CURVE_STYLE('',#372,POSITIVE_LENGTH_MEASURE(2.E-2),#84);
#1431=PRESENTATION_STYLE_ASSIGNMENT((#1430));
#1432=STYLED_ITEM('',(#1431),#1429);
#1433=CARTESIAN_POINT('',(-1.669999992778E1,2.474128644240E0,8.900235030932E0));
#1434=DIRECTION('',(-1.E0,-1.056932319443E-13,-4.440892098501E-14));
#1435=DIRECTION('',(-5.471179065353E-14,9.770203385811E-2,9.952157115822E-1));
#1436=AXIS2_PLACEMENT_3D('',#1433,#1434,#1435);
#1438=CURVE_STYLE('',#372,POSITIVE_LENGTH_MEASURE(2.E-2),#84);
#1439=PRESENTATION_STYLE_ASSIGNMENT((#1438));
#1440=STYLED_ITEM('',(#1439),#1437);
#1441=CARTESIAN_POINT('',(-1.669999992777E1,3.5E0,1.935000000252E1));
#1442=DIRECTION('',(1.E0,-6.554756737385E-13,-1.556088591314E-12));
#1443=DIRECTION('',(-1.667837585212E-12,-5.263157894738E-1,-8.502891800738E-1));
#1444=AXIS2_PLACEMENT_3D('',#1441,#1442,#1443);
#1446=CURVE_STYLE('',#372,POSITIVE_LENGTH_MEASURE(2.E-2),#84);
#1447=PRESENTATION_STYLE_ASSIGNMENT((#1446));
#1448=STYLED_ITEM('',(#1447),#1445);
#1449=CARTESIAN_POINT('',(-1.670002597804E1,-1.5E0,1.127225279182E1));
#1450=DIRECTION('',(-1.E0,-1.043609643148E-14,4.263256414561E-14));
#1451=DIRECTION('',(1.065821044869E-14,-1.E0,3.064235503997E-14));
#1452=AXIS2_PLACEMENT_3D('',#1449,#1450,#1451);
#1454=CURVE_STYLE('',#372,POSITIVE_LENGTH_MEASURE(2.E-2),#84);
#1455=PRESENTATION_STYLE_ASSIGNMENT((#1454));
#1456=STYLED_ITEM('',(#1455),#1453);
#1457=DIRECTION('',(0.E0,0.E0,1.E0));
#1458=VECTOR('',#1457,1.495562799894E1);
#1459=CARTESIAN_POINT('',(-1.669999992778E1,-5.5E0,-3.683375207122E0));
#1460=LINE('',#1459,#1458);
#1461=CURVE_STYLE('',#372,POSITIVE_LENGTH_MEASURE(2.E-2),#84);
#1462=PRESENTATION_STYLE_ASSIGNMENT((#1461));
#1463=STYLED_ITEM('',(#1462),#1460);
#1464=CARTESIAN_POINT('',(-1.669999992778E1,-1.500000000001E0,
-3.683375207122E0));
#1465=DIRECTION('',(-1.E0,0.E0,0.E0));
#1466=DIRECTION('',(0.E0,-8.333333333329E-1,-5.527707983932E-1));
#1467=AXIS2_PLACEMENT_3D('',#1464,#1465,#1466);
#1469=CURVE_STYLE('',#372,POSITIVE_LENGTH_MEASURE(2.E-2),#84);
#1470=PRESENTATION_STYLE_ASSIGNMENT((#1469));
#1471=STYLED_ITEM('',(#1470),#1468);
#1472=CARTESIAN_POINT('',(-1.669999992778E1,-6.5E0,-6.999999997478E0));
#1473=DIRECTION('',(1.E0,-2.042810365310E-14,0.E0));
#1474=DIRECTION('',(1.953992523340E-14,8.333333333328E-1,-5.527707983934E-1));
#1475=AXIS2_PLACEMENT_3D('',#1472,#1473,#1474);
#1477=CURVE_STYLE('',#372,POSITIVE_LENGTH_MEASURE(2.E-2),#84);
#1478=PRESENTATION_STYLE_ASSIGNMENT((#1477));
#1479=STYLED_ITEM('',(#1478),#1476);
#1480=CARTESIAN_POINT('',(-1.669999992778E1,-1.5E0,-1.031662478783E1));
#1481=DIRECTION('',(-1.E0,-3.552713678800E-14,0.E0));
#1482=DIRECTION('',(3.552713678800E-14,-1.E0,2.708944180085E-14));
#1483=AXIS2_PLACEMENT_3D('',#1480,#1481,#1482);
#1485=CURVE_STYLE('',#372,POSITIVE_LENGTH_MEASURE(2.E-2),#84);
#1486=PRESENTATION_STYLE_ASSIGNMENT((#1485));
#1487=STYLED_ITEM('',(#1486),#1484);
#1488=DIRECTION('',(0.E0,0.E0,1.E0));
#1489=VECTOR('',#1488,4.758375198786E0);
#1490=CARTESIAN_POINT('',(-1.669999992778E1,-5.5E0,-1.507499998662E1));
#1491=LINE('',#1490,#1489);
#1492=CURVE_STYLE('',#372,POSITIVE_LENGTH_MEASURE(2.E-2),#84);
#1493=PRESENTATION_STYLE_ASSIGNMENT((#1492));
#1494=STYLED_ITEM('',(#1493),#1491);
#1495=CARTESIAN_POINT('',(-1.669999992778E1,-1.5E0,-1.507499998662E1));
#1496=DIRECTION('',(-1.E0,-1.665334536938E-14,-1.598721155460E-14));
#1497=DIRECTION('',(1.598721155460E-14,5.828670879282E-14,-1.E0));
#1498=AXIS2_PLACEMENT_3D('',#1495,#1496,#1497);
#1500=CURVE_STYLE('',#372,POSITIVE_LENGTH_MEASURE(2.E-2),#84);
#1501=PRESENTATION_STYLE_ASSIGNMENT((#1500));
#1502=STYLED_ITEM('',(#1501),#1499);
#1503=DIRECTION('',(0.E0,-1.E0,3.999735033858E-14));
#1504=VECTOR('',#1503,4.974128644240E0);
#1505=CARTESIAN_POINT('',(-1.669999992778E1,3.474128644240E0,
-1.907499998662E1));
#1506=LINE('',#1505,#1504);
#1507=CURVE_STYLE('',#372,POSITIVE_LENGTH_MEASURE(2.E-2),#84);
#1508=PRESENTATION_STYLE_ASSIGNMENT((#1507));
#1509=STYLED_ITEM('',(#1508),#1506);
#1510=DIRECTION('',(0.E0,2.167039100063E-14,1.E0));
#1511=VECTOR('',#1510,2.393571011662E1);
#1512=CARTESIAN_POINT('',(-1.669999992778E1,-2.102587135576E1,
-1.507499998662E1));
#1513=LINE('',#1512,#1511);
#1514=CURVE_STYLE('',#372,POSITIVE_LENGTH_MEASURE(2.E-2),#84);
#1515=PRESENTATION_STYLE_ASSIGNMENT((#1514));
#1516=STYLED_ITEM('',(#1515),#1513);
#1517=CARTESIAN_POINT('',(-1.669999992778E1,-1.702587135576E1,
-1.507499998662E1));
#1518=DIRECTION('',(-1.E0,2.131628207280E-14,1.953992523340E-14));
#1519=DIRECTION('',(-1.953992523340E-14,1.909583602355E-13,-1.E0));
#1520=AXIS2_PLACEMENT_3D('',#1517,#1518,#1519);
#1522=CURVE_STYLE('',#372,POSITIVE_LENGTH_MEASURE(2.E-2),#84);
#1523=PRESENTATION_STYLE_ASSIGNMENT((#1522));
#1524=STYLED_ITEM('',(#1523),#1521);
#1525=DIRECTION('',(0.E0,-1.E0,3.793249852455E-14));
#1526=VECTOR('',#1525,5.525871355760E0);
#1527=CARTESIAN_POINT('',(-1.669999992778E1,-1.15E1,-1.907499998662E1));
#1528=LINE('',#1527,#1526);
#1529=CURVE_STYLE('',#372,POSITIVE_LENGTH_MEASURE(2.E-2),#84);
#1530=PRESENTATION_STYLE_ASSIGNMENT((#1529));
#1531=STYLED_ITEM('',(#1530),#1528);
#1532=CARTESIAN_POINT('',(-1.669999992778E1,-1.15E1,-1.507499998662E1));
#1533=DIRECTION('',(-1.E0,0.E0,-1.065814103640E-14));
#1534=DIRECTION('',(0.E0,1.E0,-4.174438572591E-14));
#1535=AXIS2_PLACEMENT_3D('',#1532,#1533,#1534);
#1537=CURVE_STYLE('',#372,POSITIVE_LENGTH_MEASURE(2.E-2),#84);
#1538=PRESENTATION_STYLE_ASSIGNMENT((#1537));
#1539=STYLED_ITEM('',(#1538),#1536);
#1540=DIRECTION('',(0.E0,0.E0,-1.E0));
#1541=VECTOR('',#1540,4.758375198786E0);
#1542=CARTESIAN_POINT('',(-1.669999992778E1,-7.5E0,-1.031662478783E1));
#1543=LINE('',#1542,#1541);
#1544=CURVE_STYLE('',#372,POSITIVE_LENGTH_MEASURE(2.E-2),#84);
#1545=PRESENTATION_STYLE_ASSIGNMENT((#1544));
#1546=STYLED_ITEM('',(#1545),#1543);
#1547=CARTESIAN_POINT('',(-1.669999992778E1,-1.15E1,-1.031662478783E1));
#1548=DIRECTION('',(-1.E0,2.309263891220E-14,0.E0));
#1549=DIRECTION('',(2.042810365310E-14,8.333333333338E-1,5.527707983919E-1));
#1550=AXIS2_PLACEMENT_3D('',#1547,#1548,#1549);
#1552=CURVE_STYLE('',#372,POSITIVE_LENGTH_MEASURE(2.E-2),#84);
#1553=PRESENTATION_STYLE_ASSIGNMENT((#1552));
#1554=STYLED_ITEM('',(#1553),#1551);
#1555=CARTESIAN_POINT('',(-1.669999992778E1,-6.5E0,-6.999999997478E0));
#1556=DIRECTION('',(1.E0,2.486899575160E-14,0.E0));
#1557=DIRECTION('',(1.953992523340E-14,-8.333333333341E-1,5.527707983915E-1));
#1558=AXIS2_PLACEMENT_3D('',#1555,#1556,#1557);
#1560=CURVE_STYLE('',#372,POSITIVE_LENGTH_MEASURE(2.E-2),#84);
#1561=PRESENTATION_STYLE_ASSIGNMENT((#1560));
#1562=STYLED_ITEM('',(#1561),#1559);
#1563=CARTESIAN_POINT('',(-1.669999992778E1,-1.15E1,-3.683375207123E0));
#1564=DIRECTION('',(-1.E0,4.085620730621E-14,0.E0));
#1565=DIRECTION('',(4.085620730620E-14,1.E0,-4.996003610812E-14));
#1566=AXIS2_PLACEMENT_3D('',#1563,#1564,#1565);
#1568=CURVE_STYLE('',#372,POSITIVE_LENGTH_MEASURE(2.E-2),#84);
#1569=PRESENTATION_STYLE_ASSIGNMENT((#1568));
#1570=STYLED_ITEM('',(#1569),#1567);
#1571=DIRECTION('',(0.E0,0.E0,-1.E0));
#1572=VECTOR('',#1571,1.495562799894E1);
#1573=CARTESIAN_POINT('',(-1.669999992778E1,-7.5E0,1.127225279182E1));
#1574=LINE('',#1573,#1572);
#1575=CURVE_STYLE('',#372,POSITIVE_LENGTH_MEASURE(2.E-2),#84);
#1576=PRESENTATION_STYLE_ASSIGNMENT((#1575));
#1577=STYLED_ITEM('',(#1576),#1574);
#1578=CARTESIAN_POINT('',(-1.670002597804E1,-1.15E1,1.127225279182E1));
#1579=DIRECTION('',(-1.E0,-9.592326932761E-14,-1.119104808822E-13));
#1580=DIRECTION('',(-4.440921020286E-14,-5.263157894738E-1,8.502891800738E-1));
#1581=AXIS2_PLACEMENT_3D('',#1578,#1579,#1580);
#1583=CURVE_STYLE('',#372,POSITIVE_LENGTH_MEASURE(2.E-2),#84);
#1584=PRESENTATION_STYLE_ASSIGNMENT((#1583));
#1585=STYLED_ITEM('',(#1584),#1582);
#1586=CARTESIAN_POINT('',(-1.669999992779E1,-1.65E1,1.935000000252E1));
#1587=DIRECTION('',(1.E0,-3.517186542013E-13,1.055155962604E-12));
#1588=DIRECTION('',(1.069689791290E-12,4.515510897524E-2,-9.989799878543E-1));
#1589=AXIS2_PLACEMENT_3D('',#1586,#1587,#1588);
#1591=CURVE_STYLE('',#372,POSITIVE_LENGTH_MEASURE(2.E-2),#84);
#1592=PRESENTATION_STYLE_ASSIGNMENT((#1591));
#1593=STYLED_ITEM('',(#1592),#1590);
#1594=CARTESIAN_POINT('',(-1.669999992778E1,-1.602587135576E1,
8.860710130050E0));
#1595=DIRECTION('',(-1.E0,3.552713678800E-14,0.E0));
#1596=DIRECTION('',(-3.552713678801E-14,-1.E0,-1.428155371741E-11));
#1597=AXIS2_PLACEMENT_3D('',#1594,#1595,#1596);
#1599=CURVE_STYLE('',#372,POSITIVE_LENGTH_MEASURE(2.E-2),#84);
#1600=PRESENTATION_STYLE_ASSIGNMENT((#1599));
#1601=STYLED_ITEM('',(#1600),#1598);
#1602=CARTESIAN_POINT('',(-1.669999992778E1,-3.300735254368E0,
2.735000000252E1));
#1603=DIRECTION('',(-1.E0,7.549516567451E-14,-2.557953848737E-13));
#1604=DIRECTION('',(2.437161583657E-13,6.476890864003E-1,-7.619047495311E-1));
#1605=AXIS2_PLACEMENT_3D('',#1602,#1603,#1604);
#1607=CURVE_STYLE('',#372,POSITIVE_LENGTH_MEASURE(2.E-2),#84);
#1608=PRESENTATION_STYLE_ASSIGNMENT((#1607));
#1609=STYLED_ITEM('',(#1608),#1606);
#1610=CARTESIAN_POINT('',(-1.669999992775E1,3.5E0,1.935000000252E1));
#1611=DIRECTION('',(1.E0,3.277378368693E-13,-4.725109192805E-13));
#1612=DIRECTION('',(5.025474985334E-13,-9.770202856328E-2,9.952157121020E-1));
#1613=AXIS2_PLACEMENT_3D('',#1610,#1611,#1612);
#1615=CURVE_STYLE('',#372,POSITIVE_LENGTH_MEASURE(2.E-2),#84);
#1616=PRESENTATION_STYLE_ASSIGNMENT((#1615));
#1617=STYLED_ITEM('',(#1616),#1614);
#1618=CARTESIAN_POINT('',(-1.669999992781E1,2.474128644240E0,2.979976497411E1));
#1619=DIRECTION('',(-1.E0,1.625366508051E-13,-8.526512829121E-14));
#1620=DIRECTION('',(1.627142864901E-13,1.E0,6.347988801323E-12));
#1621=AXIS2_PLACEMENT_3D('',#1618,#1619,#1620);
#1623=CURVE_STYLE('',#372,POSITIVE_LENGTH_MEASURE(2.E-2),#84);
#1624=PRESENTATION_STYLE_ASSIGNMENT((#1623));
#1625=STYLED_ITEM('',(#1624),#1622);
#1626=DIRECTION('',(0.E0,0.E0,-1.E0));
#1627=VECTOR('',#1626,1.612523503925E1);
#1628=CARTESIAN_POINT('',(-1.669999992778E1,7.474128644240E0,4.592500001338E1));
#1629=LINE('',#1628,#1627);
#1630=CURVE_STYLE('',#372,POSITIVE_LENGTH_MEASURE(2.E-2),#84);
#1631=PRESENTATION_STYLE_ASSIGNMENT((#1630));
#1632=STYLED_ITEM('',(#1631),#1629);
#1633=CARTESIAN_POINT('',(-1.669999992778E1,3.474128644240E0,4.592500001338E1));
#1634=DIRECTION('',(-1.E0,0.E0,0.E0));
#1635=DIRECTION('',(0.E0,-3.366196210663E-13,1.E0));
#1636=AXIS2_PLACEMENT_3D('',#1633,#1634,#1635);
#1638=CURVE_STYLE('',#372,POSITIVE_LENGTH_MEASURE(2.E-2),#84);
#1639=PRESENTATION_STYLE_ASSIGNMENT((#1638));
#1640=STYLED_ITEM('',(#1639),#1637);
#1641=DIRECTION('',(0.E0,1.E0,-1.109139880211E-14));
#1642=VECTOR('',#1641,2.05E1);
#1643=CARTESIAN_POINT('',(-1.669999992778E1,-1.702587135576E1,
4.992500001338E1));
#1644=LINE('',#1643,#1642);
#1645=CURVE_STYLE('',#372,POSITIVE_LENGTH_MEASURE(2.E-2),#84);
#1646=PRESENTATION_STYLE_ASSIGNMENT((#1645));
#1647=STYLED_ITEM('',(#1646),#1644);
#1648=CARTESIAN_POINT('',(-1.669999992778E1,-1.702587135576E1,
4.592500001338E1));
#1649=DIRECTION('',(-1.E0,-6.394884621841E-14,6.394884621841E-14));
#1650=DIRECTION('',(6.394884621841E-14,-1.E0,-1.421085471520E-14));
#1651=AXIS2_PLACEMENT_3D('',#1648,#1649,#1650);
#1653=CURVE_STYLE('',#372,POSITIVE_LENGTH_MEASURE(2.E-2),#84);
#1654=PRESENTATION_STYLE_ASSIGNMENT((#1653));
#1655=STYLED_ITEM('',(#1654),#1652);
#1656=DIRECTION('',(0.E0,1.943580986135E-14,1.E0));
#1657=VECTOR('',#1656,1.608571013839E1);
#1658=CARTESIAN_POINT('',(-1.669999992778E1,-2.102587135576E1,
2.983928987499E1));
#1659=LINE('',#1658,#1657);
#1660=CURVE_STYLE('',#372,POSITIVE_LENGTH_MEASURE(2.E-2),#84);
#1661=PRESENTATION_STYLE_ASSIGNMENT((#1660));
#1662=STYLED_ITEM('',(#1661),#1659);
#1663=CARTESIAN_POINT('',(-1.669999992778E1,-1.602587135576E1,
2.983928987499E1));
#1664=DIRECTION('',(-1.E0,-2.131628207280E-14,0.E0));
#1665=DIRECTION('',(0.E0,-4.515516168841E-2,-9.989799854716E-1));
#1666=AXIS2_PLACEMENT_3D('',#1663,#1664,#1665);
#1668=CURVE_STYLE('',#372,POSITIVE_LENGTH_MEASURE(2.E-2),#84);
#1669=PRESENTATION_STYLE_ASSIGNMENT((#1668));
#1670=STYLED_ITEM('',(#1669),#1667);
#1671=CARTESIAN_POINT('',(-1.669999992741E1,-1.65E1,1.935000000252E1));
#1672=DIRECTION('',(1.E0,8.171241461242E-14,-6.394884621841E-14));
#1673=DIRECTION('',(0.E0,6.476891562258E-1,7.619046901730E-1));
#1674=AXIS2_PLACEMENT_3D('',#1671,#1672,#1673);
#1676=CURVE_STYLE('',#372,POSITIVE_LENGTH_MEASURE(2.E-2),#84);
#1677=PRESENTATION_STYLE_ASSIGNMENT((#1676));
#1678=STYLED_ITEM('',(#1677),#1675);
#1679=CARTESIAN_POINT('',(-1.669999992816E1,-9.699264745632E0,
2.735000000252E1));
#1680=DIRECTION('',(-1.E0,-2.486899575160E-14,-8.171241461241E-14));
#1681=DIRECTION('',(8.171241461855E-14,-4.103384299323E-13,-1.E0));
#1682=AXIS2_PLACEMENT_3D('',#1679,#1680,#1681);
#1684=CURVE_STYLE('',#372,POSITIVE_LENGTH_MEASURE(2.E-2),#84);
#1685=PRESENTATION_STYLE_ASSIGNMENT((#1684));
#1686=STYLED_ITEM('',(#1685),#1683);
#1687=DIRECTION('',(0.E0,-1.E0,3.109338892388E-14));
#1688=VECTOR('',#1687,6.398529491265E0);
#1689=CARTESIAN_POINT('',(-1.669999992778E1,-3.300735254368E0,
2.235000000252E1));
#1690=LINE('',#1689,#1688);
#1691=CURVE_STYLE('',#372,POSITIVE_LENGTH_MEASURE(2.E-2),#84);
#1692=PRESENTATION_STYLE_ASSIGNMENT((#1691));
#1693=STYLED_ITEM('',(#1692),#1690);
#1694=CARTESIAN_POINT('',(-1.669999992778E1,-6.402587135576E1,9.875E1));
#1695=DIRECTION('',(-1.E0,0.E0,0.E0));
#1696=DIRECTION('',(0.E0,1.E0,0.E0));
#1697=AXIS2_PLACEMENT_3D('',#1694,#1695,#1696);
#1699=CURVE_STYLE('',#372,POSITIVE_LENGTH_MEASURE(2.E-2),#84);
#1700=PRESENTATION_STYLE_ASSIGNMENT((#1699));
#1701=STYLED_ITEM('',(#1700),#1698);
#1702=CARTESIAN_POINT('',(-1.669999992778E1,-6.402587135576E1,9.875E1));
#1703=DIRECTION('',(-1.E0,0.E0,0.E0));
#1704=DIRECTION('',(0.E0,-1.E0,0.E0));
#1705=AXIS2_PLACEMENT_3D('',#1702,#1703,#1704);
#1707=CURVE_STYLE('',#372,POSITIVE_LENGTH_MEASURE(2.E-2),#84);
#1708=PRESENTATION_STYLE_ASSIGNMENT((#1707));
#1709=STYLED_ITEM('',(#1708),#1706);
#1710=CARTESIAN_POINT('',(-1.669999992778E1,-6.402587135576E1,-6.825E1));
#1711=DIRECTION('',(-1.E0,0.E0,0.E0));
#1712=DIRECTION('',(0.E0,1.E0,-1.749028272640E-14));
#1713=AXIS2_PLACEMENT_3D('',#1710,#1711,#1712);
#1715=CURVE_STYLE('',#372,POSITIVE_LENGTH_MEASURE(2.E-2),#84);
#1716=PRESENTATION_STYLE_ASSIGNMENT((#1715));
#1717=STYLED_ITEM('',(#1716),#1714);
#1718=CARTESIAN_POINT('',(-1.669999992778E1,-6.402587135576E1,-6.825E1));
#1719=DIRECTION('',(-1.E0,0.E0,0.E0));
#1720=DIRECTION('',(0.E0,-1.E0,-2.623542408960E-14));
#1721=AXIS2_PLACEMENT_3D('',#1718,#1719,#1720);
#1723=CURVE_STYLE('',#372,POSITIVE_LENGTH_MEASURE(2.E-2),#84);
#1724=PRESENTATION_STYLE_ASSIGNMENT((#1723));
#1725=STYLED_ITEM('',(#1724),#1722);
#1726=DIRECTION('',(-3.623767952337E-13,-7.580055170837E-1,-6.522481399519E-1));
#1727=VECTOR('',#1726,5.000000000054E-1);
#1728=CARTESIAN_POINT('',(-1.769999992778E1,-6.726067271099E1,
1.028925909999E2));
#1729=LINE('',#1728,#1727);
#1730=CURVE_STYLE('',#372,POSITIVE_LENGTH_MEASURE(2.E-2),#84);
#1731=PRESENTATION_STYLE_ASSIGNMENT((#1730));
#1732=STYLED_ITEM('',(#1731),#1729);
#1733=DIRECTION('',(1.E0,-7.986500349943E-12,-6.849631972727E-12));
#1734=VECTOR('',#1733,3.E0);
#1735=CARTESIAN_POINT('',(-2.069999992778E1,-6.726067271097E1,
1.028925909999E2));
#1736=LINE('',#1735,#1734);
#1737=CURVE_STYLE('',#372,POSITIVE_LENGTH_MEASURE(2.E-2),#84);
#1738=PRESENTATION_STYLE_ASSIGNMENT((#1737));
#1739=STYLED_ITEM('',(#1738),#1736);
#1740=DIRECTION('',(-1.E0,0.E0,4.263256414561E-14));
#1741=VECTOR('',#1740,3.E0);
#1742=CARTESIAN_POINT('',(-1.769999992778E1,-6.020940442583E1,
1.023638041138E2));
#1743=LINE('',#1742,#1741);
#1744=CURVE_STYLE('',#372,POSITIVE_LENGTH_MEASURE(2.E-2),#84);
#1745=PRESENTATION_STYLE_ASSIGNMENT((#1744));
#1746=STYLED_ITEM('',(#1745),#1743);
#1747=DIRECTION('',(7.071067834273E-1,4.612090814746E-1,-5.359908394707E-1));
#1748=VECTOR('',#1747,1.414213557892E0);
#1749=CARTESIAN_POINT('',(-1.769999992778E1,-6.726067271099E1,
1.028925909999E2));
#1750=LINE('',#1749,#1748);
#1751=CURVE_STYLE('',#372,POSITIVE_LENGTH_MEASURE(2.E-2),#84);
#1752=PRESENTATION_STYLE_ASSIGNMENT((#1751));
#1753=STYLED_ITEM('',(#1752),#1750);
#1754=CARTESIAN_POINT('',(-1.769999992778E1,-6.399943201145E1,
9.910256341424E1));
#1755=DIRECTION('',(1.E0,9.947598300641E-14,-5.400124791777E-13));
#1756=DIRECTION('',(2.771116669452E-13,7.580055171213E-1,6.522481399082E-1));
#1757=AXIS2_PLACEMENT_3D('',#1754,#1755,#1756);
#1759=CURVE_STYLE('',#372,POSITIVE_LENGTH_MEASURE(2.E-2),#84);
#1760=PRESENTATION_STYLE_ASSIGNMENT((#1759));
#1761=STYLED_ITEM('',(#1760),#1758);
#1762=DIRECTION('',(-7.071067834274E-1,5.359908543404E-1,4.612090641937E-1));
#1763=VECTOR('',#1762,1.414213557891E0);
#1764=CARTESIAN_POINT('',(-1.669999992778E1,-6.096740995894E1,
1.017115560022E2));
#1765=LINE('',#1764,#1763);
#1766=CURVE_STYLE('',#372,POSITIVE_LENGTH_MEASURE(2.E-2),#84);
#1767=PRESENTATION_STYLE_ASSIGNMENT((#1766));
#1768=STYLED_ITEM('',(#1767),#1765);
#1769=DIRECTION('',(0.E0,-6.522481399045E-1,7.580055171244E-1));
#1770=VECTOR('',#1769,5.567247710812E1);
#1771=CARTESIAN_POINT('',(-1.769999992778E1,-2.389713478818E1,
6.016375931386E1));
#1772=LINE('',#1771,#1770);
#1773=CURVE_STYLE('',#372,POSITIVE_LENGTH_MEASURE(2.E-2),#84);
#1774=PRESENTATION_STYLE_ASSIGNMENT((#1773));
#1775=STYLED_ITEM('',(#1774),#1772);
#1776=DIRECTION('',(1.E0,-5.790923296445E-13,6.655416958286E-13));
#1777=VECTOR('',#1776,3.E0);
#1778=CARTESIAN_POINT('',(-2.069999992778E1,-2.389713478818E1,
6.016375931386E1));
#1779=LINE('',#1778,#1777);
#1780=CURVE_STYLE('',#372,POSITIVE_LENGTH_MEASURE(2.E-2),#84);
#1781=PRESENTATION_STYLE_ASSIGNMENT((#1780));
#1782=STYLED_ITEM('',(#1781),#1779);
#1783=DIRECTION('',(-1.E0,-1.845042637190E-12,-5.210646728908E-14));
#1784=VECTOR('',#1783,3.E0);
#1785=CARTESIAN_POINT('',(-1.769999992778E1,-2.010710720255E1,
5.842500001338E1));
#1786=LINE('',#1785,#1784);
#1787=CURVE_STYLE('',#372,POSITIVE_LENGTH_MEASURE(2.E-2),#84);
#1788=PRESENTATION_STYLE_ASSIGNMENT((#1787));
#1789=STYLED_ITEM('',(#1788),#1786);
#1790=DIRECTION('',(7.071067803165E-1,-5.359908419822E-1,-4.612090833252E-1));
#1791=VECTOR('',#1790,1.414213564113E0);
#1792=CARTESIAN_POINT('',(-1.769999992778E1,-2.389713478818E1,
6.016375931386E1));
#1793=LINE('',#1792,#1791);
#1794=CURVE_STYLE('',#372,POSITIVE_LENGTH_MEASURE(2.E-2),#84);
#1795=PRESENTATION_STYLE_ASSIGNMENT((#1794));
#1796=STYLED_ITEM('',(#1795),#1793);
#1797=CARTESIAN_POINT('',(-1.769999992778E1,-2.010710720256E1,
6.342500001337E1));
#1798=DIRECTION('',(-1.E0,-4.263256414560E-14,-2.202682480856E-13));
#1799=DIRECTION('',(2.202682480861E-13,7.638334409437E-13,-1.E0));
#1800=AXIS2_PLACEMENT_3D('',#1797,#1798,#1799);
#1802=CURVE_STYLE('',#372,POSITIVE_LENGTH_MEASURE(2.E-2),#84);
#1803=PRESENTATION_STYLE_ASSIGNMENT((#1802));
#1804=STYLED_ITEM('',(#1803),#1801);
#1805=DIRECTION('',(-7.071067803165E-1,9.394812760663E-9,7.071067820566E-1));
#1806=VECTOR('',#1805,1.414213564113E0);
#1807=CARTESIAN_POINT('',(-1.669999992778E1,-2.010710721584E1,
5.742500001092E1));
#1808=LINE('',#1807,#1806);
#1809=CURVE_STYLE('',#372,POSITIVE_LENGTH_MEASURE(2.E-2),#84);
#1810=PRESENTATION_STYLE_ASSIGNMENT((#1809));
#1811=STYLED_ITEM('',(#1810),#1808);
#1812=DIRECTION('',(0.E0,-1.E0,0.E0));
#1813=VECTOR('',#1812,3.108123584676E1);
#1814=CARTESIAN_POINT('',(-1.769999992778E1,1.097412864420E1,5.842500001338E1));
#1815=LINE('',#1814,#1813);
#1816=CURVE_STYLE('',#372,POSITIVE_LENGTH_MEASURE(2.E-2),#84);
#1817=PRESENTATION_STYLE_ASSIGNMENT((#1816));
#1818=STYLED_ITEM('',(#1817),#1815);
#1819=DIRECTION('',(1.E0,-1.205258115533E-11,0.E0));
#1820=VECTOR('',#1819,3.E0);
#1821=CARTESIAN_POINT('',(-2.069999992778E1,1.097412864424E1,5.842500001338E1));
#1822=LINE('',#1821,#1820);
#1823=CURVE_STYLE('',#372,POSITIVE_LENGTH_MEASURE(2.E-2),#84);
#1824=PRESENTATION_STYLE_ASSIGNMENT((#1823));
#1825=STYLED_ITEM('',(#1824),#1822);
#1826=DIRECTION('',(-1.E0,0.E0,-2.131628207280E-14));
#1827=VECTOR('',#1826,3.E0);
#1828=CARTESIAN_POINT('',(-1.769999992778E1,1.597412864424E1,5.342500001338E1));
#1829=LINE('',#1828,#1827);
#1830=CURVE_STYLE('',#372,POSITIVE_LENGTH_MEASURE(2.E-2),#84);
#1831=PRESENTATION_STYLE_ASSIGNMENT((#1830));
#1832=STYLED_ITEM('',(#1831),#1829);
#1833=DIRECTION('',(7.071067834195E-1,2.412076528564E-10,-7.071067789536E-1));
#1834=VECTOR('',#1833,1.414213557907E0);
#1835=CARTESIAN_POINT('',(-1.769999992778E1,1.097412864420E1,5.842500001338E1));
#1836=LINE('',#1835,#1834);
#1837=CURVE_STYLE('',#372,POSITIVE_LENGTH_MEASURE(2.E-2),#84);
#1838=PRESENTATION_STYLE_ASSIGNMENT((#1837));
#1839=STYLED_ITEM('',(#1838),#1836);
#1840=CARTESIAN_POINT('',(-1.769999992778E1,1.097412864424E1,5.342500001338E1));
#1841=DIRECTION('',(1.E0,2.131628207280E-14,1.421085471520E-14));
#1842=DIRECTION('',(-2.131628207280E-14,1.E0,-2.131628207280E-14));
#1843=AXIS2_PLACEMENT_3D('',#1840,#1841,#1842);
#1845=CURVE_STYLE('',#372,POSITIVE_LENGTH_MEASURE(2.E-2),#84);
#1846=PRESENTATION_STYLE_ASSIGNMENT((#1845));
#1847=STYLED_ITEM('',(#1846),#1844);
#1848=DIRECTION('',(-7.071067834195E-1,7.071067789536E-1,-2.246684244518E-8));
#1849=VECTOR('',#1848,1.414213557907E0);
#1850=CARTESIAN_POINT('',(-1.669999992778E1,1.497412865056E1,5.342500004515E1));
#1851=LINE('',#1850,#1849);
#1852=CURVE_STYLE('',#372,POSITIVE_LENGTH_MEASURE(2.E-2),#84);
#1853=PRESENTATION_STYLE_ASSIGNMENT((#1852));
#1854=STYLED_ITEM('',(#1853),#1851);
#1855=DIRECTION('',(0.E0,0.E0,1.E0));
#1856=VECTOR('',#1855,7.599999999996E1);
#1857=CARTESIAN_POINT('',(-1.769999992778E1,1.597412864424E1,
-2.257499998658E1));
#1858=LINE('',#1857,#1856);
#1859=CURVE_STYLE('',#372,POSITIVE_LENGTH_MEASURE(2.E-2),#84);
#1860=PRESENTATION_STYLE_ASSIGNMENT((#1859));
#1861=STYLED_ITEM('',(#1860),#1858);
#1862=DIRECTION('',(1.E0,0.E0,1.208870041107E-11));
#1863=VECTOR('',#1862,3.E0);
#1864=CARTESIAN_POINT('',(-2.069999992778E1,1.597412864424E1,
-2.257499998662E1));
#1865=LINE('',#1864,#1863);
#1866=CURVE_STYLE('',#372,POSITIVE_LENGTH_MEASURE(2.E-2),#84);
#1867=PRESENTATION_STYLE_ASSIGNMENT((#1866));
#1868=STYLED_ITEM('',(#1867),#1865);
#1869=DIRECTION('',(-1.E0,0.E0,0.E0));
#1870=VECTOR('',#1869,3.E0);
#1871=CARTESIAN_POINT('',(-1.769999992778E1,1.097412864424E1,
-2.757499998662E1));
#1872=LINE('',#1871,#1870);
#1873=CURVE_STYLE('',#372,POSITIVE_LENGTH_MEASURE(2.E-2),#84);
#1874=PRESENTATION_STYLE_ASSIGNMENT((#1873));
#1875=STYLED_ITEM('',(#1874),#1872);
#1876=DIRECTION('',(7.071067834273E-1,-7.071067789458E-1,-2.419223589486E-10));
#1877=VECTOR('',#1876,1.414213557892E0);
#1878=CARTESIAN_POINT('',(-1.769999992778E1,1.597412864424E1,
-2.257499998658E1));
#1879=LINE('',#1878,#1877);
#1880=CURVE_STYLE('',#372,POSITIVE_LENGTH_MEASURE(2.E-2),#84);
#1881=PRESENTATION_STYLE_ASSIGNMENT((#1880));
#1882=STYLED_ITEM('',(#1881),#1879);
#1883=CARTESIAN_POINT('',(-1.769999992778E1,1.097412864424E1,
-2.257499998662E1));
#1884=DIRECTION('',(1.E0,-7.460698725481E-14,7.105427357601E-14));
#1885=DIRECTION('',(7.105427357601E-14,-1.278976924368E-14,-1.E0));
#1886=AXIS2_PLACEMENT_3D('',#1883,#1884,#1885);
#1888=CURVE_STYLE('',#372,POSITIVE_LENGTH_MEASURE(2.E-2),#84);
#1889=PRESENTATION_STYLE_ASSIGNMENT((#1888));
#1890=STYLED_ITEM('',(#1889),#1887);
#1891=DIRECTION('',(-7.071067834273E-1,-2.254623511291E-8,-7.071067789458E-1));
#1892=VECTOR('',#1891,1.414213557892E0);
#1893=CARTESIAN_POINT('',(-1.669999992778E1,1.097412867613E1,
-2.657499999296E1));
#1894=LINE('',#1893,#1892);
#1895=CURVE_STYLE('',#372,POSITIVE_LENGTH_MEASURE(2.E-2),#84);
#1896=PRESENTATION_STYLE_ASSIGNMENT((#1895));
#1897=STYLED_ITEM('',(#1896),#1894);
#1898=DIRECTION('',(0.E0,1.E0,0.E0));
#1899=VECTOR('',#1898,3.078006803039E1);
#1900=CARTESIAN_POINT('',(-1.769999992778E1,-1.980593938615E1,
-2.757499998662E1));
#1901=LINE('',#1900,#1899);
#1902=CURVE_STYLE('',#372,POSITIVE_LENGTH_MEASURE(2.E-2),#84);
#1903=PRESENTATION_STYLE_ASSIGNMENT((#1902));
#1904=STYLED_ITEM('',(#1903),#1901);
#1905=DIRECTION('',(1.E0,-1.456612608308E-13,0.E0));
#1906=VECTOR('',#1905,3.E0);
#1907=CARTESIAN_POINT('',(-2.069999992778E1,-1.980593938615E1,
-2.757499998662E1));
#1908=LINE('',#1907,#1906);
#1909=CURVE_STYLE('',#372,POSITIVE_LENGTH_MEASURE(2.E-2),#84);
#1910=PRESENTATION_STYLE_ASSIGNMENT((#1909));
#1911=STYLED_ITEM('',(#1910),#1908);
#1912=DIRECTION('',(-1.E0,-1.492139745096E-12,-1.826094830903E-12));
#1913=VECTOR('',#1912,3.E0);
#1914=CARTESIAN_POINT('',(-1.769999992778E1,-2.359596697176E1,
-2.931375928708E1));
#1915=LINE('',#1914,#1913);
#1916=CURVE_STYLE('',#372,POSITIVE_LENGTH_MEASURE(2.E-2),#84);
#1917=PRESENTATION_STYLE_ASSIGNMENT((#1916));
#1918=STYLED_ITEM('',(#1917),#1915);
#1919=DIRECTION('',(7.071067809039E-1,4.918785652598E-12,7.071067814692E-1));
#1920=VECTOR('',#1919,1.414213562938E0);
#1921=CARTESIAN_POINT('',(-1.769999992778E1,-1.980593938615E1,
-2.757499998662E1));
#1922=LINE('',#1921,#1920);
#1923=CURVE_STYLE('',#372,POSITIVE_LENGTH_MEASURE(2.E-2),#84);
#1924=PRESENTATION_STYLE_ASSIGNMENT((#1923));
#1925=STYLED_ITEM('',(#1924),#1922);
#1926=CARTESIAN_POINT('',(-1.769999992778E1,-1.980593938615E1,
-3.257499998663E1));
#1927=DIRECTION('',(-1.E0,-1.776356839400E-14,9.237055564881E-14));
#1928=DIRECTION('',(7.389644451891E-14,-7.580055171220E-1,6.522481399074E-1));
#1929=AXIS2_PLACEMENT_3D('',#1926,#1927,#1928);
#1931=CURVE_STYLE('',#372,POSITIVE_LENGTH_MEASURE(2.E-2),#84);
#1932=PRESENTATION_STYLE_ASSIGNMENT((#1931));
#1933=STYLED_ITEM('',(#1932),#1930);
#1934=DIRECTION('',(-7.071067809039E-1,5.359908395389E-1,-4.612090852641E-1));
#1935=VECTOR('',#1934,1.414213562938E0);
#1936=CARTESIAN_POINT('',(-1.669999992778E1,-2.435397248665E1,
-2.866151114335E1));
#1937=LINE('',#1936,#1935);
#1938=CURVE_STYLE('',#372,POSITIVE_LENGTH_MEASURE(2.E-2),#84);
#1939=PRESENTATION_STYLE_ASSIGNMENT((#1938));
#1940=STYLED_ITEM('',(#1939),#1937);
#1941=DIRECTION('',(0.E0,6.522481399046E-1,7.580055171244E-1));
#1942=VECTOR('',#1941,5.613421520742E1);
#1943=CARTESIAN_POINT('',(-1.769999992778E1,-6.020940442581E1,
-7.186380411375E1));
#1944=LINE('',#1943,#1942);
#1945=CURVE_STYLE('',#372,POSITIVE_LENGTH_MEASURE(2.E-2),#84);
#1946=PRESENTATION_STYLE_ASSIGNMENT((#1945));
#1947=STYLED_ITEM('',(#1946),#1944);
#1948=DIRECTION('',(1.E0,7.936762358440E-12,9.208633855451E-12));
#1949=VECTOR('',#1948,3.E0);
#1950=CARTESIAN_POINT('',(-2.069999992778E1,-6.020940442583E1,
-7.186380411378E1));
#1951=LINE('',#1950,#1949);
#1952=CURVE_STYLE('',#372,POSITIVE_LENGTH_MEASURE(2.E-2),#84);
#1953=PRESENTATION_STYLE_ASSIGNMENT((#1952));
#1954=STYLED_ITEM('',(#1953),#1951);
#1955=DIRECTION('',(-1.E0,0.E0,-2.842170943040E-14));
#1956=VECTOR('',#1955,3.E0);
#1957=CARTESIAN_POINT('',(-1.769999992778E1,-6.726067271098E1,
-7.239259099988E1));
#1958=LINE('',#1957,#1956);
#1959=CURVE_STYLE('',#372,POSITIVE_LENGTH_MEASURE(2.E-2),#84);
#1960=PRESENTATION_STYLE_ASSIGNMENT((#1959));
#1961=STYLED_ITEM('',(#1960),#1958);
#1962=DIRECTION('',(7.071067834273E-1,-5.359908397949E-1,4.612090810978E-1));
#1963=VECTOR('',#1962,1.414213557892E0);
#1964=CARTESIAN_POINT('',(-1.769999992778E1,-6.020940442581E1,
-7.186380411375E1));
#1965=LINE('',#1964,#1963);
#1966=CURVE_STYLE('',#372,POSITIVE_LENGTH_MEASURE(2.E-2),#84);
#1967=PRESENTATION_STYLE_ASSIGNMENT((#1966));
#1968=STYLED_ITEM('',(#1967),#1965);
#1969=CARTESIAN_POINT('',(-1.769999992778E1,-6.399943201145E1,
-6.860256341426E1));
#1970=DIRECTION('',(1.E0,-3.552713678800E-14,-5.684341886081E-14));
#1971=DIRECTION('',(-6.608047442569E-14,-6.522481399051E-1,-7.580055171239E-1));
#1972=AXIS2_PLACEMENT_3D('',#1969,#1970,#1971);
#1974=CURVE_STYLE('',#372,POSITIVE_LENGTH_MEASURE(2.E-2),#84);
#1975=PRESENTATION_STYLE_ASSIGNMENT((#1974));
#1976=STYLED_ITEM('',(#1975),#1973);
#1977=DIRECTION('',(-7.071067834273E-1,-4.612090983719E-1,-5.359908249309E-1));
#1978=VECTOR('',#1977,1.414213557892E0);
#1979=CARTESIAN_POINT('',(-1.669999992778E1,-6.660842455104E1,
-7.163458550836E1));
#1980=LINE('',#1979,#1978);
#1981=CURVE_STYLE('',#372,POSITIVE_LENGTH_MEASURE(2.E-2),#84);
#1982=PRESENTATION_STYLE_ASSIGNMENT((#1981));
#1983=STYLED_ITEM('',(#1982),#1980);
#1984=DIRECTION('',(3.552713678823E-14,7.580055171248E-1,-6.522481399041E-1));
#1985=VECTOR('',#1984,4.999999999968E-1);
#1986=CARTESIAN_POINT('',(-1.769999992778E1,-6.763967546954E1,
-7.206646692993E1));
#1987=LINE('',#1986,#1985);
#1988=CURVE_STYLE('',#372,POSITIVE_LENGTH_MEASURE(2.E-2),#84);
#1989=PRESENTATION_STYLE_ASSIGNMENT((#1988));
#1990=STYLED_ITEM('',(#1989),#1987);
#1991=CARTESIAN_POINT('',(-1.819999992778E1,-1.65E1,1.935000000252E1));
#1992=DIRECTION('',(1.E0,0.E0,0.E0));
#1993=DIRECTION('',(0.E0,-7.580055171248E-1,6.522481399041E-1));
#1994=AXIS2_PLACEMENT_3D('',#1991,#1992,#1993);
#1996=CURVE_STYLE('',#372,POSITIVE_LENGTH_MEASURE(2.E-2),#84);
#1997=PRESENTATION_STYLE_ASSIGNMENT((#1996));
#1998=STYLED_ITEM('',(#1997),#1995);
#1999=DIRECTION('',(-1.E0,-4.820771930248E-10,-4.165343625963E-10));
#2000=VECTOR('',#1999,1.499999999859E0);
#2001=CARTESIAN_POINT('',(-1.669999992778E1,-1.555249310359E1,
1.853468982764E1));
#2002=LINE('',#2001,#2000);
#2003=CURVE_STYLE('',#372,POSITIVE_LENGTH_MEASURE(2.E-2),#84);
#2004=PRESENTATION_STYLE_ASSIGNMENT((#2003));
#2005=STYLED_ITEM('',(#2004),#2002);
#2006=CARTESIAN_POINT('',(-1.669999992778E1,-1.65E1,1.935000000252E1));
#2007=DIRECTION('',(-1.E0,0.E0,0.E0));
#2008=DIRECTION('',(0.E0,7.580055171248E-1,-6.522481399041E-1));
#2009=AXIS2_PLACEMENT_3D('',#2006,#2007,#2008);
#2011=CURVE_STYLE('',#372,POSITIVE_LENGTH_MEASURE(2.E-2),#84);
#2012=PRESENTATION_STYLE_ASSIGNMENT((#2011));
#2013=STYLED_ITEM('',(#2012),#2010);
#2014=DIRECTION('',(7.071067811865E-1,5.359908407254E-1,-4.612090834518E-1));
#2015=VECTOR('',#2014,1.414213562095E0);
#2016=CARTESIAN_POINT('',(-1.919999992744E1,-1.820551241180E1,
2.081755831880E1));
#2017=LINE('',#2016,#2015);
#2018=CURVE_STYLE('',#372,POSITIVE_LENGTH_MEASURE(2.E-2),#84);
#2019=PRESENTATION_STYLE_ASSIGNMENT((#2018));
#2020=STYLED_ITEM('',(#2019),#2017);
#2021=CARTESIAN_POINT('',(-1.919999992778E1,-1.65E1,1.935000000252E1));
#2022=DIRECTION('',(-1.E0,0.E0,0.E0));
#2023=DIRECTION('',(0.E0,-1.E0,0.E0));
#2024=AXIS2_PLACEMENT_3D('',#2021,#2022,#2023);
#2026=CURVE_STYLE('',#372,POSITIVE_LENGTH_MEASURE(2.E-2),#84);
#2027=PRESENTATION_STYLE_ASSIGNMENT((#2026));
#2028=STYLED_ITEM('',(#2027),#2025);
#2029=CARTESIAN_POINT('',(-1.919999992778E1,-1.65E1,1.935000000252E1));
#2030=DIRECTION('',(-1.E0,0.E0,0.E0));
#2031=DIRECTION('',(0.E0,1.E0,0.E0));
#2032=AXIS2_PLACEMENT_3D('',#2029,#2030,#2031);
#2034=CURVE_STYLE('',#372,POSITIVE_LENGTH_MEASURE(2.E-2),#84);
#2035=PRESENTATION_STYLE_ASSIGNMENT((#2034));
#2036=STYLED_ITEM('',(#2035),#2033);
#2037=CARTESIAN_POINT('',(-1.919999992778E1,-1.65E1,1.935000000252E1));
#2038=DIRECTION('',(1.E0,0.E0,0.E0));
#2039=DIRECTION('',(0.E0,7.580055171248E-1,-6.522481399041E-1));
#2040=AXIS2_PLACEMENT_3D('',#2037,#2038,#2039);
#2042=CURVE_STYLE('',#372,POSITIVE_LENGTH_MEASURE(2.E-2),#84);
#2043=PRESENTATION_STYLE_ASSIGNMENT((#2042));
#2044=STYLED_ITEM('',(#2043),#2041);
#2045=CARTESIAN_POINT('',(-1.919999992778E1,-1.65E1,1.935000000252E1));
#2046=DIRECTION('',(1.E0,0.E0,0.E0));
#2047=DIRECTION('',(0.E0,-7.580055171248E-1,6.522481399041E-1));
#2048=AXIS2_PLACEMENT_3D('',#2045,#2046,#2047);
#2050=CURVE_STYLE('',#372,POSITIVE_LENGTH_MEASURE(2.E-2),#84);
#2051=PRESENTATION_STYLE_ASSIGNMENT((#2050));
#2052=STYLED_ITEM('',(#2051),#2049);
#2053=DIRECTION('',(-1.E0,0.E0,0.E0));
#2054=VECTOR('',#2053,1.5E0);
#2055=CARTESIAN_POINT('',(-1.919999992778E1,-1.9E1,1.935000000252E1));
#2056=LINE('',#2055,#2054);
#2057=CURVE_STYLE('',#372,POSITIVE_LENGTH_MEASURE(2.E-2),#84);
#2058=PRESENTATION_STYLE_ASSIGNMENT((#2057));
#2059=STYLED_ITEM('',(#2058),#2056);
#2060=DIRECTION('',(-1.E0,0.E0,0.E0));
#2061=VECTOR('',#2060,1.5E0);
#2062=CARTESIAN_POINT('',(-1.919999992778E1,-1.4E1,1.935000000252E1));
#2063=LINE('',#2062,#2061);
#2064=CURVE_STYLE('',#372,POSITIVE_LENGTH_MEASURE(2.E-2),#84);
#2065=PRESENTATION_STYLE_ASSIGNMENT((#2064));
#2066=STYLED_ITEM('',(#2065),#2063);
#2067=DIRECTION('',(7.071067811865E-1,-5.359908407254E-1,4.612090834518E-1));
#2068=VECTOR('',#2067,1.414213562095E0);
#2069=CARTESIAN_POINT('',(-1.919999992744E1,-1.479448758820E1,
1.788244168624E1));
#2070=LINE('',#2069,#2068);
#2071=CURVE_STYLE('',#372,POSITIVE_LENGTH_MEASURE(2.E-2),#84);
#2072=PRESENTATION_STYLE_ASSIGNMENT((#2071));
#2073=STYLED_ITEM('',(#2072),#2070);
#2074=CARTESIAN_POINT('',(-1.819999992778E1,-1.65E1,1.935000000252E1));
#2075=DIRECTION('',(1.E0,0.E0,0.E0));
#2076=DIRECTION('',(0.E0,7.580055171248E-1,-6.522481399041E-1));
#2077=AXIS2_PLACEMENT_3D('',#2074,#2075,#2076);
#2079=CURVE_STYLE('',#372,POSITIVE_LENGTH_MEASURE(2.E-2),#84);
#2080=PRESENTATION_STYLE_ASSIGNMENT((#2079));
#2081=STYLED_ITEM('',(#2080),#2078);
#2082=DIRECTION('',(-1.E0,4.820724560732E-10,4.165414680237E-10));
#2083=VECTOR('',#2082,1.499999999859E0);
#2084=CARTESIAN_POINT('',(-1.669999992778E1,-1.744750689641E1,
2.016531017740E1));
#2085=LINE('',#2084,#2083);
#2086=CURVE_STYLE('',#372,POSITIVE_LENGTH_MEASURE(2.E-2),#84);
#2087=PRESENTATION_STYLE_ASSIGNMENT((#2086));
#2088=STYLED_ITEM('',(#2087),#2085);
#2089=CARTESIAN_POINT('',(-1.669999992778E1,-1.65E1,1.935000000252E1));
#2090=DIRECTION('',(-1.E0,0.E0,0.E0));
#2091=DIRECTION('',(0.E0,-7.580055171248E-1,6.522481399041E-1));
#2092=AXIS2_PLACEMENT_3D('',#2089,#2090,#2091);
#2094=CURVE_STYLE('',#372,POSITIVE_LENGTH_MEASURE(2.E-2),#84);
#2095=PRESENTATION_STYLE_ASSIGNMENT((#2094));
#2096=STYLED_ITEM('',(#2095),#2093);
#2097=CARTESIAN_POINT('',(-1.819999992778E1,3.5E0,1.935000000252E1));
#2098=DIRECTION('',(1.E0,0.E0,0.E0));
#2099=DIRECTION('',(0.E0,-7.580055171248E-1,6.522481399041E-1));
#2100=AXIS2_PLACEMENT_3D('',#2097,#2098,#2099);
#2102=CURVE_STYLE('',#372,POSITIVE_LENGTH_MEASURE(2.E-2),#84);
#2103=PRESENTATION_STYLE_ASSIGNMENT((#2102));
#2104=STYLED_ITEM('',(#2103),#2101);
#2105=DIRECTION('',(-1.E0,-4.820748245490E-10,-4.165509419268E-10));
#2106=VECTOR('',#2105,1.499999999859E0);
#2107=CARTESIAN_POINT('',(-1.669999992778E1,4.447506896406E0,1.853468982764E1));
#2108=LINE('',#2107,#2106);
#2109=CURVE_STYLE('',#372,POSITIVE_LENGTH_MEASURE(2.E-2),#84);
#2110=PRESENTATION_STYLE_ASSIGNMENT((#2109));
#2111=STYLED_ITEM('',(#2110),#2108);
#2112=CARTESIAN_POINT('',(-1.669999992778E1,3.5E0,1.935000000252E1));
#2113=DIRECTION('',(-1.E0,0.E0,0.E0));
#2114=DIRECTION('',(0.E0,7.580055171248E-1,-6.522481399041E-1));
#2115=AXIS2_PLACEMENT_3D('',#2112,#2113,#2114);
#2117=CURVE_STYLE('',#372,POSITIVE_LENGTH_MEASURE(2.E-2),#84);
#2118=PRESENTATION_STYLE_ASSIGNMENT((#2117));
#2119=STYLED_ITEM('',(#2118),#2116);
#2120=DIRECTION('',(7.071067811865E-1,5.359908407254E-1,-4.612090834518E-1));
#2121=VECTOR('',#2120,1.414213562095E0);
#2122=CARTESIAN_POINT('',(-1.919999992744E1,1.794487588205E0,2.081755831880E1));
#2123=LINE('',#2122,#2121);
#2124=CURVE_STYLE('',#372,POSITIVE_LENGTH_MEASURE(2.E-2),#84);
#2125=PRESENTATION_STYLE_ASSIGNMENT((#2124));
#2126=STYLED_ITEM('',(#2125),#2123);
#2127=DIRECTION('',(7.071067811865E-1,-5.359908407254E-1,4.612090834518E-1));
#2128=VECTOR('',#2127,1.414213562095E0);
#2129=CARTESIAN_POINT('',(-1.919999992744E1,5.205512411795E0,1.788244168624E1));
#2130=LINE('',#2129,#2128);
#2131=CURVE_STYLE('',#372,POSITIVE_LENGTH_MEASURE(2.E-2),#84);
#2132=PRESENTATION_STYLE_ASSIGNMENT((#2131));
#2133=STYLED_ITEM('',(#2132),#2130);
#2134=CARTESIAN_POINT('',(-1.819999992778E1,3.5E0,1.935000000252E1));
#2135=DIRECTION('',(1.E0,0.E0,0.E0));
#2136=DIRECTION('',(0.E0,7.580055171248E-1,-6.522481399042E-1));
#2137=AXIS2_PLACEMENT_3D('',#2134,#2135,#2136);
#2139=CURVE_STYLE('',#372,POSITIVE_LENGTH_MEASURE(2.E-2),#84);
#2140=PRESENTATION_STYLE_ASSIGNMENT((#2139));
#2141=STYLED_ITEM('',(#2140),#2138);
#2142=DIRECTION('',(-1.E0,4.821035423179E-10,4.165556788784E-10));
#2143=VECTOR('',#2142,1.499999999859E0);
#2144=CARTESIAN_POINT('',(-1.669999992778E1,2.552493103594E0,2.016531017740E1));
#2145=LINE('',#2144,#2143);
#2146=CURVE_STYLE('',#372,POSITIVE_LENGTH_MEASURE(2.E-2),#84);
#2147=PRESENTATION_STYLE_ASSIGNMENT((#2146));
#2148=STYLED_ITEM('',(#2147),#2145);
#2149=CARTESIAN_POINT('',(-1.669999992778E1,3.5E0,1.935000000252E1));
#2150=DIRECTION('',(-1.E0,0.E0,0.E0));
#2151=DIRECTION('',(0.E0,-7.580055171248E-1,6.522481399041E-1));
#2152=AXIS2_PLACEMENT_3D('',#2149,#2150,#2151);
#2154=CURVE_STYLE('',#372,POSITIVE_LENGTH_MEASURE(2.E-2),#84);
#2155=PRESENTATION_STYLE_ASSIGNMENT((#2154));
#2156=STYLED_ITEM('',(#2155),#2153);
#2157=CARTESIAN_POINT('',(-1.419999992778E1,-6.5E0,-6.999999997478E0));
#2158=DIRECTION('',(1.E0,0.E0,0.E0));
#2159=DIRECTION('',(0.E0,0.E0,1.E0));
#2160=AXIS2_PLACEMENT_3D('',#2157,#2158,#2159);
#2162=CURVE_STYLE('',#372,POSITIVE_LENGTH_MEASURE(2.E-2),#84);
#2163=PRESENTATION_STYLE_ASSIGNMENT((#2162));
#2164=STYLED_ITEM('',(#2163),#2161);
#2165=CARTESIAN_POINT('',(-1.419999992778E1,-6.5E0,-6.999999997478E0));
#2166=DIRECTION('',(1.E0,0.E0,0.E0));
#2167=DIRECTION('',(0.E0,1.E0,0.E0));
#2168=AXIS2_PLACEMENT_3D('',#2165,#2166,#2167);
#2170=CURVE_STYLE('',#372,POSITIVE_LENGTH_MEASURE(2.E-2),#84);
#2171=PRESENTATION_STYLE_ASSIGNMENT((#2170));
#2172=STYLED_ITEM('',(#2171),#2169);
#2173=CARTESIAN_POINT('',(-1.369999992778E1,-6.5E0,-6.999999997478E0));
#2174=DIRECTION('',(1.E0,0.E0,0.E0));
#2175=DIRECTION('',(0.E0,-1.E0,0.E0));
#2176=AXIS2_PLACEMENT_3D('',#2173,#2174,#2175);
#2178=CURVE_STYLE('',#372,POSITIVE_LENGTH_MEASURE(2.E-2),#84);
#2179=PRESENTATION_STYLE_ASSIGNMENT((#2178));
#2180=STYLED_ITEM('',(#2179),#2177);
#2181=CARTESIAN_POINT('',(-1.369999992778E1,-6.5E0,-6.999999997478E0));
#2182=DIRECTION('',(1.E0,0.E0,0.E0));
#2183=DIRECTION('',(0.E0,-3.869920257268E-14,1.E0));
#2184=AXIS2_PLACEMENT_3D('',#2181,#2182,#2183);
#2186=CURVE_STYLE('',#372,POSITIVE_LENGTH_MEASURE(2.E-2),#84);
#2187=PRESENTATION_STYLE_ASSIGNMENT((#2186));
#2188=STYLED_ITEM('',(#2187),#2185);
#2189=CARTESIAN_POINT('',(-1.369999992778E1,-6.5E0,-6.999999997478E0));
#2190=DIRECTION('',(1.E0,0.E0,0.E0));
#2191=DIRECTION('',(0.E0,1.E0,0.E0));
#2192=AXIS2_PLACEMENT_3D('',#2189,#2190,#2191);
#2194=CURVE_STYLE('',#372,POSITIVE_LENGTH_MEASURE(2.E-2),#84);
#2195=PRESENTATION_STYLE_ASSIGNMENT((#2194));
#2196=STYLED_ITEM('',(#2195),#2193);
#2197=CARTESIAN_POINT('',(-1.369999992778E1,-6.5E0,-6.999999997478E0));
#2198=DIRECTION('',(1.E0,0.E0,0.E0));
#2199=DIRECTION('',(0.E0,-4.694657361275E-14,-1.E0));
#2200=AXIS2_PLACEMENT_3D('',#2197,#2198,#2199);
#2202=CURVE_STYLE('',#372,POSITIVE_LENGTH_MEASURE(2.E-2),#84);
#2203=PRESENTATION_STYLE_ASSIGNMENT((#2202));
#2204=STYLED_ITEM('',(#2203),#2201);
#2205=DIRECTION('',(7.071067811863E-1,-7.071067811868E-1,0.E0));
#2206=VECTOR('',#2205,7.071067811865E-1);
#2207=CARTESIAN_POINT('',(-1.419999992778E1,-4.6E0,-6.999999997478E0));
#2208=LINE('',#2207,#2206);
#2209=CURVE_STYLE('',#372,POSITIVE_LENGTH_MEASURE(2.E-2),#84);
#2210=PRESENTATION_STYLE_ASSIGNMENT((#2209));
#2211=STYLED_ITEM('',(#2210),#2208);
#2212=CARTESIAN_POINT('',(-1.419999992778E1,-6.5E0,-6.999999997478E0));
#2213=DIRECTION('',(1.E0,0.E0,0.E0));
#2214=DIRECTION('',(0.E0,0.E0,-1.E0));
#2215=AXIS2_PLACEMENT_3D('',#2212,#2213,#2214);
#2217=CURVE_STYLE('',#372,POSITIVE_LENGTH_MEASURE(2.E-2),#84);
#2218=PRESENTATION_STYLE_ASSIGNMENT((#2217));
#2219=STYLED_ITEM('',(#2218),#2216);
#2220=CARTESIAN_POINT('',(-1.419999992778E1,-6.5E0,-6.999999997478E0));
#2221=DIRECTION('',(1.E0,0.E0,0.E0));
#2222=DIRECTION('',(0.E0,-1.E0,0.E0));
#2223=AXIS2_PLACEMENT_3D('',#2220,#2221,#2222);
#2225=CURVE_STYLE('',#372,POSITIVE_LENGTH_MEASURE(2.E-2),#84);
#2226=PRESENTATION_STYLE_ASSIGNMENT((#2225));
#2227=STYLED_ITEM('',(#2226),#2224);
#2228=DIRECTION('',(-7.071067811863E-1,-7.071067811868E-1,0.E0));
#2229=VECTOR('',#2228,7.071067811865E-1);
#2230=CARTESIAN_POINT('',(-1.369999992778E1,-7.899999999999E0,
-6.999999997478E0));
#2231=LINE('',#2230,#2229);
#2232=CURVE_STYLE('',#372,POSITIVE_LENGTH_MEASURE(2.E-2),#84);
#2233=PRESENTATION_STYLE_ASSIGNMENT((#2232));
#2234=STYLED_ITEM('',(#2233),#2231);
#2235=DIRECTION('',(1.E0,-1.971756091735E-13,-2.167155344069E-14));
#2236=VECTOR('',#2235,2.499999999999E0);
#2237=CARTESIAN_POINT('',(-1.669999992778E1,-4.6E0,-6.999999997478E0));
#2238=LINE('',#2237,#2236);
#2239=CURVE_STYLE('',#372,POSITIVE_LENGTH_MEASURE(2.E-2),#84);
#2240=PRESENTATION_STYLE_ASSIGNMENT((#2239));
#2241=STYLED_ITEM('',(#2240),#2238);
#2242=DIRECTION('',(-1.E0,-1.975308805413E-13,2.167155344069E-14));
#2243=VECTOR('',#2242,2.499999999999E0);
#2244=CARTESIAN_POINT('',(-1.419999992778E1,-8.399999999999E0,
-6.999999997478E0));
#2245=LINE('',#2244,#2243);
#2246=CURVE_STYLE('',#372,POSITIVE_LENGTH_MEASURE(2.E-2),#84);
#2247=PRESENTATION_STYLE_ASSIGNMENT((#2246));
#2248=STYLED_ITEM('',(#2247),#2245);
#2249=DIRECTION('',(7.071067811863E-1,-7.071067811868E-1,-8.541302975240E-14));
#2250=VECTOR('',#2249,7.071067811866E-1);
#2251=CARTESIAN_POINT('',(-1.419999992778E1,-4.600000000001E0,
1.935000000252E1));
#2252=LINE('',#2251,#2250);
#2253=CURVE_STYLE('',#372,POSITIVE_LENGTH_MEASURE(2.E-2),#84);
#2254=PRESENTATION_STYLE_ASSIGNMENT((#2253));
#2255=STYLED_ITEM('',(#2254),#2252);
#2256=CARTESIAN_POINT('',(-1.419999992778E1,-6.5E0,1.935000000252E1));
#2257=DIRECTION('',(1.E0,0.E0,0.E0));
#2258=DIRECTION('',(0.E0,0.E0,-1.E0));
#2259=AXIS2_PLACEMENT_3D('',#2256,#2257,#2258);
#2261=CURVE_STYLE('',#372,POSITIVE_LENGTH_MEASURE(2.E-2),#84);
#2262=PRESENTATION_STYLE_ASSIGNMENT((#2261));
#2263=STYLED_ITEM('',(#2262),#2260);
#2264=CARTESIAN_POINT('',(-1.419999992778E1,-6.5E0,1.935000000252E1));
#2265=DIRECTION('',(1.E0,0.E0,0.E0));
#2266=DIRECTION('',(0.E0,-1.E0,0.E0));
#2267=AXIS2_PLACEMENT_3D('',#2264,#2265,#2266);
#2269=CURVE_STYLE('',#372,POSITIVE_LENGTH_MEASURE(2.E-2),#84);
#2270=PRESENTATION_STYLE_ASSIGNMENT((#2269));
#2271=STYLED_ITEM('',(#2270),#2268);
#2272=DIRECTION('',(-7.071067811863E-1,-7.071067811868E-1,8.541302975240E-14));
#2273=VECTOR('',#2272,7.071067811866E-1);
#2274=CARTESIAN_POINT('',(-1.369999992778E1,-7.899999999999E0,
1.935000000252E1));
#2275=LINE('',#2274,#2273);
#2276=CURVE_STYLE('',#372,POSITIVE_LENGTH_MEASURE(2.E-2),#84);
#2277=PRESENTATION_STYLE_ASSIGNMENT((#2276));
#2278=STYLED_ITEM('',(#2277),#2275);
#2279=CARTESIAN_POINT('',(-1.369999992778E1,-6.5E0,1.935000000252E1));
#2280=DIRECTION('',(1.E0,0.E0,0.E0));
#2281=DIRECTION('',(0.E0,1.E0,-1.243449787581E-13));
#2282=AXIS2_PLACEMENT_3D('',#2279,#2280,#2281);
#2284=CURVE_STYLE('',#372,POSITIVE_LENGTH_MEASURE(2.E-2),#84);
#2285=PRESENTATION_STYLE_ASSIGNMENT((#2284));
#2286=STYLED_ITEM('',(#2285),#2283);
#2287=CARTESIAN_POINT('',(-1.369999992778E1,-6.5E0,1.935000000252E1));
#2288=DIRECTION('',(1.E0,0.E0,0.E0));
#2289=DIRECTION('',(0.E0,-3.806478941575E-14,-1.E0));
#2290=AXIS2_PLACEMENT_3D('',#2287,#2288,#2289);
#2292=CURVE_STYLE('',#372,POSITIVE_LENGTH_MEASURE(2.E-2),#84);
#2293=PRESENTATION_STYLE_ASSIGNMENT((#2292));
#2294=STYLED_ITEM('',(#2293),#2291);
#2295=CARTESIAN_POINT('',(-1.369999992778E1,-6.5E0,1.935000000252E1));
#2296=DIRECTION('',(1.E0,0.E0,0.E0));
#2297=DIRECTION('',(0.E0,-1.E0,-1.243449787581E-13));
#2298=AXIS2_PLACEMENT_3D('',#2295,#2296,#2297);
#2300=CURVE_STYLE('',#372,POSITIVE_LENGTH_MEASURE(2.E-2),#84);
#2301=PRESENTATION_STYLE_ASSIGNMENT((#2300));
#2302=STYLED_ITEM('',(#2301),#2299);
#2303=CARTESIAN_POINT('',(-1.369999992778E1,-6.5E0,1.935000000252E1));
#2304=DIRECTION('',(1.E0,0.E0,0.E0));
#2305=DIRECTION('',(0.E0,4.948422624047E-14,1.E0));
#2306=AXIS2_PLACEMENT_3D('',#2303,#2304,#2305);
#2308=CURVE_STYLE('',#372,POSITIVE_LENGTH_MEASURE(2.E-2),#84);
#2309=PRESENTATION_STYLE_ASSIGNMENT((#2308));
#2310=STYLED_ITEM('',(#2309),#2307);
#2311=CARTESIAN_POINT('',(-1.419999992778E1,-6.5E0,1.935000000252E1));
#2312=DIRECTION('',(1.E0,0.E0,0.E0));
#2313=DIRECTION('',(0.E0,0.E0,1.E0));
#2314=AXIS2_PLACEMENT_3D('',#2311,#2312,#2313);
#2316=CURVE_STYLE('',#372,POSITIVE_LENGTH_MEASURE(2.E-2),#84);
#2317=PRESENTATION_STYLE_ASSIGNMENT((#2316));
#2318=STYLED_ITEM('',(#2317),#2315);
#2319=CARTESIAN_POINT('',(-1.419999992778E1,-6.5E0,1.935000000252E1));
#2320=DIRECTION('',(1.E0,0.E0,0.E0));
#2321=DIRECTION('',(0.E0,1.E0,0.E0));
#2322=AXIS2_PLACEMENT_3D('',#2319,#2320,#2321);
#2324=CURVE_STYLE('',#372,POSITIVE_LENGTH_MEASURE(2.E-2),#84);
#2325=PRESENTATION_STYLE_ASSIGNMENT((#2324));
#2326=STYLED_ITEM('',(#2325),#2323);
#2327=DIRECTION('',(1.E0,2.025046796917E-13,-1.136868377216E-13));
#2328=VECTOR('',#2327,2.5E0);
#2329=CARTESIAN_POINT('',(-1.669999992778E1,-8.4E0,1.935000000252E1));
#2330=LINE('',#2329,#2328);
#2331=CURVE_STYLE('',#372,POSITIVE_LENGTH_MEASURE(2.E-2),#84);
#2332=PRESENTATION_STYLE_ASSIGNMENT((#2331));
#2333=STYLED_ITEM('',(#2332),#2330);
#2334=DIRECTION('',(-1.E0,2.000177801165E-13,2.273736754433E-14));
#2335=VECTOR('',#2334,2.499999999999E0);
#2336=CARTESIAN_POINT('',(-1.419999992778E1,-4.600000000001E0,
1.935000000252E1));
#2337=LINE('',#2336,#2335);
#2338=CURVE_STYLE('',#372,POSITIVE_LENGTH_MEASURE(2.E-2),#84);
#2339=PRESENTATION_STYLE_ASSIGNMENT((#2338));
#2340=STYLED_ITEM('',(#2339),#2337);
#2341=DIRECTION('',(-3.800560871102E-14,-6.522481399046E-1,7.580055171244E-1));
#2342=VECTOR('',#2341,1.748051091583E1);
#2343=CARTESIAN_POINT('',(-1.769999992778E1,-3.781589894138E1,
-1.261564415983E0));
#2344=LINE('',#2343,#2342);
#2345=CURVE_STYLE('',#372,POSITIVE_LENGTH_MEASURE(2.E-2),#84);
#2346=PRESENTATION_STYLE_ASSIGNMENT((#2345));
#2347=STYLED_ITEM('',(#2346),#2344);
#2348=DIRECTION('',(7.071067811866E-1,-5.359908413356E-1,4.612090827427E-1));
#2349=VECTOR('',#2348,1.414213562373E0);
#2350=CARTESIAN_POINT('',(-1.769999992778E1,-4.921752967083E1,
1.851124069943E1));
#2351=LINE('',#2350,#2349);
#2352=CURVE_STYLE('',#372,POSITIVE_LENGTH_MEASURE(2.E-2),#84);
#2353=PRESENTATION_STYLE_ASSIGNMENT((#2352));
#2354=STYLED_ITEM('',(#2353),#2351);
#2355=CARTESIAN_POINT('',(-1.769999992778E1,-4.542750208520E1,
1.524999999990E1));
#2356=DIRECTION('',(-1.E0,1.136868377216E-13,1.101341240428E-13));
#2357=DIRECTION('',(-1.136868377217E-13,-1.E0,-1.172395514005E-14));
#2358=AXIS2_PLACEMENT_3D('',#2355,#2356,#2357);
#2360=CURVE_STYLE('',#372,POSITIVE_LENGTH_MEASURE(2.E-2),#84);
#2361=PRESENTATION_STYLE_ASSIGNMENT((#2360));
#2362=STYLED_ITEM('',(#2361),#2359);
#2363=CARTESIAN_POINT('',(-1.769999992778E1,-4.542750208520E1,
1.524999999990E1));
#2364=DIRECTION('',(-1.E0,1.136868377216E-13,1.101341240428E-13));
#2365=DIRECTION('',(-1.577404873388E-13,-7.580055171228E-1,-6.522481399064E-1));
#2366=AXIS2_PLACEMENT_3D('',#2363,#2364,#2365);
#2368=CURVE_STYLE('',#372,POSITIVE_LENGTH_MEASURE(2.E-2),#84);
#2369=PRESENTATION_STYLE_ASSIGNMENT((#2368));
#2370=STYLED_ITEM('',(#2369),#2367);
#2371=DIRECTION('',(-7.071067811865E-1,5.359908413164E-1,4.612090827651E-1));
#2372=VECTOR('',#2371,1.414213562374E0);
#2373=CARTESIAN_POINT('',(-1.669999992778E1,-4.997553518791E1,
1.133651116043E1));
#2374=LINE('',#2373,#2372);
#2375=CURVE_STYLE('',#372,POSITIVE_LENGTH_MEASURE(2.E-2),#84);
#2376=PRESENTATION_STYLE_ASSIGNMENT((#2375));
#2377=STYLED_ITEM('',(#2376),#2374);
#2378=DIRECTION('',(0.E0,6.522481399047E-1,7.580055171243E-1));
#2379=VECTOR('',#2378,1.748051091585E1);
#2380=CARTESIAN_POINT('',(-1.769999992778E1,-4.921752967083E1,
1.851124069943E1));
#2381=LINE('',#2380,#2379);
#2382=CURVE_STYLE('',#372,POSITIVE_LENGTH_MEASURE(2.E-2),#84);
#2383=PRESENTATION_STYLE_ASSIGNMENT((#2382));
#2384=STYLED_ITEM('',(#2383),#2381);
#2385=DIRECTION('',(7.071067805443E-1,7.071067818288E-1,5.124781780489E-13));
#2386=VECTOR('',#2385,1.414213563658E0);
#2387=CARTESIAN_POINT('',(-1.769999992778E1,-2.902587135576E1,
2.850032371627E1));
#2388=LINE('',#2387,#2386);
#2389=CURVE_STYLE('',#372,POSITIVE_LENGTH_MEASURE(2.E-2),#84);
#2390=PRESENTATION_STYLE_ASSIGNMENT((#2389));
#2391=STYLED_ITEM('',(#2390),#2388);
#2392=CARTESIAN_POINT('',(-1.770005394307E1,-3.402587135576E1,
2.850032371627E1));
#2393=DIRECTION('',(-1.E0,-2.131628207280E-14,-2.131628207280E-14));
#2394=DIRECTION('',(0.E0,-7.580055171242E-1,6.522481399047E-1));
#2395=AXIS2_PLACEMENT_3D('',#2392,#2393,#2394);
#2397=CURVE_STYLE('',#372,POSITIVE_LENGTH_MEASURE(2.E-2),#84);
#2398=PRESENTATION_STYLE_ASSIGNMENT((#2397));
#2399=STYLED_ITEM('',(#2398),#2396);
#2400=DIRECTION('',(-7.071067805444E-1,5.359908374606E-1,-4.612090882305E-1));
#2401=VECTOR('',#2400,1.414213563657E0);
#2402=CARTESIAN_POINT('',(-1.669999992778E1,-3.857390445371E1,
3.241381256405E1));
#2403=LINE('',#2402,#2401);
#2404=CURVE_STYLE('',#372,POSITIVE_LENGTH_MEASURE(2.E-2),#84);
#2405=PRESENTATION_STYLE_ASSIGNMENT((#2404));
#2406=STYLED_ITEM('',(#2405),#2403);
#2407=DIRECTION('',(0.E0,-1.729391954399E-14,-1.E0));
#2408=VECTOR('',#2407,2.650064743273E1);
#2409=CARTESIAN_POINT('',(-1.769999992778E1,-2.902587135576E1,
2.850032371627E1));
#2410=LINE('',#2409,#2408);
#2411=CURVE_STYLE('',#372,POSITIVE_LENGTH_MEASURE(2.E-2),#84);
#2412=PRESENTATION_STYLE_ASSIGNMENT((#2411));
#2413=STYLED_ITEM('',(#2412),#2410);
#2414=DIRECTION('',(7.071067805444E-1,-5.359908418216E-1,-4.612090831625E-1));
#2415=VECTOR('',#2414,1.414213563657E0);
#2416=CARTESIAN_POINT('',(-1.769999992778E1,-3.781589894138E1,
-1.261564415983E0));
#2417=LINE('',#2416,#2415);
#2418=CURVE_STYLE('',#372,POSITIVE_LENGTH_MEASURE(2.E-2),#84);
#2419=PRESENTATION_STYLE_ASSIGNMENT((#2418));
#2420=STYLED_ITEM('',(#2419),#2417);
#2421=CARTESIAN_POINT('',(-1.770005394307E1,-3.402587135576E1,
1.999676283540E0));
#2422=DIRECTION('',(-1.E0,2.842170943040E-14,-2.975397705995E-14));
#2423=DIRECTION('',(2.842201647511E-14,1.E0,0.E0));
#2424=AXIS2_PLACEMENT_3D('',#2421,#2422,#2423);
#2426=CURVE_STYLE('',#372,POSITIVE_LENGTH_MEASURE(2.E-2),#84);
#2427=PRESENTATION_STYLE_ASSIGNMENT((#2426));
#2428=STYLED_ITEM('',(#2427),#2425);
#2429=DIRECTION('',(-7.071067805444E-1,-7.071067818287E-1,6.686836777450E-9));
#2430=VECTOR('',#2429,1.414213563657E0);
#2431=CARTESIAN_POINT('',(-1.669999992778E1,-2.802587135394E1,
1.999676274082E0));
#2432=LINE('',#2431,#2430);
#2433=CURVE_STYLE('',#372,POSITIVE_LENGTH_MEASURE(2.E-2),#84);
#2434=PRESENTATION_STYLE_ASSIGNMENT((#2433));
#2435=STYLED_ITEM('',(#2434),#2432);
#2436=DIRECTION('',(1.E0,0.E0,0.E0));
#2437=VECTOR('',#2436,3.E0);
#2438=CARTESIAN_POINT('',(-2.069999992778E1,-3.781589894138E1,
-1.261564415983E0));
#2439=LINE('',#2438,#2437);
#2440=CURVE_STYLE('',#372,POSITIVE_LENGTH_MEASURE(2.E-2),#84);
#2441=PRESENTATION_STYLE_ASSIGNMENT((#2440));
#2442=STYLED_ITEM('',(#2441),#2439);
#2443=DIRECTION('',(-1.E0,1.065814103640E-14,4.517867561541E-13));
#2444=VECTOR('',#2443,3.E0);
#2445=CARTESIAN_POINT('',(-1.769999992778E1,-2.902587135576E1,
1.999676283538E0));
#2446=LINE('',#2445,#2444);
#2447=CURVE_STYLE('',#372,POSITIVE_LENGTH_MEASURE(2.E-2),#84);
#2448=PRESENTATION_STYLE_ASSIGNMENT((#2447));
#2449=STYLED_ITEM('',(#2448),#2446);
#2450=DIRECTION('',(1.E0,-6.631732200428E-14,-1.113183619357E-13));
#2451=VECTOR('',#2450,3.E0);
#2452=CARTESIAN_POINT('',(-2.069999992778E1,-4.921752967083E1,
1.851124069943E1));
#2453=LINE('',#2452,#2451);
#2454=CURVE_STYLE('',#372,POSITIVE_LENGTH_MEASURE(2.E-2),#84);
#2455=PRESENTATION_STYLE_ASSIGNMENT((#2454));
#2456=STYLED_ITEM('',(#2455),#2453);
#2457=DIRECTION('',(-1.E0,-3.742191741671E-12,4.056606902245E-12));
#2458=VECTOR('',#2457,2.999999999999E0);
#2459=CARTESIAN_POINT('',(-1.769999992778E1,-4.921752967081E1,
1.198875930037E1));
#2460=LINE('',#2459,#2458);
#2461=CURVE_STYLE('',#372,POSITIVE_LENGTH_MEASURE(2.E-2),#84);
#2462=PRESENTATION_STYLE_ASSIGNMENT((#2461));
#2463=STYLED_ITEM('',(#2462),#2460);
#2464=DIRECTION('',(1.E0,2.842170943040E-14,-6.750155989721E-14));
#2465=VECTOR('',#2464,3.E0);
#2466=CARTESIAN_POINT('',(-2.069999992778E1,-2.902587135576E1,
2.850032371627E1));
#2467=LINE('',#2466,#2465);
#2468=CURVE_STYLE('',#372,POSITIVE_LENGTH_MEASURE(2.E-2),#84);
#2469=PRESENTATION_STYLE_ASSIGNMENT((#2468));
#2470=STYLED_ITEM('',(#2469),#2467);
#2471=DIRECTION('',(-1.E0,-2.131628207280E-13,-2.652692880171E-13));
#2472=VECTOR('',#2471,3.E0);
#2473=CARTESIAN_POINT('',(-1.769999992778E1,-3.781589894138E1,
3.176156441579E1));
#2474=LINE('',#2473,#2472);
#2475=CURVE_STYLE('',#372,POSITIVE_LENGTH_MEASURE(2.E-2),#84);
#2476=PRESENTATION_STYLE_ASSIGNMENT((#2475));
#2477=STYLED_ITEM('',(#2476),#2474);
#2478=DIRECTION('',(0.E0,-1.300395500595E-14,-1.E0));
#2479=VECTOR('',#2478,2.650064743273E1);
#2480=CARTESIAN_POINT('',(-2.069999992778E1,-2.902587135576E1,
2.850032371627E1));
#2481=LINE('',#2480,#2479);
#2482=CURVE_STYLE('',#372,POSITIVE_LENGTH_MEASURE(2.E-2),#84);
#2483=PRESENTATION_STYLE_ASSIGNMENT((#2482));
#2484=STYLED_ITEM('',(#2483),#2481);
#2485=DIRECTION('',(0.E0,0.E0,1.E0));
#2486=VECTOR('',#2485,5.052305514098E1);
#2487=CARTESIAN_POINT('',(-1.769999992778E1,-6.186443439040E1,
-4.881198560852E1));
#2488=LINE('',#2487,#2486);
#2489=CURVE_STYLE('',#372,POSITIVE_LENGTH_MEASURE(2.E-2),#84);
#2490=PRESENTATION_STYLE_ASSIGNMENT((#2489));
#2491=STYLED_ITEM('',(#2490),#2488);
#2492=DIRECTION('',(7.071067805444E-1,5.359908418215E-1,4.612090831625E-1));
#2493=VECTOR('',#2492,1.414213563657E0);
#2494=CARTESIAN_POINT('',(-1.769999992778E1,-5.307440680478E1,
4.972310231988E0));
#2495=LINE('',#2494,#2493);
#2496=CURVE_STYLE('',#372,POSITIVE_LENGTH_MEASURE(2.E-2),#84);
#2497=PRESENTATION_STYLE_ASSIGNMENT((#2496));
#2498=STYLED_ITEM('',(#2497),#2495);
#2499=CARTESIAN_POINT('',(-1.770005394307E1,-5.686443439040E1,
1.711069532465E0));
#2500=DIRECTION('',(-1.E0,0.E0,5.417888360171E-14));
#2501=DIRECTION('',(0.E0,-1.E0,9.081722451812E-14));
#2502=AXIS2_PLACEMENT_3D('',#2499,#2500,#2501);
#2504=CURVE_STYLE('',#372,POSITIVE_LENGTH_MEASURE(2.E-2),#84);
#2505=PRESENTATION_STYLE_ASSIGNMENT((#2504));
#2506=STYLED_ITEM('',(#2505),#2503);
#2507=DIRECTION('',(-7.071067805444E-1,7.071067818287E-1,-6.686556358937E-9));
#2508=VECTOR('',#2507,1.414213563657E0);
#2509=CARTESIAN_POINT('',(-1.669999992778E1,-6.286443439221E1,
1.711069541922E0));
#2510=LINE('',#2509,#2508);
#2511=CURVE_STYLE('',#372,POSITIVE_LENGTH_MEASURE(2.E-2),#84);
#2512=PRESENTATION_STYLE_ASSIGNMENT((#2511));
#2513=STYLED_ITEM('',(#2512),#2510);
#2514=DIRECTION('',(-2.046794279807E-14,6.522481399046E-1,-7.580055171243E-1));
#2515=VECTOR('',#2514,3.332631095656E1);
#2516=CARTESIAN_POINT('',(-1.769999992778E1,-5.307440680478E1,
4.972310231988E0));
#2517=LINE('',#2516,#2515);
#2518=CURVE_STYLE('',#372,POSITIVE_LENGTH_MEASURE(2.E-2),#84);
#2519=PRESENTATION_STYLE_ASSIGNMENT((#2518));
#2520=STYLED_ITEM('',(#2519),#2517);
#2521=DIRECTION('',(7.071067811866E-1,5.359908413354E-1,-4.612090827429E-1));
#2522=VECTOR('',#2521,1.414213562373E0);
#2523=CARTESIAN_POINT('',(-1.769999992778E1,-3.133738247346E1,
-2.681169873755E1));
#2524=LINE('',#2523,#2522);
#2525=CURVE_STYLE('',#372,POSITIVE_LENGTH_MEASURE(2.E-2),#84);
#2526=PRESENTATION_STYLE_ASSIGNMENT((#2525));
#2527=STYLED_ITEM('',(#2526),#2524);
#2528=CARTESIAN_POINT('',(-1.769999992778E1,-3.512741005908E1,
-2.355045803803E1));
#2529=DIRECTION('',(-1.E0,2.415845301584E-13,-4.618527782441E-14));
#2530=DIRECTION('',(2.415845301586E-13,1.E0,0.E0));
#2531=AXIS2_PLACEMENT_3D('',#2528,#2529,#2530);
#2533=CURVE_STYLE('',#372,POSITIVE_LENGTH_MEASURE(2.E-2),#84);
#2534=PRESENTATION_STYLE_ASSIGNMENT((#2533));
#2535=STYLED_ITEM('',(#2534),#2532);
#2536=CARTESIAN_POINT('',(-1.769999992778E1,-3.512741005908E1,
-2.355045803803E1));
#2537=DIRECTION('',(-1.E0,2.415845301584E-13,-4.618527782441E-14));
#2538=DIRECTION('',(1.527666881885E-13,7.580055171228E-1,6.522481399065E-1));
#2539=AXIS2_PLACEMENT_3D('',#2536,#2537,#2538);
#2541=CURVE_STYLE('',#372,POSITIVE_LENGTH_MEASURE(2.E-2),#84);
#2542=PRESENTATION_STYLE_ASSIGNMENT((#2541));
#2543=STYLED_ITEM('',(#2542),#2540);
#2544=DIRECTION('',(-7.071067811865E-1,-5.359908413163E-1,-4.612090827652E-1));
#2545=VECTOR('',#2544,1.414213562374E0);
#2546=CARTESIAN_POINT('',(-1.669999992778E1,-3.057937695638E1,
-1.963696919855E1));
#2547=LINE('',#2546,#2545);
#2548=CURVE_STYLE('',#372,POSITIVE_LENGTH_MEASURE(2.E-2),#84);
#2549=PRESENTATION_STYLE_ASSIGNMENT((#2548));
#2550=STYLED_ITEM('',(#2549),#2547);
#2551=DIRECTION('',(0.E0,-6.522481399046E-1,-7.580055171243E-1));
#2552=VECTOR('',#2551,3.332631095658E1);
#2553=CARTESIAN_POINT('',(-1.769999992778E1,-3.133738247346E1,
-2.681169873755E1));
#2554=LINE('',#2553,#2552);
#2555=CURVE_STYLE('',#372,POSITIVE_LENGTH_MEASURE(2.E-2),#84);
#2556=PRESENTATION_STYLE_ASSIGNMENT((#2555));
#2557=STYLED_ITEM('',(#2556),#2554);
#2558=DIRECTION('',(7.071067805444E-1,-7.071067818287E-1,-9.596405098760E-13));
#2559=VECTOR('',#2558,1.414213563657E0);
#2560=CARTESIAN_POINT('',(-1.769999992778E1,-6.186443439040E1,
-4.881198560852E1));
#2561=LINE('',#2560,#2559);
#2562=CURVE_STYLE('',#372,POSITIVE_LENGTH_MEASURE(2.E-2),#84);
#2563=PRESENTATION_STYLE_ASSIGNMENT((#2562));
#2564=STYLED_ITEM('',(#2563),#2561);
#2565=CARTESIAN_POINT('',(-1.770005394307E1,-5.686443439040E1,
-4.881198560852E1));
#2566=DIRECTION('',(-1.E0,2.842170943040E-14,2.842170943040E-14));
#2567=DIRECTION('',(0.E0,7.580055171243E-1,-6.522481399047E-1));
#2568=AXIS2_PLACEMENT_3D('',#2565,#2566,#2567);
#2570=CURVE_STYLE('',#372,POSITIVE_LENGTH_MEASURE(2.E-2),#84);
#2571=PRESENTATION_STYLE_ASSIGNMENT((#2570));
#2572=STYLED_ITEM('',(#2571),#2569);
#2573=DIRECTION('',(-7.071067805444E-1,-5.359908374611E-1,4.612090882300E-1));
#2574=VECTOR('',#2573,1.414213563658E0);
#2575=CARTESIAN_POINT('',(-1.669999992778E1,-5.231640129244E1,
-5.272547445630E1));
#2576=LINE('',#2575,#2574);
#2577=CURVE_STYLE('',#372,POSITIVE_LENGTH_MEASURE(2.E-2),#84);
#2578=PRESENTATION_STYLE_ASSIGNMENT((#2577));
#2579=STYLED_ITEM('',(#2578),#2576);
#2580=DIRECTION('',(1.E0,0.E0,1.989519660128E-13));
#2581=VECTOR('',#2580,3.E0);
#2582=CARTESIAN_POINT('',(-2.069999992778E1,-6.186443439040E1,
-4.881198560852E1));
#2583=LINE('',#2582,#2581);
#2584=CURVE_STYLE('',#372,POSITIVE_LENGTH_MEASURE(2.E-2),#84);
#2585=PRESENTATION_STYLE_ASSIGNMENT((#2584));
#2586=STYLED_ITEM('',(#2585),#2583);
#2587=DIRECTION('',(-1.E0,2.865855700899E-13,3.339550858072E-13));
#2588=VECTOR('',#2587,3.E0);
#2589=CARTESIAN_POINT('',(-1.769999992778E1,-5.307440680478E1,
-5.207322630804E1));
#2590=LINE('',#2589,#2588);
#2591=CURVE_STYLE('',#372,POSITIVE_LENGTH_MEASURE(2.E-2),#84);
#2592=PRESENTATION_STYLE_ASSIGNMENT((#2591));
#2593=STYLED_ITEM('',(#2592),#2590);
#2594=DIRECTION('',(1.E0,-4.736951571734E-14,5.654735938757E-14));
#2595=VECTOR('',#2594,3.E0);
#2596=CARTESIAN_POINT('',(-2.069999992778E1,-5.307440680478E1,
4.972310231988E0));
#2597=LINE('',#2596,#2595);
#2598=CURVE_STYLE('',#372,POSITIVE_LENGTH_MEASURE(2.E-2),#84);
#2599=PRESENTATION_STYLE_ASSIGNMENT((#2598));
#2600=STYLED_ITEM('',(#2599),#2597);
#2601=DIRECTION('',(-1.E0,0.E0,-2.654173177537E-13));
#2602=VECTOR('',#2601,3.E0);
#2603=CARTESIAN_POINT('',(-1.769999992778E1,-6.186443439040E1,
1.711069532466E0));
#2604=LINE('',#2603,#2602);
#2605=CURVE_STYLE('',#372,POSITIVE_LENGTH_MEASURE(2.E-2),#84);
#2606=PRESENTATION_STYLE_ASSIGNMENT((#2605));
#2607=STYLED_ITEM('',(#2606),#2604);
#2608=DIRECTION('',(1.E0,3.789561257387E-14,5.447494307494E-14));
#2609=VECTOR('',#2608,3.E0);
#2610=CARTESIAN_POINT('',(-2.069999992778E1,-3.133738247346E1,
-2.681169873755E1));
#2611=LINE('',#2610,#2609);
#2612=CURVE_STYLE('',#372,POSITIVE_LENGTH_MEASURE(2.E-2),#84);
#2613=PRESENTATION_STYLE_ASSIGNMENT((#2612));
#2614=STYLED_ITEM('',(#2613),#2611);
#2615=DIRECTION('',(-1.E0,3.752849882707E-12,-4.041803928583E-12));
#2616=VECTOR('',#2615,2.999999999999E0);
#2617=CARTESIAN_POINT('',(-1.769999992778E1,-3.133738247348E1,
-2.028921733849E1));
#2618=LINE('',#2617,#2616);
#2619=CURVE_STYLE('',#372,POSITIVE_LENGTH_MEASURE(2.E-2),#84);
#2620=PRESENTATION_STYLE_ASSIGNMENT((#2619));
#2621=STYLED_ITEM('',(#2620),#2618);
#2622=DIRECTION('',(7.071067805443E-1,5.359908418215E-1,4.612090831626E-1));
#2623=VECTOR('',#2622,1.414213563657E0);
#2624=CARTESIAN_POINT('',(-1.769999992778E1,-5.307440680478E1,
8.257322630805E1));
#2625=LINE('',#2624,#2623);
#2626=CURVE_STYLE('',#372,POSITIVE_LENGTH_MEASURE(2.E-2),#84);
#2627=PRESENTATION_STYLE_ASSIGNMENT((#2626));
#2628=STYLED_ITEM('',(#2627),#2625);
#2629=CARTESIAN_POINT('',(-1.770005394307E1,-5.686443439040E1,
7.931198560853E1));
#2630=DIRECTION('',(-1.E0,-4.973799150321E-14,7.105427357601E-14));
#2631=DIRECTION('',(4.973852883144E-14,-1.E0,5.968623459773E-14));
#2632=AXIS2_PLACEMENT_3D('',#2629,#2630,#2631);
#2634=CURVE_STYLE('',#372,POSITIVE_LENGTH_MEASURE(2.E-2),#84);
#2635=PRESENTATION_STYLE_ASSIGNMENT((#2634));
#2636=STYLED_ITEM('',(#2635),#2633);
#2637=DIRECTION('',(-7.071067805444E-1,7.071067818287E-1,-6.686654489715E-9));
#2638=VECTOR('',#2637,1.414213563657E0);
#2639=CARTESIAN_POINT('',(-1.669999992778E1,-6.286443439221E1,
7.931198561799E1));
#2640=LINE('',#2639,#2638);
#2641=CURVE_STYLE('',#372,POSITIVE_LENGTH_MEASURE(2.E-2),#84);
#2642=PRESENTATION_STYLE_ASSIGNMENT((#2641));
#2643=STYLED_ITEM('',(#2642),#2640);
#2644=DIRECTION('',(-1.780284607950E-14,6.522481399046E-1,-7.580055171243E-1));
#2645=VECTOR('',#2644,3.332631095670E1);
#2646=CARTESIAN_POINT('',(-1.769999992778E1,-5.307440680478E1,
8.257322630805E1));
#2647=LINE('',#2646,#2645);
#2648=CURVE_STYLE('',#372,POSITIVE_LENGTH_MEASURE(2.E-2),#84);
#2649=PRESENTATION_STYLE_ASSIGNMENT((#2648));
#2650=STYLED_ITEM('',(#2649),#2647);
#2651=DIRECTION('',(7.071067811865E-1,5.359908413354E-1,-4.612090827429E-1));
#2652=VECTOR('',#2651,1.414213562373E0);
#2653=CARTESIAN_POINT('',(-1.769999992778E1,-3.133738247337E1,
5.078921733841E1));
#2654=LINE('',#2653,#2652);
#2655=CURVE_STYLE('',#372,POSITIVE_LENGTH_MEASURE(2.E-2),#84);
#2656=PRESENTATION_STYLE_ASSIGNMENT((#2655));
#2657=STYLED_ITEM('',(#2656),#2654);
#2658=CARTESIAN_POINT('',(-1.769999992778E1,-3.512741005899E1,
5.405045803794E1));
#2659=DIRECTION('',(-1.E0,-1.065814103640E-13,0.E0));
#2660=DIRECTION('',(-1.065814103641E-13,1.E0,0.E0));
#2661=AXIS2_PLACEMENT_3D('',#2658,#2659,#2660);
#2663=CURVE_STYLE('',#372,POSITIVE_LENGTH_MEASURE(2.E-2),#84);
#2664=PRESENTATION_STYLE_ASSIGNMENT((#2663));
#2665=STYLED_ITEM('',(#2664),#2662);
#2666=CARTESIAN_POINT('',(-1.769999992778E1,-3.512741005899E1,
5.405045803794E1));
#2667=DIRECTION('',(-1.E0,-1.065814103640E-13,0.E0));
#2668=DIRECTION('',(-8.100187187669E-14,7.580055171228E-1,6.522481399064E-1));
#2669=AXIS2_PLACEMENT_3D('',#2666,#2667,#2668);
#2671=CURVE_STYLE('',#372,POSITIVE_LENGTH_MEASURE(2.E-2),#84);
#2672=PRESENTATION_STYLE_ASSIGNMENT((#2671));
#2673=STYLED_ITEM('',(#2672),#2670);
#2674=DIRECTION('',(-7.071067811866E-1,-5.359908413166E-1,-4.612090827648E-1));
#2675=VECTOR('',#2674,1.414213562374E0);
#2676=CARTESIAN_POINT('',(-1.669999992778E1,-3.057937695629E1,
5.796394687741E1));
#2677=LINE('',#2676,#2675);
#2678=CURVE_STYLE('',#372,POSITIVE_LENGTH_MEASURE(2.E-2),#84);
#2679=PRESENTATION_STYLE_ASSIGNMENT((#2678));
#2680=STYLED_ITEM('',(#2679),#2677);
#2681=DIRECTION('',(0.E0,-6.522481399047E-1,-7.580055171243E-1));
#2682=VECTOR('',#2681,3.332631095672E1);
#2683=CARTESIAN_POINT('',(-1.769999992778E1,-3.133738247337E1,
5.078921733841E1));
#2684=LINE('',#2683,#2682);
#2685=CURVE_STYLE('',#372,POSITIVE_LENGTH_MEASURE(2.E-2),#84);
#2686=PRESENTATION_STYLE_ASSIGNMENT((#2685));
#2687=STYLED_ITEM('',(#2686),#2684);
#2688=DIRECTION('',(7.071067805444E-1,-7.071067818287E-1,-1.085247906457E-12));
#2689=VECTOR('',#2688,1.414213563657E0);
#2690=CARTESIAN_POINT('',(-1.769999992778E1,-6.186443439040E1,
2.878893046734E1));
#2691=LINE('',#2690,#2689);
#2692=CURVE_STYLE('',#372,POSITIVE_LENGTH_MEASURE(2.E-2),#84);
#2693=PRESENTATION_STYLE_ASSIGNMENT((#2692));
#2694=STYLED_ITEM('',(#2693),#2691);
#2695=CARTESIAN_POINT('',(-1.770005394307E1,-5.686443439040E1,
2.878893046734E1));
#2696=DIRECTION('',(-1.E0,-2.842170943040E-14,-1.421085471520E-14));
#2697=DIRECTION('',(-1.207935700192E-14,7.580055171242E-1,-6.522481399048E-1));
#2698=AXIS2_PLACEMENT_3D('',#2695,#2696,#2697);
#2700=CURVE_STYLE('',#372,POSITIVE_LENGTH_MEASURE(2.E-2),#84);
#2701=PRESENTATION_STYLE_ASSIGNMENT((#2700));
#2702=STYLED_ITEM('',(#2701),#2699);
#2703=DIRECTION('',(-7.071067805444E-1,-5.359908374609E-1,4.612090882302E-1));
#2704=VECTOR('',#2703,1.414213563657E0);
#2705=CARTESIAN_POINT('',(-1.669999992778E1,-5.231640129244E1,
2.487544161956E1));
#2706=LINE('',#2705,#2704);
#2707=CURVE_STYLE('',#372,POSITIVE_LENGTH_MEASURE(2.E-2),#84);
#2708=PRESENTATION_STYLE_ASSIGNMENT((#2707));
#2709=STYLED_ITEM('',(#2708),#2706);
#2710=DIRECTION('',(0.E0,0.E0,1.E0));
#2711=VECTOR('',#2710,5.052305514119E1);
#2712=CARTESIAN_POINT('',(-1.769999992778E1,-6.186443439040E1,
2.878893046734E1));
#2713=LINE('',#2712,#2711);
#2714=CURVE_STYLE('',#372,POSITIVE_LENGTH_MEASURE(2.E-2),#84);
#2715=PRESENTATION_STYLE_ASSIGNMENT((#2714));
#2716=STYLED_ITEM('',(#2715),#2713);
#2717=DIRECTION('',(1.E0,-1.184237892934E-14,2.842170943040E-14));
#2718=VECTOR('',#2717,3.E0);
#2719=CARTESIAN_POINT('',(-2.069999992778E1,-5.307440680478E1,
8.257322630805E1));
#2720=LINE('',#2719,#2718);
#2721=CURVE_STYLE('',#372,POSITIVE_LENGTH_MEASURE(2.E-2),#84);
#2722=PRESENTATION_STYLE_ASSIGNMENT((#2721));
#2723=STYLED_ITEM('',(#2722),#2720);
#2724=DIRECTION('',(-1.E0,0.E0,-3.931669804539E-13));
#2725=VECTOR('',#2724,3.E0);
#2726=CARTESIAN_POINT('',(-1.769999992778E1,-6.186443439040E1,
7.931198560853E1));
#2727=LINE('',#2726,#2725);
#2728=CURVE_STYLE('',#372,POSITIVE_LENGTH_MEASURE(2.E-2),#84);
#2729=PRESENTATION_STYLE_ASSIGNMENT((#2728));
#2730=STYLED_ITEM('',(#2729),#2727);
#2731=DIRECTION('',(1.E0,-5.802765675374E-14,-7.105427357601E-14));
#2732=VECTOR('',#2731,3.E0);
#2733=CARTESIAN_POINT('',(-2.069999992778E1,-3.133738247337E1,
5.078921733841E1));
#2734=LINE('',#2733,#2732);
#2735=CURVE_STYLE('',#372,POSITIVE_LENGTH_MEASURE(2.E-2),#84);
#2736=PRESENTATION_STYLE_ASSIGNMENT((#2735));
#2737=STYLED_ITEM('',(#2736),#2734);
#2738=DIRECTION('',(-1.E0,3.664032040737E-12,-3.938775231898E-12));
#2739=VECTOR('',#2738,2.999999999999E0);
#2740=CARTESIAN_POINT('',(-1.769999992778E1,-3.133738247339E1,
5.731169873747E1));
#2741=LINE('',#2740,#2739);
#2742=CURVE_STYLE('',#372,POSITIVE_LENGTH_MEASURE(2.E-2),#84);
#2743=PRESENTATION_STYLE_ASSIGNMENT((#2742));
#2744=STYLED_ITEM('',(#2743),#2741);
#2745=DIRECTION('',(1.E0,0.E0,1.811883976188E-13));
#2746=VECTOR('',#2745,3.E0);
#2747=CARTESIAN_POINT('',(-2.069999992778E1,-6.186443439040E1,
2.878893046734E1));
#2748=LINE('',#2747,#2746);
#2749=CURVE_STYLE('',#372,POSITIVE_LENGTH_MEASURE(2.E-2),#84);
#2750=PRESENTATION_STYLE_ASSIGNMENT((#2749));
#2751=STYLED_ITEM('',(#2750),#2748);
#2752=DIRECTION('',(-1.E0,2.889540458758E-13,3.327708479143E-13));
#2753=VECTOR('',#2752,3.E0);
#2754=CARTESIAN_POINT('',(-1.769999992778E1,-5.307440680478E1,
2.552768976782E1));
#2755=LINE('',#2754,#2753);
#2756=CURVE_STYLE('',#372,POSITIVE_LENGTH_MEASURE(2.E-2),#84);
#2757=PRESENTATION_STYLE_ASSIGNMENT((#2756));
#2758=STYLED_ITEM('',(#2757),#2755);
#2759=DIRECTION('',(7.071067811865E-1,-1.610914862610E-13,-7.071067811866E-1));
#2760=VECTOR('',#2759,1.414213562373E0);
#2761=CARTESIAN_POINT('',(-1.769999992778E1,3.474128644240E0,
-1.807499998662E1));
#2762=LINE('',#2761,#2760);
#2763=CURVE_STYLE('',#372,POSITIVE_LENGTH_MEASURE(2.E-2),#84);
#2764=PRESENTATION_STYLE_ASSIGNMENT((#2763));
#2765=STYLED_ITEM('',(#2764),#2762);
#2766=CARTESIAN_POINT('',(-1.769999992778E1,3.474128644240E0,
-1.507499998662E1));
#2767=DIRECTION('',(-1.E0,2.264854970235E-14,-2.131628207280E-14));
#2768=DIRECTION('',(2.250051996574E-14,1.E0,-2.605323364454E-14));
#2769=AXIS2_PLACEMENT_3D('',#2766,#2767,#2768);
#2771=CURVE_STYLE('',#372,POSITIVE_LENGTH_MEASURE(2.E-2),#84);
#2772=PRESENTATION_STYLE_ASSIGNMENT((#2771));
#2773=STYLED_ITEM('',(#2772),#2770);
#2774=DIRECTION('',(-7.071067811865E-1,-7.071067811865E-1,6.029155041346E-14));
#2775=VECTOR('',#2774,1.414213562373E0);
#2776=CARTESIAN_POINT('',(-1.669999992778E1,7.474128644240E0,
-1.507499998662E1));
#2777=LINE('',#2776,#2775);
#2778=CURVE_STYLE('',#372,POSITIVE_LENGTH_MEASURE(2.E-2),#84);
#2779=PRESENTATION_STYLE_ASSIGNMENT((#2778));
#2780=STYLED_ITEM('',(#2779),#2777);
#2781=DIRECTION('',(0.E0,-1.E0,2.714105915832E-14));
#2782=VECTOR('',#2781,4.974128644240E0);
#2783=CARTESIAN_POINT('',(-1.769999992778E1,3.474128644240E0,
-1.807499998662E1));
#2784=LINE('',#2783,#2782);
#2785=CURVE_STYLE('',#372,POSITIVE_LENGTH_MEASURE(2.E-2),#84);
#2786=PRESENTATION_STYLE_ASSIGNMENT((#2785));
#2787=STYLED_ITEM('',(#2786),#2784);
#2788=DIRECTION('',(7.071067811865E-1,-7.071067811865E-1,1.356559884303E-13));
#2789=VECTOR('',#2788,1.414213562373E0);
#2790=CARTESIAN_POINT('',(-1.769999992778E1,-4.5E0,-1.507499998662E1));
#2791=LINE('',#2790,#2789);
#2792=CURVE_STYLE('',#372,POSITIVE_LENGTH_MEASURE(2.E-2),#84);
#2793=PRESENTATION_STYLE_ASSIGNMENT((#2792));
#2794=STYLED_ITEM('',(#2793),#2791);
#2795=CARTESIAN_POINT('',(-1.769999992778E1,-1.5E0,-1.507499998662E1));
#2796=DIRECTION('',(-1.E0,-1.665334536938E-14,-1.598721155460E-14));
#2797=DIRECTION('',(1.657933050107E-14,-4.818367926873E-14,-1.E0));
#2798=AXIS2_PLACEMENT_3D('',#2795,#2796,#2797);
#2800=CURVE_STYLE('',#372,POSITIVE_LENGTH_MEASURE(2.E-2),#84);
#2801=PRESENTATION_STYLE_ASSIGNMENT((#2800));
#2802=STYLED_ITEM('',(#2801),#2799);
#2803=DIRECTION('',(-7.071067811866E-1,-6.845603119861E-14,7.071067811865E-1));
#2804=VECTOR('',#2803,1.414213562373E0);
#2805=CARTESIAN_POINT('',(-1.669999992778E1,-1.5E0,-1.907499998662E1));
#2806=LINE('',#2805,#2804);
#2807=CURVE_STYLE('',#372,POSITIVE_LENGTH_MEASURE(2.E-2),#84);
#2808=PRESENTATION_STYLE_ASSIGNMENT((#2807));
#2809=STYLED_ITEM('',(#2808),#2806);
#2810=DIRECTION('',(0.E0,0.E0,1.E0));
#2811=VECTOR('',#2810,4.758375198786E0);
#2812=CARTESIAN_POINT('',(-1.769999992778E1,-4.5E0,-1.507499998662E1));
#2813=LINE('',#2812,#2811);
#2814=CURVE_STYLE('',#372,POSITIVE_LENGTH_MEASURE(2.E-2),#84);
#2815=PRESENTATION_STYLE_ASSIGNMENT((#2814));
#2816=STYLED_ITEM('',(#2815),#2813);
#2817=CARTESIAN_POINT('',(-1.769999992778E1,-1.5E0,-1.031662478783E1));
#2818=DIRECTION('',(-1.E0,-3.552713678800E-14,0.E0));
#2819=DIRECTION('',(3.552713678800E-14,-1.E0,3.671137468093E-14));
#2820=AXIS2_PLACEMENT_3D('',#2817,#2818,#2819);
#2822=CURVE_STYLE('',#372,POSITIVE_LENGTH_MEASURE(2.E-2),#84);
#2823=PRESENTATION_STYLE_ASSIGNMENT((#2822));
#2824=STYLED_ITEM('',(#2823),#2821);
#2825=DIRECTION('',(-7.071067811865E-1,7.071067811865E-1,0.E0));
#2826=VECTOR('',#2825,1.414213562373E0);
#2827=CARTESIAN_POINT('',(-1.669999992778E1,-5.5E0,-1.031662478783E1));
#2828=LINE('',#2827,#2826);
#2829=CURVE_STYLE('',#372,POSITIVE_LENGTH_MEASURE(2.E-2),#84);
#2830=PRESENTATION_STYLE_ASSIGNMENT((#2829));
#2831=STYLED_ITEM('',(#2830),#2828);
#2832=DIRECTION('',(7.071067811865E-1,-5.892556509884E-1,-3.908679799858E-1));
#2833=VECTOR('',#2832,1.414213562373E0);
#2834=CARTESIAN_POINT('',(-1.769999992778E1,-4.E0,-5.341687602300E0));
#2835=LINE('',#2834,#2833);
#2836=CURVE_STYLE('',#372,POSITIVE_LENGTH_MEASURE(2.E-2),#84);
#2837=PRESENTATION_STYLE_ASSIGNMENT((#2836));
#2838=STYLED_ITEM('',(#2837),#2835);
#2839=CARTESIAN_POINT('',(-1.769999992778E1,-6.5E0,-6.999999997478E0));
#2840=DIRECTION('',(1.E0,-2.042810365310E-14,0.E0));
#2841=DIRECTION('',(2.013204417987E-14,1.E0,0.E0));
#2842=AXIS2_PLACEMENT_3D('',#2839,#2840,#2841);
#2844=CURVE_STYLE('',#372,POSITIVE_LENGTH_MEASURE(2.E-2),#84);
#2845=PRESENTATION_STYLE_ASSIGNMENT((#2844));
#2846=STYLED_ITEM('',(#2845),#2843);
#2847=CARTESIAN_POINT('',(-1.769999992778E1,-6.5E0,-6.999999997478E0));
#2848=DIRECTION('',(1.E0,-2.042810365310E-14,0.E0));
#2849=DIRECTION('',(2.013204417987E-14,8.333333333333E-1,-5.527707983927E-1));
#2850=AXIS2_PLACEMENT_3D('',#2847,#2848,#2849);
#2852=CURVE_STYLE('',#372,POSITIVE_LENGTH_MEASURE(2.E-2),#84);
#2853=PRESENTATION_STYLE_ASSIGNMENT((#2852));
#2854=STYLED_ITEM('',(#2853),#2851);
#2855=DIRECTION('',(-7.071067811866E-1,5.892556509890E-1,-3.908679799850E-1));
#2856=VECTOR('',#2855,1.414213562373E0);
#2857=CARTESIAN_POINT('',(-1.669999992778E1,-4.833333333334E0,
-8.105541594264E0));
#2858=LINE('',#2857,#2856);
#2859=CURVE_STYLE('',#372,POSITIVE_LENGTH_MEASURE(2.E-2),#84);
#2860=PRESENTATION_STYLE_ASSIGNMENT((#2859));
#2861=STYLED_ITEM('',(#2860),#2858);
#2862=DIRECTION('',(7.071067811865E-1,-7.071067811865E-1,-7.756256745898E-14));
#2863=VECTOR('',#2862,1.414213562373E0);
#2864=CARTESIAN_POINT('',(-1.769999992778E1,-4.5E0,-3.683375207122E0));
#2865=LINE('',#2864,#2863);
#2866=CURVE_STYLE('',#372,POSITIVE_LENGTH_MEASURE(2.E-2),#84);
#2867=PRESENTATION_STYLE_ASSIGNMENT((#2866));
#2868=STYLED_ITEM('',(#2867),#2865);
#2869=CARTESIAN_POINT('',(-1.769999992778E1,-1.500000000001E0,
-3.683375207122E0));
#2870=DIRECTION('',(-1.E0,0.E0,0.E0));
#2871=DIRECTION('',(0.E0,-8.333333333333E-1,-5.527707983927E-1));
#2872=AXIS2_PLACEMENT_3D('',#2869,#2870,#2871);
#2874=CURVE_STYLE('',#372,POSITIVE_LENGTH_MEASURE(2.E-2),#84);
#2875=PRESENTATION_STYLE_ASSIGNMENT((#2874));
#2876=STYLED_ITEM('',(#2875),#2873);
#2877=DIRECTION('',(0.E0,0.E0,1.E0));
#2878=VECTOR('',#2877,1.495562799894E1);
#2879=CARTESIAN_POINT('',(-1.769999992778E1,-4.5E0,-3.683375207122E0));
#2880=LINE('',#2879,#2878);
#2881=CURVE_STYLE('',#372,POSITIVE_LENGTH_MEASURE(2.E-2),#84);
#2882=PRESENTATION_STYLE_ASSIGNMENT((#2881));
#2883=STYLED_ITEM('',(#2882),#2880);
#2884=DIRECTION('',(7.071067811866E-1,3.721614637823E-1,6.012452451998E-1));
#2885=VECTOR('',#2884,1.414213562373E0);
#2886=CARTESIAN_POINT('',(-1.769999992778E1,7.894736842084E-2,
1.382312033204E1));
#2887=LINE('',#2886,#2885);
#2888=CURVE_STYLE('',#372,POSITIVE_LENGTH_MEASURE(2.E-2),#84);
#2889=PRESENTATION_STYLE_ASSIGNMENT((#2888));
#2890=STYLED_ITEM('',(#2889),#2887);
#2891=CARTESIAN_POINT('',(-1.770002017192E1,-1.5E0,1.127225279182E1));
#2892=DIRECTION('',(-1.E0,-1.043609643148E-14,4.263256414561E-14));
#2893=DIRECTION('',(1.065821295850E-14,-1.E0,-5.269894185038E-14));
#2894=AXIS2_PLACEMENT_3D('',#2891,#2892,#2893);
#2896=CURVE_STYLE('',#372,POSITIVE_LENGTH_MEASURE(2.E-2),#84);
#2897=PRESENTATION_STYLE_ASSIGNMENT((#2896));
#2898=STYLED_ITEM('',(#2897),#2895);
#2899=DIRECTION('',(-7.071067811865E-1,7.071067811866E-1,-5.903547644651E-14));
#2900=VECTOR('',#2899,1.414213562373E0);
#2901=CARTESIAN_POINT('',(-1.669999992778E1,-5.5E0,1.127225279182E1));
#2902=LINE('',#2901,#2900);
#2903=CURVE_STYLE('',#372,POSITIVE_LENGTH_MEASURE(2.E-2),#84);
#2904=PRESENTATION_STYLE_ASSIGNMENT((#2903));
#2905=STYLED_ITEM('',(#2904),#2902);
#2906=CARTESIAN_POINT('',(-1.769999992777E1,3.5E0,1.935000000252E1));
#2907=DIRECTION('',(1.E0,-6.554756737385E-13,-1.556088591314E-12));
#2908=DIRECTION('',(-1.668135715030E-12,-5.263157894737E-1,-8.502891800739E-1));
#2909=AXIS2_PLACEMENT_3D('',#2906,#2907,#2908);
#2911=CURVE_STYLE('',#372,POSITIVE_LENGTH_MEASURE(2.E-2),#84);
#2912=PRESENTATION_STYLE_ASSIGNMENT((#2911));
#2913=STYLED_ITEM('',(#2912),#2910);
#2914=DIRECTION('',(7.071067811865E-1,7.071067811866E-1,8.415695578545E-14));
#2915=VECTOR('',#2914,1.414213562373E0);
#2916=CARTESIAN_POINT('',(-1.769999992778E1,6.474128644240E0,8.900235030932E0));
#2917=LINE('',#2916,#2915);
#2918=CURVE_STYLE('',#372,POSITIVE_LENGTH_MEASURE(2.E-2),#84);
#2919=PRESENTATION_STYLE_ASSIGNMENT((#2918));
#2920=STYLED_ITEM('',(#2919),#2917);
#2921=CARTESIAN_POINT('',(-1.769999992778E1,2.474128644240E0,8.900235030932E0));
#2922=DIRECTION('',(-1.E0,-1.056932319443E-13,-4.440892098501E-14));
#2923=DIRECTION('',(-5.417888360172E-14,9.770203388099E-2,9.952157115799E-1));
#2924=AXIS2_PLACEMENT_3D('',#2921,#2922,#2923);
#2926=CURVE_STYLE('',#372,POSITIVE_LENGTH_MEASURE(2.E-2),#84);
#2927=PRESENTATION_STYLE_ASSIGNMENT((#2926));
#2928=STYLED_ITEM('',(#2927),#2925);
#2929=DIRECTION('',(-7.071067811859E-1,-6.908577066492E-2,-7.037237784050E-1));
#2930=VECTOR('',#2929,1.414213562375E0);
#2931=CARTESIAN_POINT('',(-1.669999992778E1,2.962638813602E0,1.387631358884E1));
#2932=LINE('',#2931,#2930);
#2933=CURVE_STYLE('',#372,POSITIVE_LENGTH_MEASURE(2.E-2),#84);
#2934=PRESENTATION_STYLE_ASSIGNMENT((#2933));
#2935=STYLED_ITEM('',(#2934),#2932);
#2936=DIRECTION('',(0.E0,0.E0,-1.E0));
#2937=VECTOR('',#2936,2.397523501755E1);
#2938=CARTESIAN_POINT('',(-1.769999992778E1,6.474128644240E0,8.900235030932E0));
#2939=LINE('',#2938,#2937);
#2940=CURVE_STYLE('',#372,POSITIVE_LENGTH_MEASURE(2.E-2),#84);
#2941=PRESENTATION_STYLE_ASSIGNMENT((#2940));
#2942=STYLED_ITEM('',(#2941),#2939);
#2943=DIRECTION('',(1.E0,-2.220446049250E-14,0.E0));
#2944=VECTOR('',#2943,3.E0);
#2945=CARTESIAN_POINT('',(-2.069999992778E1,3.474128644240E0,
-1.807499998662E1));
#2946=LINE('',#2945,#2944);
#2947=CURVE_STYLE('',#372,POSITIVE_LENGTH_MEASURE(2.E-2),#84);
#2948=PRESENTATION_STYLE_ASSIGNMENT((#2947));
#2949=STYLED_ITEM('',(#2948),#2946);
#2950=DIRECTION('',(-1.E0,0.E0,0.E0));
#2951=VECTOR('',#2950,3.E0);
#2952=CARTESIAN_POINT('',(-1.769999992778E1,6.474128644240E0,
-1.507499998662E1));
#2953=LINE('',#2952,#2951);
#2954=CURVE_STYLE('',#372,POSITIVE_LENGTH_MEASURE(2.E-2),#84);
#2955=PRESENTATION_STYLE_ASSIGNMENT((#2954));
#2956=STYLED_ITEM('',(#2955),#2953);
#2957=DIRECTION('',(1.E0,0.E0,0.E0));
#2958=VECTOR('',#2957,3.E0);
#2959=CARTESIAN_POINT('',(-2.069999992778E1,-4.5E0,-1.507499998662E1));
#2960=LINE('',#2959,#2958);
#2961=CURVE_STYLE('',#372,POSITIVE_LENGTH_MEASURE(2.E-2),#84);
#2962=PRESENTATION_STYLE_ASSIGNMENT((#2961));
#2963=STYLED_ITEM('',(#2962),#2960);
#2964=DIRECTION('',(-1.E0,3.116025955781E-14,0.E0));
#2965=VECTOR('',#2964,3.E0);
#2966=CARTESIAN_POINT('',(-1.769999992778E1,-1.5E0,-1.807499998662E1));
#2967=LINE('',#2966,#2965);
#2968=CURVE_STYLE('',#372,POSITIVE_LENGTH_MEASURE(2.E-2),#84);
#2969=PRESENTATION_STYLE_ASSIGNMENT((#2968));
#2970=STYLED_ITEM('',(#2969),#2967);
#2971=DIRECTION('',(-1.E0,0.E0,0.E0));
#2972=VECTOR('',#2971,3.E0);
#2973=CARTESIAN_POINT('',(-1.769999992778E1,-4.5E0,-1.031662478783E1));
#2974=LINE('',#2973,#2972);
#2975=CURVE_STYLE('',#372,POSITIVE_LENGTH_MEASURE(2.E-2),#84);
#2976=PRESENTATION_STYLE_ASSIGNMENT((#2975));
#2977=STYLED_ITEM('',(#2976),#2974);
#2978=DIRECTION('',(1.E0,0.E0,0.E0));
#2979=VECTOR('',#2978,3.E0);
#2980=CARTESIAN_POINT('',(-2.069999992778E1,-4.E0,-5.341687602300E0));
#2981=LINE('',#2980,#2979);
#2982=CURVE_STYLE('',#372,POSITIVE_LENGTH_MEASURE(2.E-2),#84);
#2983=PRESENTATION_STYLE_ASSIGNMENT((#2982));
#2984=STYLED_ITEM('',(#2983),#2981);
#2985=DIRECTION('',(-1.E0,0.E0,0.E0));
#2986=VECTOR('',#2985,3.E0);
#2987=CARTESIAN_POINT('',(-1.769999992778E1,-4.E0,-8.658312392656E0));
#2988=LINE('',#2987,#2986);
#2989=CURVE_STYLE('',#372,POSITIVE_LENGTH_MEASURE(2.E-2),#84);
#2990=PRESENTATION_STYLE_ASSIGNMENT((#2989));
#2991=STYLED_ITEM('',(#2990),#2988);
#2992=DIRECTION('',(1.E0,0.E0,0.E0));
#2993=VECTOR('',#2992,3.E0);
#2994=CARTESIAN_POINT('',(-2.069999992778E1,-4.5E0,-3.683375207122E0));
#2995=LINE('',#2994,#2993);
#2996=CURVE_STYLE('',#372,POSITIVE_LENGTH_MEASURE(2.E-2),#84);
#2997=PRESENTATION_STYLE_ASSIGNMENT((#2996));
#2998=STYLED_ITEM('',(#2997),#2995);
#2999=DIRECTION('',(1.E0,1.530257402275E-14,-2.605323364454E-14));
#3000=VECTOR('',#2999,3.E0);
#3001=CARTESIAN_POINT('',(-2.069999992778E1,7.894736842080E-2,
1.382312033204E1));
#3002=LINE('',#3001,#3000);
#3003=CURVE_STYLE('',#372,POSITIVE_LENGTH_MEASURE(2.E-2),#84);
#3004=PRESENTATION_STYLE_ASSIGNMENT((#3003));
#3005=STYLED_ITEM('',(#3004),#3002);
#3006=DIRECTION('',(-1.E0,0.E0,2.368475785867E-14));
#3007=VECTOR('',#3006,3.E0);
#3008=CARTESIAN_POINT('',(-1.769999992778E1,-4.5E0,1.127225279182E1));
#3009=LINE('',#3008,#3007);
#3010=CURVE_STYLE('',#372,POSITIVE_LENGTH_MEASURE(2.E-2),#84);
#3011=PRESENTATION_STYLE_ASSIGNMENT((#3010));
#3012=STYLED_ITEM('',(#3011),#3009);
#3013=DIRECTION('',(1.E0,-1.768215203886E-12,1.190159082398E-13));
#3014=VECTOR('',#3013,3.E0);
#3015=CARTESIAN_POINT('',(-2.069999992778E1,2.864936779766E0,1.288109787725E1));
#3016=LINE('',#3015,#3014);
#3017=CURVE_STYLE('',#372,POSITIVE_LENGTH_MEASURE(2.E-2),#84);
#3018=PRESENTATION_STYLE_ASSIGNMENT((#3017));
#3019=STYLED_ITEM('',(#3018),#3016);
#3020=DIRECTION('',(1.E0,0.E0,0.E0));
#3021=VECTOR('',#3020,3.E0);
#3022=CARTESIAN_POINT('',(-2.069999992778E1,6.474128644240E0,8.900235030932E0));
#3023=LINE('',#3022,#3021);
#3024=CURVE_STYLE('',#372,POSITIVE_LENGTH_MEASURE(2.E-2),#84);
#3025=PRESENTATION_STYLE_ASSIGNMENT((#3024));
#3026=STYLED_ITEM('',(#3025),#3023);
#3027=DIRECTION('',(-2.033454498001E-14,3.784897058324E-14,1.E0));
#3028=VECTOR('',#3027,2.393571011665E1);
#3029=CARTESIAN_POINT('',(-1.769999992778E1,-2.002587135576E1,
-1.507499998662E1));
#3030=LINE('',#3029,#3028);
#3031=CURVE_STYLE('',#372,POSITIVE_LENGTH_MEASURE(2.E-2),#84);
#3032=PRESENTATION_STYLE_ASSIGNMENT((#3031));
#3033=STYLED_ITEM('',(#3032),#3030);
#3034=CARTESIAN_POINT('',(-1.769999992778E1,-1.602587135576E1,
8.860710130050E0));
#3035=DIRECTION('',(-1.E0,3.552713678800E-14,0.E0));
#3036=DIRECTION('',(-3.552713678802E-14,-1.E0,-2.053468506348E-12));
#3037=AXIS2_PLACEMENT_3D('',#3034,#3035,#3036);
#3039=CURVE_STYLE('',#372,POSITIVE_LENGTH_MEASURE(2.E-2),#84);
#3040=PRESENTATION_STYLE_ASSIGNMENT((#3039));
#3041=STYLED_ITEM('',(#3040),#3038);
#3042=DIRECTION('',(-7.071067811865E-1,7.071067811866E-1,2.199008693933E-11));
#3043=VECTOR('',#3042,1.414213562374E0);
#3044=CARTESIAN_POINT('',(-1.669999992778E1,-2.102587135576E1,
8.860710130004E0));
#3045=LINE('',#3044,#3043);
#3046=CURVE_STYLE('',#372,POSITIVE_LENGTH_MEASURE(2.E-2),#84);
#3047=PRESENTATION_STYLE_ASSIGNMENT((#3046));
#3048=STYLED_ITEM('',(#3047),#3045);
#3049=CARTESIAN_POINT('',(-1.769999992779E1,-1.65E1,1.935000000252E1));
#3050=DIRECTION('',(1.E0,-3.517186542013E-13,1.055155962604E-12));
#3051=DIRECTION('',(1.070186674322E-12,4.515510897519E-2,-9.989799878543E-1));
#3052=AXIS2_PLACEMENT_3D('',#3049,#3050,#3051);
#3054=CURVE_STYLE('',#372,POSITIVE_LENGTH_MEASURE(2.E-2),#84);
#3055=PRESENTATION_STYLE_ASSIGNMENT((#3054));
#3056=STYLED_ITEM('',(#3055),#3053);
#3057=DIRECTION('',(-7.071067811865E-1,3.192948376160E-2,-7.063855236814E-1));
#3058=VECTOR('',#3057,1.414213562373E0);
#3059=CARTESIAN_POINT('',(-1.669999992778E1,-1.625164690064E1,
1.385561006932E1));
#3060=LINE('',#3059,#3058);
#3061=CURVE_STYLE('',#372,POSITIVE_LENGTH_MEASURE(2.E-2),#84);
#3062=PRESENTATION_STYLE_ASSIGNMENT((#3061));
#3063=STYLED_ITEM('',(#3062),#3060);
#3064=DIRECTION('',(7.071067811866E-1,7.071067811865E-1,-1.821307252073E-13));
#3065=VECTOR('',#3064,1.414213562373E0);
#3066=CARTESIAN_POINT('',(-1.769999992778E1,-8.5E0,1.127225279182E1));
#3067=LINE('',#3066,#3065);
#3068=CURVE_STYLE('',#372,POSITIVE_LENGTH_MEASURE(2.E-2),#84);
#3069=PRESENTATION_STYLE_ASSIGNMENT((#3068));
#3070=STYLED_ITEM('',(#3069),#3067);
#3071=CARTESIAN_POINT('',(-1.770002017191E1,-1.15E1,1.127225279182E1));
#3072=DIRECTION('',(-1.E0,-9.592326932761E-14,-1.119104808822E-13));
#3073=DIRECTION('',(-4.500134360257E-14,-5.263157894737E-1,8.502891800739E-1));
#3074=AXIS2_PLACEMENT_3D('',#3071,#3072,#3073);
#3076=CURVE_STYLE('',#372,POSITIVE_LENGTH_MEASURE(2.E-2),#84);
#3077=PRESENTATION_STYLE_ASSIGNMENT((#3076));
#3078=STYLED_ITEM('',(#3077),#3075);
#3079=DIRECTION('',(-7.071067811866E-1,3.721614637825E-1,-6.012452451997E-1));
#3080=VECTOR('',#3079,1.414213562373E0);
#3081=CARTESIAN_POINT('',(-1.669999992778E1,-1.360526315790E1,
1.467340951211E1));
#3082=LINE('',#3081,#3080);
#3083=CURVE_STYLE('',#372,POSITIVE_LENGTH_MEASURE(2.E-2),#84);
#3084=PRESENTATION_STYLE_ASSIGNMENT((#3083));
#3085=STYLED_ITEM('',(#3084),#3082);
#3086=DIRECTION('',(0.E0,0.E0,-1.E0));
#3087=VECTOR('',#3086,1.495562799894E1);
#3088=CARTESIAN_POINT('',(-1.769999992778E1,-8.5E0,1.127225279182E1));
#3089=LINE('',#3088,#3087);
#3090=CURVE_STYLE('',#372,POSITIVE_LENGTH_MEASURE(2.E-2),#84);
#3091=PRESENTATION_STYLE_ASSIGNMENT((#3090));
#3092=STYLED_ITEM('',(#3091),#3089);
#3093=DIRECTION('',(7.071067811865E-1,5.892556509885E-1,-3.908679799857E-1));
#3094=VECTOR('',#3093,1.414213562373E0);
#3095=CARTESIAN_POINT('',(-1.769999992778E1,-9.E0,-5.341687602300E0));
#3096=LINE('',#3095,#3094);
#3097=CURVE_STYLE('',#372,POSITIVE_LENGTH_MEASURE(2.E-2),#84);
#3098=PRESENTATION_STYLE_ASSIGNMENT((#3097));
#3099=STYLED_ITEM('',(#3098),#3096);
#3100=CARTESIAN_POINT('',(-1.769999992778E1,-1.15E1,-3.683375207123E0));
#3101=DIRECTION('',(-1.E0,4.085620730621E-14,0.E0));
#3102=DIRECTION('',(4.144832625266E-14,1.E0,8.215650382224E-14));
#3103=AXIS2_PLACEMENT_3D('',#3100,#3101,#3102);
#3105=CURVE_STYLE('',#372,POSITIVE_LENGTH_MEASURE(2.E-2),#84);
#3106=PRESENTATION_STYLE_ASSIGNMENT((#3105));
#3107=STYLED_ITEM('',(#3106),#3104);
#3108=DIRECTION('',(-7.071067811865E-1,-7.071067811866E-1,8.918125165324E-14));
#3109=VECTOR('',#3108,1.414213562373E0);
#3110=CARTESIAN_POINT('',(-1.669999992778E1,-7.5E0,-3.683375207123E0));
#3111=LINE('',#3110,#3109);
#3112=CURVE_STYLE('',#372,POSITIVE_LENGTH_MEASURE(2.E-2),#84);
#3113=PRESENTATION_STYLE_ASSIGNMENT((#3112));
#3114=STYLED_ITEM('',(#3113),#3111);
#3115=DIRECTION('',(7.071067811866E-1,5.892556509892E-1,3.908679799847E-1));
#3116=VECTOR('',#3115,1.414213562373E0);
#3117=CARTESIAN_POINT('',(-1.769999992778E1,-9.E0,-8.658312392655E0));
#3118=LINE('',#3117,#3116);
#3119=CURVE_STYLE('',#372,POSITIVE_LENGTH_MEASURE(2.E-2),#84);
#3120=PRESENTATION_STYLE_ASSIGNMENT((#3119));
#3121=STYLED_ITEM('',(#3120),#3118);
#3122=CARTESIAN_POINT('',(-1.769999992778E1,-6.5E0,-6.999999997478E0));
#3123=DIRECTION('',(1.E0,2.486899575160E-14,0.E0));
#3124=DIRECTION('',(2.486899575160E-14,-1.E0,0.E0));
#3125=AXIS2_PLACEMENT_3D('',#3122,#3123,#3124);
#3127=CURVE_STYLE('',#372,POSITIVE_LENGTH_MEASURE(2.E-2),#84);
#3128=PRESENTATION_STYLE_ASSIGNMENT((#3127));
#3129=STYLED_ITEM('',(#3128),#3126);
#3130=CARTESIAN_POINT('',(-1.769999992778E1,-6.5E0,-6.999999997478E0));
#3131=DIRECTION('',(1.E0,2.486899575160E-14,0.E0));
#3132=DIRECTION('',(1.894780628693E-14,-8.333333333334E-1,5.527707983925E-1));
#3133=AXIS2_PLACEMENT_3D('',#3130,#3131,#3132);
#3135=CURVE_STYLE('',#372,POSITIVE_LENGTH_MEASURE(2.E-2),#84);
#3136=PRESENTATION_STYLE_ASSIGNMENT((#3135));
#3137=STYLED_ITEM('',(#3136),#3134);
#3138=DIRECTION('',(7.071067811865E-1,7.071067811866E-1,-2.951773822325E-13));
#3139=VECTOR('',#3138,1.414213562373E0);
#3140=CARTESIAN_POINT('',(-1.769999992778E1,-8.5E0,-1.031662478783E1));
#3141=LINE('',#3140,#3139);
#3142=CURVE_STYLE('',#372,POSITIVE_LENGTH_MEASURE(2.E-2),#84);
#3143=PRESENTATION_STYLE_ASSIGNMENT((#3142));
#3144=STYLED_ITEM('',(#3143),#3141);
#3145=CARTESIAN_POINT('',(-1.769999992778E1,-1.15E1,-1.031662478783E1));
#3146=DIRECTION('',(-1.E0,2.309263891220E-14,0.E0));
#3147=DIRECTION('',(2.013204417987E-14,8.333333333334E-1,5.527707983925E-1));
#3148=AXIS2_PLACEMENT_3D('',#3145,#3146,#3147);
#3150=CURVE_STYLE('',#372,POSITIVE_LENGTH_MEASURE(2.E-2),#84);
#3151=PRESENTATION_STYLE_ASSIGNMENT((#3150));
#3152=STYLED_ITEM('',(#3151),#3149);
#3153=DIRECTION('',(0.E0,1.082603750031E-14,-1.E0));
#3154=VECTOR('',#3153,4.758375198786E0);
#3155=CARTESIAN_POINT('',(-1.769999992778E1,-8.5E0,-1.031662478783E1));
#3156=LINE('',#3155,#3154);
#3157=CURVE_STYLE('',#372,POSITIVE_LENGTH_MEASURE(2.E-2),#84);
#3158=PRESENTATION_STYLE_ASSIGNMENT((#3157));
#3159=STYLED_ITEM('',(#3158),#3156);
#3160=DIRECTION('',(7.071067811865E-1,1.519849500006E-13,-7.071067811866E-1));
#3161=VECTOR('',#3160,1.414213562373E0);
#3162=CARTESIAN_POINT('',(-1.769999992778E1,-1.15E1,-1.807499998662E1));
#3163=LINE('',#3162,#3161);
#3164=CURVE_STYLE('',#372,POSITIVE_LENGTH_MEASURE(2.E-2),#84);
#3165=PRESENTATION_STYLE_ASSIGNMENT((#3164));
#3166=STYLED_ITEM('',(#3165),#3163);
#3167=CARTESIAN_POINT('',(-1.769999992778E1,-1.15E1,-1.507499998662E1));
#3168=DIRECTION('',(-1.E0,0.E0,-1.065814103640E-14));
#3169=DIRECTION('',(0.E0,1.E0,2.013204417987E-14));
#3170=AXIS2_PLACEMENT_3D('',#3167,#3168,#3169);
#3172=CURVE_STYLE('',#372,POSITIVE_LENGTH_MEASURE(2.E-2),#84);
#3173=PRESENTATION_STYLE_ASSIGNMENT((#3172));
#3174=STYLED_ITEM('',(#3173),#3171);
#3175=DIRECTION('',(-7.071067811865E-1,-7.071067811866E-1,4.521866281009E-14));
#3176=VECTOR('',#3175,1.414213562373E0);
#3177=CARTESIAN_POINT('',(-1.669999992778E1,-7.5E0,-1.507499998662E1));
#3178=LINE('',#3177,#3176);
#3179=CURVE_STYLE('',#372,POSITIVE_LENGTH_MEASURE(2.E-2),#84);
#3180=PRESENTATION_STYLE_ASSIGNMENT((#3179));
#3181=STYLED_ITEM('',(#3180),#3178);
#3182=DIRECTION('',(0.E0,-1.E0,3.214618519030E-14));
#3183=VECTOR('',#3182,5.525871355760E0);
#3184=CARTESIAN_POINT('',(-1.769999992778E1,-1.15E1,-1.807499998662E1));
#3185=LINE('',#3184,#3183);
#3186=CURVE_STYLE('',#372,POSITIVE_LENGTH_MEASURE(2.E-2),#84);
#3187=PRESENTATION_STYLE_ASSIGNMENT((#3186));
#3188=STYLED_ITEM('',(#3187),#3185);
#3189=DIRECTION('',(7.071067811865E-1,-7.071067811866E-1,1.771064293395E-13));
#3190=VECTOR('',#3189,1.414213562373E0);
#3191=CARTESIAN_POINT('',(-1.769999992778E1,-2.002587135576E1,
-1.507499998662E1));
#3192=LINE('',#3191,#3190);
#3193=CURVE_STYLE('',#372,POSITIVE_LENGTH_MEASURE(2.E-2),#84);
#3194=PRESENTATION_STYLE_ASSIGNMENT((#3193));
#3195=STYLED_ITEM('',(#3194),#3192);
#3196=CARTESIAN_POINT('',(-1.769999992778E1,-1.702587135576E1,
-1.507499998662E1));
#3197=DIRECTION('',(-1.E0,2.131628207280E-14,1.953992523340E-14));
#3198=DIRECTION('',(-1.894780628694E-14,8.408089039828E-14,-1.E0));
#3199=AXIS2_PLACEMENT_3D('',#3196,#3197,#3198);
#3201=CURVE_STYLE('',#372,POSITIVE_LENGTH_MEASURE(2.E-2),#84);
#3202=PRESENTATION_STYLE_ASSIGNMENT((#3201));
#3203=STYLED_ITEM('',(#3202),#3200);
#3204=DIRECTION('',(-7.071067811865E-1,-1.256073966947E-13,7.071067811865E-1));
#3205=VECTOR('',#3204,1.414213562373E0);
#3206=CARTESIAN_POINT('',(-1.669999992778E1,-1.702587135576E1,
-1.907499998662E1));
#3207=LINE('',#3206,#3205);
#3208=CURVE_STYLE('',#372,POSITIVE_LENGTH_MEASURE(2.E-2),#84);
#3209=PRESENTATION_STYLE_ASSIGNMENT((#3208));
#3210=STYLED_ITEM('',(#3209),#3207);
#3211=DIRECTION('',(1.E0,0.E0,-7.756758198714E-14));
#3212=VECTOR('',#3211,3.E0);
#3213=CARTESIAN_POINT('',(-2.069999992778E1,-2.002587135576E1,
-1.507499998662E1));
#3214=LINE('',#3213,#3212);
#3215=CURVE_STYLE('',#372,POSITIVE_LENGTH_MEASURE(2.E-2),#84);
#3216=PRESENTATION_STYLE_ASSIGNMENT((#3215));
#3217=STYLED_ITEM('',(#3216),#3214);
#3218=DIRECTION('',(-1.E0,6.631732200428E-14,0.E0));
#3219=VECTOR('',#3218,3.E0);
#3220=CARTESIAN_POINT('',(-1.769999992778E1,-1.702587135576E1,
-1.807499998662E1));
#3221=LINE('',#3220,#3219);
#3222=CURVE_STYLE('',#372,POSITIVE_LENGTH_MEASURE(2.E-2),#84);
#3223=PRESENTATION_STYLE_ASSIGNMENT((#3222));
#3224=STYLED_ITEM('',(#3223),#3221);
#3225=DIRECTION('',(1.E0,-2.510584333019E-13,-1.243449787580E-14));
#3226=VECTOR('',#3225,3.E0);
#3227=CARTESIAN_POINT('',(-2.069999992778E1,-1.620649179166E1,
1.285663008147E1));
#3228=LINE('',#3227,#3226);
#3229=CURVE_STYLE('',#372,POSITIVE_LENGTH_MEASURE(2.E-2),#84);
#3230=PRESENTATION_STYLE_ASSIGNMENT((#3229));
#3231=STYLED_ITEM('',(#3230),#3228);
#3232=DIRECTION('',(-1.E0,-1.622405913319E-13,3.842851962570E-12));
#3233=VECTOR('',#3232,2.999999999999E0);
#3234=CARTESIAN_POINT('',(-1.769999992778E1,-2.002587135576E1,
8.860710130035E0));
#3235=LINE('',#3234,#3233);
#3236=CURVE_STYLE('',#372,POSITIVE_LENGTH_MEASURE(2.E-2),#84);
#3237=PRESENTATION_STYLE_ASSIGNMENT((#3236));
#3238=STYLED_ITEM('',(#3237),#3235);
#3239=DIRECTION('',(1.E0,1.800041597259E-13,1.083577672034E-13));
#3240=VECTOR('',#3239,3.E0);
#3241=CARTESIAN_POINT('',(-2.069999992778E1,-1.307894736842E1,
1.382312033204E1));
#3242=LINE('',#3241,#3240);
#3243=CURVE_STYLE('',#372,POSITIVE_LENGTH_MEASURE(2.E-2),#84);
#3244=PRESENTATION_STYLE_ASSIGNMENT((#3243));
#3245=STYLED_ITEM('',(#3244),#3242);
#3246=DIRECTION('',(1.E0,0.E0,-3.434289889507E-14));
#3247=VECTOR('',#3246,3.E0);
#3248=CARTESIAN_POINT('',(-2.069999992778E1,-8.5E0,1.127225279182E1));
#3249=LINE('',#3248,#3247);
#3250=CURVE_STYLE('',#372,POSITIVE_LENGTH_MEASURE(2.E-2),#84);
#3251=PRESENTATION_STYLE_ASSIGNMENT((#3250));
#3252=STYLED_ITEM('',(#3251),#3249);
#3253=DIRECTION('',(1.E0,1.065814103640E-14,0.E0));
#3254=VECTOR('',#3253,3.E0);
#3255=CARTESIAN_POINT('',(-2.069999992778E1,-9.E0,-5.341687602300E0));
#3256=LINE('',#3255,#3254);
#3257=CURVE_STYLE('',#372,POSITIVE_LENGTH_MEASURE(2.E-2),#84);
#3258=PRESENTATION_STYLE_ASSIGNMENT((#3257));
#3259=STYLED_ITEM('',(#3258),#3256);
#3260=DIRECTION('',(-1.E0,-1.539509260814E-14,2.886579864025E-14));
#3261=VECTOR('',#3260,3.E0);
#3262=CARTESIAN_POINT('',(-1.769999992778E1,-8.5E0,-3.683375207123E0));
#3263=LINE('',#3262,#3261);
#3264=CURVE_STYLE('',#372,POSITIVE_LENGTH_MEASURE(2.E-2),#84);
#3265=PRESENTATION_STYLE_ASSIGNMENT((#3264));
#3266=STYLED_ITEM('',(#3265),#3263);
#3267=DIRECTION('',(1.E0,0.E0,0.E0));
#3268=VECTOR('',#3267,3.E0);
#3269=CARTESIAN_POINT('',(-2.069999992778E1,-9.E0,-8.658312392655E0));
#3270=LINE('',#3269,#3268);
#3271=CURVE_STYLE('',#372,POSITIVE_LENGTH_MEASURE(2.E-2),#84);
#3272=PRESENTATION_STYLE_ASSIGNMENT((#3271));
#3273=STYLED_ITEM('',(#3272),#3270);
#3274=DIRECTION('',(1.E0,0.E0,0.E0));
#3275=VECTOR('',#3274,3.E0);
#3276=CARTESIAN_POINT('',(-2.069999992778E1,-8.5E0,-1.031662478783E1));
#3277=LINE('',#3276,#3275);
#3278=CURVE_STYLE('',#372,POSITIVE_LENGTH_MEASURE(2.E-2),#84);
#3279=PRESENTATION_STYLE_ASSIGNMENT((#3278));
#3280=STYLED_ITEM('',(#3279),#3277);
#3281=DIRECTION('',(1.E0,2.309263891220E-14,0.E0));
#3282=VECTOR('',#3281,3.E0);
#3283=CARTESIAN_POINT('',(-2.069999992778E1,-1.15E1,-1.807499998662E1));
#3284=LINE('',#3283,#3282);
#3285=CURVE_STYLE('',#372,POSITIVE_LENGTH_MEASURE(2.E-2),#84);
#3286=PRESENTATION_STYLE_ASSIGNMENT((#3285));
#3287=STYLED_ITEM('',(#3286),#3284);
#3288=DIRECTION('',(-1.E0,0.E0,-1.894780628694E-14));
#3289=VECTOR('',#3288,3.E0);
#3290=CARTESIAN_POINT('',(-1.769999992778E1,-8.5E0,-1.507499998662E1));
#3291=LINE('',#3290,#3289);
#3292=CURVE_STYLE('',#372,POSITIVE_LENGTH_MEASURE(2.E-2),#84);
#3293=PRESENTATION_STYLE_ASSIGNMENT((#3292));
#3294=STYLED_ITEM('',(#3293),#3291);
#3295=DIRECTION('',(7.071067811865E-1,5.558127303740E-14,-7.071067811866E-1));
#3296=VECTOR('',#3295,1.414213562373E0);
#3297=CARTESIAN_POINT('',(-1.769999992778E1,-3.300735254368E0,
2.335000000252E1));
#3298=LINE('',#3297,#3296);
#3299=CURVE_STYLE('',#372,POSITIVE_LENGTH_MEASURE(2.E-2),#84);
#3300=PRESENTATION_STYLE_ASSIGNMENT((#3299));
#3301=STYLED_ITEM('',(#3300),#3298);
#3302=CARTESIAN_POINT('',(-1.769999992778E1,-3.300735254368E0,
2.735000000252E1));
#3303=DIRECTION('',(-1.E0,7.549516567451E-14,-2.557953848737E-13));
#3304=DIRECTION('',(2.433608869979E-13,6.476890718446E-1,-7.619047619047E-1));
#3305=AXIS2_PLACEMENT_3D('',#3302,#3303,#3304);
#3307=CURVE_STYLE('',#372,POSITIVE_LENGTH_MEASURE(2.E-2),#84);
#3308=PRESENTATION_STYLE_ASSIGNMENT((#3307));
#3309=STYLED_ITEM('',(#3308),#3306);
#3310=DIRECTION('',(-7.071067805690E-1,-4.579853523558E-1,5.387480096490E-1));
#3311=VECTOR('',#3310,1.414213563608E0);
#3312=CARTESIAN_POINT('',(-1.669999992778E1,-6.228986975430E-2,
2.354047621229E1));
#3313=LINE('',#3312,#3311);
#3314=CURVE_STYLE('',#372,POSITIVE_LENGTH_MEASURE(2.E-2),#84);
#3315=PRESENTATION_STYLE_ASSIGNMENT((#3314));
#3316=STYLED_ITEM('',(#3315),#3313);
#3317=DIRECTION('',(0.E0,-1.E0,2.109908534121E-14));
#3318=VECTOR('',#3317,6.398529491265E0);
#3319=CARTESIAN_POINT('',(-1.769999992778E1,-3.300735254368E0,
2.335000000252E1));
#3320=LINE('',#3319,#3318);
#3321=CURVE_STYLE('',#372,POSITIVE_LENGTH_MEASURE(2.E-2),#84);
#3322=PRESENTATION_STYLE_ASSIGNMENT((#3321));
#3323=STYLED_ITEM('',(#3322),#3320);
#3324=DIRECTION('',(7.071067862196E-1,-4.579852221510E-1,-5.387481129187E-1));
#3325=VECTOR('',#3324,1.414213552307E0);
#3326=CARTESIAN_POINT('',(-1.769999992778E1,-1.229002103301E1,
2.430238095490E1));
#3327=LINE('',#3326,#3325);
#3328=CURVE_STYLE('',#372,POSITIVE_LENGTH_MEASURE(2.E-2),#84);
#3329=PRESENTATION_STYLE_ASSIGNMENT((#3328));
#3330=STYLED_ITEM('',(#3329),#3327);
#3331=CARTESIAN_POINT('',(-1.769999992778E1,-9.699264745632E0,
2.735000000252E1));
#3332=DIRECTION('',(-1.E0,-2.486899575160E-14,-8.171241461241E-14));
#3333=DIRECTION('',(8.171241461241E-14,-2.002842336424E-13,-1.E0));
#3334=AXIS2_PLACEMENT_3D('',#3331,#3332,#3333);
#3336=CURVE_STYLE('',#372,POSITIVE_LENGTH_MEASURE(2.E-2),#84);
#3337=PRESENTATION_STYLE_ASSIGNMENT((#3336));
#3338=STYLED_ITEM('',(#3337),#3335);
#3339=DIRECTION('',(-7.071067811866E-1,3.730539681833E-13,7.071067811865E-1));
#3340=VECTOR('',#3339,1.414213562373E0);
#3341=CARTESIAN_POINT('',(-1.669999992778E1,-9.699264745633E0,
2.235000000252E1));
#3342=LINE('',#3341,#3340);
#3343=CURVE_STYLE('',#372,POSITIVE_LENGTH_MEASURE(2.E-2),#84);
#3344=PRESENTATION_STYLE_ASSIGNMENT((#3343));
#3345=STYLED_ITEM('',(#3344),#3342);
#3346=DIRECTION('',(7.071067837106E-1,-3.192954576354E-2,-7.063855183522E-1));
#3347=VECTOR('',#3346,1.414213557326E0);
#3348=CARTESIAN_POINT('',(-1.769999992778E1,-1.620649179165E1,
2.584336992357E1));
#3349=LINE('',#3348,#3347);
#3350=CURVE_STYLE('',#372,POSITIVE_LENGTH_MEASURE(2.E-2),#84);
#3351=PRESENTATION_STYLE_ASSIGNMENT((#3350));
#3352=STYLED_ITEM('',(#3351),#3349);
#3353=CARTESIAN_POINT('',(-1.769999992778E1,-1.65E1,1.935000000252E1));
#3354=DIRECTION('',(1.E0,8.171241461242E-14,-6.394884621841E-14));
#3355=DIRECTION('',(0.E0,6.476890718446E-1,7.619047619048E-1));
#3356=AXIS2_PLACEMENT_3D('',#3353,#3354,#3355);
#3358=CURVE_STYLE('',#372,POSITIVE_LENGTH_MEASURE(2.E-2),#84);
#3359=PRESENTATION_STYLE_ASSIGNMENT((#3358));
#3360=STYLED_ITEM('',(#3359),#3357);
#3361=DIRECTION('',(7.071067811865E-1,-7.071067811866E-1,3.341156752079E-13));
#3362=VECTOR('',#3361,1.414213562373E0);
#3363=CARTESIAN_POINT('',(-1.769999992778E1,-2.002587135576E1,
2.983928987499E1));
#3364=LINE('',#3363,#3362);
#3365=CURVE_STYLE('',#372,POSITIVE_LENGTH_MEASURE(2.E-2),#84);
#3366=PRESENTATION_STYLE_ASSIGNMENT((#3365));
#3367=STYLED_ITEM('',(#3366),#3364);
#3368=CARTESIAN_POINT('',(-1.769999992778E1,-1.602587135576E1,
2.983928987499E1));
#3369=DIRECTION('',(-1.E0,-2.131628207280E-14,0.E0));
#3370=DIRECTION('',(0.E0,-4.515510897316E-2,-9.989799878544E-1));
#3371=AXIS2_PLACEMENT_3D('',#3368,#3369,#3370);
#3373=CURVE_STYLE('',#372,POSITIVE_LENGTH_MEASURE(2.E-2),#84);
#3374=PRESENTATION_STYLE_ASSIGNMENT((#3373));
#3375=STYLED_ITEM('',(#3374),#3372);
#3376=DIRECTION('',(0.E0,1.435599592031E-14,1.E0));
#3377=VECTOR('',#3376,1.608571013839E1);
#3378=CARTESIAN_POINT('',(-1.769999992778E1,-2.002587135576E1,
2.983928987499E1));
#3379=LINE('',#3378,#3377);
#3380=CURVE_STYLE('',#372,POSITIVE_LENGTH_MEASURE(2.E-2),#84);
#3381=PRESENTATION_STYLE_ASSIGNMENT((#3380));
#3382=STYLED_ITEM('',(#3381),#3379);
#3383=DIRECTION('',(7.071067811865E-1,-1.431924322320E-13,7.071067811866E-1));
#3384=VECTOR('',#3383,1.414213562373E0);
#3385=CARTESIAN_POINT('',(-1.769999992778E1,-1.702587135576E1,
4.892500001338E1));
#3386=LINE('',#3385,#3384);
#3387=CURVE_STYLE('',#372,POSITIVE_LENGTH_MEASURE(2.E-2),#84);
#3388=PRESENTATION_STYLE_ASSIGNMENT((#3387));
#3389=STYLED_ITEM('',(#3388),#3386);
#3390=CARTESIAN_POINT('',(-1.769999992778E1,-1.702587135576E1,
4.592500001338E1));
#3391=DIRECTION('',(-1.E0,-6.394884621841E-14,6.394884621841E-14));
#3392=DIRECTION('',(6.394884621842E-14,-1.E0,-2.629008122313E-13));
#3393=AXIS2_PLACEMENT_3D('',#3390,#3391,#3392);
#3395=CURVE_STYLE('',#372,POSITIVE_LENGTH_MEASURE(2.E-2),#84);
#3396=PRESENTATION_STYLE_ASSIGNMENT((#3395));
#3397=STYLED_ITEM('',(#3396),#3394);
#3398=DIRECTION('',(-7.071067811866E-1,7.071067811865E-1,-8.541302975240E-14));
#3399=VECTOR('',#3398,1.414213562373E0);
#3400=CARTESIAN_POINT('',(-1.669999992778E1,-2.102587135576E1,
4.592500001338E1));
#3401=LINE('',#3400,#3399);
#3402=CURVE_STYLE('',#372,POSITIVE_LENGTH_MEASURE(2.E-2),#84);
#3403=PRESENTATION_STYLE_ASSIGNMENT((#3402));
#3404=STYLED_ITEM('',(#3403),#3401);
#3405=DIRECTION('',(0.E0,1.E0,0.E0));
#3406=VECTOR('',#3405,2.05E1);
#3407=CARTESIAN_POINT('',(-1.769999992778E1,-1.702587135576E1,
4.892500001338E1));
#3408=LINE('',#3407,#3406);
#3409=CURVE_STYLE('',#372,POSITIVE_LENGTH_MEASURE(2.E-2),#84);
#3410=PRESENTATION_STYLE_ASSIGNMENT((#3409));
#3411=STYLED_ITEM('',(#3410),#3408);
#3412=DIRECTION('',(7.071067811865E-1,7.071067811865E-1,3.517007107452E-14));
#3413=VECTOR('',#3412,1.414213562373E0);
#3414=CARTESIAN_POINT('',(-1.769999992778E1,6.474128644240E0,4.592500001338E1));
#3415=LINE('',#3414,#3413);
#3416=CURVE_STYLE('',#372,POSITIVE_LENGTH_MEASURE(2.E-2),#84);
#3417=PRESENTATION_STYLE_ASSIGNMENT((#3416));
#3418=STYLED_ITEM('',(#3417),#3415);
#3419=CARTESIAN_POINT('',(-1.769999992778E1,3.474128644240E0,4.592500001338E1));
#3420=DIRECTION('',(-1.E0,0.E0,0.E0));
#3421=DIRECTION('',(0.E0,2.116825233619E-14,1.E0));
#3422=AXIS2_PLACEMENT_3D('',#3419,#3420,#3421);
#3424=CURVE_STYLE('',#372,POSITIVE_LENGTH_MEASURE(2.E-2),#84);
#3425=PRESENTATION_STYLE_ASSIGNMENT((#3424));
#3426=STYLED_ITEM('',(#3425),#3423);
#3427=DIRECTION('',(-7.071067811865E-1,3.338016567162E-13,-7.071067811866E-1));
#3428=VECTOR('',#3427,1.414213562373E0);
#3429=CARTESIAN_POINT('',(-1.669999992778E1,3.474128644240E0,4.992500001338E1));
#3430=LINE('',#3429,#3428);
#3431=CURVE_STYLE('',#372,POSITIVE_LENGTH_MEASURE(2.E-2),#84);
#3432=PRESENTATION_STYLE_ASSIGNMENT((#3431));
#3433=STYLED_ITEM('',(#3432),#3430);
#3434=DIRECTION('',(-1.277856681584E-14,-1.255824669833E-14,-1.E0));
#3435=VECTOR('',#3434,1.612523503927E1);
#3436=CARTESIAN_POINT('',(-1.769999992778E1,6.474128644240E0,4.592500001338E1));
#3437=LINE('',#3436,#3435);
#3438=CURVE_STYLE('',#372,POSITIVE_LENGTH_MEASURE(2.E-2),#84);
#3439=PRESENTATION_STYLE_ASSIGNMENT((#3438));
#3440=STYLED_ITEM('',(#3439),#3437);
#3441=DIRECTION('',(7.071067814854E-1,6.908577755936E-2,-7.037237774272E-1));
#3442=VECTOR('',#3441,1.414213561775E0);
#3443=CARTESIAN_POINT('',(-1.769999992778E1,2.864936779768E0,2.581890212779E1));
#3444=LINE('',#3443,#3442);
#3445=CURVE_STYLE('',#372,POSITIVE_LENGTH_MEASURE(2.E-2),#84);
#3446=PRESENTATION_STYLE_ASSIGNMENT((#3445));
#3447=STYLED_ITEM('',(#3446),#3444);
#3448=CARTESIAN_POINT('',(-1.769999992778E1,2.474128644240E0,2.979976497411E1));
#3449=DIRECTION('',(-1.E0,1.625366508051E-13,-8.526512829121E-14));
#3450=DIRECTION('',(1.625366508052E-13,1.E0,3.730349362742E-14));
#3451=AXIS2_PLACEMENT_3D('',#3448,#3449,#3450);
#3453=CURVE_STYLE('',#372,POSITIVE_LENGTH_MEASURE(2.E-2),#84);
#3454=PRESENTATION_STYLE_ASSIGNMENT((#3453));
#3455=STYLED_ITEM('',(#3454),#3452);
#3456=DIRECTION('',(-7.071067811866E-1,-7.071067811865E-1,-1.041536533392E-11));
#3457=VECTOR('',#3456,1.414213562373E0);
#3458=CARTESIAN_POINT('',(-1.669999992778E1,7.474128644240E0,2.979976497413E1));
#3459=LINE('',#3458,#3457);
#3460=CURVE_STYLE('',#372,POSITIVE_LENGTH_MEASURE(2.E-2),#84);
#3461=PRESENTATION_STYLE_ASSIGNMENT((#3460));
#3462=STYLED_ITEM('',(#3461),#3459);
#3463=CARTESIAN_POINT('',(-1.769999992778E1,3.5E0,1.935000000252E1));
#3464=DIRECTION('',(1.E0,3.277378368693E-13,-4.725109192805E-13));
#3465=DIRECTION('',(5.022990570489E-13,-9.770203388186E-2,9.952157115798E-1));
#3466=AXIS2_PLACEMENT_3D('',#3463,#3464,#3465);
#3468=CURVE_STYLE('',#372,POSITIVE_LENGTH_MEASURE(2.E-2),#84);
#3469=PRESENTATION_STYLE_ASSIGNMENT((#3468));
#3470=STYLED_ITEM('',(#3469),#3467);
#3471=DIRECTION('',(1.E0,-3.749223154159E-13,-2.700062395888E-13));
#3472=VECTOR('',#3471,3.E0);
#3473=CARTESIAN_POINT('',(-2.069999992778E1,-7.099789669886E-1,
2.430238095490E1));
#3474=LINE('',#3473,#3472);
#3475=CURVE_STYLE('',#372,POSITIVE_LENGTH_MEASURE(2.E-2),#84);
#3476=PRESENTATION_STYLE_ASSIGNMENT((#3475));
#3477=STYLED_ITEM('',(#3476),#3474);
#3478=DIRECTION('',(-1.E0,-9.818812429785E-13,-1.338188819015E-13));
#3479=VECTOR('',#3478,3.E0);
#3480=CARTESIAN_POINT('',(-1.769999992778E1,2.864936779768E0,2.581890212779E1));
#3481=LINE('',#3480,#3479);
#3482=CURVE_STYLE('',#372,POSITIVE_LENGTH_MEASURE(2.E-2),#84);
#3483=PRESENTATION_STYLE_ASSIGNMENT((#3482));
#3484=STYLED_ITEM('',(#3483),#3481);
#3485=DIRECTION('',(1.E0,3.227048258244E-14,0.E0));
#3486=VECTOR('',#3485,3.E0);
#3487=CARTESIAN_POINT('',(-2.069999992778E1,-3.300735254368E0,
2.335000000252E1));
#3488=LINE('',#3487,#3486);
#3489=CURVE_STYLE('',#372,POSITIVE_LENGTH_MEASURE(2.E-2),#84);
#3490=PRESENTATION_STYLE_ASSIGNMENT((#3489));
#3491=STYLED_ITEM('',(#3490),#3488);
#3492=DIRECTION('',(0.E0,-1.E0,1.610193354987E-14));
#3493=VECTOR('',#3492,6.398529491265E0);
#3494=CARTESIAN_POINT('',(-2.069999992778E1,-3.300735254368E0,
2.335000000252E1));
#3495=LINE('',#3494,#3493);
#3496=CURVE_STYLE('',#372,POSITIVE_LENGTH_MEASURE(2.E-2),#84);
#3497=PRESENTATION_STYLE_ASSIGNMENT((#3496));
#3498=STYLED_ITEM('',(#3497),#3495);
#3499=DIRECTION('',(1.E0,4.511946372077E-13,-2.546111469807E-13));
#3500=VECTOR('',#3499,3.E0);
#3501=CARTESIAN_POINT('',(-2.069999992778E1,-1.229002103301E1,
2.430238095490E1));
#3502=LINE('',#3501,#3500);
#3503=CURVE_STYLE('',#372,POSITIVE_LENGTH_MEASURE(2.E-2),#84);
#3504=PRESENTATION_STYLE_ASSIGNMENT((#3503));
#3505=STYLED_ITEM('',(#3504),#3502);
#3506=DIRECTION('',(-1.E0,2.901382837687E-14,0.E0));
#3507=VECTOR('',#3506,3.E0);
#3508=CARTESIAN_POINT('',(-1.769999992778E1,-9.699264745633E0,
2.335000000252E1));
#3509=LINE('',#3508,#3507);
#3510=CURVE_STYLE('',#372,POSITIVE_LENGTH_MEASURE(2.E-2),#84);
#3511=PRESENTATION_STYLE_ASSIGNMENT((#3510));
#3512=STYLED_ITEM('',(#3511),#3509);
#3513=DIRECTION('',(1.E0,3.101519041593E-12,2.605323364454E-14));
#3514=VECTOR('',#3513,3.E0);
#3515=CARTESIAN_POINT('',(-2.069999992778E1,-1.620649179166E1,
2.584336992357E1));
#3516=LINE('',#3515,#3514);
#3517=CURVE_STYLE('',#372,POSITIVE_LENGTH_MEASURE(2.E-2),#84);
#3518=PRESENTATION_STYLE_ASSIGNMENT((#3517));
#3519=STYLED_ITEM('',(#3518),#3516);
#3520=DIRECTION('',(1.E0,0.E0,-4.736951571734E-14));
#3521=VECTOR('',#3520,3.E0);
#3522=CARTESIAN_POINT('',(-2.069999992778E1,-2.002587135576E1,
2.983928987499E1));
#3523=LINE('',#3522,#3521);
#3524=CURVE_STYLE('',#372,POSITIVE_LENGTH_MEASURE(2.E-2),#84);
#3525=PRESENTATION_STYLE_ASSIGNMENT((#3524));
#3526=STYLED_ITEM('',(#3525),#3523);
#3527=DIRECTION('',(0.E0,1.457685739601E-14,1.E0));
#3528=VECTOR('',#3527,1.608571013839E1);
#3529=CARTESIAN_POINT('',(-2.069999992778E1,-2.002587135576E1,
2.983928987499E1));
#3530=LINE('',#3529,#3528);
#3531=CURVE_STYLE('',#372,POSITIVE_LENGTH_MEASURE(2.E-2),#84);
#3532=PRESENTATION_STYLE_ASSIGNMENT((#3531));
#3533=STYLED_ITEM('',(#3532),#3530);
#3534=DIRECTION('',(1.E0,2.960594732334E-14,1.657933050107E-14));
#3535=VECTOR('',#3534,3.E0);
#3536=CARTESIAN_POINT('',(-2.069999992778E1,-1.702587135576E1,
4.892500001338E1));
#3537=LINE('',#3536,#3535);
#3538=CURVE_STYLE('',#372,POSITIVE_LENGTH_MEASURE(2.E-2),#84);
#3539=PRESENTATION_STYLE_ASSIGNMENT((#3538));
#3540=STYLED_ITEM('',(#3539),#3537);
#3541=DIRECTION('',(-1.E0,0.E0,3.079018521627E-14));
#3542=VECTOR('',#3541,3.E0);
#3543=CARTESIAN_POINT('',(-1.769999992778E1,-2.002587135576E1,
4.592500001338E1));
#3544=LINE('',#3543,#3542);
#3545=CURVE_STYLE('',#372,POSITIVE_LENGTH_MEASURE(2.E-2),#84);
#3546=PRESENTATION_STYLE_ASSIGNMENT((#3545));
#3547=STYLED_ITEM('',(#3546),#3544);
#3548=DIRECTION('',(0.E0,1.E0,0.E0));
#3549=VECTOR('',#3548,2.05E1);
#3550=CARTESIAN_POINT('',(-2.069999992778E1,-1.702587135576E1,
4.892500001338E1));
#3551=LINE('',#3550,#3549);
#3552=CURVE_STYLE('',#372,POSITIVE_LENGTH_MEASURE(2.E-2),#84);
#3553=PRESENTATION_STYLE_ASSIGNMENT((#3552));
#3554=STYLED_ITEM('',(#3553),#3551);
#3555=DIRECTION('',(1.E0,0.E0,0.E0));
#3556=VECTOR('',#3555,3.E0);
#3557=CARTESIAN_POINT('',(-2.069999992778E1,6.474128644240E0,4.592500001338E1));
#3558=LINE('',#3557,#3556);
#3559=CURVE_STYLE('',#372,POSITIVE_LENGTH_MEASURE(2.E-2),#84);
#3560=PRESENTATION_STYLE_ASSIGNMENT((#3559));
#3561=STYLED_ITEM('',(#3560),#3558);
#3562=DIRECTION('',(-1.E0,6.602126253104E-14,0.E0));
#3563=VECTOR('',#3562,3.E0);
#3564=CARTESIAN_POINT('',(-1.769999992778E1,3.474128644240E0,4.892500001338E1));
#3565=LINE('',#3564,#3563);
#3566=CURVE_STYLE('',#372,POSITIVE_LENGTH_MEASURE(2.E-2),#84);
#3567=PRESENTATION_STYLE_ASSIGNMENT((#3566));
#3568=STYLED_ITEM('',(#3567),#3565);
#3569=DIRECTION('',(0.E0,0.E0,-1.E0));
#3570=VECTOR('',#3569,1.612523503927E1);
#3571=CARTESIAN_POINT('',(-2.069999992778E1,6.474128644240E0,4.592500001338E1));
#3572=LINE('',#3571,#3570);
#3573=CURVE_STYLE('',#372,POSITIVE_LENGTH_MEASURE(2.E-2),#84);
#3574=PRESENTATION_STYLE_ASSIGNMENT((#3573));
#3575=STYLED_ITEM('',(#3574),#3572);
#3576=DIRECTION('',(-1.E0,7.312668988865E-14,-1.830831782475E-12));
#3577=VECTOR('',#3576,3.E0);
#3578=CARTESIAN_POINT('',(-1.769999992778E1,6.474128644240E0,2.979976497411E1));
#3579=LINE('',#3578,#3577);
#3580=CURVE_STYLE('',#372,POSITIVE_LENGTH_MEASURE(2.E-2),#84);
#3581=PRESENTATION_STYLE_ASSIGNMENT((#3580));
#3582=STYLED_ITEM('',(#3581),#3579);
#3583=DIRECTION('',(1.E0,0.E0,0.E0));
#3584=VECTOR('',#3583,1.5E0);
#3585=CARTESIAN_POINT('',(-1.819999992778E1,-6.727587135576E1,9.875E1));
#3586=LINE('',#3585,#3584);
#3587=CURVE_STYLE('',#372,POSITIVE_LENGTH_MEASURE(2.E-2),#84);
#3588=PRESENTATION_STYLE_ASSIGNMENT((#3587));
#3589=STYLED_ITEM('',(#3588),#3586);
#3590=DIRECTION('',(1.E0,0.E0,0.E0));
#3591=VECTOR('',#3590,1.5E0);
#3592=CARTESIAN_POINT('',(-1.819999992778E1,-6.077587135576E1,9.875E1));
#3593=LINE('',#3592,#3591);
#3594=CURVE_STYLE('',#372,POSITIVE_LENGTH_MEASURE(2.E-2),#84);
#3595=PRESENTATION_STYLE_ASSIGNMENT((#3594));
#3596=STYLED_ITEM('',(#3595),#3593);
#3597=CARTESIAN_POINT('',(-1.819999992778E1,-6.402587135576E1,9.875E1));
#3598=DIRECTION('',(1.E0,0.E0,0.E0));
#3599=DIRECTION('',(0.E0,1.E0,0.E0));
#3600=AXIS2_PLACEMENT_3D('',#3597,#3598,#3599);
#3602=CURVE_STYLE('',#372,POSITIVE_LENGTH_MEASURE(2.E-2),#84);
#3603=PRESENTATION_STYLE_ASSIGNMENT((#3602));
#3604=STYLED_ITEM('',(#3603),#3601);
#3605=CARTESIAN_POINT('',(-1.819999992778E1,-6.402587135576E1,9.875E1));
#3606=DIRECTION('',(1.E0,0.E0,0.E0));
#3607=DIRECTION('',(0.E0,-1.E0,0.E0));
#3608=AXIS2_PLACEMENT_3D('',#3605,#3606,#3607);
#3610=CURVE_STYLE('',#372,POSITIVE_LENGTH_MEASURE(2.E-2),#84);
#3611=PRESENTATION_STYLE_ASSIGNMENT((#3610));
#3612=STYLED_ITEM('',(#3611),#3609);
#3613=CARTESIAN_POINT('',(-1.819999992778E1,-6.402587135576E1,9.875E1));
#3614=DIRECTION('',(-1.E0,0.E0,0.E0));
#3615=DIRECTION('',(0.E0,1.055663493129E-13,1.E0));
#3616=AXIS2_PLACEMENT_3D('',#3613,#3614,#3615);
#3618=CURVE_STYLE('',#372,POSITIVE_LENGTH_MEASURE(2.E-2),#84);
#3619=PRESENTATION_STYLE_ASSIGNMENT((#3618));
#3620=STYLED_ITEM('',(#3619),#3617);
#3621=CARTESIAN_POINT('',(-1.819999992778E1,-6.402587135576E1,9.875E1));
#3622=DIRECTION('',(-1.E0,0.E0,0.E0));
#3623=DIRECTION('',(0.E0,-1.E0,0.E0));
#3624=AXIS2_PLACEMENT_3D('',#3621,#3622,#3623);
#3626=CURVE_STYLE('',#372,POSITIVE_LENGTH_MEASURE(2.E-2),#84);
#3627=PRESENTATION_STYLE_ASSIGNMENT((#3626));
#3628=STYLED_ITEM('',(#3627),#3625);
#3629=CARTESIAN_POINT('',(-1.819999992778E1,-6.402587135576E1,9.875E1));
#3630=DIRECTION('',(-1.E0,0.E0,0.E0));
#3631=DIRECTION('',(0.E0,1.055663493129E-13,-1.E0));
#3632=AXIS2_PLACEMENT_3D('',#3629,#3630,#3631);
#3634=CURVE_STYLE('',#372,POSITIVE_LENGTH_MEASURE(2.E-2),#84);
#3635=PRESENTATION_STYLE_ASSIGNMENT((#3634));
#3636=STYLED_ITEM('',(#3635),#3633);
#3637=CARTESIAN_POINT('',(-1.819999992778E1,-6.402587135576E1,9.875E1));
#3638=DIRECTION('',(-1.E0,0.E0,0.E0));
#3639=DIRECTION('',(0.E0,1.E0,0.E0));
#3640=AXIS2_PLACEMENT_3D('',#3637,#3638,#3639);
#3642=CURVE_STYLE('',#372,POSITIVE_LENGTH_MEASURE(2.E-2),#84);
#3643=PRESENTATION_STYLE_ASSIGNMENT((#3642));
#3644=STYLED_ITEM('',(#3643),#3641);
#3645=DIRECTION('',(-1.E0,-2.273736754432E-14,0.E0));
#3646=VECTOR('',#3645,2.5E0);
#3647=CARTESIAN_POINT('',(-1.819999992778E1,-6.402587135576E1,1.005E2));
#3648=LINE('',#3647,#3646);
#3649=CURVE_STYLE('',#372,POSITIVE_LENGTH_MEASURE(2.E-2),#84);
#3650=PRESENTATION_STYLE_ASSIGNMENT((#3649));
#3651=STYLED_ITEM('',(#3650),#3648);
#3652=DIRECTION('',(-1.E0,-2.273736754432E-14,0.E0));
#3653=VECTOR('',#3652,2.5E0);
#3654=CARTESIAN_POINT('',(-1.819999992778E1,-6.402587135576E1,9.7E1));
#3655=LINE('',#3654,#3653);
#3656=CURVE_STYLE('',#372,POSITIVE_LENGTH_MEASURE(2.E-2),#84);
#3657=PRESENTATION_STYLE_ASSIGNMENT((#3656));
#3658=STYLED_ITEM('',(#3657),#3655);
#3659=DIRECTION('',(1.E0,0.E0,0.E0));
#3660=VECTOR('',#3659,1.5E0);
#3661=CARTESIAN_POINT('',(-1.819999992778E1,-6.727587135576E1,-6.825E1));
#3662=LINE('',#3661,#3660);
#3663=CURVE_STYLE('',#372,POSITIVE_LENGTH_MEASURE(2.E-2),#84);
#3664=PRESENTATION_STYLE_ASSIGNMENT((#3663));
#3665=STYLED_ITEM('',(#3664),#3662);
#3666=DIRECTION('',(-1.E0,0.E0,0.E0));
#3667=VECTOR('',#3666,1.5E0);
#3668=CARTESIAN_POINT('',(-1.669999992778E1,-6.077587135576E1,-6.825E1));
#3669=LINE('',#3668,#3667);
#3670=CURVE_STYLE('',#372,POSITIVE_LENGTH_MEASURE(2.E-2),#84);
#3671=PRESENTATION_STYLE_ASSIGNMENT((#3670));
#3672=STYLED_ITEM('',(#3671),#3669);
#3673=CARTESIAN_POINT('',(-1.819999992778E1,-6.402587135576E1,-6.825E1));
#3674=DIRECTION('',(1.E0,0.E0,0.E0));
#3675=DIRECTION('',(0.E0,1.E0,-1.311771204480E-14));
#3676=AXIS2_PLACEMENT_3D('',#3673,#3674,#3675);
#3678=CURVE_STYLE('',#372,POSITIVE_LENGTH_MEASURE(2.E-2),#84);
#3679=PRESENTATION_STYLE_ASSIGNMENT((#3678));
#3680=STYLED_ITEM('',(#3679),#3677);
#3681=CARTESIAN_POINT('',(-1.819999992778E1,-6.402587135576E1,-6.825E1));
#3682=DIRECTION('',(1.E0,0.E0,0.E0));
#3683=DIRECTION('',(0.E0,-1.E0,-3.060799477120E-14));
#3684=AXIS2_PLACEMENT_3D('',#3681,#3682,#3683);
#3686=CURVE_STYLE('',#372,POSITIVE_LENGTH_MEASURE(2.E-2),#84);
#3687=PRESENTATION_STYLE_ASSIGNMENT((#3686));
#3688=STYLED_ITEM('',(#3687),#3685);
#3689=CARTESIAN_POINT('',(-1.819999992778E1,-6.402587135576E1,-6.825E1));
#3690=DIRECTION('',(-1.E0,0.E0,0.E0));
#3691=DIRECTION('',(0.E0,0.E0,1.E0));
#3692=AXIS2_PLACEMENT_3D('',#3689,#3690,#3691);
#3694=CURVE_STYLE('',#372,POSITIVE_LENGTH_MEASURE(2.E-2),#84);
#3695=PRESENTATION_STYLE_ASSIGNMENT((#3694));
#3696=STYLED_ITEM('',(#3695),#3693);
#3697=CARTESIAN_POINT('',(-1.819999992778E1,-6.402587135576E1,-6.825E1));
#3698=DIRECTION('',(-1.E0,0.E0,0.E0));
#3699=DIRECTION('',(0.E0,-1.E0,0.E0));
#3700=AXIS2_PLACEMENT_3D('',#3697,#3698,#3699);
#3702=CURVE_STYLE('',#372,POSITIVE_LENGTH_MEASURE(2.E-2),#84);
#3703=PRESENTATION_STYLE_ASSIGNMENT((#3702));
#3704=STYLED_ITEM('',(#3703),#3701);
#3705=CARTESIAN_POINT('',(-1.819999992778E1,-6.402587135576E1,-6.825E1));
#3706=DIRECTION('',(-1.E0,0.E0,0.E0));
#3707=DIRECTION('',(0.E0,0.E0,-1.E0));
#3708=AXIS2_PLACEMENT_3D('',#3705,#3706,#3707);
#3710=CURVE_STYLE('',#372,POSITIVE_LENGTH_MEASURE(2.E-2),#84);
#3711=PRESENTATION_STYLE_ASSIGNMENT((#3710));
#3712=STYLED_ITEM('',(#3711),#3709);
#3713=CARTESIAN_POINT('',(-1.819999992778E1,-6.402587135576E1,-6.825E1));
#3714=DIRECTION('',(-1.E0,0.E0,0.E0));
#3715=DIRECTION('',(0.E0,1.E0,0.E0));
#3716=AXIS2_PLACEMENT_3D('',#3713,#3714,#3715);
#3718=CURVE_STYLE('',#372,POSITIVE_LENGTH_MEASURE(2.E-2),#84);
#3719=PRESENTATION_STYLE_ASSIGNMENT((#3718));
#3720=STYLED_ITEM('',(#3719),#3717);
#3721=DIRECTION('',(-1.E0,2.273736754432E-14,0.E0));
#3722=VECTOR('',#3721,2.5E0);
#3723=CARTESIAN_POINT('',(-1.819999992778E1,-6.402587135576E1,-6.65E1));
#3724=LINE('',#3723,#3722);
#3725=CURVE_STYLE('',#372,POSITIVE_LENGTH_MEASURE(2.E-2),#84);
#3726=PRESENTATION_STYLE_ASSIGNMENT((#3725));
#3727=STYLED_ITEM('',(#3726),#3724);
#3728=DIRECTION('',(-1.E0,2.273736754432E-14,0.E0));
#3729=VECTOR('',#3728,2.5E0);
#3730=CARTESIAN_POINT('',(-1.819999992778E1,-6.402587135576E1,-7.E1));
#3731=LINE('',#3730,#3729);
#3732=CURVE_STYLE('',#372,POSITIVE_LENGTH_MEASURE(2.E-2),#84);
#3733=PRESENTATION_STYLE_ASSIGNMENT((#3732));
#3734=STYLED_ITEM('',(#3733),#3731);
#3735=CARTESIAN_POINT('',(-1.919999992778E1,6.E0,1.935000000252E1));
#3736=CARTESIAN_POINT('',(-1.919999992778E1,9.999999999999E-1,
1.935000000252E1));
#3737=VERTEX_POINT('',#3735);
#3738=VERTEX_POINT('',#3736);
#3739=CARTESIAN_POINT('',(-1.919999992778E1,-1.4E1,1.935000000252E1));
#3740=CARTESIAN_POINT('',(-1.919999992778E1,-1.9E1,1.935000000252E1));
#3741=VERTEX_POINT('',#3739);
#3742=VERTEX_POINT('',#3740);
#3743=CARTESIAN_POINT('',(-1.369999992778E1,-5.100000000001E0,
1.935000000252E1));
#3744=CARTESIAN_POINT('',(-1.369999992778E1,-6.5E0,2.075000000252E1));
#3745=VERTEX_POINT('',#3743);
#3746=VERTEX_POINT('',#3744);
#3747=CARTESIAN_POINT('',(-1.369999992778E1,-7.899999999999E0,
1.935000000252E1));
#3748=VERTEX_POINT('',#3747);
#3749=CARTESIAN_POINT('',(-1.419999992778E1,-8.4E0,1.935000000252E1));
#3750=VERTEX_POINT('',#3749);
#3751=CARTESIAN_POINT('',(-1.419999992778E1,-4.600000000001E0,
1.935000000252E1));
#3752=CARTESIAN_POINT('',(-1.419999992778E1,-6.5E0,2.125000000252E1));
#3753=VERTEX_POINT('',#3751);
#3754=VERTEX_POINT('',#3752);
#3755=CARTESIAN_POINT('',(-1.369999992778E1,-6.5E0,1.795000000252E1));
#3756=VERTEX_POINT('',#3755);
#3757=CARTESIAN_POINT('',(-1.419999992778E1,-6.5E0,1.745000000252E1));
#3758=VERTEX_POINT('',#3757);
#3759=CARTESIAN_POINT('',(-1.669999992778E1,-4.6E0,1.935000000252E1));
#3760=VERTEX_POINT('',#3759);
#3761=CARTESIAN_POINT('',(-1.669999992778E1,-8.4E0,1.935000000252E1));
#3762=VERTEX_POINT('',#3761);
#3763=CARTESIAN_POINT('',(-1.419999992778E1,-6.5E0,-5.099999997479E0));
#3764=CARTESIAN_POINT('',(-1.419999992778E1,-8.399999999999E0,
-6.999999997478E0));
#3765=VERTEX_POINT('',#3763);
#3766=VERTEX_POINT('',#3764);
#3767=CARTESIAN_POINT('',(-1.419999992778E1,-4.600000000001E0,
-6.999999997478E0));
#3768=VERTEX_POINT('',#3767);
#3769=CARTESIAN_POINT('',(-1.669999992778E1,-8.4E0,-6.999999997478E0));
#3770=VERTEX_POINT('',#3769);
#3771=CARTESIAN_POINT('',(-1.669999992778E1,-4.6E0,-6.999999997478E0));
#3772=VERTEX_POINT('',#3771);
#3773=CARTESIAN_POINT('',(-1.369999992778E1,-6.5E0,-5.599999997479E0));
#3774=CARTESIAN_POINT('',(-1.369999992778E1,-7.899999999999E0,
-6.999999997478E0));
#3775=VERTEX_POINT('',#3773);
#3776=VERTEX_POINT('',#3774);
#3777=CARTESIAN_POINT('',(-1.369999992778E1,-5.100000000001E0,
-6.999999997478E0));
#3778=VERTEX_POINT('',#3777);
#3779=CARTESIAN_POINT('',(-1.369999992778E1,-6.5E0,-8.399999997477E0));
#3780=VERTEX_POINT('',#3779);
#3781=CARTESIAN_POINT('',(-1.419999992778E1,-6.5E0,-8.899999997477E0));
#3782=VERTEX_POINT('',#3781);
#3783=CARTESIAN_POINT('',(-2.069999992778E1,-6.726067271098E1,
-7.239259099988E1));
#3784=CARTESIAN_POINT('',(-2.069999992778E1,-6.763967546954E1,
-7.206646692993E1));
#3785=VERTEX_POINT('',#3783);
#3786=VERTEX_POINT('',#3784);
#3787=CARTESIAN_POINT('',(-2.069999992778E1,-1.9E1,1.935000000252E1));
#3788=CARTESIAN_POINT('',(-2.069999992778E1,-1.4E1,1.935000000252E1));
#3789=VERTEX_POINT('',#3787);
#3790=VERTEX_POINT('',#3788);
#3791=CARTESIAN_POINT('',(-2.069999992778E1,9.999999999999E-1,
1.935000000252E1));
#3792=CARTESIAN_POINT('',(-2.069999992778E1,6.E0,1.935000000252E1));
#3793=VERTEX_POINT('',#3791);
#3794=VERTEX_POINT('',#3792);
#3795=CARTESIAN_POINT('',(-2.069999992778E1,-6.402587135576E1,1.005E2));
#3796=CARTESIAN_POINT('',(-2.069999992778E1,-6.577587135576E1,9.875E1));
#3797=VERTEX_POINT('',#3795);
#3798=VERTEX_POINT('',#3796);
#3799=CARTESIAN_POINT('',(-2.069999992778E1,-6.402587135576E1,9.7E1));
#3800=VERTEX_POINT('',#3799);
#3801=CARTESIAN_POINT('',(-2.069999992778E1,-6.402587135576E1,-6.65E1));
#3802=CARTESIAN_POINT('',(-2.069999992778E1,-6.577587135576E1,-6.825E1));
#3803=VERTEX_POINT('',#3801);
#3804=VERTEX_POINT('',#3802);
#3805=CARTESIAN_POINT('',(-2.069999992778E1,-6.402587135576E1,-7.E1));
#3806=VERTEX_POINT('',#3805);
#3807=CARTESIAN_POINT('',(-2.069999992778E1,-6.186443439040E1,
7.931198560853E1));
#3808=CARTESIAN_POINT('',(-2.069999992778E1,-6.186443439040E1,
2.878893046734E1));
#3809=VERTEX_POINT('',#3807);
#3810=VERTEX_POINT('',#3808);
#3811=CARTESIAN_POINT('',(-2.069999992778E1,-5.307440680478E1,
-5.207322630804E1));
#3812=CARTESIAN_POINT('',(-2.069999992778E1,-3.133738247346E1,
-2.681169873755E1));
#3813=VERTEX_POINT('',#3811);
#3814=VERTEX_POINT('',#3812);
#3815=CARTESIAN_POINT('',(-2.069999992778E1,2.864936779759E0,2.581890212779E1));
#3816=CARTESIAN_POINT('',(-2.069999992778E1,6.474128644240E0,2.979976497411E1));
#3817=VERTEX_POINT('',#3815);
#3818=VERTEX_POINT('',#3816);
#3819=CARTESIAN_POINT('',(-2.069999992778E1,-8.5E0,-1.507499998662E1));
#3820=CARTESIAN_POINT('',(-2.069999992778E1,-8.5E0,-1.031662478783E1));
#3821=VERTEX_POINT('',#3819);
#3822=VERTEX_POINT('',#3820);
#3823=CARTESIAN_POINT('',(-2.069999992778E1,-3.5E0,-6.999999997478E0));
#3824=CARTESIAN_POINT('',(-2.069999992778E1,-4.E0,-8.658312392656E0));
#3825=VERTEX_POINT('',#3823);
#3826=VERTEX_POINT('',#3824);
#3827=CARTESIAN_POINT('',(-2.069999992778E1,-4.E0,-5.341687602300E0));
#3828=VERTEX_POINT('',#3827);
#3829=CARTESIAN_POINT('',(-2.069999992778E1,-3.781589894138E1,
3.176156441579E1));
#3830=CARTESIAN_POINT('',(-2.069999992778E1,-4.921752967083E1,
1.851124069943E1));
#3831=VERTEX_POINT('',#3829);
#3832=VERTEX_POINT('',#3830);
#3833=CARTESIAN_POINT('',(-2.069999992778E1,-6.936443439040E1,
-6.865034813744E1));
#3834=VERTEX_POINT('',#3833);
#3835=CARTESIAN_POINT('',(-2.069999992778E1,-6.936443439040E1,
9.915034813725E1));
#3836=VERTEX_POINT('',#3835);
#3837=CARTESIAN_POINT('',(-2.069999992778E1,-6.763967546954E1,
1.025664669299E2));
#3838=VERTEX_POINT('',#3837);
#3839=CARTESIAN_POINT('',(-2.069999992778E1,-6.726067271097E1,
1.028925909999E2));
#3840=VERTEX_POINT('',#3839);
#3841=CARTESIAN_POINT('',(-2.069999992778E1,-6.020940442583E1,
1.023638041138E2));
#3842=VERTEX_POINT('',#3841);
#3843=CARTESIAN_POINT('',(-2.069999992778E1,-2.389713478818E1,
6.016375931386E1));
#3844=VERTEX_POINT('',#3843);
#3845=CARTESIAN_POINT('',(-2.069999992778E1,-2.010710720256E1,
5.842500001338E1));
#3846=VERTEX_POINT('',#3845);
#3847=CARTESIAN_POINT('',(-2.069999992778E1,1.097412864424E1,5.842500001338E1));
#3848=VERTEX_POINT('',#3847);
#3849=CARTESIAN_POINT('',(-2.069999992778E1,1.597412864424E1,5.342500001338E1));
#3850=VERTEX_POINT('',#3849);
#3851=CARTESIAN_POINT('',(-2.069999992778E1,1.597412864424E1,
-2.257499998662E1));
#3852=VERTEX_POINT('',#3851);
#3853=CARTESIAN_POINT('',(-2.069999992778E1,1.097412864424E1,
-2.757499998662E1));
#3854=VERTEX_POINT('',#3853);
#3855=CARTESIAN_POINT('',(-2.069999992778E1,-1.980593938615E1,
-2.757499998662E1));
#3856=VERTEX_POINT('',#3855);
#3857=CARTESIAN_POINT('',(-2.069999992778E1,-2.359596697177E1,
-2.931375928709E1));
#3858=VERTEX_POINT('',#3857);
#3859=CARTESIAN_POINT('',(-2.069999992778E1,-6.020940442583E1,
-7.186380411378E1));
#3860=VERTEX_POINT('',#3859);
#3861=CARTESIAN_POINT('',(-2.069999992778E1,-5.307440680478E1,
2.552768976782E1));
#3862=VERTEX_POINT('',#3861);
#3863=CARTESIAN_POINT('',(-2.069999992778E1,-3.133738247337E1,
5.078921733841E1));
#3864=VERTEX_POINT('',#3863);
#3865=CARTESIAN_POINT('',(-2.069999992778E1,-3.012741005899E1,
5.405045803794E1));
#3866=CARTESIAN_POINT('',(-2.069999992778E1,-3.133738247337E1,
5.731169873746E1));
#3867=VERTEX_POINT('',#3865);
#3868=VERTEX_POINT('',#3866);
#3869=CARTESIAN_POINT('',(-2.069999992778E1,-5.307440680478E1,
8.257322630805E1));
#3870=VERTEX_POINT('',#3869);
#3871=CARTESIAN_POINT('',(-2.069999992778E1,-3.012741005908E1,
-2.355045803803E1));
#3872=CARTESIAN_POINT('',(-2.069999992778E1,-3.133738247346E1,
-2.028921733850E1));
#3873=VERTEX_POINT('',#3871);
#3874=VERTEX_POINT('',#3872);
#3875=CARTESIAN_POINT('',(-2.069999992778E1,-5.307440680478E1,
4.972310231988E0));
#3876=VERTEX_POINT('',#3875);
#3877=CARTESIAN_POINT('',(-2.069999992778E1,-6.186443439040E1,
1.711069532466E0));
#3878=VERTEX_POINT('',#3877);
#3879=CARTESIAN_POINT('',(-2.069999992778E1,-6.186443439040E1,
-4.881198560852E1));
#3880=VERTEX_POINT('',#3879);
#3881=CARTESIAN_POINT('',(-2.069999992778E1,-7.099789669866E-1,
2.430238095490E1));
#3882=VERTEX_POINT('',#3881);
#3883=CARTESIAN_POINT('',(-2.069999992778E1,-3.300735254368E0,
2.335000000252E1));
#3884=VERTEX_POINT('',#3883);
#3885=CARTESIAN_POINT('',(-2.069999992778E1,-9.699264745633E0,
2.335000000252E1));
#3886=VERTEX_POINT('',#3885);
#3887=CARTESIAN_POINT('',(-2.069999992778E1,-1.229002103301E1,
2.430238095490E1));
#3888=VERTEX_POINT('',#3887);
#3889=CARTESIAN_POINT('',(-2.069999992778E1,-1.620649179166E1,
2.584336992357E1));
#3890=VERTEX_POINT('',#3889);
#3891=CARTESIAN_POINT('',(-2.069999992778E1,-2.002587135576E1,
2.983928987499E1));
#3892=VERTEX_POINT('',#3891);
#3893=CARTESIAN_POINT('',(-2.069999992778E1,-2.002587135576E1,
4.592500001338E1));
#3894=VERTEX_POINT('',#3893);
#3895=CARTESIAN_POINT('',(-2.069999992778E1,-1.702587135576E1,
4.892500001338E1));
#3896=VERTEX_POINT('',#3895);
#3897=CARTESIAN_POINT('',(-2.069999992778E1,3.474128644240E0,4.892500001338E1));
#3898=VERTEX_POINT('',#3897);
#3899=CARTESIAN_POINT('',(-2.069999992778E1,6.474128644240E0,4.592500001338E1));
#3900=VERTEX_POINT('',#3899);
#3901=CARTESIAN_POINT('',(-2.069999992778E1,-9.E0,-8.658312392655E0));
#3902=VERTEX_POINT('',#3901);
#3903=CARTESIAN_POINT('',(-2.069999992778E1,-9.5E0,-6.999999997478E0));
#3904=CARTESIAN_POINT('',(-2.069999992778E1,-9.E0,-5.341687602300E0));
#3905=VERTEX_POINT('',#3903);
#3906=VERTEX_POINT('',#3904);
#3907=CARTESIAN_POINT('',(-2.069999992778E1,-8.5E0,-3.683375207123E0));
#3908=VERTEX_POINT('',#3907);
#3909=CARTESIAN_POINT('',(-2.069999992778E1,-8.5E0,1.127225279182E1));
#3910=VERTEX_POINT('',#3909);
#3911=CARTESIAN_POINT('',(-2.069999992778E1,-1.307894736842E1,
1.382312033204E1));
#3912=VERTEX_POINT('',#3911);
#3913=CARTESIAN_POINT('',(-2.069999992778E1,-1.620649179166E1,
1.285663008147E1));
#3914=VERTEX_POINT('',#3913);
#3915=CARTESIAN_POINT('',(-2.069999992778E1,-2.002587135576E1,
8.860710130049E0));
#3916=VERTEX_POINT('',#3915);
#3917=CARTESIAN_POINT('',(-2.069999992778E1,-2.002587135576E1,
-1.507499998662E1));
#3918=VERTEX_POINT('',#3917);
#3919=CARTESIAN_POINT('',(-2.069999992778E1,-1.702587135576E1,
-1.807499998662E1));
#3920=VERTEX_POINT('',#3919);
#3921=CARTESIAN_POINT('',(-2.069999992778E1,-1.15E1,-1.807499998662E1));
#3922=VERTEX_POINT('',#3921);
#3923=CARTESIAN_POINT('',(-2.069999992778E1,-4.5E0,-1.031662478783E1));
#3924=VERTEX_POINT('',#3923);
#3925=CARTESIAN_POINT('',(-2.069999992778E1,-4.5E0,-1.507499998662E1));
#3926=VERTEX_POINT('',#3925);
#3927=CARTESIAN_POINT('',(-2.069999992778E1,-1.5E0,-1.807499998662E1));
#3928=VERTEX_POINT('',#3927);
#3929=CARTESIAN_POINT('',(-2.069999992778E1,3.474128644240E0,
-1.807499998662E1));
#3930=VERTEX_POINT('',#3929);
#3931=CARTESIAN_POINT('',(-2.069999992778E1,6.474128644240E0,
-1.507499998662E1));
#3932=VERTEX_POINT('',#3931);
#3933=CARTESIAN_POINT('',(-2.069999992778E1,6.474128644240E0,8.900235030932E0));
#3934=VERTEX_POINT('',#3933);
#3935=CARTESIAN_POINT('',(-2.069999992778E1,2.864936779770E0,1.288109787725E1));
#3936=VERTEX_POINT('',#3935);
#3937=CARTESIAN_POINT('',(-2.069999992778E1,7.894736842060E-2,
1.382312033204E1));
#3938=VERTEX_POINT('',#3937);
#3939=CARTESIAN_POINT('',(-2.069999992778E1,-4.5E0,1.127225279182E1));
#3940=VERTEX_POINT('',#3939);
#3941=CARTESIAN_POINT('',(-2.069999992778E1,-4.5E0,-3.683375207122E0));
#3942=VERTEX_POINT('',#3941);
#3943=CARTESIAN_POINT('',(-2.069999992778E1,-2.902587135576E1,
2.850032371627E1));
#3944=VERTEX_POINT('',#3943);
#3945=CARTESIAN_POINT('',(-2.069999992778E1,-2.902587135576E1,
1.999676283540E0));
#3946=VERTEX_POINT('',#3945);
#3947=CARTESIAN_POINT('',(-2.069999992778E1,-3.781589894138E1,
-1.261564415983E0));
#3948=VERTEX_POINT('',#3947);
#3949=CARTESIAN_POINT('',(-2.069999992778E1,-4.921752967082E1,
1.198875930038E1));
#3950=VERTEX_POINT('',#3949);
#3951=CARTESIAN_POINT('',(-2.069999992778E1,-5.042750208520E1,
1.524999999990E1));
#3952=VERTEX_POINT('',#3951);
#3953=CARTESIAN_POINT('',(-1.769999992778E1,-6.763967546954E1,
-7.206646692993E1));
#3954=VERTEX_POINT('',#3953);
#3955=CARTESIAN_POINT('',(-1.769999992778E1,-6.726067271099E1,
1.028925909999E2));
#3956=CARTESIAN_POINT('',(-1.769999992778E1,-6.763967546954E1,
1.025664669299E2));
#3957=VERTEX_POINT('',#3955);
#3958=VERTEX_POINT('',#3956);
#3959=CARTESIAN_POINT('',(-1.769999992778E1,-6.726067271098E1,
-7.239259099988E1));
#3960=VERTEX_POINT('',#3959);
#3961=CARTESIAN_POINT('',(-1.769999992778E1,-6.936443439040E1,
9.915034813725E1));
#3962=VERTEX_POINT('',#3961);
#3963=CARTESIAN_POINT('',(-1.769999992778E1,-6.020940442581E1,
-7.186380411375E1));
#3964=VERTEX_POINT('',#3963);
#3965=CARTESIAN_POINT('',(-1.769999992778E1,-6.936443439040E1,
-6.865034813743E1));
#3966=VERTEX_POINT('',#3965);
#3967=CARTESIAN_POINT('',(-1.769999992778E1,-2.359596697176E1,
-2.931375928708E1));
#3968=VERTEX_POINT('',#3967);
#3969=CARTESIAN_POINT('',(-1.769999992778E1,-1.980593938615E1,
-2.757499998662E1));
#3970=VERTEX_POINT('',#3969);
#3971=CARTESIAN_POINT('',(-1.769999992778E1,-2.010710720256E1,
5.842500001338E1));
#3972=CARTESIAN_POINT('',(-1.769999992778E1,-2.389713478818E1,
6.016375931386E1));
#3973=VERTEX_POINT('',#3971);
#3974=VERTEX_POINT('',#3972);
#3975=CARTESIAN_POINT('',(-1.769999992778E1,1.097412864424E1,
-2.757499998662E1));
#3976=VERTEX_POINT('',#3975);
#3977=CARTESIAN_POINT('',(-1.769999992778E1,-6.020940442583E1,
1.023638041138E2));
#3978=VERTEX_POINT('',#3977);
#3979=CARTESIAN_POINT('',(-1.769999992778E1,1.597412864424E1,
-2.257499998658E1));
#3980=VERTEX_POINT('',#3979);
#3981=CARTESIAN_POINT('',(-1.769999992778E1,1.597412864424E1,5.342500001338E1));
#3982=VERTEX_POINT('',#3981);
#3983=CARTESIAN_POINT('',(-1.769999992778E1,1.097412864420E1,5.842500001338E1));
#3984=VERTEX_POINT('',#3983);
#3985=CARTESIAN_POINT('',(-1.819999992778E1,-6.402587135576E1,1.005E2));
#3986=VERTEX_POINT('',#3985);
#3987=CARTESIAN_POINT('',(-1.819999992778E1,-6.402587135576E1,-6.65E1));
#3988=VERTEX_POINT('',#3987);
#3989=CARTESIAN_POINT('',(-1.769999992778E1,-6.186443439040E1,
2.878893046734E1));
#3990=VERTEX_POINT('',#3989);
#3991=CARTESIAN_POINT('',(-1.769999992778E1,-5.307440680478E1,
8.257322630805E1));
#3992=CARTESIAN_POINT('',(-1.769999992778E1,-3.133738247339E1,
5.731169873747E1));
#3993=VERTEX_POINT('',#3991);
#3994=VERTEX_POINT('',#3992);
#3995=CARTESIAN_POINT('',(-1.769999992778E1,-6.186443439040E1,
7.931198560853E1));
#3996=VERTEX_POINT('',#3995);
#3997=CARTESIAN_POINT('',(-1.769999992778E1,-3.133738247346E1,
-2.681169873755E1));
#3998=CARTESIAN_POINT('',(-1.769999992778E1,-5.307440680478E1,
-5.207322630804E1));
#3999=VERTEX_POINT('',#3997);
#4000=VERTEX_POINT('',#3998);
#4001=CARTESIAN_POINT('',(-1.670006572054E1,-6.286436860127E1,
7.931198563690E1));
#4002=CARTESIAN_POINT('',(-1.670006572054E1,-5.231645115618E1,
8.322543153712E1));
#4003=VERTEX_POINT('',#4001);
#4004=VERTEX_POINT('',#4002);
#4005=CARTESIAN_POINT('',(-1.769999992778E1,-3.133738247337E1,
5.078921733841E1));
#4006=VERTEX_POINT('',#4005);
#4007=CARTESIAN_POINT('',(-1.769999992778E1,-5.307440680478E1,
2.552768976782E1));
#4008=VERTEX_POINT('',#4007);
#4009=CARTESIAN_POINT('',(-1.769999992778E1,-3.012741005909E1,
-2.355045803803E1));
#4010=VERTEX_POINT('',#4009);
#4011=CARTESIAN_POINT('',(-1.769999992778E1,-3.133738247347E1,
-2.028921733850E1));
#4012=VERTEX_POINT('',#4011);
#4013=CARTESIAN_POINT('',(-1.769999992778E1,-2.902587135576E1,
2.850032371627E1));
#4014=CARTESIAN_POINT('',(-1.769999992778E1,-2.902587135576E1,
1.999676283538E0));
#4015=VERTEX_POINT('',#4013);
#4016=VERTEX_POINT('',#4014);
#4017=CARTESIAN_POINT('',(-1.669999992778E1,-6.286443439221E1,
2.878893046734E1));
#4018=VERTEX_POINT('',#4017);
#4019=CARTESIAN_POINT('',(-1.769999992778E1,-6.186443439040E1,
-4.881198560852E1));
#4020=VERTEX_POINT('',#4019);
#4021=CARTESIAN_POINT('',(-1.769999992778E1,-5.307440680478E1,
4.972310231988E0));
#4022=VERTEX_POINT('',#4021);
#4023=CARTESIAN_POINT('',(-1.769999992778E1,-6.186443439040E1,
1.711069532466E0));
#4024=VERTEX_POINT('',#4023);
#4025=CARTESIAN_POINT('',(-1.769999992778E1,-3.012741005900E1,
5.405045803794E1));
#4026=VERTEX_POINT('',#4025);
#4027=CARTESIAN_POINT('',(-1.769999992778E1,2.864936779768E0,2.581890212779E1));
#4028=VERTEX_POINT('',#4027);
#4029=CARTESIAN_POINT('',(-1.769999992778E1,-9.5E0,-6.999999997478E0));
#4030=CARTESIAN_POINT('',(-1.769999992778E1,-9.E0,-8.658312392655E0));
#4031=VERTEX_POINT('',#4029);
#4032=VERTEX_POINT('',#4030);
#4033=CARTESIAN_POINT('',(-1.769999992778E1,-9.E0,-5.341687602300E0));
#4034=VERTEX_POINT('',#4033);
#4035=CARTESIAN_POINT('',(-1.769999992778E1,-7.099789669897E-1,
2.430238095490E1));
#4036=VERTEX_POINT('',#4035);
#4037=CARTESIAN_POINT('',(-1.769999992778E1,-8.5E0,-3.683375207122E0));
#4038=VERTEX_POINT('',#4037);
#4039=CARTESIAN_POINT('',(-1.769999992778E1,-3.300735254368E0,
2.335000000252E1));
#4040=VERTEX_POINT('',#4039);
#4041=CARTESIAN_POINT('',(-1.769999992778E1,-8.5E0,-1.031662478783E1));
#4042=CARTESIAN_POINT('',(-1.769999992778E1,-8.5E0,-1.507499998662E1));
#4043=VERTEX_POINT('',#4041);
#4044=VERTEX_POINT('',#4042);
#4045=CARTESIAN_POINT('',(-1.769999992778E1,-9.699264745633E0,
2.335000000252E1));
#4046=VERTEX_POINT('',#4045);
#4047=CARTESIAN_POINT('',(-1.769999992778E1,-1.15E1,-1.807499998662E1));
#4048=VERTEX_POINT('',#4047);
#4049=CARTESIAN_POINT('',(-1.769999992778E1,-1.229002103301E1,
2.430238095490E1));
#4050=VERTEX_POINT('',#4049);
#4051=CARTESIAN_POINT('',(-1.769999992778E1,-1.702587135576E1,
-1.807499998662E1));
#4052=VERTEX_POINT('',#4051);
#4053=CARTESIAN_POINT('',(-1.769999992778E1,-1.620649179165E1,
2.584336992357E1));
#4054=VERTEX_POINT('',#4053);
#4055=CARTESIAN_POINT('',(-1.769999992778E1,-2.002587135576E1,
-1.507499998662E1));
#4056=VERTEX_POINT('',#4055);
#4057=CARTESIAN_POINT('',(-1.769999992778E1,-2.002587135576E1,
2.983928987499E1));
#4058=VERTEX_POINT('',#4057);
#4059=CARTESIAN_POINT('',(-1.769999992778E1,-2.002587135576E1,
8.860710130035E0));
#4060=VERTEX_POINT('',#4059);
#4061=CARTESIAN_POINT('',(-1.769999992778E1,-2.002587135576E1,
4.592500001338E1));
#4062=VERTEX_POINT('',#4061);
#4063=CARTESIAN_POINT('',(-1.769999992778E1,-1.620649179166E1,
1.285663008146E1));
#4064=VERTEX_POINT('',#4063);
#4065=CARTESIAN_POINT('',(-1.769999992778E1,-1.702587135576E1,
4.892500001338E1));
#4066=VERTEX_POINT('',#4065);
#4067=CARTESIAN_POINT('',(-1.769999992778E1,-1.307894736842E1,
1.382312033204E1));
#4068=VERTEX_POINT('',#4067);
#4069=CARTESIAN_POINT('',(-1.769999992778E1,3.474128644240E0,4.892500001338E1));
#4070=VERTEX_POINT('',#4069);
#4071=CARTESIAN_POINT('',(-1.769999992778E1,6.474128644240E0,
-1.507499998662E1));
#4072=CARTESIAN_POINT('',(-1.769999992778E1,3.474128644240E0,
-1.807499998662E1));
#4073=VERTEX_POINT('',#4071);
#4074=VERTEX_POINT('',#4072);
#4075=CARTESIAN_POINT('',(-1.769999992778E1,6.474128644240E0,4.592500001338E1));
#4076=VERTEX_POINT('',#4075);
#4077=CARTESIAN_POINT('',(-1.769999992778E1,-1.5E0,-1.807499998662E1));
#4078=VERTEX_POINT('',#4077);
#4079=CARTESIAN_POINT('',(-1.769999992778E1,6.474128644240E0,2.979976497411E1));
#4080=VERTEX_POINT('',#4079);
#4081=CARTESIAN_POINT('',(-1.769999992778E1,-4.5E0,-1.507499998662E1));
#4082=VERTEX_POINT('',#4081);
#4083=CARTESIAN_POINT('',(-1.769999992778E1,-4.5E0,-1.031662478783E1));
#4084=VERTEX_POINT('',#4083);
#4085=CARTESIAN_POINT('',(-1.769999992778E1,-3.5E0,-6.999999997478E0));
#4086=CARTESIAN_POINT('',(-1.769999992778E1,-4.E0,-5.341687602300E0));
#4087=VERTEX_POINT('',#4085);
#4088=VERTEX_POINT('',#4086);
#4089=CARTESIAN_POINT('',(-1.769999992778E1,-4.E0,-8.658312392656E0));
#4090=VERTEX_POINT('',#4089);
#4091=CARTESIAN_POINT('',(-1.769999992778E1,-4.5E0,-3.683375207122E0));
#4092=VERTEX_POINT('',#4091);
#4093=CARTESIAN_POINT('',(-1.769999992778E1,-4.5E0,1.127225279182E1));
#4094=VERTEX_POINT('',#4093);
#4095=CARTESIAN_POINT('',(-1.669999992778E1,-1.15E1,-1.907499998662E1));
#4096=CARTESIAN_POINT('',(-1.669999992778E1,-1.702587135576E1,
-1.907499998662E1));
#4097=VERTEX_POINT('',#4095);
#4098=VERTEX_POINT('',#4096);
#4099=CARTESIAN_POINT('',(-1.769999992778E1,-8.5E0,1.127225279182E1));
#4100=VERTEX_POINT('',#4099);
#4101=CARTESIAN_POINT('',(-1.769999992778E1,7.894736842075E-2,
1.382312033204E1));
#4102=CARTESIAN_POINT('',(-1.769999992778E1,2.864936779764E0,1.288109787725E1));
#4103=VERTEX_POINT('',#4101);
#4104=VERTEX_POINT('',#4102);
#4105=CARTESIAN_POINT('',(-1.769999992778E1,6.474128644239E0,8.900235030932E0));
#4106=VERTEX_POINT('',#4105);
#4107=CARTESIAN_POINT('',(-1.669999992778E1,7.474128644240E0,8.900235030932E0));
#4108=CARTESIAN_POINT('',(-1.669999992778E1,7.474128644240E0,
-1.507499998662E1));
#4109=VERTEX_POINT('',#4107);
#4110=VERTEX_POINT('',#4108);
#4111=CARTESIAN_POINT('',(-1.769999992778E1,-3.781589894138E1,
3.176156441579E1));
#4112=VERTEX_POINT('',#4111);
#4113=CARTESIAN_POINT('',(-1.769999992778E1,-3.781589894138E1,
-1.261564415983E0));
#4114=CARTESIAN_POINT('',(-1.769999992778E1,-4.921752967081E1,
1.198875930037E1));
#4115=VERTEX_POINT('',#4113);
#4116=VERTEX_POINT('',#4114);
#4117=CARTESIAN_POINT('',(-1.769999992778E1,-5.042750208520E1,
1.524999999990E1));
#4118=CARTESIAN_POINT('',(-1.769999992778E1,-4.921752967082E1,
1.851124069943E1));
#4119=VERTEX_POINT('',#4117);
#4120=VERTEX_POINT('',#4118);
#4121=CARTESIAN_POINT('',(-1.669999992778E1,-3.057937695629E1,
5.796394687741E1));
#4122=VERTEX_POINT('',#4121);
#4123=CARTESIAN_POINT('',(-1.669999992778E1,-3.057937695625E1,
5.013696919851E1));
#4124=VERTEX_POINT('',#4123);
#4125=CARTESIAN_POINT('',(-1.669999992778E1,-5.231640129244E1,
2.487544161956E1));
#4126=VERTEX_POINT('',#4125);
#4127=CARTESIAN_POINT('',(-1.669999992778E1,-3.057937695634E1,
-2.746394687745E1));
#4128=VERTEX_POINT('',#4127);
#4129=CARTESIAN_POINT('',(-1.669999992778E1,-5.231640129244E1,
-5.272547445630E1));
#4130=VERTEX_POINT('',#4129);
#4131=CARTESIAN_POINT('',(-1.670006572054E1,-6.286436860127E1,
-4.881198560852E1));
#4132=VERTEX_POINT('',#4131);
#4133=CARTESIAN_POINT('',(-1.669999992778E1,-6.286443439221E1,
1.711069541922E0));
#4134=VERTEX_POINT('',#4133);
#4135=CARTESIAN_POINT('',(-1.670006572054E1,-5.231645115618E1,
5.624515461056E0));
#4136=VERTEX_POINT('',#4135);
#4137=CARTESIAN_POINT('',(-1.669999992778E1,-3.057937695638E1,
-1.963696919855E1));
#4138=VERTEX_POINT('',#4137);
#4139=CARTESIAN_POINT('',(-1.669999992778E1,-3.857390445371E1,
3.241381256405E1));
#4140=VERTEX_POINT('',#4139);
#4141=CARTESIAN_POINT('',(-1.670006572054E1,-2.802593714489E1,
2.850032371627E1));
#4142=VERTEX_POINT('',#4141);
#4143=CARTESIAN_POINT('',(-1.669999992778E1,-2.802587135394E1,
1.999676274082E0));
#4144=VERTEX_POINT('',#4143);
#4145=CARTESIAN_POINT('',(-1.670006572054E1,-3.857385458998E1,
-1.913769645052E0));
#4146=VERTEX_POINT('',#4145);
#4147=CARTESIAN_POINT('',(-1.669999992778E1,-4.997553518791E1,
1.133651116043E1));
#4148=VERTEX_POINT('',#4147);
#4149=CARTESIAN_POINT('',(-1.669999992778E1,-4.997553518795E1,
1.916348883933E1));
#4150=VERTEX_POINT('',#4149);
#4151=CARTESIAN_POINT('',(-1.669999992778E1,-2.102587135576E1,
2.983928987499E1));
#4152=CARTESIAN_POINT('',(-1.669999992778E1,-2.102587135576E1,
4.592500001338E1));
#4153=VERTEX_POINT('',#4151);
#4154=VERTEX_POINT('',#4152);
#4155=CARTESIAN_POINT('',(-1.669999992778E1,-5.5E0,-3.683375207122E0));
#4156=CARTESIAN_POINT('',(-1.669999992778E1,-5.5E0,1.127225279182E1));
#4157=VERTEX_POINT('',#4155);
#4158=VERTEX_POINT('',#4156);
#4159=CARTESIAN_POINT('',(-1.669999992778E1,-7.5E0,-1.031662478783E1));
#4160=CARTESIAN_POINT('',(-1.669999992778E1,-7.5E0,-1.507499998662E1));
#4161=VERTEX_POINT('',#4159);
#4162=VERTEX_POINT('',#4160);
#4163=CARTESIAN_POINT('',(-1.669999992778E1,-3.300735254368E0,
2.235000000252E1));
#4164=CARTESIAN_POINT('',(-1.669999992778E1,-9.699264745633E0,
2.235000000252E1));
#4165=VERTEX_POINT('',#4163);
#4166=VERTEX_POINT('',#4164);
#4167=CARTESIAN_POINT('',(-1.669999992778E1,7.474128644240E0,4.592500001338E1));
#4168=CARTESIAN_POINT('',(-1.669999992778E1,7.474128644240E0,2.979976497413E1));
#4169=VERTEX_POINT('',#4167);
#4170=VERTEX_POINT('',#4168);
#4171=CARTESIAN_POINT('',(-1.669999992778E1,-7.5E0,1.127225279182E1));
#4172=CARTESIAN_POINT('',(-1.669999992778E1,-7.5E0,-3.683375207123E0));
#4173=VERTEX_POINT('',#4171);
#4174=VERTEX_POINT('',#4172);
#4175=CARTESIAN_POINT('',(-1.669999992778E1,-1.702587135576E1,
4.992500001338E1));
#4176=CARTESIAN_POINT('',(-1.669999992778E1,3.474128644240E0,4.992500001338E1));
#4177=VERTEX_POINT('',#4175);
#4178=VERTEX_POINT('',#4176);
#4179=CARTESIAN_POINT('',(-1.669999992778E1,-5.5E0,-1.507499998662E1));
#4180=CARTESIAN_POINT('',(-1.669999992778E1,-5.5E0,-1.031662478783E1));
#4181=VERTEX_POINT('',#4179);
#4182=VERTEX_POINT('',#4180);
#4183=CARTESIAN_POINT('',(-1.669999992778E1,-2.102587135576E1,
-1.507499998662E1));
#4184=CARTESIAN_POINT('',(-1.669999992778E1,-2.102587135576E1,
8.860710130004E0));
#4185=VERTEX_POINT('',#4183);
#4186=VERTEX_POINT('',#4184);
#4187=CARTESIAN_POINT('',(-1.669999992778E1,3.474128644240E0,
-1.907499998662E1));
#4188=CARTESIAN_POINT('',(-1.669999992778E1,-1.5E0,-1.907499998662E1));
#4189=VERTEX_POINT('',#4187);
#4190=VERTEX_POINT('',#4188);
#4191=CARTESIAN_POINT('',(-1.669999992775E1,2.962638842868E0,2.482368641942E1));
#4192=CARTESIAN_POINT('',(-1.669999992775E1,-6.228982259012E-2,
2.354047625513E1));
#4193=VERTEX_POINT('',#4191);
#4194=VERTEX_POINT('',#4192);
#4195=CARTESIAN_POINT('',(-1.669999992816E1,-1.293770964051E1,
2.354047579876E1));
#4196=VERTEX_POINT('',#4195);
#4197=CARTESIAN_POINT('',(-1.669999992740E1,-1.625164716401E1,
2.484438995186E1));
#4198=VERTEX_POINT('',#4197);
#4199=CARTESIAN_POINT('',(-1.669999992778E1,-1.625164690064E1,
1.385561006932E1));
#4200=VERTEX_POINT('',#4199);
#4201=CARTESIAN_POINT('',(-1.669999992778E1,-1.360526315790E1,
1.467340951211E1));
#4202=VERTEX_POINT('',#4201);
#4203=CARTESIAN_POINT('',(-1.669999992778E1,-8.166666666668E0,
-5.894458400695E0));
#4204=VERTEX_POINT('',#4203);
#4205=CARTESIAN_POINT('',(-1.669999992778E1,-8.166666666665E0,
-8.105541594265E0));
#4206=VERTEX_POINT('',#4205);
#4207=CARTESIAN_POINT('',(-1.669999992778E1,-4.833333333334E0,
-8.105541594264E0));
#4208=VERTEX_POINT('',#4207);
#4209=CARTESIAN_POINT('',(-1.669999992778E1,-4.833333333332E0,
-5.894458400695E0));
#4210=VERTEX_POINT('',#4209);
#4211=CARTESIAN_POINT('',(-1.670002597804E1,6.052494472317E-1,
1.467338736186E1));
#4212=VERTEX_POINT('',#4211);
#4213=CARTESIAN_POINT('',(-1.669999992778E1,2.962638813531E0,1.387631358884E1));
#4214=VERTEX_POINT('',#4213);
#4215=CARTESIAN_POINT('',(-1.669999992778E1,-6.698742733068E1,
-7.130846141409E1));
#4216=CARTESIAN_POINT('',(-1.669999992778E1,-6.660842455104E1,
-7.163458550836E1));
#4217=VERTEX_POINT('',#4215);
#4218=VERTEX_POINT('',#4216);
#4219=CARTESIAN_POINT('',(-1.669999992665E1,-6.096740993437E1,
-7.121155598160E1));
#4220=VERTEX_POINT('',#4219);
#4221=CARTESIAN_POINT('',(-1.669999992778E1,-2.435397248665E1,
-2.866151114335E1));
#4222=VERTEX_POINT('',#4221);
#4223=CARTESIAN_POINT('',(-1.669999992791E1,-1.980593938614E1,
-2.657499998515E1));
#4224=VERTEX_POINT('',#4223);
#4225=CARTESIAN_POINT('',(-1.669999992778E1,1.097412867613E1,
-2.657499999296E1));
#4226=VERTEX_POINT('',#4225);
#4227=CARTESIAN_POINT('',(-1.669999992665E1,1.497412865578E1,
-2.257499998688E1));
#4228=VERTEX_POINT('',#4227);
#4229=CARTESIAN_POINT('',(-1.669999992778E1,1.497412865056E1,5.342500004515E1));
#4230=VERTEX_POINT('',#4229);
#4231=CARTESIAN_POINT('',(-1.669999992665E1,1.097412864450E1,5.742500002488E1));
#4232=VERTEX_POINT('',#4231);
#4233=CARTESIAN_POINT('',(-1.669999992778E1,-2.010710721584E1,
5.742500001092E1));
#4234=VERTEX_POINT('',#4233);
#4235=CARTESIAN_POINT('',(-1.669999992819E1,-2.465514030871E1,
5.951151117099E1));
#4236=VERTEX_POINT('',#4235);
#4237=CARTESIAN_POINT('',(-1.669999992778E1,-6.096740995894E1,
1.017115560022E2));
#4238=VERTEX_POINT('',#4237);
#4239=CARTESIAN_POINT('',(-1.669999992665E1,-6.660842457837E1,
1.021345854917E2));
#4240=VERTEX_POINT('',#4239);
#4241=CARTESIAN_POINT('',(-1.669999992778E1,-6.698742732961E1,
1.018084614128E2));
#4242=VERTEX_POINT('',#4241);
#4243=CARTESIAN_POINT('',(-1.670001740445E1,-6.836431172627E1,
9.911248205467E1));
#4244=VERTEX_POINT('',#4243);
#4245=CARTESIAN_POINT('',(-1.669999994165E1,-6.836436429948E1,
-6.861248545605E1));
#4246=VERTEX_POINT('',#4245);
#4247=CARTESIAN_POINT('',(-1.669999992778E1,-6.077587135576E1,9.875E1));
#4248=CARTESIAN_POINT('',(-1.669999992778E1,-6.727587135576E1,9.875E1));
#4249=VERTEX_POINT('',#4247);
#4250=VERTEX_POINT('',#4248);
#4251=CARTESIAN_POINT('',(-1.819999992778E1,-6.077587135576E1,9.875E1));
#4252=VERTEX_POINT('',#4251);
#4253=CARTESIAN_POINT('',(-1.819999992778E1,-6.727587135576E1,9.875E1));
#4254=VERTEX_POINT('',#4253);
#4255=CARTESIAN_POINT('',(-1.819999992778E1,-6.227587135576E1,9.875E1));
#4256=VERTEX_POINT('',#4255);
#4257=CARTESIAN_POINT('',(-1.819999992778E1,-6.402587135576E1,9.7E1));
#4258=VERTEX_POINT('',#4257);
#4259=CARTESIAN_POINT('',(-1.669999992778E1,-6.077587135576E1,-6.825E1));
#4260=CARTESIAN_POINT('',(-1.819999992778E1,-6.077587135576E1,-6.825E1));
#4261=VERTEX_POINT('',#4259);
#4262=VERTEX_POINT('',#4260);
#4263=CARTESIAN_POINT('',(-1.819999992778E1,-6.227587135576E1,-6.825E1));
#4264=VERTEX_POINT('',#4263);
#4265=CARTESIAN_POINT('',(-1.819999992778E1,-6.402587135576E1,-7.E1));
#4266=VERTEX_POINT('',#4265);
#4267=CARTESIAN_POINT('',(-1.669999992778E1,-6.727587135576E1,-6.825E1));
#4268=VERTEX_POINT('',#4267);
#4269=CARTESIAN_POINT('',(-1.819999992778E1,-6.727587135576E1,-6.825E1));
#4270=VERTEX_POINT('',#4269);
#4271=CARTESIAN_POINT('',(-2.069999992778E1,-6.227587135576E1,9.875E1));
#4272=VERTEX_POINT('',#4271);
#4273=CARTESIAN_POINT('',(-1.819999992778E1,-6.577587135576E1,9.875E1));
#4274=VERTEX_POINT('',#4273);
#4275=CARTESIAN_POINT('',(-2.069999992778E1,-6.227587135576E1,-6.825E1));
#4276=VERTEX_POINT('',#4275);
#4277=CARTESIAN_POINT('',(-1.819999992778E1,-6.577587135576E1,-6.825E1));
#4278=VERTEX_POINT('',#4277);
#4279=CARTESIAN_POINT('',(-1.919999992778E1,-1.479448758647E1,
1.788244168774E1));
#4280=CARTESIAN_POINT('',(-1.919999992778E1,-1.820551241353E1,
2.081755831730E1));
#4281=VERTEX_POINT('',#4279);
#4282=VERTEX_POINT('',#4280);
#4283=CARTESIAN_POINT('',(-1.819999992778E1,-1.555249310359E1,
1.853468982764E1));
#4284=CARTESIAN_POINT('',(-1.819999992778E1,-1.744750689641E1,
2.016531017740E1));
#4285=VERTEX_POINT('',#4283);
#4286=VERTEX_POINT('',#4284);
#4287=CARTESIAN_POINT('',(-1.919999992778E1,5.205512413531E0,1.788244168774E1));
#4288=CARTESIAN_POINT('',(-1.919999992778E1,1.794487586469E0,2.081755831730E1));
#4289=VERTEX_POINT('',#4287);
#4290=VERTEX_POINT('',#4288);
#4291=CARTESIAN_POINT('',(-1.819999992778E1,4.447506896406E0,1.853468982764E1));
#4292=CARTESIAN_POINT('',(-1.819999992778E1,2.552493103594E0,2.016531017740E1));
#4293=VERTEX_POINT('',#4291);
#4294=VERTEX_POINT('',#4292);
#4295=CARTESIAN_POINT('',(-1.669999992778E1,4.447506896406E0,1.853468982764E1));
#4296=VERTEX_POINT('',#4295);
#4297=CARTESIAN_POINT('',(-1.669999992778E1,-1.555249310359E1,
1.853468982764E1));
#4298=VERTEX_POINT('',#4297);
#4299=CARTESIAN_POINT('',(-1.669999992778E1,2.552493103594E0,2.016531017740E1));
#4300=VERTEX_POINT('',#4299);
#4301=CARTESIAN_POINT('',(-1.669999992778E1,-1.744750689641E1,
2.016531017740E1));
#4302=VERTEX_POINT('',#4301);
#4303=CARTESIAN_POINT('',(-1.919999992778E1,1.E0,2.185000000252E1));
#4304=DIRECTION('',(-1.E0,0.E0,0.E0));
#4305=DIRECTION('',(0.E0,1.E0,0.E0));
#4306=AXIS2_PLACEMENT_3D('',#4303,#4304,#4305);
#4307=PLANE('',#4306);
#4309=ORIENTED_EDGE('',*,*,#4308,.F.);
#4311=ORIENTED_EDGE('',*,*,#4310,.F.);
#4312=EDGE_LOOP('',(#4309,#4311));
#4313=FACE_OUTER_BOUND('',#4312,.F.);
#4315=ORIENTED_EDGE('',*,*,#4314,.F.);
#4317=ORIENTED_EDGE('',*,*,#4316,.F.);
#4318=EDGE_LOOP('',(#4315,#4317));
#4319=FACE_BOUND('',#4318,.F.);
#4320=ADVANCED_FACE('',(#4313,#4319),#4307,.T.);
#4321=CARTESIAN_POINT('',(-1.869999992778E1,3.5E0,1.935000000252E1));
#4322=DIRECTION('',(1.E0,0.E0,0.E0));
#4323=DIRECTION('',(0.E0,1.E0,0.E0));
#4324=AXIS2_PLACEMENT_3D('',#4321,#4322,#4323);
#4325=CYLINDRICAL_SURFACE('',#4324,2.5E0);
#4327=ORIENTED_EDGE('',*,*,#4326,.T.);
#4329=ORIENTED_EDGE('',*,*,#4328,.T.);
#4331=ORIENTED_EDGE('',*,*,#4330,.F.);
#4332=ORIENTED_EDGE('',*,*,#4308,.T.);
#4333=EDGE_LOOP('',(#4327,#4329,#4331,#4332));
#4334=FACE_OUTER_BOUND('',#4333,.F.);
#4335=ADVANCED_FACE('',(#4334),#4325,.F.);
#4336=CARTESIAN_POINT('',(-1.869999992778E1,3.5E0,1.935000000252E1));
#4337=DIRECTION('',(1.E0,0.E0,0.E0));
#4338=DIRECTION('',(0.E0,1.E0,0.E0));
#4339=AXIS2_PLACEMENT_3D('',#4336,#4337,#4338);
#4340=CYLINDRICAL_SURFACE('',#4339,2.5E0);
#4342=ORIENTED_EDGE('',*,*,#4341,.T.);
#4343=ORIENTED_EDGE('',*,*,#4326,.F.);
#4344=ORIENTED_EDGE('',*,*,#4310,.T.);
#4345=ORIENTED_EDGE('',*,*,#4330,.T.);
#4346=EDGE_LOOP('',(#4342,#4343,#4344,#4345));
#4347=FACE_OUTER_BOUND('',#4346,.F.);
#4348=ADVANCED_FACE('',(#4347),#4340,.F.);
#4349=CARTESIAN_POINT('',(-2.069999992778E1,-6.936443439040E1,
1.061538316994E2));
#4350=DIRECTION('',(-1.E0,0.E0,0.E0));
#4351=DIRECTION('',(0.E0,1.E0,0.E0));
#4352=AXIS2_PLACEMENT_3D('',#4349,#4350,#4351);
#4353=PLANE('',#4352);
#4355=ORIENTED_EDGE('',*,*,#4354,.F.);
#4357=ORIENTED_EDGE('',*,*,#4356,.F.);
#4359=ORIENTED_EDGE('',*,*,#4358,.F.);
#4361=ORIENTED_EDGE('',*,*,#4360,.F.);
#4363=ORIENTED_EDGE('',*,*,#4362,.F.);
#4365=ORIENTED_EDGE('',*,*,#4364,.F.);
#4367=ORIENTED_EDGE('',*,*,#4366,.F.);
#4369=ORIENTED_EDGE('',*,*,#4368,.F.);
#4371=ORIENTED_EDGE('',*,*,#4370,.F.);
#4373=ORIENTED_EDGE('',*,*,#4372,.F.);
#4375=ORIENTED_EDGE('',*,*,#4374,.F.);
#4377=ORIENTED_EDGE('',*,*,#4376,.F.);
#4379=ORIENTED_EDGE('',*,*,#4378,.F.);
#4381=ORIENTED_EDGE('',*,*,#4380,.F.);
#4383=ORIENTED_EDGE('',*,*,#4382,.F.);
#4385=ORIENTED_EDGE('',*,*,#4384,.F.);
#4386=EDGE_LOOP('',(#4355,#4357,#4359,#4361,#4363,#4365,#4367,#4369,#4371,#4373,
#4375,#4377,#4379,#4381,#4383,#4385));
#4387=FACE_OUTER_BOUND('',#4386,.F.);
#4389=ORIENTED_EDGE('',*,*,#4388,.F.);
#4391=ORIENTED_EDGE('',*,*,#4390,.F.);
#4392=EDGE_LOOP('',(#4389,#4391));
#4393=FACE_BOUND('',#4392,.F.);
#4394=ORIENTED_EDGE('',*,*,#4341,.F.);
#4395=ORIENTED_EDGE('',*,*,#4328,.F.);
#4396=EDGE_LOOP('',(#4394,#4395));
#4397=FACE_BOUND('',#4396,.F.);
#4399=ORIENTED_EDGE('',*,*,#4398,.F.);
#4401=ORIENTED_EDGE('',*,*,#4400,.F.);
#4403=ORIENTED_EDGE('',*,*,#4402,.F.);
#4405=ORIENTED_EDGE('',*,*,#4404,.F.);
#4406=EDGE_LOOP('',(#4399,#4401,#4403,#4405));
#4407=FACE_BOUND('',#4406,.F.);
#4409=ORIENTED_EDGE('',*,*,#4408,.F.);
#4411=ORIENTED_EDGE('',*,*,#4410,.F.);
#4413=ORIENTED_EDGE('',*,*,#4412,.F.);
#4415=ORIENTED_EDGE('',*,*,#4414,.F.);
#4416=EDGE_LOOP('',(#4409,#4411,#4413,#4415));
#4417=FACE_BOUND('',#4416,.F.);
#4419=ORIENTED_EDGE('',*,*,#4418,.F.);
#4421=ORIENTED_EDGE('',*,*,#4420,.F.);
#4423=ORIENTED_EDGE('',*,*,#4422,.F.);
#4425=ORIENTED_EDGE('',*,*,#4424,.F.);
#4427=ORIENTED_EDGE('',*,*,#4426,.F.);
#4429=ORIENTED_EDGE('',*,*,#4428,.F.);
#4431=ORIENTED_EDGE('',*,*,#4430,.F.);
#4432=EDGE_LOOP('',(#4419,#4421,#4423,#4425,#4427,#4429,#4431));
#4433=FACE_BOUND('',#4432,.F.);
#4435=ORIENTED_EDGE('',*,*,#4434,.F.);
#4437=ORIENTED_EDGE('',*,*,#4436,.F.);
#4439=ORIENTED_EDGE('',*,*,#4438,.F.);
#4441=ORIENTED_EDGE('',*,*,#4440,.F.);
#4443=ORIENTED_EDGE('',*,*,#4442,.F.);
#4445=ORIENTED_EDGE('',*,*,#4444,.F.);
#4447=ORIENTED_EDGE('',*,*,#4446,.F.);
#4448=EDGE_LOOP('',(#4435,#4437,#4439,#4441,#4443,#4445,#4447));
#4449=FACE_BOUND('',#4448,.F.);
#4451=ORIENTED_EDGE('',*,*,#4450,.F.);
#4453=ORIENTED_EDGE('',*,*,#4452,.F.);
#4455=ORIENTED_EDGE('',*,*,#4454,.F.);
#4457=ORIENTED_EDGE('',*,*,#4456,.T.);
#4459=ORIENTED_EDGE('',*,*,#4458,.F.);
#4461=ORIENTED_EDGE('',*,*,#4460,.F.);
#4463=ORIENTED_EDGE('',*,*,#4462,.F.);
#4465=ORIENTED_EDGE('',*,*,#4464,.T.);
#4467=ORIENTED_EDGE('',*,*,#4466,.F.);
#4469=ORIENTED_EDGE('',*,*,#4468,.T.);
#4471=ORIENTED_EDGE('',*,*,#4470,.F.);
#4473=ORIENTED_EDGE('',*,*,#4472,.T.);
#4474=EDGE_LOOP('',(#4451,#4453,#4455,#4457,#4459,#4461,#4463,#4465,#4467,#4469,
#4471,#4473));
#4475=FACE_BOUND('',#4474,.F.);
#4477=ORIENTED_EDGE('',*,*,#4476,.F.);
#4479=ORIENTED_EDGE('',*,*,#4478,.F.);
#4481=ORIENTED_EDGE('',*,*,#4480,.F.);
#4483=ORIENTED_EDGE('',*,*,#4482,.F.);
#4485=ORIENTED_EDGE('',*,*,#4484,.F.);
#4487=ORIENTED_EDGE('',*,*,#4486,.F.);
#4489=ORIENTED_EDGE('',*,*,#4488,.F.);
#4491=ORIENTED_EDGE('',*,*,#4490,.F.);
#4493=ORIENTED_EDGE('',*,*,#4492,.F.);
#4495=ORIENTED_EDGE('',*,*,#4494,.F.);
#4497=ORIENTED_EDGE('',*,*,#4496,.F.);
#4499=ORIENTED_EDGE('',*,*,#4498,.F.);
#4501=ORIENTED_EDGE('',*,*,#4500,.F.);
#4502=EDGE_LOOP('',(#4477,#4479,#4481,#4483,#4485,#4487,#4489,#4491,#4493,#4495,
#4497,#4499,#4501));
#4503=FACE_BOUND('',#4502,.F.);
#4505=ORIENTED_EDGE('',*,*,#4504,.F.);
#4507=ORIENTED_EDGE('',*,*,#4506,.F.);
#4509=ORIENTED_EDGE('',*,*,#4508,.F.);
#4511=ORIENTED_EDGE('',*,*,#4510,.F.);
#4513=ORIENTED_EDGE('',*,*,#4512,.F.);
#4515=ORIENTED_EDGE('',*,*,#4514,.F.);
#4517=ORIENTED_EDGE('',*,*,#4516,.F.);
#4519=ORIENTED_EDGE('',*,*,#4518,.F.);
#4521=ORIENTED_EDGE('',*,*,#4520,.F.);
#4523=ORIENTED_EDGE('',*,*,#4522,.F.);
#4525=ORIENTED_EDGE('',*,*,#4524,.F.);
#4527=ORIENTED_EDGE('',*,*,#4526,.F.);
#4529=ORIENTED_EDGE('',*,*,#4528,.F.);
#4530=EDGE_LOOP('',(#4505,#4507,#4509,#4511,#4513,#4515,#4517,#4519,#4521,#4523,
#4525,#4527,#4529));
#4531=FACE_BOUND('',#4530,.F.);
#4533=ORIENTED_EDGE('',*,*,#4532,.F.);
#4535=ORIENTED_EDGE('',*,*,#4534,.F.);
#4537=ORIENTED_EDGE('',*,*,#4536,.T.);
#4539=ORIENTED_EDGE('',*,*,#4538,.F.);
#4541=ORIENTED_EDGE('',*,*,#4540,.F.);
#4543=ORIENTED_EDGE('',*,*,#4542,.F.);
#4545=ORIENTED_EDGE('',*,*,#4544,.F.);
#4546=EDGE_LOOP('',(#4533,#4535,#4537,#4539,#4541,#4543,#4545));
#4547=FACE_BOUND('',#4546,.F.);
#4548=ADVANCED_FACE('',(#4387,#4393,#4397,#4407,#4417,#4433,#4449,#4475,#4503,
#4531,#4547),#4353,.T.);
#4549=CARTESIAN_POINT('',(-1.869999992778E1,-6.437843477002E1,
-6.827643934431E1));
#4550=DIRECTION('',(-1.E0,0.E0,0.E0));
#4551=DIRECTION('',(0.E0,1.E0,0.E0));
#4552=AXIS2_PLACEMENT_3D('',#4549,#4550,#4551);
#4553=CYLINDRICAL_SURFACE('',#4552,5.E0);
#4555=ORIENTED_EDGE('',*,*,#4554,.T.);
#4557=ORIENTED_EDGE('',*,*,#4556,.F.);
#4558=ORIENTED_EDGE('',*,*,#4354,.T.);
#4560=ORIENTED_EDGE('',*,*,#4559,.F.);
#4561=EDGE_LOOP('',(#4555,#4557,#4558,#4560));
#4562=FACE_OUTER_BOUND('',#4561,.F.);
#4563=ADVANCED_FACE('',(#4562),#4553,.T.);
#4564=CARTESIAN_POINT('',(-1.719999992736E1,-6.437843477002E1,
-6.827643934431E1));
#4565=DIRECTION('',(-1.E0,9.947598300641E-14,1.278976924368E-13));
#4566=DIRECTION('',(1.618301813758E-13,6.522481398966E-1,7.580055171312E-1));
#4567=AXIS2_PLACEMENT_3D('',#4564,#4565,#4566);
#4568=CONICAL_SURFACE('',#4567,4.500000001246E0,4.499999990487E1);
#4569=ORIENTED_EDGE('',*,*,#4554,.F.);
#4571=ORIENTED_EDGE('',*,*,#4570,.F.);
#4573=ORIENTED_EDGE('',*,*,#4572,.T.);
#4575=ORIENTED_EDGE('',*,*,#4574,.F.);
#4576=EDGE_LOOP('',(#4569,#4571,#4573,#4575));
#4577=FACE_OUTER_BOUND('',#4576,.F.);
#4578=ADVANCED_FACE('',(#4577),#4568,.T.);
#4579=CARTESIAN_POINT('',(-1.769999992778E1,-6.936443439040E1,
-6.965034813744E1));
#4580=DIRECTION('',(7.071067811866E-1,-7.071067811865E-1,0.E0));
#4581=DIRECTION('',(7.071067811865E-1,7.071067811866E-1,0.E0));
#4582=AXIS2_PLACEMENT_3D('',#4579,#4580,#4581);
#4583=PLANE('',#4582);
#4584=ORIENTED_EDGE('',*,*,#4570,.T.);
#4586=ORIENTED_EDGE('',*,*,#4585,.F.);
#4588=ORIENTED_EDGE('',*,*,#4587,.T.);
#4590=ORIENTED_EDGE('',*,*,#4589,.T.);
#4591=EDGE_LOOP('',(#4584,#4586,#4588,#4590));
#4592=FACE_OUTER_BOUND('',#4591,.F.);
#4593=ADVANCED_FACE('',(#4592),#4583,.T.);
#4594=CARTESIAN_POINT('',(-2.069999992778E1,-6.936443439040E1,
-6.865034813744E1));
#4595=DIRECTION('',(0.E0,-1.E0,0.E0));
#4596=DIRECTION('',(1.E0,0.E0,0.E0));
#4597=AXIS2_PLACEMENT_3D('',#4594,#4595,#4596);
#4598=PLANE('',#4597);
#4599=ORIENTED_EDGE('',*,*,#4585,.T.);
#4600=ORIENTED_EDGE('',*,*,#4559,.T.);
#4601=ORIENTED_EDGE('',*,*,#4384,.T.);
#4603=ORIENTED_EDGE('',*,*,#4602,.T.);
#4604=EDGE_LOOP('',(#4599,#4600,#4601,#4603));
#4605=FACE_OUTER_BOUND('',#4604,.F.);
#4606=ADVANCED_FACE('',(#4605),#4598,.T.);
#4607=CARTESIAN_POINT('',(-1.869999992778E1,-6.437843477002E1,
9.877643934430E1));
#4608=DIRECTION('',(-1.E0,0.E0,0.E0));
#4609=DIRECTION('',(0.E0,1.E0,0.E0));
#4610=AXIS2_PLACEMENT_3D('',#4607,#4608,#4609);
#4611=CYLINDRICAL_SURFACE('',#4610,4.999999999983E0);
#4613=ORIENTED_EDGE('',*,*,#4612,.T.);
#4614=ORIENTED_EDGE('',*,*,#4602,.F.);
#4615=ORIENTED_EDGE('',*,*,#4382,.T.);
#4617=ORIENTED_EDGE('',*,*,#4616,.F.);
#4618=EDGE_LOOP('',(#4613,#4614,#4615,#4617));
#4619=FACE_OUTER_BOUND('',#4618,.F.);
#4620=ADVANCED_FACE('',(#4619),#4611,.T.);
#4621=CARTESIAN_POINT('',(-1.719999992778E1,-6.437843477002E1,
9.877643934430E1));
#4622=DIRECTION('',(-1.E0,-7.958078640513E-13,-3.268496584496E-13));
#4623=DIRECTION('',(-8.405877277755E-13,9.847004751636E-1,1.742554854589E-1));
#4624=AXIS2_PLACEMENT_3D('',#4621,#4622,#4623);
#4625=CONICAL_SURFACE('',#4624,4.499999999983E0,4.499999999996E1);
#4627=ORIENTED_EDGE('',*,*,#4626,.T.);
#4628=ORIENTED_EDGE('',*,*,#4587,.F.);
#4629=ORIENTED_EDGE('',*,*,#4612,.F.);
#4631=ORIENTED_EDGE('',*,*,#4630,.F.);
#4632=EDGE_LOOP('',(#4627,#4628,#4629,#4631));
#4633=FACE_OUTER_BOUND('',#4632,.F.);
#4634=ADVANCED_FACE('',(#4633),#4625,.T.);
#4635=CARTESIAN_POINT('',(-1.669999992778E1,-6.936443439040E1,
1.061538316994E2));
#4636=DIRECTION('',(1.E0,0.E0,0.E0));
#4637=DIRECTION('',(0.E0,1.E0,0.E0));
#4638=AXIS2_PLACEMENT_3D('',#4635,#4636,#4637);
#4639=PLANE('',#4638);
#4640=ORIENTED_EDGE('',*,*,#4572,.F.);
#4641=ORIENTED_EDGE('',*,*,#4589,.F.);
#4642=ORIENTED_EDGE('',*,*,#4626,.F.);
#4644=ORIENTED_EDGE('',*,*,#4643,.F.);
#4646=ORIENTED_EDGE('',*,*,#4645,.F.);
#4648=ORIENTED_EDGE('',*,*,#4647,.F.);
#4650=ORIENTED_EDGE('',*,*,#4649,.F.);
#4652=ORIENTED_EDGE('',*,*,#4651,.F.);
#4654=ORIENTED_EDGE('',*,*,#4653,.F.);
#4656=ORIENTED_EDGE('',*,*,#4655,.F.);
#4658=ORIENTED_EDGE('',*,*,#4657,.F.);
#4660=ORIENTED_EDGE('',*,*,#4659,.F.);
#4662=ORIENTED_EDGE('',*,*,#4661,.F.);
#4664=ORIENTED_EDGE('',*,*,#4663,.F.);
#4666=ORIENTED_EDGE('',*,*,#4665,.F.);
#4668=ORIENTED_EDGE('',*,*,#4667,.F.);
#4669=EDGE_LOOP('',(#4640,#4641,#4642,#4644,#4646,#4648,#4650,#4652,#4654,#4656,
#4658,#4660,#4662,#4664,#4666,#4668));
#4670=FACE_OUTER_BOUND('',#4669,.F.);
#4672=ORIENTED_EDGE('',*,*,#4671,.F.);
#4674=ORIENTED_EDGE('',*,*,#4673,.F.);
#4675=EDGE_LOOP('',(#4672,#4674));
#4676=FACE_BOUND('',#4675,.F.);
#4678=ORIENTED_EDGE('',*,*,#4677,.F.);
#4680=ORIENTED_EDGE('',*,*,#4679,.F.);
#4681=EDGE_LOOP('',(#4678,#4680));
#4682=FACE_BOUND('',#4681,.F.);
#4684=ORIENTED_EDGE('',*,*,#4683,.F.);
#4686=ORIENTED_EDGE('',*,*,#4685,.F.);
#4687=EDGE_LOOP('',(#4684,#4686));
#4688=FACE_BOUND('',#4687,.F.);
#4690=ORIENTED_EDGE('',*,*,#4689,.F.);
#4692=ORIENTED_EDGE('',*,*,#4691,.F.);
#4693=EDGE_LOOP('',(#4690,#4692));
#4694=FACE_BOUND('',#4693,.F.);
#4696=ORIENTED_EDGE('',*,*,#4695,.F.);
#4698=ORIENTED_EDGE('',*,*,#4697,.F.);
#4700=ORIENTED_EDGE('',*,*,#4699,.F.);
#4702=ORIENTED_EDGE('',*,*,#4701,.F.);
#4704=ORIENTED_EDGE('',*,*,#4703,.F.);
#4706=ORIENTED_EDGE('',*,*,#4705,.F.);
#4707=EDGE_LOOP('',(#4696,#4698,#4700,#4702,#4704,#4706));
#4708=FACE_BOUND('',#4707,.F.);
#4710=ORIENTED_EDGE('',*,*,#4709,.F.);
#4712=ORIENTED_EDGE('',*,*,#4711,.F.);
#4714=ORIENTED_EDGE('',*,*,#4713,.F.);
#4716=ORIENTED_EDGE('',*,*,#4715,.F.);
#4718=ORIENTED_EDGE('',*,*,#4717,.F.);
#4720=ORIENTED_EDGE('',*,*,#4719,.F.);
#4721=EDGE_LOOP('',(#4710,#4712,#4714,#4716,#4718,#4720));
#4722=FACE_BOUND('',#4721,.F.);
#4724=ORIENTED_EDGE('',*,*,#4723,.F.);
#4726=ORIENTED_EDGE('',*,*,#4725,.F.);
#4728=ORIENTED_EDGE('',*,*,#4727,.F.);
#4730=ORIENTED_EDGE('',*,*,#4729,.F.);
#4732=ORIENTED_EDGE('',*,*,#4731,.F.);
#4734=ORIENTED_EDGE('',*,*,#4733,.F.);
#4735=EDGE_LOOP('',(#4724,#4726,#4728,#4730,#4732,#4734));
#4736=FACE_BOUND('',#4735,.F.);
#4738=ORIENTED_EDGE('',*,*,#4737,.F.);
#4740=ORIENTED_EDGE('',*,*,#4739,.F.);
#4742=ORIENTED_EDGE('',*,*,#4741,.F.);
#4744=ORIENTED_EDGE('',*,*,#4743,.F.);
#4746=ORIENTED_EDGE('',*,*,#4745,.F.);
#4748=ORIENTED_EDGE('',*,*,#4747,.F.);
#4750=ORIENTED_EDGE('',*,*,#4749,.F.);
#4752=ORIENTED_EDGE('',*,*,#4751,.F.);
#4754=ORIENTED_EDGE('',*,*,#4753,.F.);
#4756=ORIENTED_EDGE('',*,*,#4755,.F.);
#4758=ORIENTED_EDGE('',*,*,#4757,.F.);
#4760=ORIENTED_EDGE('',*,*,#4759,.F.);
#4761=EDGE_LOOP('',(#4738,#4740,#4742,#4744,#4746,#4748,#4750,#4752,#4754,#4756,
#4758,#4760));
#4762=FACE_BOUND('',#4761,.F.);
#4764=ORIENTED_EDGE('',*,*,#4763,.F.);
#4766=ORIENTED_EDGE('',*,*,#4765,.F.);
#4768=ORIENTED_EDGE('',*,*,#4767,.F.);
#4770=ORIENTED_EDGE('',*,*,#4769,.F.);
#4772=ORIENTED_EDGE('',*,*,#4771,.F.);
#4774=ORIENTED_EDGE('',*,*,#4773,.F.);
#4776=ORIENTED_EDGE('',*,*,#4775,.F.);
#4778=ORIENTED_EDGE('',*,*,#4777,.F.);
#4780=ORIENTED_EDGE('',*,*,#4779,.F.);
#4782=ORIENTED_EDGE('',*,*,#4781,.F.);
#4784=ORIENTED_EDGE('',*,*,#4783,.F.);
#4786=ORIENTED_EDGE('',*,*,#4785,.F.);
#4787=EDGE_LOOP('',(#4764,#4766,#4768,#4770,#4772,#4774,#4776,#4778,#4780,#4782,
#4784,#4786));
#4788=FACE_BOUND('',#4787,.F.);
#4790=ORIENTED_EDGE('',*,*,#4789,.F.);
#4792=ORIENTED_EDGE('',*,*,#4791,.F.);
#4794=ORIENTED_EDGE('',*,*,#4793,.F.);
#4796=ORIENTED_EDGE('',*,*,#4795,.F.);
#4798=ORIENTED_EDGE('',*,*,#4797,.F.);
#4800=ORIENTED_EDGE('',*,*,#4799,.F.);
#4802=ORIENTED_EDGE('',*,*,#4801,.F.);
#4804=ORIENTED_EDGE('',*,*,#4803,.F.);
#4806=ORIENTED_EDGE('',*,*,#4805,.F.);
#4808=ORIENTED_EDGE('',*,*,#4807,.F.);
#4810=ORIENTED_EDGE('',*,*,#4809,.F.);
#4812=ORIENTED_EDGE('',*,*,#4811,.F.);
#4813=EDGE_LOOP('',(#4790,#4792,#4794,#4796,#4798,#4800,#4802,#4804,#4806,#4808,
#4810,#4812));
#4814=FACE_BOUND('',#4813,.F.);
#4816=ORIENTED_EDGE('',*,*,#4815,.F.);
#4818=ORIENTED_EDGE('',*,*,#4817,.F.);
#4819=EDGE_LOOP('',(#4816,#4818));
#4820=FACE_BOUND('',#4819,.F.);
#4822=ORIENTED_EDGE('',*,*,#4821,.F.);
#4824=ORIENTED_EDGE('',*,*,#4823,.F.);
#4825=EDGE_LOOP('',(#4822,#4824));
#4826=FACE_BOUND('',#4825,.F.);
#4827=ADVANCED_FACE('',(#4670,#4676,#4682,#4688,#4694,#4708,#4722,#4736,#4762,
#4788,#4814,#4820,#4826),#4639,.T.);
#4828=CARTESIAN_POINT('',(-1.769999992778E1,-6.763967546954E1,
1.025664669299E2));
#4829=DIRECTION('',(7.071067811866E-1,-4.612090827761E-1,5.359908413068E-1));
#4830=DIRECTION('',(7.071067811865E-1,4.612090827761E-1,-5.359908413068E-1));
#4831=AXIS2_PLACEMENT_3D('',#4828,#4829,#4830);
#4832=PLANE('',#4831);
#4833=ORIENTED_EDGE('',*,*,#4630,.T.);
#4835=ORIENTED_EDGE('',*,*,#4834,.F.);
#4837=ORIENTED_EDGE('',*,*,#4836,.T.);
#4838=ORIENTED_EDGE('',*,*,#4643,.T.);
#4839=EDGE_LOOP('',(#4833,#4835,#4837,#4838));
#4840=FACE_OUTER_BOUND('',#4839,.F.);
#4841=ADVANCED_FACE('',(#4840),#4832,.T.);
#4842=CARTESIAN_POINT('',(-2.069999992778E1,-6.763967546954E1,
1.025664669299E2));
#4843=DIRECTION('',(0.E0,-6.522481399517E-1,7.580055170839E-1));
#4844=DIRECTION('',(1.E0,0.E0,0.E0));
#4845=AXIS2_PLACEMENT_3D('',#4842,#4843,#4844);
#4846=PLANE('',#4845);
#4847=ORIENTED_EDGE('',*,*,#4834,.T.);
#4848=ORIENTED_EDGE('',*,*,#4616,.T.);
#4849=ORIENTED_EDGE('',*,*,#4380,.T.);
#4851=ORIENTED_EDGE('',*,*,#4850,.T.);
#4852=EDGE_LOOP('',(#4847,#4848,#4849,#4851));
#4853=FACE_OUTER_BOUND('',#4852,.F.);
#4854=ADVANCED_FACE('',(#4853),#4846,.T.);
#4855=CARTESIAN_POINT('',(-1.869999992778E1,-6.399943201145E1,
9.910256341424E1));
#4856=DIRECTION('',(-1.E0,0.E0,0.E0));
#4857=DIRECTION('',(0.E0,1.E0,0.E0));
#4858=AXIS2_PLACEMENT_3D('',#4855,#4856,#4857);
#4859=CYLINDRICAL_SURFACE('',#4858,5.000000000021E0);
#4861=ORIENTED_EDGE('',*,*,#4860,.T.);
#4862=ORIENTED_EDGE('',*,*,#4850,.F.);
#4863=ORIENTED_EDGE('',*,*,#4378,.T.);
#4865=ORIENTED_EDGE('',*,*,#4864,.F.);
#4866=EDGE_LOOP('',(#4861,#4862,#4863,#4865));
#4867=FACE_OUTER_BOUND('',#4866,.F.);
#4868=ADVANCED_FACE('',(#4867),#4859,.T.);
#4869=CARTESIAN_POINT('',(-1.719999992620E1,-6.399943201145E1,
9.910256341424E1));
#4870=DIRECTION('',(-1.E0,-9.947598300641E-14,5.400124791777E-13));
#4871=DIRECTION('',(-4.742154634312E-13,6.522481398571E-1,-7.580055171653E-1));
#4872=AXIS2_PLACEMENT_3D('',#4869,#4870,#4871);
#4873=CONICAL_SURFACE('',#4872,4.500000004775E0,4.499999963684E1);
#4874=ORIENTED_EDGE('',*,*,#4836,.F.);
#4875=ORIENTED_EDGE('',*,*,#4860,.F.);
#4877=ORIENTED_EDGE('',*,*,#4876,.F.);
#4878=ORIENTED_EDGE('',*,*,#4645,.T.);
#4879=EDGE_LOOP('',(#4874,#4875,#4877,#4878));
#4880=FACE_OUTER_BOUND('',#4879,.F.);
#4881=ADVANCED_FACE('',(#4880),#4873,.T.);
#4882=CARTESIAN_POINT('',(-1.769999992778E1,-6.020940442583E1,
1.023638041138E2));
#4883=DIRECTION('',(7.071067811865E-1,5.359908413355E-1,4.612090827428E-1));
#4884=DIRECTION('',(7.071067811865E-1,-5.359908413355E-1,-4.612090827428E-1));
#4885=AXIS2_PLACEMENT_3D('',#4882,#4883,#4884);
#4886=PLANE('',#4885);
#4887=ORIENTED_EDGE('',*,*,#4876,.T.);
#4889=ORIENTED_EDGE('',*,*,#4888,.F.);
#4891=ORIENTED_EDGE('',*,*,#4890,.T.);
#4892=ORIENTED_EDGE('',*,*,#4647,.T.);
#4893=EDGE_LOOP('',(#4887,#4889,#4891,#4892));
#4894=FACE_OUTER_BOUND('',#4893,.F.);
#4895=ADVANCED_FACE('',(#4894),#4886,.T.);
#4896=CARTESIAN_POINT('',(-2.069999992778E1,-6.020940442583E1,
1.023638041138E2));
#4897=DIRECTION('',(0.E0,7.580055171244E-1,6.522481399045E-1));
#4898=DIRECTION('',(1.E0,0.E0,0.E0));
#4899=AXIS2_PLACEMENT_3D('',#4896,#4897,#4898);
#4900=PLANE('',#4899);
#4901=ORIENTED_EDGE('',*,*,#4888,.T.);
#4902=ORIENTED_EDGE('',*,*,#4864,.T.);
#4903=ORIENTED_EDGE('',*,*,#4376,.T.);
#4905=ORIENTED_EDGE('',*,*,#4904,.T.);
#4906=EDGE_LOOP('',(#4901,#4902,#4903,#4905));
#4907=FACE_OUTER_BOUND('',#4906,.F.);
#4908=ADVANCED_FACE('',(#4907),#4900,.T.);
#4909=CARTESIAN_POINT('',(-1.869999992778E1,-2.010710720256E1,
6.342500001337E1));
#4910=DIRECTION('',(1.E0,0.E0,0.E0));
#4911=DIRECTION('',(0.E0,1.E0,0.E0));
#4912=AXIS2_PLACEMENT_3D('',#4909,#4910,#4911);
#4913=CYLINDRICAL_SURFACE('',#4912,4.999999999990E0);
#4915=ORIENTED_EDGE('',*,*,#4914,.T.);
#4916=ORIENTED_EDGE('',*,*,#4904,.F.);
#4917=ORIENTED_EDGE('',*,*,#4374,.T.);
#4919=ORIENTED_EDGE('',*,*,#4918,.F.);
#4920=EDGE_LOOP('',(#4915,#4916,#4917,#4919));
#4921=FACE_OUTER_BOUND('',#4920,.F.);
#4922=ADVANCED_FACE('',(#4921),#4913,.F.);
#4923=CARTESIAN_POINT('',(-1.719999992799E1,-2.010710720256E1,
6.342500001337E1));
#4924=DIRECTION('',(1.E0,4.263256414560E-14,2.202682480856E-13));
#4925=DIRECTION('',(1.759852739258E-13,-7.580055171228E-1,-6.522481399064E-1));
#4926=AXIS2_PLACEMENT_3D('',#4923,#4924,#4925);
#4927=CONICAL_SURFACE('',#4926,5.500000002247E0,4.500000014101E1);
#4928=ORIENTED_EDGE('',*,*,#4890,.F.);
#4929=ORIENTED_EDGE('',*,*,#4914,.F.);
#4931=ORIENTED_EDGE('',*,*,#4930,.F.);
#4932=ORIENTED_EDGE('',*,*,#4649,.T.);
#4933=EDGE_LOOP('',(#4928,#4929,#4931,#4932));
#4934=FACE_OUTER_BOUND('',#4933,.F.);
#4935=ADVANCED_FACE('',(#4934),#4927,.F.);
#4936=CARTESIAN_POINT('',(-1.769999992778E1,-2.010710720256E1,
5.842500001338E1));
#4937=DIRECTION('',(7.071067811865E-1,0.E0,7.071067811865E-1));
#4938=DIRECTION('',(7.071067811865E-1,0.E0,-7.071067811865E-1));
#4939=AXIS2_PLACEMENT_3D('',#4936,#4937,#4938);
#4940=PLANE('',#4939);
#4941=ORIENTED_EDGE('',*,*,#4930,.T.);
#4943=ORIENTED_EDGE('',*,*,#4942,.F.);
#4945=ORIENTED_EDGE('',*,*,#4944,.T.);
#4946=ORIENTED_EDGE('',*,*,#4651,.T.);
#4947=EDGE_LOOP('',(#4941,#4943,#4945,#4946));
#4948=FACE_OUTER_BOUND('',#4947,.F.);
#4949=ADVANCED_FACE('',(#4948),#4940,.T.);
#4950=CARTESIAN_POINT('',(-2.069999992778E1,-2.010710720256E1,
5.842500001338E1));
#4951=DIRECTION('',(0.E0,0.E0,1.E0));
#4952=DIRECTION('',(1.E0,0.E0,0.E0));
#4953=AXIS2_PLACEMENT_3D('',#4950,#4951,#4952);
#4954=PLANE('',#4953);
#4955=ORIENTED_EDGE('',*,*,#4942,.T.);
#4956=ORIENTED_EDGE('',*,*,#4918,.T.);
#4957=ORIENTED_EDGE('',*,*,#4372,.T.);
#4959=ORIENTED_EDGE('',*,*,#4958,.T.);
#4960=EDGE_LOOP('',(#4955,#4956,#4957,#4959));
#4961=FACE_OUTER_BOUND('',#4960,.F.);
#4962=ADVANCED_FACE('',(#4961),#4954,.T.);
#4963=CARTESIAN_POINT('',(-1.869999992778E1,1.097412864424E1,5.342500001338E1));
#4964=DIRECTION('',(-1.E0,0.E0,0.E0));
#4965=DIRECTION('',(0.E0,1.E0,0.E0));
#4966=AXIS2_PLACEMENT_3D('',#4963,#4964,#4965);
#4967=CYLINDRICAL_SURFACE('',#4966,5.E0);
#4969=ORIENTED_EDGE('',*,*,#4968,.T.);
#4970=ORIENTED_EDGE('',*,*,#4958,.F.);
#4971=ORIENTED_EDGE('',*,*,#4370,.T.);
#4973=ORIENTED_EDGE('',*,*,#4972,.F.);
#4974=EDGE_LOOP('',(#4969,#4970,#4971,#4973));
#4975=FACE_OUTER_BOUND('',#4974,.F.);
#4976=ADVANCED_FACE('',(#4975),#4967,.T.);
#4977=CARTESIAN_POINT('',(-1.719999992620E1,1.097412864424E1,5.342500001338E1));
#4978=DIRECTION('',(-1.E0,-2.131628207280E-14,-1.421085471520E-14));
#4979=DIRECTION('',(1.421085471642E-14,-5.721921693853E-11,-1.E0));
#4980=AXIS2_PLACEMENT_3D('',#4977,#4978,#4979);
#4981=CONICAL_SURFACE('',#4980,4.500000004737E0,4.499999963814E1);
#4982=ORIENTED_EDGE('',*,*,#4944,.F.);
#4983=ORIENTED_EDGE('',*,*,#4968,.F.);
#4985=ORIENTED_EDGE('',*,*,#4984,.F.);
#4986=ORIENTED_EDGE('',*,*,#4653,.T.);
#4987=EDGE_LOOP('',(#4982,#4983,#4985,#4986));
#4988=FACE_OUTER_BOUND('',#4987,.F.);
#4989=ADVANCED_FACE('',(#4988),#4981,.T.);
#4990=CARTESIAN_POINT('',(-1.769999992778E1,1.597412864424E1,5.342500001338E1));
#4991=DIRECTION('',(7.071067811865E-1,7.071067811865E-1,0.E0));
#4992=DIRECTION('',(7.071067811865E-1,-7.071067811865E-1,0.E0));
#4993=AXIS2_PLACEMENT_3D('',#4990,#4991,#4992);
#4994=PLANE('',#4993);
#4995=ORIENTED_EDGE('',*,*,#4984,.T.);
#4997=ORIENTED_EDGE('',*,*,#4996,.F.);
#4999=ORIENTED_EDGE('',*,*,#4998,.T.);
#5000=ORIENTED_EDGE('',*,*,#4655,.T.);
#5001=EDGE_LOOP('',(#4995,#4997,#4999,#5000));
#5002=FACE_OUTER_BOUND('',#5001,.F.);
#5003=ADVANCED_FACE('',(#5002),#4994,.T.);
#5004=CARTESIAN_POINT('',(-2.069999992778E1,1.597412864424E1,5.342500001338E1));
#5005=DIRECTION('',(0.E0,1.E0,0.E0));
#5006=DIRECTION('',(1.E0,0.E0,0.E0));
#5007=AXIS2_PLACEMENT_3D('',#5004,#5005,#5006);
#5008=PLANE('',#5007);
#5009=ORIENTED_EDGE('',*,*,#4996,.T.);
#5010=ORIENTED_EDGE('',*,*,#4972,.T.);
#5011=ORIENTED_EDGE('',*,*,#4368,.T.);
#5013=ORIENTED_EDGE('',*,*,#5012,.T.);
#5014=EDGE_LOOP('',(#5009,#5010,#5011,#5013));
#5015=FACE_OUTER_BOUND('',#5014,.F.);
#5016=ADVANCED_FACE('',(#5015),#5008,.T.);
#5017=CARTESIAN_POINT('',(-1.869999992778E1,1.097412864424E1,
-2.257499998662E1));
#5018=DIRECTION('',(-1.E0,0.E0,0.E0));
#5019=DIRECTION('',(0.E0,1.E0,0.E0));
#5020=AXIS2_PLACEMENT_3D('',#5017,#5018,#5019);
#5021=CYLINDRICAL_SURFACE('',#5020,5.E0);
#5023=ORIENTED_EDGE('',*,*,#5022,.T.);
#5024=ORIENTED_EDGE('',*,*,#5012,.F.);
#5025=ORIENTED_EDGE('',*,*,#4366,.T.);
#5027=ORIENTED_EDGE('',*,*,#5026,.F.);
#5028=EDGE_LOOP('',(#5023,#5024,#5025,#5027));
#5029=FACE_OUTER_BOUND('',#5028,.F.);
#5030=ADVANCED_FACE('',(#5029),#5021,.T.);
#5031=CARTESIAN_POINT('',(-1.719999992620E1,1.097412864424E1,
-2.257499998662E1));
#5032=DIRECTION('',(-1.E0,7.460698725481E-14,-7.105427357601E-14));
#5033=DIRECTION('',(-7.460698725889E-14,-1.E0,5.744974858108E-11));
#5034=AXIS2_PLACEMENT_3D('',#5031,#5032,#5033);
#5035=CONICAL_SURFACE('',#5034,4.500000004753E0,4.499999963686E1);
#5036=ORIENTED_EDGE('',*,*,#4998,.F.);
#5037=ORIENTED_EDGE('',*,*,#5022,.F.);
#5039=ORIENTED_EDGE('',*,*,#5038,.F.);
#5040=ORIENTED_EDGE('',*,*,#4657,.T.);
#5041=EDGE_LOOP('',(#5036,#5037,#5039,#5040));
#5042=FACE_OUTER_BOUND('',#5041,.F.);
#5043=ADVANCED_FACE('',(#5042),#5035,.T.);
#5044=CARTESIAN_POINT('',(-1.769999992778E1,1.097412864424E1,
-2.757499998662E1));
#5045=DIRECTION('',(7.071067811865E-1,0.E0,-7.071067811865E-1));
#5046=DIRECTION('',(7.071067811865E-1,0.E0,7.071067811865E-1));
#5047=AXIS2_PLACEMENT_3D('',#5044,#5045,#5046);
#5048=PLANE('',#5047);
#5049=ORIENTED_EDGE('',*,*,#5038,.T.);
#5051=ORIENTED_EDGE('',*,*,#5050,.F.);
#5053=ORIENTED_EDGE('',*,*,#5052,.T.);
#5054=ORIENTED_EDGE('',*,*,#4659,.T.);
#5055=EDGE_LOOP('',(#5049,#5051,#5053,#5054));
#5056=FACE_OUTER_BOUND('',#5055,.F.);
#5057=ADVANCED_FACE('',(#5056),#5048,.T.);
#5058=CARTESIAN_POINT('',(-2.069999992778E1,1.097412864424E1,
-2.757499998662E1));
#5059=DIRECTION('',(0.E0,0.E0,-1.E0));
#5060=DIRECTION('',(1.E0,0.E0,0.E0));
#5061=AXIS2_PLACEMENT_3D('',#5058,#5059,#5060);
#5062=PLANE('',#5061);
#5063=ORIENTED_EDGE('',*,*,#5050,.T.);
#5064=ORIENTED_EDGE('',*,*,#5026,.T.);
#5065=ORIENTED_EDGE('',*,*,#4364,.T.);
#5067=ORIENTED_EDGE('',*,*,#5066,.T.);
#5068=EDGE_LOOP('',(#5063,#5064,#5065,#5067));
#5069=FACE_OUTER_BOUND('',#5068,.F.);
#5070=ADVANCED_FACE('',(#5069),#5062,.T.);
#5071=CARTESIAN_POINT('',(-1.869999992778E1,-1.980593938615E1,
-3.257499998663E1));
#5072=DIRECTION('',(1.E0,0.E0,-1.418043850165E-14));
#5073=DIRECTION('',(0.E0,1.E0,0.E0));
#5074=AXIS2_PLACEMENT_3D('',#5071,#5072,#5073);
#5075=CYLINDRICAL_SURFACE('',#5074,5.000000000009E0);
#5077=ORIENTED_EDGE('',*,*,#5076,.T.);
#5078=ORIENTED_EDGE('',*,*,#5066,.F.);
#5079=ORIENTED_EDGE('',*,*,#4362,.T.);
#5081=ORIENTED_EDGE('',*,*,#5080,.F.);
#5082=EDGE_LOOP('',(#5077,#5078,#5079,#5081));
#5083=FACE_OUTER_BOUND('',#5082,.F.);
#5084=ADVANCED_FACE('',(#5083),#5075,.F.);
#5085=CARTESIAN_POINT('',(-1.719999992785E1,-1.980593938615E1,
-3.257499998663E1));
#5086=DIRECTION('',(1.E0,1.776356839400E-14,-9.237055564881E-14));
#5087=DIRECTION('',(9.237055564879E-14,9.637543287257E-13,1.E0));
#5088=AXIS2_PLACEMENT_3D('',#5085,#5086,#5087);
#5089=CONICAL_SURFACE('',#5088,5.500000000742E0,4.500000004581E1);
#5090=ORIENTED_EDGE('',*,*,#5052,.F.);
#5091=ORIENTED_EDGE('',*,*,#5076,.F.);
#5093=ORIENTED_EDGE('',*,*,#5092,.F.);
#5094=ORIENTED_EDGE('',*,*,#4661,.T.);
#5095=EDGE_LOOP('',(#5090,#5091,#5093,#5094));
#5096=FACE_OUTER_BOUND('',#5095,.F.);
#5097=ADVANCED_FACE('',(#5096),#5089,.F.);
#5098=CARTESIAN_POINT('',(-1.769999992778E1,-2.359596697177E1,
-2.931375928709E1));
#5099=DIRECTION('',(7.071067811866E-1,5.359908413355E-1,-4.612090827428E-1));
#5100=DIRECTION('',(7.071067811865E-1,-5.359908413355E-1,4.612090827429E-1));
#5101=AXIS2_PLACEMENT_3D('',#5098,#5099,#5100);
#5102=PLANE('',#5101);
#5103=ORIENTED_EDGE('',*,*,#5092,.T.);
#5105=ORIENTED_EDGE('',*,*,#5104,.F.);
#5107=ORIENTED_EDGE('',*,*,#5106,.T.);
#5108=ORIENTED_EDGE('',*,*,#4663,.T.);
#5109=EDGE_LOOP('',(#5103,#5105,#5107,#5108));
#5110=FACE_OUTER_BOUND('',#5109,.F.);
#5111=ADVANCED_FACE('',(#5110),#5102,.T.);
#5112=CARTESIAN_POINT('',(-2.069999992778E1,-2.359596697177E1,
-2.931375928709E1));
#5113=DIRECTION('',(0.E0,7.580055171244E-1,-6.522481399046E-1));
#5114=DIRECTION('',(1.E0,0.E0,0.E0));
#5115=AXIS2_PLACEMENT_3D('',#5112,#5113,#5114);
#5116=PLANE('',#5115);
#5117=ORIENTED_EDGE('',*,*,#5104,.T.);
#5118=ORIENTED_EDGE('',*,*,#5080,.T.);
#5119=ORIENTED_EDGE('',*,*,#4360,.T.);
#5121=ORIENTED_EDGE('',*,*,#5120,.T.);
#5122=EDGE_LOOP('',(#5117,#5118,#5119,#5121));
#5123=FACE_OUTER_BOUND('',#5122,.F.);
#5124=ADVANCED_FACE('',(#5123),#5116,.T.);
#5125=CARTESIAN_POINT('',(-1.869999992778E1,-6.399943201145E1,
-6.860256341426E1));
#5126=DIRECTION('',(-1.E0,0.E0,0.E0));
#5127=DIRECTION('',(0.E0,1.E0,0.E0));
#5128=AXIS2_PLACEMENT_3D('',#5125,#5126,#5127);
#5129=CYLINDRICAL_SURFACE('',#5128,5.E0);
#5131=ORIENTED_EDGE('',*,*,#5130,.T.);
#5132=ORIENTED_EDGE('',*,*,#5120,.F.);
#5133=ORIENTED_EDGE('',*,*,#4358,.T.);
#5135=ORIENTED_EDGE('',*,*,#5134,.F.);
#5136=EDGE_LOOP('',(#5131,#5132,#5133,#5135));
#5137=FACE_OUTER_BOUND('',#5136,.F.);
#5138=ADVANCED_FACE('',(#5137),#5129,.T.);
#5139=CARTESIAN_POINT('',(-1.719999992620E1,-6.399943201145E1,
-6.860256341426E1));
#5140=DIRECTION('',(-1.E0,3.552713678800E-14,5.684341886081E-14));
#5141=DIRECTION('',(1.014624852859E-14,-7.580055170875E-1,6.522481399475E-1));
#5142=AXIS2_PLACEMENT_3D('',#5139,#5140,#5141);
#5143=CONICAL_SURFACE('',#5142,4.500000004753E0,4.499999963687E1);
#5144=ORIENTED_EDGE('',*,*,#5106,.F.);
#5145=ORIENTED_EDGE('',*,*,#5130,.F.);
#5147=ORIENTED_EDGE('',*,*,#5146,.F.);
#5148=ORIENTED_EDGE('',*,*,#4665,.T.);
#5149=EDGE_LOOP('',(#5144,#5145,#5147,#5148));
#5150=FACE_OUTER_BOUND('',#5149,.F.);
#5151=ADVANCED_FACE('',(#5150),#5143,.T.);
#5152=CARTESIAN_POINT('',(-1.769999992778E1,-6.726067271098E1,
-7.239259099988E1));
#5153=DIRECTION('',(7.071067811866E-1,-4.612090827425E-1,-5.359908413357E-1));
#5154=DIRECTION('',(7.071067811865E-1,4.612090827425E-1,5.359908413358E-1));
#5155=AXIS2_PLACEMENT_3D('',#5152,#5153,#5154);
#5156=PLANE('',#5155);
#5157=ORIENTED_EDGE('',*,*,#5146,.T.);
#5159=ORIENTED_EDGE('',*,*,#5158,.F.);
#5160=ORIENTED_EDGE('',*,*,#4574,.T.);
#5161=ORIENTED_EDGE('',*,*,#4667,.T.);
#5162=EDGE_LOOP('',(#5157,#5159,#5160,#5161));
#5163=FACE_OUTER_BOUND('',#5162,.F.);
#5164=ADVANCED_FACE('',(#5163),#5156,.T.);
#5165=CARTESIAN_POINT('',(-2.069999992778E1,-6.726067271098E1,
-7.239259099988E1));
#5166=DIRECTION('',(0.E0,-6.522481399041E-1,-7.580055171248E-1));
#5167=DIRECTION('',(1.E0,0.E0,0.E0));
#5168=AXIS2_PLACEMENT_3D('',#5165,#5166,#5167);
#5169=PLANE('',#5168);
#5170=ORIENTED_EDGE('',*,*,#5158,.T.);
#5171=ORIENTED_EDGE('',*,*,#5134,.T.);
#5172=ORIENTED_EDGE('',*,*,#4356,.T.);
#5173=ORIENTED_EDGE('',*,*,#4556,.T.);
#5174=EDGE_LOOP('',(#5170,#5171,#5172,#5173));
#5175=FACE_OUTER_BOUND('',#5174,.F.);
#5176=ADVANCED_FACE('',(#5175),#5169,.T.);
#5177=CARTESIAN_POINT('',(-1.794999992778E1,-1.65E1,1.935000000252E1));
#5178=DIRECTION('',(1.E0,0.E0,0.E0));
#5179=DIRECTION('',(0.E0,1.E0,0.E0));
#5180=AXIS2_PLACEMENT_3D('',#5177,#5178,#5179);
#5181=CYLINDRICAL_SURFACE('',#5180,1.25E0);
#5183=ORIENTED_EDGE('',*,*,#5182,.T.);
#5185=ORIENTED_EDGE('',*,*,#5184,.F.);
#5186=ORIENTED_EDGE('',*,*,#4671,.T.);
#5188=ORIENTED_EDGE('',*,*,#5187,.T.);
#5189=EDGE_LOOP('',(#5183,#5185,#5186,#5188));
#5190=FACE_OUTER_BOUND('',#5189,.F.);
#5191=ADVANCED_FACE('',(#5190),#5181,.F.);
#5192=CARTESIAN_POINT('',(-1.869999992761E1,-1.65E1,1.935000000252E1));
#5193=DIRECTION('',(-1.E0,0.E0,0.E0));
#5194=DIRECTION('',(0.E0,0.E0,-1.E0));
#5195=AXIS2_PLACEMENT_3D('',#5192,#5193,#5194);
#5196=CONICAL_SURFACE('',#5195,1.749999999830E0,4.5E1);
#5198=ORIENTED_EDGE('',*,*,#5197,.T.);
#5200=ORIENTED_EDGE('',*,*,#5199,.T.);
#5201=ORIENTED_EDGE('',*,*,#5182,.F.);
#5203=ORIENTED_EDGE('',*,*,#5202,.F.);
#5204=EDGE_LOOP('',(#5198,#5200,#5201,#5203));
#5205=FACE_OUTER_BOUND('',#5204,.F.);
#5206=ADVANCED_FACE('',(#5205),#5196,.F.);
#5207=CARTESIAN_POINT('',(-1.919999992778E1,-1.9E1,2.185000000252E1));
#5208=DIRECTION('',(-1.E0,0.E0,0.E0));
#5209=DIRECTION('',(0.E0,1.E0,0.E0));
#5210=AXIS2_PLACEMENT_3D('',#5207,#5208,#5209);
#5211=PLANE('',#5210);
#5213=ORIENTED_EDGE('',*,*,#5212,.F.);
#5215=ORIENTED_EDGE('',*,*,#5214,.F.);
#5216=EDGE_LOOP('',(#5213,#5215));
#5217=FACE_OUTER_BOUND('',#5216,.F.);
#5219=ORIENTED_EDGE('',*,*,#5218,.F.);
#5220=ORIENTED_EDGE('',*,*,#5197,.F.);
#5221=EDGE_LOOP('',(#5219,#5220));
#5222=FACE_BOUND('',#5221,.F.);
#5223=ADVANCED_FACE('',(#5217,#5222),#5211,.T.);
#5224=CARTESIAN_POINT('',(-1.869999992778E1,-1.65E1,1.935000000252E1));
#5225=DIRECTION('',(1.E0,0.E0,0.E0));
#5226=DIRECTION('',(0.E0,1.E0,0.E0));
#5227=AXIS2_PLACEMENT_3D('',#5224,#5225,#5226);
#5228=CYLINDRICAL_SURFACE('',#5227,2.5E0);
#5230=ORIENTED_EDGE('',*,*,#5229,.T.);
#5231=ORIENTED_EDGE('',*,*,#4390,.T.);
#5233=ORIENTED_EDGE('',*,*,#5232,.F.);
#5234=ORIENTED_EDGE('',*,*,#5212,.T.);
#5235=EDGE_LOOP('',(#5230,#5231,#5233,#5234));
#5236=FACE_OUTER_BOUND('',#5235,.F.);
#5237=ADVANCED_FACE('',(#5236),#5228,.F.);
#5238=CARTESIAN_POINT('',(-1.869999992778E1,-1.65E1,1.935000000252E1));
#5239=DIRECTION('',(1.E0,0.E0,0.E0));
#5240=DIRECTION('',(0.E0,1.E0,0.E0));
#5241=AXIS2_PLACEMENT_3D('',#5238,#5239,#5240);
#5242=CYLINDRICAL_SURFACE('',#5241,2.5E0);
#5243=ORIENTED_EDGE('',*,*,#4388,.T.);
#5244=ORIENTED_EDGE('',*,*,#5229,.F.);
#5245=ORIENTED_EDGE('',*,*,#5214,.T.);
#5246=ORIENTED_EDGE('',*,*,#5232,.T.);
#5247=EDGE_LOOP('',(#5243,#5244,#5245,#5246));
#5248=FACE_OUTER_BOUND('',#5247,.F.);
#5249=ADVANCED_FACE('',(#5248),#5242,.F.);
#5250=CARTESIAN_POINT('',(-1.869999992761E1,-1.65E1,1.935000000252E1));
#5251=DIRECTION('',(-1.E0,0.E0,0.E0));
#5252=DIRECTION('',(0.E0,0.E0,-1.E0));
#5253=AXIS2_PLACEMENT_3D('',#5250,#5251,#5252);
#5254=CONICAL_SURFACE('',#5253,1.749999999830E0,4.5E1);
#5255=ORIENTED_EDGE('',*,*,#5218,.T.);
#5256=ORIENTED_EDGE('',*,*,#5202,.T.);
#5258=ORIENTED_EDGE('',*,*,#5257,.F.);
#5259=ORIENTED_EDGE('',*,*,#5199,.F.);
#5260=EDGE_LOOP('',(#5255,#5256,#5258,#5259));
#5261=FACE_OUTER_BOUND('',#5260,.F.);
#5262=ADVANCED_FACE('',(#5261),#5254,.F.);
#5263=CARTESIAN_POINT('',(-1.794999992778E1,-1.65E1,1.935000000252E1));
#5264=DIRECTION('',(1.E0,0.E0,0.E0));
#5265=DIRECTION('',(0.E0,1.E0,0.E0));
#5266=AXIS2_PLACEMENT_3D('',#5263,#5264,#5265);
#5267=CYLINDRICAL_SURFACE('',#5266,1.25E0);
#5268=ORIENTED_EDGE('',*,*,#5257,.T.);
#5269=ORIENTED_EDGE('',*,*,#5187,.F.);
#5270=ORIENTED_EDGE('',*,*,#4673,.T.);
#5271=ORIENTED_EDGE('',*,*,#5184,.T.);
#5272=EDGE_LOOP('',(#5268,#5269,#5270,#5271));
#5273=FACE_OUTER_BOUND('',#5272,.F.);
#5274=ADVANCED_FACE('',(#5273),#5267,.F.);
#5275=CARTESIAN_POINT('',(-1.794999992778E1,3.5E0,1.935000000252E1));
#5276=DIRECTION('',(1.E0,0.E0,0.E0));
#5277=DIRECTION('',(0.E0,1.E0,0.E0));
#5278=AXIS2_PLACEMENT_3D('',#5275,#5276,#5277);
#5279=CYLINDRICAL_SURFACE('',#5278,1.25E0);
#5281=ORIENTED_EDGE('',*,*,#5280,.T.);
#5283=ORIENTED_EDGE('',*,*,#5282,.F.);
#5284=ORIENTED_EDGE('',*,*,#4677,.T.);
#5286=ORIENTED_EDGE('',*,*,#5285,.T.);
#5287=EDGE_LOOP('',(#5281,#5283,#5284,#5286));
#5288=FACE_OUTER_BOUND('',#5287,.F.);
#5289=ADVANCED_FACE('',(#5288),#5279,.F.);
#5290=CARTESIAN_POINT('',(-1.869999992761E1,3.5E0,1.935000000252E1));
#5291=DIRECTION('',(-1.E0,0.E0,0.E0));
#5292=DIRECTION('',(0.E0,0.E0,-1.E0));
#5293=AXIS2_PLACEMENT_3D('',#5290,#5291,#5292);
#5294=CONICAL_SURFACE('',#5293,1.749999999830E0,4.5E1);
#5295=ORIENTED_EDGE('',*,*,#4316,.T.);
#5297=ORIENTED_EDGE('',*,*,#5296,.T.);
#5298=ORIENTED_EDGE('',*,*,#5280,.F.);
#5300=ORIENTED_EDGE('',*,*,#5299,.F.);
#5301=EDGE_LOOP('',(#5295,#5297,#5298,#5300));
#5302=FACE_OUTER_BOUND('',#5301,.F.);
#5303=ADVANCED_FACE('',(#5302),#5294,.F.);
#5304=CARTESIAN_POINT('',(-1.869999992761E1,3.5E0,1.935000000252E1));
#5305=DIRECTION('',(-1.E0,0.E0,0.E0));
#5306=DIRECTION('',(0.E0,0.E0,-1.E0));
#5307=AXIS2_PLACEMENT_3D('',#5304,#5305,#5306);
#5308=CONICAL_SURFACE('',#5307,1.749999999830E0,4.5E1);
#5309=ORIENTED_EDGE('',*,*,#4314,.T.);
#5310=ORIENTED_EDGE('',*,*,#5299,.T.);
#5312=ORIENTED_EDGE('',*,*,#5311,.F.);
#5313=ORIENTED_EDGE('',*,*,#5296,.F.);
#5314=EDGE_LOOP('',(#5309,#5310,#5312,#5313));
#5315=FACE_OUTER_BOUND('',#5314,.F.);
#5316=ADVANCED_FACE('',(#5315),#5308,.F.);
#5317=CARTESIAN_POINT('',(-1.794999992778E1,3.5E0,1.935000000252E1));
#5318=DIRECTION('',(1.E0,0.E0,0.E0));
#5319=DIRECTION('',(0.E0,1.E0,0.E0));
#5320=AXIS2_PLACEMENT_3D('',#5317,#5318,#5319);
#5321=CYLINDRICAL_SURFACE('',#5320,1.25E0);
#5322=ORIENTED_EDGE('',*,*,#5311,.T.);
#5323=ORIENTED_EDGE('',*,*,#5285,.F.);
#5324=ORIENTED_EDGE('',*,*,#4679,.T.);
#5325=ORIENTED_EDGE('',*,*,#5282,.T.);
#5326=EDGE_LOOP('',(#5322,#5323,#5324,#5325));
#5327=FACE_OUTER_BOUND('',#5326,.F.);
#5328=ADVANCED_FACE('',(#5327),#5321,.F.);
#5329=CARTESIAN_POINT('',(-1.544999992778E1,-6.5E0,-6.999999997478E0));
#5330=DIRECTION('',(1.E0,0.E0,0.E0));
#5331=DIRECTION('',(0.E0,1.E0,0.E0));
#5332=AXIS2_PLACEMENT_3D('',#5329,#5330,#5331);
#5333=CYLINDRICAL_SURFACE('',#5332,1.9E0);
#5335=ORIENTED_EDGE('',*,*,#5334,.T.);
#5337=ORIENTED_EDGE('',*,*,#5336,.T.);
#5338=ORIENTED_EDGE('',*,*,#4683,.T.);
#5340=ORIENTED_EDGE('',*,*,#5339,.T.);
#5342=ORIENTED_EDGE('',*,*,#5341,.T.);
#5343=EDGE_LOOP('',(#5335,#5337,#5338,#5340,#5342));
#5344=FACE_OUTER_BOUND('',#5343,.F.);
#5345=ADVANCED_FACE('',(#5344),#5333,.T.);
#5346=CARTESIAN_POINT('',(-1.394999992778E1,-6.5E0,-6.999999997478E0));
#5347=DIRECTION('',(-1.E0,0.E0,0.E0));
#5348=DIRECTION('',(0.E0,0.E0,-1.E0));
#5349=AXIS2_PLACEMENT_3D('',#5346,#5347,#5348);
#5350=CONICAL_SURFACE('',#5349,1.649999999999E0,4.5E1);
#5352=ORIENTED_EDGE('',*,*,#5351,.T.);
#5354=ORIENTED_EDGE('',*,*,#5353,.T.);
#5355=ORIENTED_EDGE('',*,*,#5334,.F.);
#5356=ORIENTED_EDGE('',*,*,#5341,.F.);
#5358=ORIENTED_EDGE('',*,*,#5357,.T.);
#5360=ORIENTED_EDGE('',*,*,#5359,.T.);
#5361=EDGE_LOOP('',(#5352,#5354,#5355,#5356,#5358,#5360));
#5362=FACE_OUTER_BOUND('',#5361,.F.);
#5363=ADVANCED_FACE('',(#5362),#5350,.T.);
#5364=CARTESIAN_POINT('',(-1.369999992778E1,-8.24E0,-8.739999997478E0));
#5365=DIRECTION('',(1.E0,0.E0,0.E0));
#5366=DIRECTION('',(0.E0,1.E0,0.E0));
#5367=AXIS2_PLACEMENT_3D('',#5364,#5365,#5366);
#5368=PLANE('',#5367);
#5370=ORIENTED_EDGE('',*,*,#5369,.F.);
#5371=ORIENTED_EDGE('',*,*,#5351,.F.);
#5372=ORIENTED_EDGE('',*,*,#5359,.F.);
#5374=ORIENTED_EDGE('',*,*,#5373,.F.);
#5375=EDGE_LOOP('',(#5370,#5371,#5372,#5374));
#5376=FACE_OUTER_BOUND('',#5375,.F.);
#5377=ADVANCED_FACE('',(#5376),#5368,.T.);
#5378=CARTESIAN_POINT('',(-1.394999992778E1,-6.5E0,-6.999999997478E0));
#5379=DIRECTION('',(-1.E0,0.E0,0.E0));
#5380=DIRECTION('',(0.E0,0.E0,1.E0));
#5381=AXIS2_PLACEMENT_3D('',#5378,#5379,#5380);
#5382=CONICAL_SURFACE('',#5381,1.649999999999E0,4.5E1);
#5383=ORIENTED_EDGE('',*,*,#5373,.T.);
#5384=ORIENTED_EDGE('',*,*,#5357,.F.);
#5386=ORIENTED_EDGE('',*,*,#5385,.F.);
#5388=ORIENTED_EDGE('',*,*,#5387,.F.);
#5389=ORIENTED_EDGE('',*,*,#5353,.F.);
#5390=ORIENTED_EDGE('',*,*,#5369,.T.);
#5391=EDGE_LOOP('',(#5383,#5384,#5386,#5388,#5389,#5390));
#5392=FACE_OUTER_BOUND('',#5391,.F.);
#5393=ADVANCED_FACE('',(#5392),#5382,.T.);
#5394=CARTESIAN_POINT('',(-1.544999992778E1,-6.5E0,-6.999999997478E0));
#5395=DIRECTION('',(1.E0,0.E0,0.E0));
#5396=DIRECTION('',(0.E0,1.E0,0.E0));
#5397=AXIS2_PLACEMENT_3D('',#5394,#5395,#5396);
#5398=CYLINDRICAL_SURFACE('',#5397,1.9E0);
#5399=ORIENTED_EDGE('',*,*,#5385,.T.);
#5400=ORIENTED_EDGE('',*,*,#5339,.F.);
#5401=ORIENTED_EDGE('',*,*,#4685,.T.);
#5402=ORIENTED_EDGE('',*,*,#5336,.F.);
#5403=ORIENTED_EDGE('',*,*,#5387,.T.);
#5404=EDGE_LOOP('',(#5399,#5400,#5401,#5402,#5403));
#5405=FACE_OUTER_BOUND('',#5404,.F.);
#5406=ADVANCED_FACE('',(#5405),#5398,.T.);
#5407=CARTESIAN_POINT('',(-1.544999992778E1,-6.5E0,1.935000000252E1));
#5408=DIRECTION('',(1.E0,0.E0,0.E0));
#5409=DIRECTION('',(0.E0,1.E0,0.E0));
#5410=AXIS2_PLACEMENT_3D('',#5407,#5408,#5409);
#5411=CYLINDRICAL_SURFACE('',#5410,1.9E0);
#5413=ORIENTED_EDGE('',*,*,#5412,.T.);
#5415=ORIENTED_EDGE('',*,*,#5414,.T.);
#5416=ORIENTED_EDGE('',*,*,#4689,.T.);
#5418=ORIENTED_EDGE('',*,*,#5417,.T.);
#5420=ORIENTED_EDGE('',*,*,#5419,.T.);
#5421=EDGE_LOOP('',(#5413,#5415,#5416,#5418,#5420));
#5422=FACE_OUTER_BOUND('',#5421,.F.);
#5423=ADVANCED_FACE('',(#5422),#5411,.T.);
#5424=CARTESIAN_POINT('',(-1.394999992778E1,-6.5E0,1.935000000252E1));
#5425=DIRECTION('',(-1.E0,0.E0,0.E0));
#5426=DIRECTION('',(0.E0,0.E0,1.E0));
#5427=AXIS2_PLACEMENT_3D('',#5424,#5425,#5426);
#5428=CONICAL_SURFACE('',#5427,1.649999999999E0,4.5E1);
#5430=ORIENTED_EDGE('',*,*,#5429,.T.);
#5432=ORIENTED_EDGE('',*,*,#5431,.F.);
#5433=ORIENTED_EDGE('',*,*,#5412,.F.);
#5434=ORIENTED_EDGE('',*,*,#5419,.F.);
#5436=ORIENTED_EDGE('',*,*,#5435,.F.);
#5438=ORIENTED_EDGE('',*,*,#5437,.T.);
#5439=EDGE_LOOP('',(#5430,#5432,#5433,#5434,#5436,#5438));
#5440=FACE_OUTER_BOUND('',#5439,.F.);
#5441=ADVANCED_FACE('',(#5440),#5428,.T.);
#5442=CARTESIAN_POINT('',(-1.369999992778E1,-8.24E0,1.761000000252E1));
#5443=DIRECTION('',(1.E0,0.E0,0.E0));
#5444=DIRECTION('',(0.E0,1.E0,0.E0));
#5445=AXIS2_PLACEMENT_3D('',#5442,#5443,#5444);
#5446=PLANE('',#5445);
#5448=ORIENTED_EDGE('',*,*,#5447,.F.);
#5449=ORIENTED_EDGE('',*,*,#5429,.F.);
#5450=ORIENTED_EDGE('',*,*,#5437,.F.);
#5452=ORIENTED_EDGE('',*,*,#5451,.F.);
#5453=EDGE_LOOP('',(#5448,#5449,#5450,#5452));
#5454=FACE_OUTER_BOUND('',#5453,.F.);
#5455=ADVANCED_FACE('',(#5454),#5446,.T.);
#5456=CARTESIAN_POINT('',(-1.394999992778E1,-6.5E0,1.935000000252E1));
#5457=DIRECTION('',(-1.E0,0.E0,0.E0));
#5458=DIRECTION('',(0.E0,0.E0,-1.E0));
#5459=AXIS2_PLACEMENT_3D('',#5456,#5457,#5458);
#5460=CONICAL_SURFACE('',#5459,1.649999999999E0,4.5E1);
#5461=ORIENTED_EDGE('',*,*,#5451,.T.);
#5462=ORIENTED_EDGE('',*,*,#5435,.T.);
#5464=ORIENTED_EDGE('',*,*,#5463,.F.);
#5466=ORIENTED_EDGE('',*,*,#5465,.F.);
#5467=ORIENTED_EDGE('',*,*,#5431,.T.);
#5468=ORIENTED_EDGE('',*,*,#5447,.T.);
#5469=EDGE_LOOP('',(#5461,#5462,#5464,#5466,#5467,#5468));
#5470=FACE_OUTER_BOUND('',#5469,.F.);
#5471=ADVANCED_FACE('',(#5470),#5460,.T.);
#5472=CARTESIAN_POINT('',(-1.544999992778E1,-6.5E0,1.935000000252E1));
#5473=DIRECTION('',(1.E0,0.E0,0.E0));
#5474=DIRECTION('',(0.E0,1.E0,0.E0));
#5475=AXIS2_PLACEMENT_3D('',#5472,#5473,#5474);
#5476=CYLINDRICAL_SURFACE('',#5475,1.9E0);
#5477=ORIENTED_EDGE('',*,*,#5463,.T.);
#5478=ORIENTED_EDGE('',*,*,#5417,.F.);
#5479=ORIENTED_EDGE('',*,*,#4691,.T.);
#5480=ORIENTED_EDGE('',*,*,#5414,.F.);
#5481=ORIENTED_EDGE('',*,*,#5465,.T.);
#5482=EDGE_LOOP('',(#5477,#5478,#5479,#5480,#5481));
#5483=FACE_OUTER_BOUND('',#5482,.F.);
#5484=ADVANCED_FACE('',(#5483),#5476,.T.);
#5485=CARTESIAN_POINT('',(-1.769999992778E1,-4.921752967083E1,
1.198875930038E1));
#5486=DIRECTION('',(7.071067811866E-1,5.359908413354E-1,4.612090827429E-1));
#5487=DIRECTION('',(7.071067811865E-1,-5.359908413354E-1,-4.612090827429E-1));
#5488=AXIS2_PLACEMENT_3D('',#5485,#5486,#5487);
#5489=PLANE('',#5488);
#5491=ORIENTED_EDGE('',*,*,#5490,.T.);
#5493=ORIENTED_EDGE('',*,*,#5492,.F.);
#5495=ORIENTED_EDGE('',*,*,#5494,.T.);
#5496=ORIENTED_EDGE('',*,*,#4695,.T.);
#5497=EDGE_LOOP('',(#5491,#5493,#5495,#5496));
#5498=FACE_OUTER_BOUND('',#5497,.F.);
#5499=ADVANCED_FACE('',(#5498),#5489,.T.);
#5500=CARTESIAN_POINT('',(-1.719999992778E1,-4.542750208520E1,
1.524999999990E1));
#5501=DIRECTION('',(1.E0,-1.136868377216E-13,-1.101341240428E-13));
#5502=DIRECTION('',(-1.434047267044E-14,-7.580055171243E-1,6.522481399047E-1));
#5503=AXIS2_PLACEMENT_3D('',#5500,#5501,#5502);
#5504=CONICAL_SURFACE('',#5503,5.499999999999E0,4.499999999999E1);
#5506=ORIENTED_EDGE('',*,*,#5505,.F.);
#5508=ORIENTED_EDGE('',*,*,#5507,.F.);
#5510=ORIENTED_EDGE('',*,*,#5509,.F.);
#5511=ORIENTED_EDGE('',*,*,#5490,.F.);
#5512=ORIENTED_EDGE('',*,*,#4705,.T.);
#5513=EDGE_LOOP('',(#5506,#5508,#5510,#5511,#5512));
#5514=FACE_OUTER_BOUND('',#5513,.F.);
#5515=ADVANCED_FACE('',(#5514),#5504,.F.);
#5516=CARTESIAN_POINT('',(-1.769999992778E1,-3.781589894138E1,
3.176156441579E1));
#5517=DIRECTION('',(7.071067811865E-1,5.359908413354E-1,-4.612090827429E-1));
#5518=DIRECTION('',(7.071067811866E-1,-5.359908413354E-1,4.612090827429E-1));
#5519=AXIS2_PLACEMENT_3D('',#5516,#5517,#5518);
#5520=PLANE('',#5519);
#5522=ORIENTED_EDGE('',*,*,#5521,.T.);
#5524=ORIENTED_EDGE('',*,*,#5523,.F.);
#5525=ORIENTED_EDGE('',*,*,#5505,.T.);
#5526=ORIENTED_EDGE('',*,*,#4703,.T.);
#5527=EDGE_LOOP('',(#5522,#5524,#5525,#5526));
#5528=FACE_OUTER_BOUND('',#5527,.F.);
#5529=ADVANCED_FACE('',(#5528),#5520,.T.);
#5530=CARTESIAN_POINT('',(-1.720009873860E1,-3.402587135576E1,
2.850032371627E1));
#5531=DIRECTION('',(1.E0,2.131628207280E-14,2.131628207280E-14));
#5532=DIRECTION('',(-2.131628207281E-14,1.E0,1.744059441744E-13));
#5533=AXIS2_PLACEMENT_3D('',#5530,#5531,#5532);
#5534=CONICAL_SURFACE('',#5533,5.499901190995E0,4.500000010407E1);
#5536=ORIENTED_EDGE('',*,*,#5535,.F.);
#5538=ORIENTED_EDGE('',*,*,#5537,.F.);
#5539=ORIENTED_EDGE('',*,*,#5521,.F.);
#5540=ORIENTED_EDGE('',*,*,#4701,.T.);
#5541=EDGE_LOOP('',(#5536,#5538,#5539,#5540));
#5542=FACE_OUTER_BOUND('',#5541,.F.);
#5543=ADVANCED_FACE('',(#5542),#5534,.F.);
#5544=CARTESIAN_POINT('',(-1.769999992778E1,-2.902587135576E1,
1.999676283540E0));
#5545=DIRECTION('',(7.071067811865E-1,-7.071067811865E-1,1.522989684923E-14));
#5546=DIRECTION('',(7.071067811865E-1,7.071067811865E-1,-1.522989684923E-14));
#5547=AXIS2_PLACEMENT_3D('',#5544,#5545,#5546);
#5548=PLANE('',#5547);
#5550=ORIENTED_EDGE('',*,*,#5549,.T.);
#5552=ORIENTED_EDGE('',*,*,#5551,.F.);
#5553=ORIENTED_EDGE('',*,*,#5535,.T.);
#5554=ORIENTED_EDGE('',*,*,#4699,.T.);
#5555=EDGE_LOOP('',(#5550,#5552,#5553,#5554));
#5556=FACE_OUTER_BOUND('',#5555,.F.);
#5557=ADVANCED_FACE('',(#5556),#5548,.T.);
#5558=CARTESIAN_POINT('',(-1.720009873860E1,-3.402587135576E1,
1.999676283540E0));
#5559=DIRECTION('',(1.E0,-2.842170943040E-14,2.975397705995E-14));
#5560=DIRECTION('',(0.E0,-7.580055171242E-1,-6.522481399048E-1));
#5561=AXIS2_PLACEMENT_3D('',#5558,#5559,#5560);
#5562=CONICAL_SURFACE('',#5561,5.499901190995E0,4.500000010407E1);
#5563=ORIENTED_EDGE('',*,*,#5494,.F.);
#5565=ORIENTED_EDGE('',*,*,#5564,.F.);
#5566=ORIENTED_EDGE('',*,*,#5549,.F.);
#5567=ORIENTED_EDGE('',*,*,#4697,.T.);
#5568=EDGE_LOOP('',(#5563,#5565,#5566,#5567));
#5569=FACE_OUTER_BOUND('',#5568,.F.);
#5570=ADVANCED_FACE('',(#5569),#5562,.F.);
#5571=CARTESIAN_POINT('',(-1.869999992778E1,-3.402587135576E1,
1.999676283540E0));
#5572=DIRECTION('',(1.E0,0.E0,0.E0));
#5573=DIRECTION('',(0.E0,1.E0,0.E0));
#5574=AXIS2_PLACEMENT_3D('',#5571,#5572,#5573);
#5575=CYLINDRICAL_SURFACE('',#5574,5.E0);
#5576=ORIENTED_EDGE('',*,*,#5564,.T.);
#5578=ORIENTED_EDGE('',*,*,#5577,.F.);
#5579=ORIENTED_EDGE('',*,*,#4538,.T.);
#5581=ORIENTED_EDGE('',*,*,#5580,.F.);
#5582=EDGE_LOOP('',(#5576,#5578,#5579,#5581));
#5583=FACE_OUTER_BOUND('',#5582,.F.);
#5584=ADVANCED_FACE('',(#5583),#5575,.F.);
#5585=CARTESIAN_POINT('',(-2.069999992778E1,-4.921752967083E1,
1.198875930038E1));
#5586=DIRECTION('',(0.E0,7.580055171243E-1,6.522481399046E-1));
#5587=DIRECTION('',(1.E0,0.E0,0.E0));
#5588=AXIS2_PLACEMENT_3D('',#5585,#5586,#5587);
#5589=PLANE('',#5588);
#5590=ORIENTED_EDGE('',*,*,#5492,.T.);
#5592=ORIENTED_EDGE('',*,*,#5591,.T.);
#5593=ORIENTED_EDGE('',*,*,#4540,.T.);
#5594=ORIENTED_EDGE('',*,*,#5577,.T.);
#5595=EDGE_LOOP('',(#5590,#5592,#5593,#5594));
#5596=FACE_OUTER_BOUND('',#5595,.F.);
#5597=ADVANCED_FACE('',(#5596),#5589,.T.);
#5598=CARTESIAN_POINT('',(-1.869999992778E1,-4.542750208520E1,
1.524999999990E1));
#5599=DIRECTION('',(1.E0,0.E0,0.E0));
#5600=DIRECTION('',(0.E0,1.E0,0.E0));
#5601=AXIS2_PLACEMENT_3D('',#5598,#5599,#5600);
#5602=CYLINDRICAL_SURFACE('',#5601,5.E0);
#5603=ORIENTED_EDGE('',*,*,#5507,.T.);
#5605=ORIENTED_EDGE('',*,*,#5604,.F.);
#5606=ORIENTED_EDGE('',*,*,#4544,.T.);
#5607=ORIENTED_EDGE('',*,*,#4542,.T.);
#5608=ORIENTED_EDGE('',*,*,#5591,.F.);
#5609=ORIENTED_EDGE('',*,*,#5509,.T.);
#5610=EDGE_LOOP('',(#5603,#5605,#5606,#5607,#5608,#5609));
#5611=FACE_OUTER_BOUND('',#5610,.F.);
#5612=ADVANCED_FACE('',(#5611),#5602,.F.);
#5613=CARTESIAN_POINT('',(-2.069999992778E1,-3.781589894138E1,
3.176156441579E1));
#5614=DIRECTION('',(0.E0,7.580055171243E-1,-6.522481399047E-1));
#5615=DIRECTION('',(1.E0,0.E0,0.E0));
#5616=AXIS2_PLACEMENT_3D('',#5613,#5614,#5615);
#5617=PLANE('',#5616);
#5618=ORIENTED_EDGE('',*,*,#5523,.T.);
#5620=ORIENTED_EDGE('',*,*,#5619,.T.);
#5621=ORIENTED_EDGE('',*,*,#4532,.T.);
#5622=ORIENTED_EDGE('',*,*,#5604,.T.);
#5623=EDGE_LOOP('',(#5618,#5620,#5621,#5622));
#5624=FACE_OUTER_BOUND('',#5623,.F.);
#5625=ADVANCED_FACE('',(#5624),#5617,.T.);
#5626=CARTESIAN_POINT('',(-1.869999992778E1,-3.402587135576E1,
2.850032371627E1));
#5627=DIRECTION('',(1.E0,0.E0,0.E0));
#5628=DIRECTION('',(0.E0,1.E0,0.E0));
#5629=AXIS2_PLACEMENT_3D('',#5626,#5627,#5628);
#5630=CYLINDRICAL_SURFACE('',#5629,5.E0);
#5631=ORIENTED_EDGE('',*,*,#5537,.T.);
#5633=ORIENTED_EDGE('',*,*,#5632,.F.);
#5634=ORIENTED_EDGE('',*,*,#4534,.T.);
#5635=ORIENTED_EDGE('',*,*,#5619,.F.);
#5636=EDGE_LOOP('',(#5631,#5633,#5634,#5635));
#5637=FACE_OUTER_BOUND('',#5636,.F.);
#5638=ADVANCED_FACE('',(#5637),#5630,.F.);
#5639=CARTESIAN_POINT('',(-2.069999992778E1,-2.902587135576E1,
1.999676283540E0));
#5640=DIRECTION('',(0.E0,-1.E0,0.E0));
#5641=DIRECTION('',(1.E0,0.E0,0.E0));
#5642=AXIS2_PLACEMENT_3D('',#5639,#5640,#5641);
#5643=PLANE('',#5642);
#5644=ORIENTED_EDGE('',*,*,#5551,.T.);
#5645=ORIENTED_EDGE('',*,*,#5580,.T.);
#5646=ORIENTED_EDGE('',*,*,#4536,.F.);
#5647=ORIENTED_EDGE('',*,*,#5632,.T.);
#5648=EDGE_LOOP('',(#5644,#5645,#5646,#5647));
#5649=FACE_OUTER_BOUND('',#5648,.F.);
#5650=ADVANCED_FACE('',(#5649),#5643,.T.);
#5651=CARTESIAN_POINT('',(-1.769999992778E1,-6.186443439040E1,
1.711069532465E0));
#5652=DIRECTION('',(7.071067811865E-1,7.071067811865E-1,0.E0));
#5653=DIRECTION('',(7.071067811865E-1,-7.071067811865E-1,0.E0));
#5654=AXIS2_PLACEMENT_3D('',#5651,#5652,#5653);
#5655=PLANE('',#5654);
#5657=ORIENTED_EDGE('',*,*,#5656,.T.);
#5659=ORIENTED_EDGE('',*,*,#5658,.F.);
#5661=ORIENTED_EDGE('',*,*,#5660,.T.);
#5662=ORIENTED_EDGE('',*,*,#4709,.T.);
#5663=EDGE_LOOP('',(#5657,#5659,#5661,#5662));
#5664=FACE_OUTER_BOUND('',#5663,.F.);
#5665=ADVANCED_FACE('',(#5664),#5655,.T.);
#5666=CARTESIAN_POINT('',(-1.720009873860E1,-5.686443439040E1,
1.711069532465E0));
#5667=DIRECTION('',(1.E0,0.E0,-5.417888360171E-14));
#5668=DIRECTION('',(3.533807605133E-14,7.580055171242E-1,6.522481399048E-1));
#5669=AXIS2_PLACEMENT_3D('',#5666,#5667,#5668);
#5670=CONICAL_SURFACE('',#5669,5.499901190995E0,4.500000010407E1);
#5672=ORIENTED_EDGE('',*,*,#5671,.F.);
#5674=ORIENTED_EDGE('',*,*,#5673,.F.);
#5675=ORIENTED_EDGE('',*,*,#5656,.F.);
#5676=ORIENTED_EDGE('',*,*,#4719,.T.);
#5677=EDGE_LOOP('',(#5672,#5674,#5675,#5676));
#5678=FACE_OUTER_BOUND('',#5677,.F.);
#5679=ADVANCED_FACE('',(#5678),#5670,.F.);
#5680=CARTESIAN_POINT('',(-1.769999992778E1,-3.133738247346E1,
-2.028921733850E1));
#5681=DIRECTION('',(7.071067811865E-1,-5.359908413354E-1,-4.612090827429E-1));
#5682=DIRECTION('',(7.071067811865E-1,5.359908413354E-1,4.612090827429E-1));
#5683=AXIS2_PLACEMENT_3D('',#5680,#5681,#5682);
#5684=PLANE('',#5683);
#5686=ORIENTED_EDGE('',*,*,#5685,.T.);
#5688=ORIENTED_EDGE('',*,*,#5687,.F.);
#5689=ORIENTED_EDGE('',*,*,#5671,.T.);
#5690=ORIENTED_EDGE('',*,*,#4717,.T.);
#5691=EDGE_LOOP('',(#5686,#5688,#5689,#5690));
#5692=FACE_OUTER_BOUND('',#5691,.F.);
#5693=ADVANCED_FACE('',(#5692),#5684,.T.);
#5694=CARTESIAN_POINT('',(-1.719999992778E1,-3.512741005908E1,
-2.355045803803E1));
#5695=DIRECTION('',(1.E0,-2.415845301584E-13,4.618527782441E-14));
#5696=DIRECTION('',(2.132466682639E-13,7.580055171243E-1,-6.522481399047E-1));
#5697=AXIS2_PLACEMENT_3D('',#5694,#5695,#5696);
#5698=CONICAL_SURFACE('',#5697,5.499999999998E0,4.500000000001E1);
#5700=ORIENTED_EDGE('',*,*,#5699,.F.);
#5702=ORIENTED_EDGE('',*,*,#5701,.F.);
#5704=ORIENTED_EDGE('',*,*,#5703,.F.);
#5705=ORIENTED_EDGE('',*,*,#5685,.F.);
#5706=ORIENTED_EDGE('',*,*,#4715,.T.);
#5707=EDGE_LOOP('',(#5700,#5702,#5704,#5705,#5706));
#5708=FACE_OUTER_BOUND('',#5707,.F.);
#5709=ADVANCED_FACE('',(#5708),#5698,.F.);
#5710=CARTESIAN_POINT('',(-1.769999992778E1,-5.307440680478E1,
-5.207322630804E1));
#5711=DIRECTION('',(7.071067811865E-1,-5.359908413355E-1,4.612090827429E-1));
#5712=DIRECTION('',(7.071067811866E-1,5.359908413354E-1,-4.612090827429E-1));
#5713=AXIS2_PLACEMENT_3D('',#5710,#5711,#5712);
#5714=PLANE('',#5713);
#5716=ORIENTED_EDGE('',*,*,#5715,.T.);
#5718=ORIENTED_EDGE('',*,*,#5717,.F.);
#5719=ORIENTED_EDGE('',*,*,#5699,.T.);
#5720=ORIENTED_EDGE('',*,*,#4713,.T.);
#5721=EDGE_LOOP('',(#5716,#5718,#5719,#5720));
#5722=FACE_OUTER_BOUND('',#5721,.F.);
#5723=ADVANCED_FACE('',(#5722),#5714,.T.);
#5724=CARTESIAN_POINT('',(-1.720009873860E1,-5.686443439040E1,
-4.881198560852E1));
#5725=DIRECTION('',(1.E0,-2.842170943040E-14,-2.842170943040E-14));
#5726=DIRECTION('',(-2.842170943041E-14,-1.E0,-2.054114453610E-13));
#5727=AXIS2_PLACEMENT_3D('',#5724,#5725,#5726);
#5728=CONICAL_SURFACE('',#5727,5.499901190995E0,4.500000010407E1);
#5729=ORIENTED_EDGE('',*,*,#5660,.F.);
#5731=ORIENTED_EDGE('',*,*,#5730,.F.);
#5732=ORIENTED_EDGE('',*,*,#5715,.F.);
#5733=ORIENTED_EDGE('',*,*,#4711,.T.);
#5734=EDGE_LOOP('',(#5729,#5731,#5732,#5733));
#5735=FACE_OUTER_BOUND('',#5734,.F.);
#5736=ADVANCED_FACE('',(#5735),#5728,.F.);
#5737=CARTESIAN_POINT('',(-1.869999992778E1,-5.686443439040E1,
-4.881198560852E1));
#5738=DIRECTION('',(1.E0,0.E0,0.E0));
#5739=DIRECTION('',(0.E0,1.E0,0.E0));
#5740=AXIS2_PLACEMENT_3D('',#5737,#5738,#5739);
#5741=CYLINDRICAL_SURFACE('',#5740,5.E0);
#5742=ORIENTED_EDGE('',*,*,#5730,.T.);
#5744=ORIENTED_EDGE('',*,*,#5743,.F.);
#5745=ORIENTED_EDGE('',*,*,#4438,.T.);
#5747=ORIENTED_EDGE('',*,*,#5746,.F.);
#5748=EDGE_LOOP('',(#5742,#5744,#5745,#5747));
#5749=FACE_OUTER_BOUND('',#5748,.F.);
#5750=ADVANCED_FACE('',(#5749),#5741,.F.);
#5751=CARTESIAN_POINT('',(-2.069999992778E1,-6.186443439040E1,
1.711069532465E0));
#5752=DIRECTION('',(0.E0,1.E0,0.E0));
#5753=DIRECTION('',(1.E0,0.E0,0.E0));
#5754=AXIS2_PLACEMENT_3D('',#5751,#5752,#5753);
#5755=PLANE('',#5754);
#5756=ORIENTED_EDGE('',*,*,#5658,.T.);
#5758=ORIENTED_EDGE('',*,*,#5757,.T.);
#5759=ORIENTED_EDGE('',*,*,#4440,.T.);
#5760=ORIENTED_EDGE('',*,*,#5743,.T.);
#5761=EDGE_LOOP('',(#5756,#5758,#5759,#5760));
#5762=FACE_OUTER_BOUND('',#5761,.F.);
#5763=ADVANCED_FACE('',(#5762),#5755,.T.);
#5764=CARTESIAN_POINT('',(-1.869999992778E1,-5.686443439040E1,
1.711069532465E0));
#5765=DIRECTION('',(1.E0,0.E0,0.E0));
#5766=DIRECTION('',(0.E0,1.E0,0.E0));
#5767=AXIS2_PLACEMENT_3D('',#5764,#5765,#5766);
#5768=CYLINDRICAL_SURFACE('',#5767,5.E0);
#5769=ORIENTED_EDGE('',*,*,#5673,.T.);
#5771=ORIENTED_EDGE('',*,*,#5770,.F.);
#5772=ORIENTED_EDGE('',*,*,#4442,.T.);
#5773=ORIENTED_EDGE('',*,*,#5757,.F.);
#5774=EDGE_LOOP('',(#5769,#5771,#5772,#5773));
#5775=FACE_OUTER_BOUND('',#5774,.F.);
#5776=ADVANCED_FACE('',(#5775),#5768,.F.);
#5777=CARTESIAN_POINT('',(-2.069999992778E1,-3.133738247346E1,
-2.028921733850E1));
#5778=DIRECTION('',(0.E0,-7.580055171243E-1,-6.522481399046E-1));
#5779=DIRECTION('',(1.E0,0.E0,0.E0));
#5780=AXIS2_PLACEMENT_3D('',#5777,#5778,#5779);
#5781=PLANE('',#5780);
#5782=ORIENTED_EDGE('',*,*,#5687,.T.);
#5784=ORIENTED_EDGE('',*,*,#5783,.T.);
#5785=ORIENTED_EDGE('',*,*,#4444,.T.);
#5786=ORIENTED_EDGE('',*,*,#5770,.T.);
#5787=EDGE_LOOP('',(#5782,#5784,#5785,#5786));
#5788=FACE_OUTER_BOUND('',#5787,.F.);
#5789=ADVANCED_FACE('',(#5788),#5781,.T.);
#5790=CARTESIAN_POINT('',(-1.869999992778E1,-3.512741005908E1,
-2.355045803803E1));
#5791=DIRECTION('',(1.E0,0.E0,0.E0));
#5792=DIRECTION('',(0.E0,1.E0,0.E0));
#5793=AXIS2_PLACEMENT_3D('',#5790,#5791,#5792);
#5794=CYLINDRICAL_SURFACE('',#5793,5.E0);
#5795=ORIENTED_EDGE('',*,*,#5701,.T.);
#5797=ORIENTED_EDGE('',*,*,#5796,.F.);
#5798=ORIENTED_EDGE('',*,*,#4434,.T.);
#5799=ORIENTED_EDGE('',*,*,#4446,.T.);
#5800=ORIENTED_EDGE('',*,*,#5783,.F.);
#5801=ORIENTED_EDGE('',*,*,#5703,.T.);
#5802=EDGE_LOOP('',(#5795,#5797,#5798,#5799,#5800,#5801));
#5803=FACE_OUTER_BOUND('',#5802,.F.);
#5804=ADVANCED_FACE('',(#5803),#5794,.F.);
#5805=CARTESIAN_POINT('',(-2.069999992778E1,-5.307440680478E1,
-5.207322630804E1));
#5806=DIRECTION('',(0.E0,-7.580055171244E-1,6.522481399046E-1));
#5807=DIRECTION('',(1.E0,0.E0,0.E0));
#5808=AXIS2_PLACEMENT_3D('',#5805,#5806,#5807);
#5809=PLANE('',#5808);
#5810=ORIENTED_EDGE('',*,*,#5717,.T.);
#5811=ORIENTED_EDGE('',*,*,#5746,.T.);
#5812=ORIENTED_EDGE('',*,*,#4436,.T.);
#5813=ORIENTED_EDGE('',*,*,#5796,.T.);
#5814=EDGE_LOOP('',(#5810,#5811,#5812,#5813));
#5815=FACE_OUTER_BOUND('',#5814,.F.);
#5816=ADVANCED_FACE('',(#5815),#5809,.T.);
#5817=CARTESIAN_POINT('',(-1.720009873860E1,-5.686443439040E1,
7.931198560853E1));
#5818=DIRECTION('',(1.E0,4.973799150321E-14,-7.105427357601E-14));
#5819=DIRECTION('',(0.E0,7.580055171242E-1,6.522481399048E-1));
#5820=AXIS2_PLACEMENT_3D('',#5817,#5818,#5819);
#5821=CONICAL_SURFACE('',#5820,5.499901190995E0,4.500000010407E1);
#5823=ORIENTED_EDGE('',*,*,#5822,.F.);
#5825=ORIENTED_EDGE('',*,*,#5824,.F.);
#5827=ORIENTED_EDGE('',*,*,#5826,.F.);
#5828=ORIENTED_EDGE('',*,*,#4723,.T.);
#5829=EDGE_LOOP('',(#5823,#5825,#5827,#5828));
#5830=FACE_OUTER_BOUND('',#5829,.F.);
#5831=ADVANCED_FACE('',(#5830),#5821,.F.);
#5832=CARTESIAN_POINT('',(-1.769999992778E1,-3.133738247337E1,
5.731169873746E1));
#5833=DIRECTION('',(7.071067811866E-1,-5.359908413354E-1,-4.612090827429E-1));
#5834=DIRECTION('',(7.071067811865E-1,5.359908413354E-1,4.612090827429E-1));
#5835=AXIS2_PLACEMENT_3D('',#5832,#5833,#5834);
#5836=PLANE('',#5835);
#5838=ORIENTED_EDGE('',*,*,#5837,.T.);
#5840=ORIENTED_EDGE('',*,*,#5839,.F.);
#5841=ORIENTED_EDGE('',*,*,#5822,.T.);
#5842=ORIENTED_EDGE('',*,*,#4733,.T.);
#5843=EDGE_LOOP('',(#5838,#5840,#5841,#5842));
#5844=FACE_OUTER_BOUND('',#5843,.F.);
#5845=ADVANCED_FACE('',(#5844),#5836,.T.);
#5846=CARTESIAN_POINT('',(-1.719999992778E1,-3.512741005899E1,
5.405045803794E1));
#5847=DIRECTION('',(1.E0,1.065814103640E-13,0.E0));
#5848=DIRECTION('',(-8.078929707881E-14,7.580055171243E-1,-6.522481399047E-1));
#5849=AXIS2_PLACEMENT_3D('',#5846,#5847,#5848);
#5850=CONICAL_SURFACE('',#5849,5.499999999999E0,4.499999999999E1);
#5852=ORIENTED_EDGE('',*,*,#5851,.F.);
#5854=ORIENTED_EDGE('',*,*,#5853,.F.);
#5856=ORIENTED_EDGE('',*,*,#5855,.F.);
#5857=ORIENTED_EDGE('',*,*,#5837,.F.);
#5858=ORIENTED_EDGE('',*,*,#4731,.T.);
#5859=EDGE_LOOP('',(#5852,#5854,#5856,#5857,#5858));
#5860=FACE_OUTER_BOUND('',#5859,.F.);
#5861=ADVANCED_FACE('',(#5860),#5850,.F.);
#5862=CARTESIAN_POINT('',(-1.769999992778E1,-5.307440680478E1,
2.552768976782E1));
#5863=DIRECTION('',(7.071067811865E-1,-5.359908413354E-1,4.612090827429E-1));
#5864=DIRECTION('',(7.071067811865E-1,5.359908413354E-1,-4.612090827429E-1));
#5865=AXIS2_PLACEMENT_3D('',#5862,#5863,#5864);
#5866=PLANE('',#5865);
#5868=ORIENTED_EDGE('',*,*,#5867,.T.);
#5870=ORIENTED_EDGE('',*,*,#5869,.F.);
#5871=ORIENTED_EDGE('',*,*,#5851,.T.);
#5872=ORIENTED_EDGE('',*,*,#4729,.T.);
#5873=EDGE_LOOP('',(#5868,#5870,#5871,#5872));
#5874=FACE_OUTER_BOUND('',#5873,.F.);
#5875=ADVANCED_FACE('',(#5874),#5866,.T.);
#5876=CARTESIAN_POINT('',(-1.720009873860E1,-5.686443439040E1,
2.878893046734E1));
#5877=DIRECTION('',(1.E0,2.842170943040E-14,1.421085471520E-14));
#5878=DIRECTION('',(2.842170943041E-14,-1.E0,-2.312493630165E-13));
#5879=AXIS2_PLACEMENT_3D('',#5876,#5877,#5878);
#5880=CONICAL_SURFACE('',#5879,5.499901190995E0,4.500000010407E1);
#5882=ORIENTED_EDGE('',*,*,#5881,.F.);
#5884=ORIENTED_EDGE('',*,*,#5883,.F.);
#5885=ORIENTED_EDGE('',*,*,#5867,.F.);
#5886=ORIENTED_EDGE('',*,*,#4727,.T.);
#5887=EDGE_LOOP('',(#5882,#5884,#5885,#5886));
#5888=FACE_OUTER_BOUND('',#5887,.F.);
#5889=ADVANCED_FACE('',(#5888),#5880,.F.);
#5890=CARTESIAN_POINT('',(-1.769999992778E1,-6.186443439040E1,
7.931198560853E1));
#5891=DIRECTION('',(7.071067811865E-1,7.071067811865E-1,0.E0));
#5892=DIRECTION('',(7.071067811865E-1,-7.071067811865E-1,0.E0));
#5893=AXIS2_PLACEMENT_3D('',#5890,#5891,#5892);
#5894=PLANE('',#5893);
#5895=ORIENTED_EDGE('',*,*,#5826,.T.);
#5897=ORIENTED_EDGE('',*,*,#5896,.F.);
#5898=ORIENTED_EDGE('',*,*,#5881,.T.);
#5899=ORIENTED_EDGE('',*,*,#4725,.T.);
#5900=EDGE_LOOP('',(#5895,#5897,#5898,#5899));
#5901=FACE_OUTER_BOUND('',#5900,.F.);
#5902=ADVANCED_FACE('',(#5901),#5894,.T.);
#5903=CARTESIAN_POINT('',(-2.069999992778E1,-6.186443439040E1,
7.931198560853E1));
#5904=DIRECTION('',(0.E0,1.E0,0.E0));
#5905=DIRECTION('',(1.E0,0.E0,0.E0));
#5906=AXIS2_PLACEMENT_3D('',#5903,#5904,#5905);
#5907=PLANE('',#5906);
#5908=ORIENTED_EDGE('',*,*,#5896,.T.);
#5910=ORIENTED_EDGE('',*,*,#5909,.T.);
#5911=ORIENTED_EDGE('',*,*,#4420,.T.);
#5913=ORIENTED_EDGE('',*,*,#5912,.T.);
#5914=EDGE_LOOP('',(#5908,#5910,#5911,#5913));
#5915=FACE_OUTER_BOUND('',#5914,.F.);
#5916=ADVANCED_FACE('',(#5915),#5907,.T.);
#5917=CARTESIAN_POINT('',(-1.869999992778E1,-5.686443439040E1,
7.931198560853E1));
#5918=DIRECTION('',(1.E0,0.E0,0.E0));
#5919=DIRECTION('',(0.E0,1.E0,0.E0));
#5920=AXIS2_PLACEMENT_3D('',#5917,#5918,#5919);
#5921=CYLINDRICAL_SURFACE('',#5920,5.E0);
#5922=ORIENTED_EDGE('',*,*,#5824,.T.);
#5924=ORIENTED_EDGE('',*,*,#5923,.F.);
#5925=ORIENTED_EDGE('',*,*,#4422,.T.);
#5926=ORIENTED_EDGE('',*,*,#5909,.F.);
#5927=EDGE_LOOP('',(#5922,#5924,#5925,#5926));
#5928=FACE_OUTER_BOUND('',#5927,.F.);
#5929=ADVANCED_FACE('',(#5928),#5921,.F.);
#5930=CARTESIAN_POINT('',(-2.069999992778E1,-3.133738247337E1,
5.731169873746E1));
#5931=DIRECTION('',(0.E0,-7.580055171243E-1,-6.522481399046E-1));
#5932=DIRECTION('',(1.E0,0.E0,0.E0));
#5933=AXIS2_PLACEMENT_3D('',#5930,#5931,#5932);
#5934=PLANE('',#5933);
#5935=ORIENTED_EDGE('',*,*,#5839,.T.);
#5937=ORIENTED_EDGE('',*,*,#5936,.T.);
#5938=ORIENTED_EDGE('',*,*,#4424,.T.);
#5939=ORIENTED_EDGE('',*,*,#5923,.T.);
#5940=EDGE_LOOP('',(#5935,#5937,#5938,#5939));
#5941=FACE_OUTER_BOUND('',#5940,.F.);
#5942=ADVANCED_FACE('',(#5941),#5934,.T.);
#5943=CARTESIAN_POINT('',(-1.869999992778E1,-3.512741005899E1,
5.405045803794E1));
#5944=DIRECTION('',(1.E0,0.E0,0.E0));
#5945=DIRECTION('',(0.E0,1.E0,0.E0));
#5946=AXIS2_PLACEMENT_3D('',#5943,#5944,#5945);
#5947=CYLINDRICAL_SURFACE('',#5946,5.E0);
#5948=ORIENTED_EDGE('',*,*,#5853,.T.);
#5950=ORIENTED_EDGE('',*,*,#5949,.F.);
#5951=ORIENTED_EDGE('',*,*,#4428,.T.);
#5952=ORIENTED_EDGE('',*,*,#4426,.T.);
#5953=ORIENTED_EDGE('',*,*,#5936,.F.);
#5954=ORIENTED_EDGE('',*,*,#5855,.T.);
#5955=EDGE_LOOP('',(#5948,#5950,#5951,#5952,#5953,#5954));
#5956=FACE_OUTER_BOUND('',#5955,.F.);
#5957=ADVANCED_FACE('',(#5956),#5947,.F.);
#5958=CARTESIAN_POINT('',(-2.069999992778E1,-5.307440680478E1,
2.552768976782E1));
#5959=DIRECTION('',(0.E0,-7.580055171243E-1,6.522481399047E-1));
#5960=DIRECTION('',(1.E0,0.E0,0.E0));
#5961=AXIS2_PLACEMENT_3D('',#5958,#5959,#5960);
#5962=PLANE('',#5961);
#5963=ORIENTED_EDGE('',*,*,#5869,.T.);
#5965=ORIENTED_EDGE('',*,*,#5964,.T.);
#5966=ORIENTED_EDGE('',*,*,#4430,.T.);
#5967=ORIENTED_EDGE('',*,*,#5949,.T.);
#5968=EDGE_LOOP('',(#5963,#5965,#5966,#5967));
#5969=FACE_OUTER_BOUND('',#5968,.F.);
#5970=ADVANCED_FACE('',(#5969),#5962,.T.);
#5971=CARTESIAN_POINT('',(-1.869999992778E1,-5.686443439040E1,
2.878893046734E1));
#5972=DIRECTION('',(1.E0,0.E0,0.E0));
#5973=DIRECTION('',(0.E0,1.E0,0.E0));
#5974=AXIS2_PLACEMENT_3D('',#5971,#5972,#5973);
#5975=CYLINDRICAL_SURFACE('',#5974,5.E0);
#5976=ORIENTED_EDGE('',*,*,#5883,.T.);
#5977=ORIENTED_EDGE('',*,*,#5912,.F.);
#5978=ORIENTED_EDGE('',*,*,#4418,.T.);
#5979=ORIENTED_EDGE('',*,*,#5964,.F.);
#5980=EDGE_LOOP('',(#5976,#5977,#5978,#5979));
#5981=FACE_OUTER_BOUND('',#5980,.F.);
#5982=ADVANCED_FACE('',(#5981),#5975,.F.);
#5983=CARTESIAN_POINT('',(-1.719999992778E1,3.474128644240E0,
-1.507499998662E1));
#5984=DIRECTION('',(1.E0,-2.264854970235E-14,2.131628207280E-14));
#5985=DIRECTION('',(2.131628207280E-14,2.816794416763E-14,-1.E0));
#5986=AXIS2_PLACEMENT_3D('',#5983,#5984,#5985);
#5987=CONICAL_SURFACE('',#5986,3.5E0,4.5E1);
#5989=ORIENTED_EDGE('',*,*,#5988,.F.);
#5991=ORIENTED_EDGE('',*,*,#5990,.F.);
#5993=ORIENTED_EDGE('',*,*,#5992,.F.);
#5994=ORIENTED_EDGE('',*,*,#4737,.T.);
#5995=EDGE_LOOP('',(#5989,#5991,#5993,#5994));
#5996=FACE_OUTER_BOUND('',#5995,.F.);
#5997=ADVANCED_FACE('',(#5996),#5987,.F.);
#5998=CARTESIAN_POINT('',(-1.769999992778E1,-1.5E0,-1.807499998662E1));
#5999=DIRECTION('',(7.071067811866E-1,2.527848858481E-14,7.071067811865E-1));
#6000=DIRECTION('',(7.071067811865E-1,-2.527848858481E-14,-7.071067811866E-1));
#6001=AXIS2_PLACEMENT_3D('',#5998,#5999,#6000);
#6002=PLANE('',#6001);
#6004=ORIENTED_EDGE('',*,*,#6003,.T.);
#6006=ORIENTED_EDGE('',*,*,#6005,.F.);
#6007=ORIENTED_EDGE('',*,*,#5988,.T.);
#6008=ORIENTED_EDGE('',*,*,#4759,.T.);
#6009=EDGE_LOOP('',(#6004,#6006,#6007,#6008));
#6010=FACE_OUTER_BOUND('',#6009,.F.);
#6011=ADVANCED_FACE('',(#6010),#6002,.T.);
#6012=CARTESIAN_POINT('',(-1.719999992778E1,-1.5E0,-1.507499998662E1));
#6013=DIRECTION('',(1.E0,1.665334536938E-14,1.598721155460E-14));
#6014=DIRECTION('',(1.665334536938E-14,-1.E0,-3.451207573692E-14));
#6015=AXIS2_PLACEMENT_3D('',#6012,#6013,#6014);
#6016=CONICAL_SURFACE('',#6015,3.5E0,4.5E1);
#6018=ORIENTED_EDGE('',*,*,#6017,.F.);
#6020=ORIENTED_EDGE('',*,*,#6019,.F.);
#6021=ORIENTED_EDGE('',*,*,#6003,.F.);
#6022=ORIENTED_EDGE('',*,*,#4757,.T.);
#6023=EDGE_LOOP('',(#6018,#6020,#6021,#6022));
#6024=FACE_OUTER_BOUND('',#6023,.F.);
#6025=ADVANCED_FACE('',(#6024),#6016,.F.);
#6026=CARTESIAN_POINT('',(-1.769999992778E1,-4.5E0,-1.031662478783E1));
#6027=DIRECTION('',(7.071067811865E-1,7.071067811865E-1,0.E0));
#6028=DIRECTION('',(7.071067811865E-1,-7.071067811865E-1,0.E0));
#6029=AXIS2_PLACEMENT_3D('',#6026,#6027,#6028);
#6030=PLANE('',#6029);
#6032=ORIENTED_EDGE('',*,*,#6031,.T.);
#6034=ORIENTED_EDGE('',*,*,#6033,.F.);
#6035=ORIENTED_EDGE('',*,*,#6017,.T.);
#6036=ORIENTED_EDGE('',*,*,#4755,.T.);
#6037=EDGE_LOOP('',(#6032,#6034,#6035,#6036));
#6038=FACE_OUTER_BOUND('',#6037,.F.);
#6039=ADVANCED_FACE('',(#6038),#6030,.T.);
#6040=CARTESIAN_POINT('',(-1.719999992778E1,-1.5E0,-1.031662478783E1));
#6041=DIRECTION('',(1.E0,3.552713678800E-14,0.E0));
#6042=DIRECTION('',(3.058786551168E-14,-8.333333333333E-1,5.527707983926E-1));
#6043=AXIS2_PLACEMENT_3D('',#6040,#6041,#6042);
#6044=CONICAL_SURFACE('',#6043,3.5E0,4.5E1);
#6046=ORIENTED_EDGE('',*,*,#6045,.T.);
#6048=ORIENTED_EDGE('',*,*,#6047,.F.);
#6049=ORIENTED_EDGE('',*,*,#6031,.F.);
#6050=ORIENTED_EDGE('',*,*,#4753,.T.);
#6051=EDGE_LOOP('',(#6046,#6048,#6049,#6050));
#6052=FACE_OUTER_BOUND('',#6051,.F.);
#6053=ADVANCED_FACE('',(#6052),#6044,.F.);
#6054=CARTESIAN_POINT('',(-1.719999992778E1,-6.5E0,-6.999999997478E0));
#6055=DIRECTION('',(-1.E0,2.042810365310E-14,0.E0));
#6056=DIRECTION('',(-1.407766514588E-14,-8.333333333333E-1,-5.527707983926E-1));
#6057=AXIS2_PLACEMENT_3D('',#6054,#6055,#6056);
#6058=CONICAL_SURFACE('',#6057,2.5E0,4.5E1);
#6060=ORIENTED_EDGE('',*,*,#6059,.F.);
#6062=ORIENTED_EDGE('',*,*,#6061,.F.);
#6064=ORIENTED_EDGE('',*,*,#6063,.F.);
#6065=ORIENTED_EDGE('',*,*,#6045,.F.);
#6066=ORIENTED_EDGE('',*,*,#4751,.T.);
#6067=EDGE_LOOP('',(#6060,#6062,#6064,#6065,#6066));
#6068=FACE_OUTER_BOUND('',#6067,.F.);
#6069=ADVANCED_FACE('',(#6068),#6058,.T.);
#6070=CARTESIAN_POINT('',(-1.719999992778E1,-1.500000000001E0,
-3.683375207122E0));
#6071=DIRECTION('',(1.E0,0.E0,0.E0));
#6072=DIRECTION('',(0.E0,-1.E0,2.245822575528E-14));
#6073=AXIS2_PLACEMENT_3D('',#6070,#6071,#6072);
#6074=CONICAL_SURFACE('',#6073,3.5E0,4.5E1);
#6076=ORIENTED_EDGE('',*,*,#6075,.F.);
#6078=ORIENTED_EDGE('',*,*,#6077,.F.);
#6079=ORIENTED_EDGE('',*,*,#6059,.T.);
#6080=ORIENTED_EDGE('',*,*,#4749,.T.);
#6081=EDGE_LOOP('',(#6076,#6078,#6079,#6080));
#6082=FACE_OUTER_BOUND('',#6081,.F.);
#6083=ADVANCED_FACE('',(#6082),#6074,.F.);
#6084=CARTESIAN_POINT('',(-1.769999992778E1,-4.5E0,1.127225279182E1));
#6085=DIRECTION('',(7.071067811865E-1,7.071067811865E-1,0.E0));
#6086=DIRECTION('',(7.071067811865E-1,-7.071067811865E-1,0.E0));
#6087=AXIS2_PLACEMENT_3D('',#6084,#6085,#6086);
#6088=PLANE('',#6087);
#6090=ORIENTED_EDGE('',*,*,#6089,.T.);
#6092=ORIENTED_EDGE('',*,*,#6091,.F.);
#6093=ORIENTED_EDGE('',*,*,#6075,.T.);
#6094=ORIENTED_EDGE('',*,*,#4747,.T.);
#6095=EDGE_LOOP('',(#6090,#6092,#6093,#6094));
#6096=FACE_OUTER_BOUND('',#6095,.F.);
#6097=ADVANCED_FACE('',(#6096),#6088,.T.);
#6098=CARTESIAN_POINT('',(-1.720002129661E1,-1.5E0,1.127225279182E1));
#6099=DIRECTION('',(1.E0,1.043609643148E-14,-4.263256414561E-14));
#6100=DIRECTION('',(3.075732567946E-14,5.263157894737E-1,8.502891800738E-1));
#6101=AXIS2_PLACEMENT_3D('',#6098,#6099,#6100);
#6102=CONICAL_SURFACE('',#6101,3.499978631171E0,4.5E1);
#6104=ORIENTED_EDGE('',*,*,#6103,.F.);
#6106=ORIENTED_EDGE('',*,*,#6105,.F.);
#6107=ORIENTED_EDGE('',*,*,#6089,.F.);
#6108=ORIENTED_EDGE('',*,*,#4745,.T.);
#6109=EDGE_LOOP('',(#6104,#6106,#6107,#6108));
#6110=FACE_OUTER_BOUND('',#6109,.F.);
#6111=ADVANCED_FACE('',(#6110),#6102,.F.);
#6112=CARTESIAN_POINT('',(-1.719999992777E1,3.5E0,1.935000000252E1));
#6113=DIRECTION('',(-1.E0,6.554756737385E-13,1.556088591314E-12));
#6114=DIRECTION('',(1.612685121170E-12,9.770203388191E-2,9.952157115798E-1));
#6115=AXIS2_PLACEMENT_3D('',#6112,#6113,#6114);
#6116=CONICAL_SURFACE('',#6115,6.000000000001E0,4.500000000010E1);
#6118=ORIENTED_EDGE('',*,*,#6117,.T.);
#6120=ORIENTED_EDGE('',*,*,#6119,.F.);
#6121=ORIENTED_EDGE('',*,*,#6103,.T.);
#6122=ORIENTED_EDGE('',*,*,#4743,.T.);
#6123=EDGE_LOOP('',(#6118,#6120,#6121,#6122));
#6124=FACE_OUTER_BOUND('',#6123,.F.);
#6125=ADVANCED_FACE('',(#6124),#6116,.T.);
#6126=CARTESIAN_POINT('',(-1.719999992778E1,2.474128644240E0,8.900235030932E0));
#6127=DIRECTION('',(1.E0,1.056932319443E-13,4.440892098501E-14));
#6128=DIRECTION('',(-1.056932319443E-13,1.E0,-1.342136278658E-14));
#6129=AXIS2_PLACEMENT_3D('',#6126,#6127,#6128);
#6130=CONICAL_SURFACE('',#6129,4.499999999999E0,4.499999999999E1);
#6132=ORIENTED_EDGE('',*,*,#6131,.F.);
#6134=ORIENTED_EDGE('',*,*,#6133,.F.);
#6135=ORIENTED_EDGE('',*,*,#6117,.F.);
#6136=ORIENTED_EDGE('',*,*,#4741,.T.);
#6137=EDGE_LOOP('',(#6132,#6134,#6135,#6136));
#6138=FACE_OUTER_BOUND('',#6137,.F.);
#6139=ADVANCED_FACE('',(#6138),#6130,.F.);
#6140=CARTESIAN_POINT('',(-1.769999992778E1,6.474128644240E0,
-1.507499998662E1));
#6141=DIRECTION('',(7.071067811866E-1,-7.071067811865E-1,0.E0));
#6142=DIRECTION('',(7.071067811865E-1,7.071067811866E-1,0.E0));
#6143=AXIS2_PLACEMENT_3D('',#6140,#6141,#6142);
#6144=PLANE('',#6143);
#6145=ORIENTED_EDGE('',*,*,#5992,.T.);
#6147=ORIENTED_EDGE('',*,*,#6146,.F.);
#6148=ORIENTED_EDGE('',*,*,#6131,.T.);
#6149=ORIENTED_EDGE('',*,*,#4739,.T.);
#6150=EDGE_LOOP('',(#6145,#6147,#6148,#6149));
#6151=FACE_OUTER_BOUND('',#6150,.F.);
#6152=ADVANCED_FACE('',(#6151),#6144,.T.);
#6153=CARTESIAN_POINT('',(-2.069999992778E1,6.474128644240E0,
-1.507499998662E1));
#6154=DIRECTION('',(0.E0,-1.E0,0.E0));
#6155=DIRECTION('',(1.E0,0.E0,0.E0));
#6156=AXIS2_PLACEMENT_3D('',#6153,#6154,#6155);
#6157=PLANE('',#6156);
#6158=ORIENTED_EDGE('',*,*,#6146,.T.);
#6160=ORIENTED_EDGE('',*,*,#6159,.T.);
#6161=ORIENTED_EDGE('',*,*,#4520,.T.);
#6163=ORIENTED_EDGE('',*,*,#6162,.T.);
#6164=EDGE_LOOP('',(#6158,#6160,#6161,#6163));
#6165=FACE_OUTER_BOUND('',#6164,.F.);
#6166=ADVANCED_FACE('',(#6165),#6157,.T.);
#6167=CARTESIAN_POINT('',(-1.869999992778E1,3.474128644240E0,
-1.507499998662E1));
#6168=DIRECTION('',(1.E0,0.E0,0.E0));
#6169=DIRECTION('',(0.E0,1.E0,0.E0));
#6170=AXIS2_PLACEMENT_3D('',#6167,#6168,#6169);
#6171=CYLINDRICAL_SURFACE('',#6170,3.E0);
#6172=ORIENTED_EDGE('',*,*,#5990,.T.);
#6174=ORIENTED_EDGE('',*,*,#6173,.F.);
#6175=ORIENTED_EDGE('',*,*,#4522,.T.);
#6176=ORIENTED_EDGE('',*,*,#6159,.F.);
#6177=EDGE_LOOP('',(#6172,#6174,#6175,#6176));
#6178=FACE_OUTER_BOUND('',#6177,.F.);
#6179=ADVANCED_FACE('',(#6178),#6171,.F.);
#6180=CARTESIAN_POINT('',(-2.069999992778E1,-1.5E0,-1.807499998662E1));
#6181=DIRECTION('',(0.E0,0.E0,1.E0));
#6182=DIRECTION('',(1.E0,0.E0,0.E0));
#6183=AXIS2_PLACEMENT_3D('',#6180,#6181,#6182);
#6184=PLANE('',#6183);
#6185=ORIENTED_EDGE('',*,*,#6005,.T.);
#6187=ORIENTED_EDGE('',*,*,#6186,.T.);
#6188=ORIENTED_EDGE('',*,*,#4524,.T.);
#6189=ORIENTED_EDGE('',*,*,#6173,.T.);
#6190=EDGE_LOOP('',(#6185,#6187,#6188,#6189));
#6191=FACE_OUTER_BOUND('',#6190,.F.);
#6192=ADVANCED_FACE('',(#6191),#6184,.T.);
#6193=CARTESIAN_POINT('',(-1.869999992778E1,-1.5E0,-1.507499998662E1));
#6194=DIRECTION('',(1.E0,0.E0,0.E0));
#6195=DIRECTION('',(0.E0,1.E0,0.E0));
#6196=AXIS2_PLACEMENT_3D('',#6193,#6194,#6195);
#6197=CYLINDRICAL_SURFACE('',#6196,3.E0);
#6198=ORIENTED_EDGE('',*,*,#6019,.T.);
#6200=ORIENTED_EDGE('',*,*,#6199,.F.);
#6201=ORIENTED_EDGE('',*,*,#4526,.T.);
#6202=ORIENTED_EDGE('',*,*,#6186,.F.);
#6203=EDGE_LOOP('',(#6198,#6200,#6201,#6202));
#6204=FACE_OUTER_BOUND('',#6203,.F.);
#6205=ADVANCED_FACE('',(#6204),#6197,.F.);
#6206=CARTESIAN_POINT('',(-2.069999992778E1,-4.5E0,-1.031662478783E1));
#6207=DIRECTION('',(0.E0,1.E0,0.E0));
#6208=DIRECTION('',(1.E0,0.E0,0.E0));
#6209=AXIS2_PLACEMENT_3D('',#6206,#6207,#6208);
#6210=PLANE('',#6209);
#6211=ORIENTED_EDGE('',*,*,#6033,.T.);
#6213=ORIENTED_EDGE('',*,*,#6212,.T.);
#6214=ORIENTED_EDGE('',*,*,#4528,.T.);
#6215=ORIENTED_EDGE('',*,*,#6199,.T.);
#6216=EDGE_LOOP('',(#6211,#6213,#6214,#6215));
#6217=FACE_OUTER_BOUND('',#6216,.F.);
#6218=ADVANCED_FACE('',(#6217),#6210,.T.);
#6219=CARTESIAN_POINT('',(-1.869999992778E1,-1.5E0,-1.031662478783E1));
#6220=DIRECTION('',(1.E0,0.E0,0.E0));
#6221=DIRECTION('',(0.E0,1.E0,0.E0));
#6222=AXIS2_PLACEMENT_3D('',#6219,#6220,#6221);
#6223=CYLINDRICAL_SURFACE('',#6222,3.E0);
#6224=ORIENTED_EDGE('',*,*,#6047,.T.);
#6226=ORIENTED_EDGE('',*,*,#6225,.T.);
#6227=ORIENTED_EDGE('',*,*,#4504,.T.);
#6228=ORIENTED_EDGE('',*,*,#6212,.F.);
#6229=EDGE_LOOP('',(#6224,#6226,#6227,#6228));
#6230=FACE_OUTER_BOUND('',#6229,.F.);
#6231=ADVANCED_FACE('',(#6230),#6223,.F.);
#6232=CARTESIAN_POINT('',(-1.869999992778E1,-6.5E0,-6.999999997478E0));
#6233=DIRECTION('',(-1.E0,0.E0,0.E0));
#6234=DIRECTION('',(0.E0,1.E0,0.E0));
#6235=AXIS2_PLACEMENT_3D('',#6232,#6233,#6234);
#6236=CYLINDRICAL_SURFACE('',#6235,3.E0);
#6237=ORIENTED_EDGE('',*,*,#6061,.T.);
#6239=ORIENTED_EDGE('',*,*,#6238,.F.);
#6240=ORIENTED_EDGE('',*,*,#4508,.T.);
#6241=ORIENTED_EDGE('',*,*,#4506,.T.);
#6242=ORIENTED_EDGE('',*,*,#6225,.F.);
#6243=ORIENTED_EDGE('',*,*,#6063,.T.);
#6244=EDGE_LOOP('',(#6237,#6239,#6240,#6241,#6242,#6243));
#6245=FACE_OUTER_BOUND('',#6244,.F.);
#6246=ADVANCED_FACE('',(#6245),#6236,.T.);
#6247=CARTESIAN_POINT('',(-1.869999992778E1,-1.5E0,-3.683375207122E0));
#6248=DIRECTION('',(1.E0,-2.663247435099E-14,0.E0));
#6249=DIRECTION('',(2.663247435099E-14,1.E0,0.E0));
#6250=AXIS2_PLACEMENT_3D('',#6247,#6248,#6249);
#6251=CYLINDRICAL_SURFACE('',#6250,3.E0);
#6252=ORIENTED_EDGE('',*,*,#6077,.T.);
#6254=ORIENTED_EDGE('',*,*,#6253,.F.);
#6255=ORIENTED_EDGE('',*,*,#4510,.T.);
#6256=ORIENTED_EDGE('',*,*,#6238,.T.);
#6257=EDGE_LOOP('',(#6252,#6254,#6255,#6256));
#6258=FACE_OUTER_BOUND('',#6257,.F.);
#6259=ADVANCED_FACE('',(#6258),#6251,.F.);
#6260=CARTESIAN_POINT('',(-2.069999992778E1,-4.5E0,1.127225279182E1));
#6261=DIRECTION('',(0.E0,1.E0,0.E0));
#6262=DIRECTION('',(1.E0,0.E0,0.E0));
#6263=AXIS2_PLACEMENT_3D('',#6260,#6261,#6262);
#6264=PLANE('',#6263);
#6265=ORIENTED_EDGE('',*,*,#6091,.T.);
#6267=ORIENTED_EDGE('',*,*,#6266,.T.);
#6268=ORIENTED_EDGE('',*,*,#4512,.T.);
#6269=ORIENTED_EDGE('',*,*,#6253,.T.);
#6270=EDGE_LOOP('',(#6265,#6267,#6268,#6269));
#6271=FACE_OUTER_BOUND('',#6270,.F.);
#6272=ADVANCED_FACE('',(#6271),#6264,.T.);
#6273=CARTESIAN_POINT('',(-1.869999992778E1,-1.5E0,1.127225279182E1));
#6274=DIRECTION('',(1.E0,0.E0,0.E0));
#6275=DIRECTION('',(0.E0,1.E0,0.E0));
#6276=AXIS2_PLACEMENT_3D('',#6273,#6274,#6275);
#6277=CYLINDRICAL_SURFACE('',#6276,3.E0);
#6278=ORIENTED_EDGE('',*,*,#6105,.T.);
#6280=ORIENTED_EDGE('',*,*,#6279,.F.);
#6281=ORIENTED_EDGE('',*,*,#4514,.T.);
#6282=ORIENTED_EDGE('',*,*,#6266,.F.);
#6283=EDGE_LOOP('',(#6278,#6280,#6281,#6282));
#6284=FACE_OUTER_BOUND('',#6283,.F.);
#6285=ADVANCED_FACE('',(#6284),#6277,.F.);
#6286=CARTESIAN_POINT('',(-1.869999992778E1,3.5E0,1.935000000252E1));
#6287=DIRECTION('',(-1.E0,-1.350606275221E-14,-3.994357844164E-14));
#6288=DIRECTION('',(-1.350606275221E-14,1.E0,0.E0));
#6289=AXIS2_PLACEMENT_3D('',#6286,#6287,#6288);
#6290=CYLINDRICAL_SURFACE('',#6289,6.500000000001E0);
#6291=ORIENTED_EDGE('',*,*,#6119,.T.);
#6293=ORIENTED_EDGE('',*,*,#6292,.F.);
#6294=ORIENTED_EDGE('',*,*,#4516,.T.);
#6295=ORIENTED_EDGE('',*,*,#6279,.T.);
#6296=EDGE_LOOP('',(#6291,#6293,#6294,#6295));
#6297=FACE_OUTER_BOUND('',#6296,.F.);
#6298=ADVANCED_FACE('',(#6297),#6290,.T.);
#6299=CARTESIAN_POINT('',(-1.869999992778E1,2.474128644240E0,8.900235030932E0));
#6300=DIRECTION('',(1.E0,0.E0,0.E0));
#6301=DIRECTION('',(0.E0,1.E0,0.E0));
#6302=AXIS2_PLACEMENT_3D('',#6299,#6300,#6301);
#6303=CYLINDRICAL_SURFACE('',#6302,4.E0);
#6304=ORIENTED_EDGE('',*,*,#6133,.T.);
#6305=ORIENTED_EDGE('',*,*,#6162,.F.);
#6306=ORIENTED_EDGE('',*,*,#4518,.T.);
#6307=ORIENTED_EDGE('',*,*,#6292,.T.);
#6308=EDGE_LOOP('',(#6304,#6305,#6306,#6307));
#6309=FACE_OUTER_BOUND('',#6308,.F.);
#6310=ADVANCED_FACE('',(#6309),#6303,.F.);
#6311=CARTESIAN_POINT('',(-1.769999992778E1,-2.002587135576E1,
8.860710130050E0));
#6312=DIRECTION('',(7.071067811865E-1,7.071067811865E-1,-1.679998930792E-14));
#6313=DIRECTION('',(7.071067811865E-1,-7.071067811865E-1,1.679998930792E-14));
#6314=AXIS2_PLACEMENT_3D('',#6311,#6312,#6313);
#6315=PLANE('',#6314);
#6317=ORIENTED_EDGE('',*,*,#6316,.T.);
#6319=ORIENTED_EDGE('',*,*,#6318,.F.);
#6321=ORIENTED_EDGE('',*,*,#6320,.T.);
#6322=ORIENTED_EDGE('',*,*,#4763,.T.);
#6323=EDGE_LOOP('',(#6317,#6319,#6321,#6322));
#6324=FACE_OUTER_BOUND('',#6323,.F.);
#6325=ADVANCED_FACE('',(#6324),#6315,.T.);
#6326=CARTESIAN_POINT('',(-1.719999992778E1,-1.602587135576E1,
8.860710130050E0));
#6327=DIRECTION('',(1.E0,-3.552713678800E-14,0.E0));
#6328=DIRECTION('',(0.E0,-4.515510897524E-2,9.989799878543E-1));
#6329=AXIS2_PLACEMENT_3D('',#6326,#6327,#6328);
#6330=CONICAL_SURFACE('',#6329,4.499999999999E0,4.5E1);
#6332=ORIENTED_EDGE('',*,*,#6331,.T.);
#6334=ORIENTED_EDGE('',*,*,#6333,.F.);
#6335=ORIENTED_EDGE('',*,*,#6316,.F.);
#6336=ORIENTED_EDGE('',*,*,#4785,.T.);
#6337=EDGE_LOOP('',(#6332,#6334,#6335,#6336));
#6338=FACE_OUTER_BOUND('',#6337,.F.);
#6339=ADVANCED_FACE('',(#6338),#6330,.F.);
#6340=CARTESIAN_POINT('',(-1.719999992779E1,-1.65E1,1.935000000252E1));
#6341=DIRECTION('',(-1.E0,3.517186542013E-13,-1.055155962604E-12));
#6342=DIRECTION('',(-1.082302779451E-12,-5.263157894737E-1,8.502891800739E-1));
#6343=AXIS2_PLACEMENT_3D('',#6340,#6341,#6342);
#6344=CONICAL_SURFACE('',#6343,6.E0,4.499999999994E1);
#6346=ORIENTED_EDGE('',*,*,#6345,.T.);
#6348=ORIENTED_EDGE('',*,*,#6347,.F.);
#6349=ORIENTED_EDGE('',*,*,#6331,.F.);
#6350=ORIENTED_EDGE('',*,*,#4783,.T.);
#6351=EDGE_LOOP('',(#6346,#6348,#6349,#6350));
#6352=FACE_OUTER_BOUND('',#6351,.F.);
#6353=ADVANCED_FACE('',(#6352),#6344,.T.);
#6354=CARTESIAN_POINT('',(-1.720002129661E1,-1.15E1,1.127225279182E1));
#6355=DIRECTION('',(1.E0,9.592326932761E-14,1.119104808822E-13));
#6356=DIRECTION('',(-9.592326932761E-14,1.E0,-3.755725889019E-14));
#6357=AXIS2_PLACEMENT_3D('',#6354,#6355,#6356);
#6358=CONICAL_SURFACE('',#6357,3.499978631171E0,4.499999999999E1);
#6360=ORIENTED_EDGE('',*,*,#6359,.F.);
#6362=ORIENTED_EDGE('',*,*,#6361,.F.);
#6363=ORIENTED_EDGE('',*,*,#6345,.F.);
#6364=ORIENTED_EDGE('',*,*,#4781,.T.);
#6365=EDGE_LOOP('',(#6360,#6362,#6363,#6364));
#6366=FACE_OUTER_BOUND('',#6365,.F.);
#6367=ADVANCED_FACE('',(#6366),#6358,.F.);
#6368=CARTESIAN_POINT('',(-1.769999992778E1,-8.5E0,-3.683375207123E0));
#6369=DIRECTION('',(7.071067811865E-1,-7.071067811865E-1,0.E0));
#6370=DIRECTION('',(7.071067811865E-1,7.071067811865E-1,0.E0));
#6371=AXIS2_PLACEMENT_3D('',#6368,#6369,#6370);
#6372=PLANE('',#6371);
#6374=ORIENTED_EDGE('',*,*,#6373,.T.);
#6376=ORIENTED_EDGE('',*,*,#6375,.F.);
#6377=ORIENTED_EDGE('',*,*,#6359,.T.);
#6378=ORIENTED_EDGE('',*,*,#4779,.T.);
#6379=EDGE_LOOP('',(#6374,#6376,#6377,#6378));
#6380=FACE_OUTER_BOUND('',#6379,.F.);
#6381=ADVANCED_FACE('',(#6380),#6372,.T.);
#6382=CARTESIAN_POINT('',(-1.719999992778E1,-1.15E1,-3.683375207123E0));
#6383=DIRECTION('',(1.E0,-4.085620730621E-14,0.E0));
#6384=DIRECTION('',(3.527423715727E-14,8.333333333334E-1,-5.527707983925E-1));
#6385=AXIS2_PLACEMENT_3D('',#6382,#6383,#6384);
#6386=CONICAL_SURFACE('',#6385,3.500000000001E0,4.5E1);
#6388=ORIENTED_EDGE('',*,*,#6387,.F.);
#6390=ORIENTED_EDGE('',*,*,#6389,.F.);
#6391=ORIENTED_EDGE('',*,*,#6373,.F.);
#6392=ORIENTED_EDGE('',*,*,#4777,.T.);
#6393=EDGE_LOOP('',(#6388,#6390,#6391,#6392));
#6394=FACE_OUTER_BOUND('',#6393,.F.);
#6395=ADVANCED_FACE('',(#6394),#6386,.F.);
#6396=CARTESIAN_POINT('',(-1.719999992778E1,-6.5E0,-6.999999997478E0));
#6397=DIRECTION('',(-1.E0,-2.486899575160E-14,0.E0));
#6398=DIRECTION('',(-2.219704040886E-14,8.333333333334E-1,5.527707983924E-1));
#6399=AXIS2_PLACEMENT_3D('',#6396,#6397,#6398);
#6400=CONICAL_SURFACE('',#6399,2.5E0,4.5E1);
#6402=ORIENTED_EDGE('',*,*,#6401,.F.);
#6404=ORIENTED_EDGE('',*,*,#6403,.F.);
#6406=ORIENTED_EDGE('',*,*,#6405,.F.);
#6407=ORIENTED_EDGE('',*,*,#6387,.T.);
#6408=ORIENTED_EDGE('',*,*,#4775,.T.);
#6409=EDGE_LOOP('',(#6402,#6404,#6406,#6407,#6408));
#6410=FACE_OUTER_BOUND('',#6409,.F.);
#6411=ADVANCED_FACE('',(#6410),#6400,.T.);
#6412=CARTESIAN_POINT('',(-1.719999992778E1,-1.15E1,-1.031662478783E1));
#6413=DIRECTION('',(1.E0,-2.309263891220E-14,0.E0));
#6414=DIRECTION('',(2.309263891220E-14,1.E0,-1.218073261303E-14));
#6415=AXIS2_PLACEMENT_3D('',#6412,#6413,#6414);
#6416=CONICAL_SURFACE('',#6415,3.5E0,4.5E1);
#6418=ORIENTED_EDGE('',*,*,#6417,.F.);
#6420=ORIENTED_EDGE('',*,*,#6419,.F.);
#6421=ORIENTED_EDGE('',*,*,#6401,.T.);
#6422=ORIENTED_EDGE('',*,*,#4773,.T.);
#6423=EDGE_LOOP('',(#6418,#6420,#6421,#6422));
#6424=FACE_OUTER_BOUND('',#6423,.F.);
#6425=ADVANCED_FACE('',(#6424),#6416,.F.);
#6426=CARTESIAN_POINT('',(-1.769999992778E1,-8.5E0,-1.507499998662E1));
#6427=DIRECTION('',(7.071067811865E-1,-7.071067811865E-1,0.E0));
#6428=DIRECTION('',(7.071067811865E-1,7.071067811865E-1,0.E0));
#6429=AXIS2_PLACEMENT_3D('',#6426,#6427,#6428);
#6430=PLANE('',#6429);
#6432=ORIENTED_EDGE('',*,*,#6431,.T.);
#6434=ORIENTED_EDGE('',*,*,#6433,.F.);
#6435=ORIENTED_EDGE('',*,*,#6417,.T.);
#6436=ORIENTED_EDGE('',*,*,#4771,.T.);
#6437=EDGE_LOOP('',(#6432,#6434,#6435,#6436));
#6438=FACE_OUTER_BOUND('',#6437,.F.);
#6439=ADVANCED_FACE('',(#6438),#6430,.T.);
#6440=CARTESIAN_POINT('',(-1.719999992778E1,-1.15E1,-1.507499998662E1));
#6441=DIRECTION('',(1.E0,0.E0,1.065814103640E-14));
#6442=DIRECTION('',(1.065814103640E-14,-1.877862944509E-14,-1.E0));
#6443=AXIS2_PLACEMENT_3D('',#6440,#6441,#6442);
#6444=CONICAL_SURFACE('',#6443,3.5E0,4.5E1);
#6446=ORIENTED_EDGE('',*,*,#6445,.F.);
#6448=ORIENTED_EDGE('',*,*,#6447,.F.);
#6449=ORIENTED_EDGE('',*,*,#6431,.F.);
#6450=ORIENTED_EDGE('',*,*,#4769,.T.);
#6451=EDGE_LOOP('',(#6446,#6448,#6449,#6450));
#6452=FACE_OUTER_BOUND('',#6451,.F.);
#6453=ADVANCED_FACE('',(#6452),#6444,.F.);
#6454=CARTESIAN_POINT('',(-1.769999992778E1,-1.702587135576E1,
-1.807499998662E1));
#6455=DIRECTION('',(7.071067811865E-1,2.543549783068E-14,7.071067811865E-1));
#6456=DIRECTION('',(7.071067811865E-1,-2.543549783068E-14,-7.071067811865E-1));
#6457=AXIS2_PLACEMENT_3D('',#6454,#6455,#6456);
#6458=PLANE('',#6457);
#6460=ORIENTED_EDGE('',*,*,#6459,.T.);
#6462=ORIENTED_EDGE('',*,*,#6461,.F.);
#6463=ORIENTED_EDGE('',*,*,#6445,.T.);
#6464=ORIENTED_EDGE('',*,*,#4767,.T.);
#6465=EDGE_LOOP('',(#6460,#6462,#6463,#6464));
#6466=FACE_OUTER_BOUND('',#6465,.F.);
#6467=ADVANCED_FACE('',(#6466),#6458,.T.);
#6468=CARTESIAN_POINT('',(-1.719999992778E1,-1.702587135576E1,
-1.507499998662E1));
#6469=DIRECTION('',(1.E0,-2.131628207280E-14,-1.953992523340E-14));
#6470=DIRECTION('',(-2.131628207280E-14,-1.E0,7.714463988253E-14));
#6471=AXIS2_PLACEMENT_3D('',#6468,#6469,#6470);
#6472=CONICAL_SURFACE('',#6471,3.5E0,4.5E1);
#6473=ORIENTED_EDGE('',*,*,#6320,.F.);
#6475=ORIENTED_EDGE('',*,*,#6474,.F.);
#6476=ORIENTED_EDGE('',*,*,#6459,.F.);
#6477=ORIENTED_EDGE('',*,*,#4765,.T.);
#6478=EDGE_LOOP('',(#6473,#6475,#6476,#6477));
#6479=FACE_OUTER_BOUND('',#6478,.F.);
#6480=ADVANCED_FACE('',(#6479),#6472,.F.);
#6481=CARTESIAN_POINT('',(-1.869999992778E1,-1.702587135576E1,
-1.507499998662E1));
#6482=DIRECTION('',(1.E0,0.E0,0.E0));
#6483=DIRECTION('',(0.E0,1.E0,0.E0));
#6484=AXIS2_PLACEMENT_3D('',#6481,#6482,#6483);
#6485=CYLINDRICAL_SURFACE('',#6484,3.E0);
#6486=ORIENTED_EDGE('',*,*,#6474,.T.);
#6488=ORIENTED_EDGE('',*,*,#6487,.F.);
#6489=ORIENTED_EDGE('',*,*,#4484,.T.);
#6491=ORIENTED_EDGE('',*,*,#6490,.F.);
#6492=EDGE_LOOP('',(#6486,#6488,#6489,#6491));
#6493=FACE_OUTER_BOUND('',#6492,.F.);
#6494=ADVANCED_FACE('',(#6493),#6485,.F.);
#6495=CARTESIAN_POINT('',(-2.069999992778E1,-2.002587135576E1,
8.860710130050E0));
#6496=DIRECTION('',(0.E0,1.E0,0.E0));
#6497=DIRECTION('',(1.E0,0.E0,0.E0));
#6498=AXIS2_PLACEMENT_3D('',#6495,#6496,#6497);
#6499=PLANE('',#6498);
#6500=ORIENTED_EDGE('',*,*,#6318,.T.);
#6502=ORIENTED_EDGE('',*,*,#6501,.T.);
#6503=ORIENTED_EDGE('',*,*,#4486,.T.);
#6504=ORIENTED_EDGE('',*,*,#6487,.T.);
#6505=EDGE_LOOP('',(#6500,#6502,#6503,#6504));
#6506=FACE_OUTER_BOUND('',#6505,.F.);
#6507=ADVANCED_FACE('',(#6506),#6499,.T.);
#6508=CARTESIAN_POINT('',(-1.869999992778E1,-1.602587135576E1,
8.860710130049E0));
#6509=DIRECTION('',(1.E0,0.E0,0.E0));
#6510=DIRECTION('',(0.E0,1.E0,0.E0));
#6511=AXIS2_PLACEMENT_3D('',#6508,#6509,#6510);
#6512=CYLINDRICAL_SURFACE('',#6511,4.E0);
#6513=ORIENTED_EDGE('',*,*,#6333,.T.);
#6515=ORIENTED_EDGE('',*,*,#6514,.F.);
#6516=ORIENTED_EDGE('',*,*,#4488,.T.);
#6517=ORIENTED_EDGE('',*,*,#6501,.F.);
#6518=EDGE_LOOP('',(#6513,#6515,#6516,#6517));
#6519=FACE_OUTER_BOUND('',#6518,.F.);
#6520=ADVANCED_FACE('',(#6519),#6512,.F.);
#6521=CARTESIAN_POINT('',(-1.869999992778E1,-1.65E1,1.935000000252E1));
#6522=DIRECTION('',(-1.E0,0.E0,-1.620638221533E-14));
#6523=DIRECTION('',(0.E0,1.E0,0.E0));
#6524=AXIS2_PLACEMENT_3D('',#6521,#6522,#6523);
#6525=CYLINDRICAL_SURFACE('',#6524,6.500000000001E0);
#6526=ORIENTED_EDGE('',*,*,#6347,.T.);
#6528=ORIENTED_EDGE('',*,*,#6527,.F.);
#6529=ORIENTED_EDGE('',*,*,#4490,.T.);
#6530=ORIENTED_EDGE('',*,*,#6514,.T.);
#6531=EDGE_LOOP('',(#6526,#6528,#6529,#6530));
#6532=FACE_OUTER_BOUND('',#6531,.F.);
#6533=ADVANCED_FACE('',(#6532),#6525,.T.);
#6534=CARTESIAN_POINT('',(-1.869999992778E1,-1.15E1,1.127225279182E1));
#6535=DIRECTION('',(1.E0,0.E0,0.E0));
#6536=DIRECTION('',(0.E0,1.E0,0.E0));
#6537=AXIS2_PLACEMENT_3D('',#6534,#6535,#6536);
#6538=CYLINDRICAL_SURFACE('',#6537,3.E0);
#6539=ORIENTED_EDGE('',*,*,#6361,.T.);
#6541=ORIENTED_EDGE('',*,*,#6540,.F.);
#6542=ORIENTED_EDGE('',*,*,#4492,.T.);
#6543=ORIENTED_EDGE('',*,*,#6527,.T.);
#6544=EDGE_LOOP('',(#6539,#6541,#6542,#6543));
#6545=FACE_OUTER_BOUND('',#6544,.F.);
#6546=ADVANCED_FACE('',(#6545),#6538,.F.);
#6547=CARTESIAN_POINT('',(-2.069999992778E1,-8.5E0,-3.683375207123E0));
#6548=DIRECTION('',(0.E0,-1.E0,0.E0));
#6549=DIRECTION('',(1.E0,0.E0,0.E0));
#6550=AXIS2_PLACEMENT_3D('',#6547,#6548,#6549);
#6551=PLANE('',#6550);
#6552=ORIENTED_EDGE('',*,*,#6375,.T.);
#6554=ORIENTED_EDGE('',*,*,#6553,.T.);
#6555=ORIENTED_EDGE('',*,*,#4494,.T.);
#6556=ORIENTED_EDGE('',*,*,#6540,.T.);
#6557=EDGE_LOOP('',(#6552,#6554,#6555,#6556));
#6558=FACE_OUTER_BOUND('',#6557,.F.);
#6559=ADVANCED_FACE('',(#6558),#6551,.T.);
#6560=CARTESIAN_POINT('',(-1.869999992778E1,-1.15E1,-3.683375207122E0));
#6561=DIRECTION('',(1.E0,2.663247435101E-14,0.E0));
#6562=DIRECTION('',(-2.663247435101E-14,1.E0,0.E0));
#6563=AXIS2_PLACEMENT_3D('',#6560,#6561,#6562);
#6564=CYLINDRICAL_SURFACE('',#6563,3.000000000001E0);
#6565=ORIENTED_EDGE('',*,*,#6389,.T.);
#6567=ORIENTED_EDGE('',*,*,#6566,.F.);
#6568=ORIENTED_EDGE('',*,*,#4496,.T.);
#6569=ORIENTED_EDGE('',*,*,#6553,.F.);
#6570=EDGE_LOOP('',(#6565,#6567,#6568,#6569));
#6571=FACE_OUTER_BOUND('',#6570,.F.);
#6572=ADVANCED_FACE('',(#6571),#6564,.F.);
#6573=CARTESIAN_POINT('',(-1.869999992778E1,-6.5E0,-6.999999997478E0));
#6574=DIRECTION('',(-1.E0,0.E0,0.E0));
#6575=DIRECTION('',(0.E0,1.E0,0.E0));
#6576=AXIS2_PLACEMENT_3D('',#6573,#6574,#6575);
#6577=CYLINDRICAL_SURFACE('',#6576,3.E0);
#6578=ORIENTED_EDGE('',*,*,#6403,.T.);
#6580=ORIENTED_EDGE('',*,*,#6579,.F.);
#6581=ORIENTED_EDGE('',*,*,#4500,.T.);
#6582=ORIENTED_EDGE('',*,*,#4498,.T.);
#6583=ORIENTED_EDGE('',*,*,#6566,.T.);
#6584=ORIENTED_EDGE('',*,*,#6405,.T.);
#6585=EDGE_LOOP('',(#6578,#6580,#6581,#6582,#6583,#6584));
#6586=FACE_OUTER_BOUND('',#6585,.F.);
#6587=ADVANCED_FACE('',(#6586),#6577,.T.);
#6588=CARTESIAN_POINT('',(-1.869999992778E1,-1.15E1,-1.031662478783E1));
#6589=DIRECTION('',(1.E0,0.E0,0.E0));
#6590=DIRECTION('',(0.E0,1.E0,0.E0));
#6591=AXIS2_PLACEMENT_3D('',#6588,#6589,#6590);
#6592=CYLINDRICAL_SURFACE('',#6591,2.999999999999E0);
#6593=ORIENTED_EDGE('',*,*,#6419,.T.);
#6595=ORIENTED_EDGE('',*,*,#6594,.F.);
#6596=ORIENTED_EDGE('',*,*,#4476,.T.);
#6597=ORIENTED_EDGE('',*,*,#6579,.T.);
#6598=EDGE_LOOP('',(#6593,#6595,#6596,#6597));
#6599=FACE_OUTER_BOUND('',#6598,.F.);
#6600=ADVANCED_FACE('',(#6599),#6592,.F.);
#6601=CARTESIAN_POINT('',(-2.069999992778E1,-8.5E0,-1.507499998662E1));
#6602=DIRECTION('',(0.E0,-1.E0,0.E0));
#6603=DIRECTION('',(1.E0,0.E0,0.E0));
#6604=AXIS2_PLACEMENT_3D('',#6601,#6602,#6603);
#6605=PLANE('',#6604);
#6606=ORIENTED_EDGE('',*,*,#6433,.T.);
#6608=ORIENTED_EDGE('',*,*,#6607,.T.);
#6609=ORIENTED_EDGE('',*,*,#4478,.T.);
#6610=ORIENTED_EDGE('',*,*,#6594,.T.);
#6611=EDGE_LOOP('',(#6606,#6608,#6609,#6610));
#6612=FACE_OUTER_BOUND('',#6611,.F.);
#6613=ADVANCED_FACE('',(#6612),#6605,.T.);
#6614=CARTESIAN_POINT('',(-1.869999992778E1,-1.15E1,-1.507499998662E1));
#6615=DIRECTION('',(1.E0,0.E0,0.E0));
#6616=DIRECTION('',(0.E0,1.E0,0.E0));
#6617=AXIS2_PLACEMENT_3D('',#6614,#6615,#6616);
#6618=CYLINDRICAL_SURFACE('',#6617,3.E0);
#6619=ORIENTED_EDGE('',*,*,#6447,.T.);
#6621=ORIENTED_EDGE('',*,*,#6620,.F.);
#6622=ORIENTED_EDGE('',*,*,#4480,.T.);
#6623=ORIENTED_EDGE('',*,*,#6607,.F.);
#6624=EDGE_LOOP('',(#6619,#6621,#6622,#6623));
#6625=FACE_OUTER_BOUND('',#6624,.F.);
#6626=ADVANCED_FACE('',(#6625),#6618,.F.);
#6627=CARTESIAN_POINT('',(-2.069999992778E1,-1.702587135576E1,
-1.807499998662E1));
#6628=DIRECTION('',(0.E0,0.E0,1.E0));
#6629=DIRECTION('',(1.E0,0.E0,0.E0));
#6630=AXIS2_PLACEMENT_3D('',#6627,#6628,#6629);
#6631=PLANE('',#6630);
#6632=ORIENTED_EDGE('',*,*,#6461,.T.);
#6633=ORIENTED_EDGE('',*,*,#6490,.T.);
#6634=ORIENTED_EDGE('',*,*,#4482,.T.);
#6635=ORIENTED_EDGE('',*,*,#6620,.T.);
#6636=EDGE_LOOP('',(#6632,#6633,#6634,#6635));
#6637=FACE_OUTER_BOUND('',#6636,.F.);
#6638=ADVANCED_FACE('',(#6637),#6631,.T.);
#6639=CARTESIAN_POINT('',(-1.719999992778E1,-3.300735254368E0,
2.735000000252E1));
#6640=DIRECTION('',(1.E0,-7.549516567451E-14,2.557953848737E-13));
#6641=DIRECTION('',(2.557953848736E-13,-6.819236533478E-14,-1.E0));
#6642=AXIS2_PLACEMENT_3D('',#6639,#6640,#6641);
#6643=CONICAL_SURFACE('',#6642,4.5E0,4.500000000001E1);
#6645=ORIENTED_EDGE('',*,*,#6644,.F.);
#6647=ORIENTED_EDGE('',*,*,#6646,.F.);
#6649=ORIENTED_EDGE('',*,*,#6648,.F.);
#6650=ORIENTED_EDGE('',*,*,#4789,.T.);
#6651=EDGE_LOOP('',(#6645,#6647,#6649,#6650));
#6652=FACE_OUTER_BOUND('',#6651,.F.);
#6653=ADVANCED_FACE('',(#6652),#6643,.F.);
#6654=CARTESIAN_POINT('',(-1.769999992778E1,-9.699264745633E0,
2.335000000252E1));
#6655=DIRECTION('',(7.071067811865E-1,2.072522045463E-14,7.071067811865E-1));
#6656=DIRECTION('',(7.071067811865E-1,-2.072522045463E-14,-7.071067811865E-1));
#6657=AXIS2_PLACEMENT_3D('',#6654,#6655,#6656);
#6658=PLANE('',#6657);
#6660=ORIENTED_EDGE('',*,*,#6659,.T.);
#6662=ORIENTED_EDGE('',*,*,#6661,.F.);
#6663=ORIENTED_EDGE('',*,*,#6644,.T.);
#6664=ORIENTED_EDGE('',*,*,#4811,.T.);
#6665=EDGE_LOOP('',(#6660,#6662,#6663,#6664));
#6666=FACE_OUTER_BOUND('',#6665,.F.);
#6667=ADVANCED_FACE('',(#6666),#6658,.T.);
#6668=CARTESIAN_POINT('',(-1.719999992778E1,-9.699264745632E0,
2.735000000252E1));
#6669=DIRECTION('',(1.E0,2.486899575160E-14,8.171241461241E-14));
#6670=DIRECTION('',(7.836445457599E-14,-6.476890718445E-1,-7.619047619048E-1));
#6671=AXIS2_PLACEMENT_3D('',#6668,#6669,#6670);
#6672=CONICAL_SURFACE('',#6671,4.5E0,4.5E1);
#6674=ORIENTED_EDGE('',*,*,#6673,.F.);
#6676=ORIENTED_EDGE('',*,*,#6675,.F.);
#6677=ORIENTED_EDGE('',*,*,#6659,.F.);
#6678=ORIENTED_EDGE('',*,*,#4809,.T.);
#6679=EDGE_LOOP('',(#6674,#6676,#6677,#6678));
#6680=FACE_OUTER_BOUND('',#6679,.F.);
#6681=ADVANCED_FACE('',(#6680),#6672,.F.);
#6682=CARTESIAN_POINT('',(-1.719999992721E1,-1.65E1,1.935000000252E1));
#6683=DIRECTION('',(-1.E0,-8.171241461242E-14,6.394884621841E-14));
#6684=DIRECTION('',(-6.019388463198E-14,-4.515510897679E-2,-9.989799878543E-1));
#6685=AXIS2_PLACEMENT_3D('',#6682,#6683,#6684);
#6686=CONICAL_SURFACE('',#6685,6.000000001726E0,4.499999986816E1);
#6688=ORIENTED_EDGE('',*,*,#6687,.F.);
#6690=ORIENTED_EDGE('',*,*,#6689,.F.);
#6691=ORIENTED_EDGE('',*,*,#6673,.T.);
#6692=ORIENTED_EDGE('',*,*,#4807,.T.);
#6693=EDGE_LOOP('',(#6688,#6690,#6691,#6692));
#6694=FACE_OUTER_BOUND('',#6693,.F.);
#6695=ADVANCED_FACE('',(#6694),#6686,.T.);
#6696=CARTESIAN_POINT('',(-1.719999992773E1,-1.602587135576E1,
2.983928987499E1));
#6697=DIRECTION('',(1.E0,2.131628207280E-14,0.E0));
#6698=DIRECTION('',(2.131628207280E-14,-1.E0,2.684272557316E-14));
#6699=AXIS2_PLACEMENT_3D('',#6696,#6697,#6698);
#6700=CONICAL_SURFACE('',#6699,4.500000000054E0,4.5E1);
#6702=ORIENTED_EDGE('',*,*,#6701,.F.);
#6704=ORIENTED_EDGE('',*,*,#6703,.F.);
#6705=ORIENTED_EDGE('',*,*,#6687,.T.);
#6706=ORIENTED_EDGE('',*,*,#4805,.T.);
#6707=EDGE_LOOP('',(#6702,#6704,#6705,#6706));
#6708=FACE_OUTER_BOUND('',#6707,.F.);
#6709=ADVANCED_FACE('',(#6708),#6700,.F.);
#6710=CARTESIAN_POINT('',(-1.769999992778E1,-2.002587135576E1,
4.592500001338E1));
#6711=DIRECTION('',(7.071067811865E-1,7.071067811865E-1,-1.507288760336E-14));
#6712=DIRECTION('',(7.071067811865E-1,-7.071067811865E-1,1.507288760336E-14));
#6713=AXIS2_PLACEMENT_3D('',#6710,#6711,#6712);
#6714=PLANE('',#6713);
#6716=ORIENTED_EDGE('',*,*,#6715,.T.);
#6718=ORIENTED_EDGE('',*,*,#6717,.F.);
#6719=ORIENTED_EDGE('',*,*,#6701,.T.);
#6720=ORIENTED_EDGE('',*,*,#4803,.T.);
#6721=EDGE_LOOP('',(#6716,#6718,#6719,#6720));
#6722=FACE_OUTER_BOUND('',#6721,.F.);
#6723=ADVANCED_FACE('',(#6722),#6714,.T.);
#6724=CARTESIAN_POINT('',(-1.719999992778E1,-1.702587135576E1,
4.592500001338E1));
#6725=DIRECTION('',(1.E0,6.394884621841E-14,-6.394884621841E-14));
#6726=DIRECTION('',(6.394884621840E-14,1.329729976923E-13,1.E0));
#6727=AXIS2_PLACEMENT_3D('',#6724,#6725,#6726);
#6728=CONICAL_SURFACE('',#6727,3.5E0,4.5E1);
#6730=ORIENTED_EDGE('',*,*,#6729,.F.);
#6732=ORIENTED_EDGE('',*,*,#6731,.F.);
#6733=ORIENTED_EDGE('',*,*,#6715,.F.);
#6734=ORIENTED_EDGE('',*,*,#4801,.T.);
#6735=EDGE_LOOP('',(#6730,#6732,#6733,#6734));
#6736=FACE_OUTER_BOUND('',#6735,.F.);
#6737=ADVANCED_FACE('',(#6736),#6728,.F.);
#6738=CARTESIAN_POINT('',(-1.769999992778E1,3.474128644240E0,4.892500001338E1));
#6739=DIRECTION('',(7.071067811865E-1,0.E0,-7.071067811865E-1));
#6740=DIRECTION('',(7.071067811865E-1,0.E0,7.071067811865E-1));
#6741=AXIS2_PLACEMENT_3D('',#6738,#6739,#6740);
#6742=PLANE('',#6741);
#6744=ORIENTED_EDGE('',*,*,#6743,.T.);
#6746=ORIENTED_EDGE('',*,*,#6745,.F.);
#6747=ORIENTED_EDGE('',*,*,#6729,.T.);
#6748=ORIENTED_EDGE('',*,*,#4799,.T.);
#6749=EDGE_LOOP('',(#6744,#6746,#6747,#6748));
#6750=FACE_OUTER_BOUND('',#6749,.F.);
#6751=ADVANCED_FACE('',(#6750),#6742,.T.);
#6752=CARTESIAN_POINT('',(-1.719999992778E1,3.474128644240E0,4.592500001338E1));
#6753=DIRECTION('',(1.E0,0.E0,0.E0));
#6754=DIRECTION('',(0.E0,1.E0,-1.218073261303E-14));
#6755=AXIS2_PLACEMENT_3D('',#6752,#6753,#6754);
#6756=CONICAL_SURFACE('',#6755,3.5E0,4.5E1);
#6758=ORIENTED_EDGE('',*,*,#6757,.F.);
#6760=ORIENTED_EDGE('',*,*,#6759,.F.);
#6761=ORIENTED_EDGE('',*,*,#6743,.F.);
#6762=ORIENTED_EDGE('',*,*,#4797,.T.);
#6763=EDGE_LOOP('',(#6758,#6760,#6761,#6762));
#6764=FACE_OUTER_BOUND('',#6763,.F.);
#6765=ADVANCED_FACE('',(#6764),#6756,.F.);
#6766=CARTESIAN_POINT('',(-1.769999992778E1,6.474128644240E0,2.979976497411E1));
#6767=DIRECTION('',(7.071067811865E-1,-7.071067811865E-1,0.E0));
#6768=DIRECTION('',(7.071067811865E-1,7.071067811865E-1,0.E0));
#6769=AXIS2_PLACEMENT_3D('',#6766,#6767,#6768);
#6770=PLANE('',#6769);
#6772=ORIENTED_EDGE('',*,*,#6771,.T.);
#6774=ORIENTED_EDGE('',*,*,#6773,.F.);
#6775=ORIENTED_EDGE('',*,*,#6757,.T.);
#6776=ORIENTED_EDGE('',*,*,#4795,.T.);
#6777=EDGE_LOOP('',(#6772,#6774,#6775,#6776));
#6778=FACE_OUTER_BOUND('',#6777,.F.);
#6779=ADVANCED_FACE('',(#6778),#6770,.T.);
#6780=CARTESIAN_POINT('',(-1.719999992778E1,2.474128644240E0,2.979976497411E1));
#6781=DIRECTION('',(1.E0,-1.625366508051E-13,8.526512829121E-14));
#6782=DIRECTION('',(1.007373566893E-13,9.770203388185E-2,-9.952157115798E-1));
#6783=AXIS2_PLACEMENT_3D('',#6780,#6781,#6782);
#6784=CONICAL_SURFACE('',#6783,4.499999999999E0,4.500000000001E1);
#6786=ORIENTED_EDGE('',*,*,#6785,.F.);
#6788=ORIENTED_EDGE('',*,*,#6787,.F.);
#6789=ORIENTED_EDGE('',*,*,#6771,.F.);
#6790=ORIENTED_EDGE('',*,*,#4793,.T.);
#6791=EDGE_LOOP('',(#6786,#6788,#6789,#6790));
#6792=FACE_OUTER_BOUND('',#6791,.F.);
#6793=ADVANCED_FACE('',(#6792),#6784,.F.);
#6794=CARTESIAN_POINT('',(-1.719999992774E1,3.5E0,1.935000000252E1));
#6795=DIRECTION('',(-1.E0,-3.277378368693E-13,4.725109192805E-13));
#6796=DIRECTION('',(-5.722805348220E-13,6.476890718445E-1,-7.619047619048E-1));
#6797=AXIS2_PLACEMENT_3D('',#6794,#6795,#6796);
#6798=CONICAL_SURFACE('',#6797,6.000000000140E0,4.499999998922E1);
#6799=ORIENTED_EDGE('',*,*,#6648,.T.);
#6801=ORIENTED_EDGE('',*,*,#6800,.F.);
#6802=ORIENTED_EDGE('',*,*,#6785,.T.);
#6803=ORIENTED_EDGE('',*,*,#4791,.T.);
#6804=EDGE_LOOP('',(#6799,#6801,#6802,#6803));
#6805=FACE_OUTER_BOUND('',#6804,.F.);
#6806=ADVANCED_FACE('',(#6805),#6798,.T.);
#6807=CARTESIAN_POINT('',(-1.869999992778E1,3.5E0,1.935000000252E1));
#6808=DIRECTION('',(-1.E0,0.E0,1.102057292506E-14));
#6809=DIRECTION('',(0.E0,1.E0,0.E0));
#6810=AXIS2_PLACEMENT_3D('',#6807,#6808,#6809);
#6811=CYLINDRICAL_SURFACE('',#6810,6.5E0);
#6812=ORIENTED_EDGE('',*,*,#6800,.T.);
#6814=ORIENTED_EDGE('',*,*,#6813,.F.);
#6815=ORIENTED_EDGE('',*,*,#4452,.T.);
#6817=ORIENTED_EDGE('',*,*,#6816,.F.);
#6818=EDGE_LOOP('',(#6812,#6814,#6815,#6817));
#6819=FACE_OUTER_BOUND('',#6818,.F.);
#6820=ADVANCED_FACE('',(#6819),#6811,.T.);
#6821=CARTESIAN_POINT('',(-1.869999992778E1,-3.300735254368E0,
2.735000000252E1));
#6822=DIRECTION('',(1.E0,0.E0,1.357506226342E-14));
#6823=DIRECTION('',(0.E0,1.E0,0.E0));
#6824=AXIS2_PLACEMENT_3D('',#6821,#6822,#6823);
#6825=CYLINDRICAL_SURFACE('',#6824,3.999999999999E0);
#6826=ORIENTED_EDGE('',*,*,#6646,.T.);
#6828=ORIENTED_EDGE('',*,*,#6827,.F.);
#6829=ORIENTED_EDGE('',*,*,#4454,.T.);
#6830=ORIENTED_EDGE('',*,*,#6813,.T.);
#6831=EDGE_LOOP('',(#6826,#6828,#6829,#6830));
#6832=FACE_OUTER_BOUND('',#6831,.F.);
#6833=ADVANCED_FACE('',(#6832),#6825,.F.);
#6834=CARTESIAN_POINT('',(-2.069999992778E1,-9.699264745633E0,
2.335000000252E1));
#6835=DIRECTION('',(0.E0,0.E0,1.E0));
#6836=DIRECTION('',(1.E0,0.E0,0.E0));
#6837=AXIS2_PLACEMENT_3D('',#6834,#6835,#6836);
#6838=PLANE('',#6837);
#6839=ORIENTED_EDGE('',*,*,#6661,.T.);
#6841=ORIENTED_EDGE('',*,*,#6840,.T.);
#6842=ORIENTED_EDGE('',*,*,#4456,.F.);
#6843=ORIENTED_EDGE('',*,*,#6827,.T.);
#6844=EDGE_LOOP('',(#6839,#6841,#6842,#6843));
#6845=FACE_OUTER_BOUND('',#6844,.F.);
#6846=ADVANCED_FACE('',(#6845),#6838,.T.);
#6847=CARTESIAN_POINT('',(-1.869999992778E1,-9.699264745632E0,
2.735000000252E1));
#6848=DIRECTION('',(1.E0,0.E0,1.357506226343E-14));
#6849=DIRECTION('',(0.E0,1.E0,0.E0));
#6850=AXIS2_PLACEMENT_3D('',#6847,#6848,#6849);
#6851=CYLINDRICAL_SURFACE('',#6850,4.E0);
#6852=ORIENTED_EDGE('',*,*,#6675,.T.);
#6854=ORIENTED_EDGE('',*,*,#6853,.F.);
#6855=ORIENTED_EDGE('',*,*,#4458,.T.);
#6856=ORIENTED_EDGE('',*,*,#6840,.F.);
#6857=EDGE_LOOP('',(#6852,#6854,#6855,#6856));
#6858=FACE_OUTER_BOUND('',#6857,.F.);
#6859=ADVANCED_FACE('',(#6858),#6851,.F.);
#6860=CARTESIAN_POINT('',(-1.869999992778E1,-1.65E1,1.935000000252E1));
#6861=DIRECTION('',(-1.E0,0.E0,0.E0));
#6862=DIRECTION('',(0.E0,1.E0,0.E0));
#6863=AXIS2_PLACEMENT_3D('',#6860,#6861,#6862);
#6864=CYLINDRICAL_SURFACE('',#6863,6.5E0);
#6865=ORIENTED_EDGE('',*,*,#6689,.T.);
#6867=ORIENTED_EDGE('',*,*,#6866,.F.);
#6868=ORIENTED_EDGE('',*,*,#4460,.T.);
#6869=ORIENTED_EDGE('',*,*,#6853,.T.);
#6870=EDGE_LOOP('',(#6865,#6867,#6868,#6869));
#6871=FACE_OUTER_BOUND('',#6870,.F.);
#6872=ADVANCED_FACE('',(#6871),#6864,.T.);
#6873=CARTESIAN_POINT('',(-1.869999992778E1,-1.602587135576E1,
2.983928987499E1));
#6874=DIRECTION('',(1.E0,0.E0,0.E0));
#6875=DIRECTION('',(0.E0,1.E0,0.E0));
#6876=AXIS2_PLACEMENT_3D('',#6873,#6874,#6875);
#6877=CYLINDRICAL_SURFACE('',#6876,4.E0);
#6878=ORIENTED_EDGE('',*,*,#6703,.T.);
#6880=ORIENTED_EDGE('',*,*,#6879,.F.);
#6881=ORIENTED_EDGE('',*,*,#4462,.T.);
#6882=ORIENTED_EDGE('',*,*,#6866,.T.);
#6883=EDGE_LOOP('',(#6878,#6880,#6881,#6882));
#6884=FACE_OUTER_BOUND('',#6883,.F.);
#6885=ADVANCED_FACE('',(#6884),#6877,.F.);
#6886=CARTESIAN_POINT('',(-2.069999992778E1,-2.002587135576E1,
4.592500001338E1));
#6887=DIRECTION('',(0.E0,1.E0,0.E0));
#6888=DIRECTION('',(1.E0,0.E0,0.E0));
#6889=AXIS2_PLACEMENT_3D('',#6886,#6887,#6888);
#6890=PLANE('',#6889);
#6891=ORIENTED_EDGE('',*,*,#6717,.T.);
#6893=ORIENTED_EDGE('',*,*,#6892,.T.);
#6894=ORIENTED_EDGE('',*,*,#4464,.F.);
#6895=ORIENTED_EDGE('',*,*,#6879,.T.);
#6896=EDGE_LOOP('',(#6891,#6893,#6894,#6895));
#6897=FACE_OUTER_BOUND('',#6896,.F.);
#6898=ADVANCED_FACE('',(#6897),#6890,.T.);
#6899=CARTESIAN_POINT('',(-1.869999992778E1,-1.702587135576E1,
4.592500001338E1));
#6900=DIRECTION('',(1.E0,0.E0,0.E0));
#6901=DIRECTION('',(0.E0,1.E0,0.E0));
#6902=AXIS2_PLACEMENT_3D('',#6899,#6900,#6901);
#6903=CYLINDRICAL_SURFACE('',#6902,3.E0);
#6904=ORIENTED_EDGE('',*,*,#6731,.T.);
#6906=ORIENTED_EDGE('',*,*,#6905,.F.);
#6907=ORIENTED_EDGE('',*,*,#4466,.T.);
#6908=ORIENTED_EDGE('',*,*,#6892,.F.);
#6909=EDGE_LOOP('',(#6904,#6906,#6907,#6908));
#6910=FACE_OUTER_BOUND('',#6909,.F.);
#6911=ADVANCED_FACE('',(#6910),#6903,.F.);
#6912=CARTESIAN_POINT('',(-2.069999992778E1,3.474128644240E0,4.892500001338E1));
#6913=DIRECTION('',(0.E0,0.E0,-1.E0));
#6914=DIRECTION('',(1.E0,0.E0,0.E0));
#6915=AXIS2_PLACEMENT_3D('',#6912,#6913,#6914);
#6916=PLANE('',#6915);
#6917=ORIENTED_EDGE('',*,*,#6745,.T.);
#6919=ORIENTED_EDGE('',*,*,#6918,.T.);
#6920=ORIENTED_EDGE('',*,*,#4468,.F.);
#6921=ORIENTED_EDGE('',*,*,#6905,.T.);
#6922=EDGE_LOOP('',(#6917,#6919,#6920,#6921));
#6923=FACE_OUTER_BOUND('',#6922,.F.);
#6924=ADVANCED_FACE('',(#6923),#6916,.T.);
#6925=CARTESIAN_POINT('',(-1.869999992778E1,3.474128644240E0,4.592500001338E1));
#6926=DIRECTION('',(1.E0,0.E0,0.E0));
#6927=DIRECTION('',(0.E0,1.E0,0.E0));
#6928=AXIS2_PLACEMENT_3D('',#6925,#6926,#6927);
#6929=CYLINDRICAL_SURFACE('',#6928,3.E0);
#6930=ORIENTED_EDGE('',*,*,#6759,.T.);
#6932=ORIENTED_EDGE('',*,*,#6931,.F.);
#6933=ORIENTED_EDGE('',*,*,#4470,.T.);
#6934=ORIENTED_EDGE('',*,*,#6918,.F.);
#6935=EDGE_LOOP('',(#6930,#6932,#6933,#6934));
#6936=FACE_OUTER_BOUND('',#6935,.F.);
#6937=ADVANCED_FACE('',(#6936),#6929,.F.);
#6938=CARTESIAN_POINT('',(-2.069999992778E1,6.474128644240E0,2.979976497411E1));
#6939=DIRECTION('',(0.E0,-1.E0,0.E0));
#6940=DIRECTION('',(1.E0,0.E0,0.E0));
#6941=AXIS2_PLACEMENT_3D('',#6938,#6939,#6940);
#6942=PLANE('',#6941);
#6943=ORIENTED_EDGE('',*,*,#6773,.T.);
#6945=ORIENTED_EDGE('',*,*,#6944,.T.);
#6946=ORIENTED_EDGE('',*,*,#4472,.F.);
#6947=ORIENTED_EDGE('',*,*,#6931,.T.);
#6948=EDGE_LOOP('',(#6943,#6945,#6946,#6947));
#6949=FACE_OUTER_BOUND('',#6948,.F.);
#6950=ADVANCED_FACE('',(#6949),#6942,.T.);
#6951=CARTESIAN_POINT('',(-1.869999992778E1,2.474128644240E0,2.979976497411E1));
#6952=DIRECTION('',(1.E0,0.E0,0.E0));
#6953=DIRECTION('',(0.E0,1.E0,0.E0));
#6954=AXIS2_PLACEMENT_3D('',#6951,#6952,#6953);
#6955=CYLINDRICAL_SURFACE('',#6954,4.E0);
#6956=ORIENTED_EDGE('',*,*,#6787,.T.);
#6957=ORIENTED_EDGE('',*,*,#6816,.T.);
#6958=ORIENTED_EDGE('',*,*,#4450,.T.);
#6959=ORIENTED_EDGE('',*,*,#6944,.F.);
#6960=EDGE_LOOP('',(#6956,#6957,#6958,#6959));
#6961=FACE_OUTER_BOUND('',#6960,.F.);
#6962=ADVANCED_FACE('',(#6961),#6955,.F.);
#6963=CARTESIAN_POINT('',(-1.744999992778E1,-6.402587135576E1,9.875E1));
#6964=DIRECTION('',(1.E0,0.E0,0.E0));
#6965=DIRECTION('',(0.E0,1.E0,0.E0));
#6966=AXIS2_PLACEMENT_3D('',#6963,#6964,#6965);
#6967=CYLINDRICAL_SURFACE('',#6966,3.25E0);
#6968=ORIENTED_EDGE('',*,*,#4815,.T.);
#6970=ORIENTED_EDGE('',*,*,#6969,.F.);
#6972=ORIENTED_EDGE('',*,*,#6971,.T.);
#6974=ORIENTED_EDGE('',*,*,#6973,.T.);
#6975=EDGE_LOOP('',(#6968,#6970,#6972,#6974));
#6976=FACE_OUTER_BOUND('',#6975,.F.);
#6977=ADVANCED_FACE('',(#6976),#6967,.F.);
#6978=CARTESIAN_POINT('',(-1.744999992778E1,-6.402587135576E1,9.875E1));
#6979=DIRECTION('',(1.E0,0.E0,0.E0));
#6980=DIRECTION('',(0.E0,1.E0,0.E0));
#6981=AXIS2_PLACEMENT_3D('',#6978,#6979,#6980);
#6982=CYLINDRICAL_SURFACE('',#6981,3.25E0);
#6983=ORIENTED_EDGE('',*,*,#6969,.T.);
#6984=ORIENTED_EDGE('',*,*,#4817,.T.);
#6985=ORIENTED_EDGE('',*,*,#6973,.F.);
#6987=ORIENTED_EDGE('',*,*,#6986,.T.);
#6988=EDGE_LOOP('',(#6983,#6984,#6985,#6987));
#6989=FACE_OUTER_BOUND('',#6988,.F.);
#6990=ADVANCED_FACE('',(#6989),#6982,.F.);
#6991=CARTESIAN_POINT('',(-1.819999992778E1,-6.077587135576E1,1.02E2));
#6992=DIRECTION('',(1.E0,0.E0,0.E0));
#6993=DIRECTION('',(0.E0,1.E0,0.E0));
#6994=AXIS2_PLACEMENT_3D('',#6991,#6992,#6993);
#6995=PLANE('',#6994);
#6996=ORIENTED_EDGE('',*,*,#6986,.F.);
#6997=ORIENTED_EDGE('',*,*,#6971,.F.);
#6998=EDGE_LOOP('',(#6996,#6997));
#6999=FACE_OUTER_BOUND('',#6998,.F.);
#7001=ORIENTED_EDGE('',*,*,#7000,.F.);
#7003=ORIENTED_EDGE('',*,*,#7002,.F.);
#7005=ORIENTED_EDGE('',*,*,#7004,.F.);
#7007=ORIENTED_EDGE('',*,*,#7006,.F.);
#7008=EDGE_LOOP('',(#7001,#7003,#7005,#7007));
#7009=FACE_BOUND('',#7008,.F.);
#7010=ADVANCED_FACE('',(#6999,#7009),#6995,.T.);
#7011=CARTESIAN_POINT('',(-1.869999992778E1,-6.402587135576E1,9.875E1));
#7012=DIRECTION('',(1.E0,0.E0,0.E0));
#7013=DIRECTION('',(0.E0,1.E0,0.E0));
#7014=AXIS2_PLACEMENT_3D('',#7011,#7012,#7013);
#7015=CYLINDRICAL_SURFACE('',#7014,1.75E0);
#7017=ORIENTED_EDGE('',*,*,#7016,.T.);
#7018=ORIENTED_EDGE('',*,*,#4402,.T.);
#7019=ORIENTED_EDGE('',*,*,#4400,.T.);
#7021=ORIENTED_EDGE('',*,*,#7020,.F.);
#7022=ORIENTED_EDGE('',*,*,#7000,.T.);
#7023=ORIENTED_EDGE('',*,*,#7006,.T.);
#7024=EDGE_LOOP('',(#7017,#7018,#7019,#7021,#7022,#7023));
#7025=FACE_OUTER_BOUND('',#7024,.F.);
#7026=ADVANCED_FACE('',(#7025),#7015,.F.);
#7027=CARTESIAN_POINT('',(-1.869999992778E1,-6.402587135576E1,9.875E1));
#7028=DIRECTION('',(1.E0,0.E0,0.E0));
#7029=DIRECTION('',(0.E0,1.E0,0.E0));
#7030=AXIS2_PLACEMENT_3D('',#7027,#7028,#7029);
#7031=CYLINDRICAL_SURFACE('',#7030,1.75E0);
#7032=ORIENTED_EDGE('',*,*,#4404,.T.);
#7033=ORIENTED_EDGE('',*,*,#7016,.F.);
#7034=ORIENTED_EDGE('',*,*,#7004,.T.);
#7035=ORIENTED_EDGE('',*,*,#7002,.T.);
#7036=ORIENTED_EDGE('',*,*,#7020,.T.);
#7037=ORIENTED_EDGE('',*,*,#4398,.T.);
#7038=EDGE_LOOP('',(#7032,#7033,#7034,#7035,#7036,#7037));
#7039=FACE_OUTER_BOUND('',#7038,.F.);
#7040=ADVANCED_FACE('',(#7039),#7031,.F.);
#7041=CARTESIAN_POINT('',(-1.744999992778E1,-6.402587135576E1,-6.825E1));
#7042=DIRECTION('',(1.E0,0.E0,0.E0));
#7043=DIRECTION('',(0.E0,1.E0,0.E0));
#7044=AXIS2_PLACEMENT_3D('',#7041,#7042,#7043);
#7045=CYLINDRICAL_SURFACE('',#7044,3.25E0);
#7046=ORIENTED_EDGE('',*,*,#4821,.T.);
#7048=ORIENTED_EDGE('',*,*,#7047,.F.);
#7050=ORIENTED_EDGE('',*,*,#7049,.T.);
#7052=ORIENTED_EDGE('',*,*,#7051,.F.);
#7053=EDGE_LOOP('',(#7046,#7048,#7050,#7052));
#7054=FACE_OUTER_BOUND('',#7053,.F.);
#7055=ADVANCED_FACE('',(#7054),#7045,.F.);
#7056=CARTESIAN_POINT('',(-1.744999992778E1,-6.402587135576E1,-6.825E1));
#7057=DIRECTION('',(1.E0,0.E0,0.E0));
#7058=DIRECTION('',(0.E0,1.E0,0.E0));
#7059=AXIS2_PLACEMENT_3D('',#7056,#7057,#7058);
#7060=CYLINDRICAL_SURFACE('',#7059,3.25E0);
#7061=ORIENTED_EDGE('',*,*,#7047,.T.);
#7062=ORIENTED_EDGE('',*,*,#4823,.T.);
#7063=ORIENTED_EDGE('',*,*,#7051,.T.);
#7065=ORIENTED_EDGE('',*,*,#7064,.T.);
#7066=EDGE_LOOP('',(#7061,#7062,#7063,#7065));
#7067=FACE_OUTER_BOUND('',#7066,.F.);
#7068=ADVANCED_FACE('',(#7067),#7060,.F.);
#7069=CARTESIAN_POINT('',(-1.819999992778E1,-6.077587135576E1,-6.5E1));
#7070=DIRECTION('',(1.E0,0.E0,0.E0));
#7071=DIRECTION('',(0.E0,1.E0,0.E0));
#7072=AXIS2_PLACEMENT_3D('',#7069,#7070,#7071);
#7073=PLANE('',#7072);
#7074=ORIENTED_EDGE('',*,*,#7064,.F.);
#7075=ORIENTED_EDGE('',*,*,#7049,.F.);
#7076=EDGE_LOOP('',(#7074,#7075));
#7077=FACE_OUTER_BOUND('',#7076,.F.);
#7079=ORIENTED_EDGE('',*,*,#7078,.F.);
#7081=ORIENTED_EDGE('',*,*,#7080,.F.);
#7083=ORIENTED_EDGE('',*,*,#7082,.F.);
#7085=ORIENTED_EDGE('',*,*,#7084,.F.);
#7086=EDGE_LOOP('',(#7079,#7081,#7083,#7085));
#7087=FACE_BOUND('',#7086,.F.);
#7088=ADVANCED_FACE('',(#7077,#7087),#7073,.T.);
#7089=CARTESIAN_POINT('',(-1.869999992778E1,-6.402587135576E1,-6.825E1));
#7090=DIRECTION('',(1.E0,0.E0,0.E0));
#7091=DIRECTION('',(0.E0,1.E0,0.E0));
#7092=AXIS2_PLACEMENT_3D('',#7089,#7090,#7091);
#7093=CYLINDRICAL_SURFACE('',#7092,1.75E0);
#7095=ORIENTED_EDGE('',*,*,#7094,.T.);
#7096=ORIENTED_EDGE('',*,*,#4412,.T.);
#7097=ORIENTED_EDGE('',*,*,#4410,.T.);
#7099=ORIENTED_EDGE('',*,*,#7098,.F.);
#7100=ORIENTED_EDGE('',*,*,#7078,.T.);
#7101=ORIENTED_EDGE('',*,*,#7084,.T.);
#7102=EDGE_LOOP('',(#7095,#7096,#7097,#7099,#7100,#7101));
#7103=FACE_OUTER_BOUND('',#7102,.F.);
#7104=ADVANCED_FACE('',(#7103),#7093,.F.);
#7105=CARTESIAN_POINT('',(-1.869999992778E1,-6.402587135576E1,-6.825E1));
#7106=DIRECTION('',(1.E0,0.E0,0.E0));
#7107=DIRECTION('',(0.E0,1.E0,0.E0));
#7108=AXIS2_PLACEMENT_3D('',#7105,#7106,#7107);
#7109=CYLINDRICAL_SURFACE('',#7108,1.75E0);
#7110=ORIENTED_EDGE('',*,*,#4414,.T.);
#7111=ORIENTED_EDGE('',*,*,#7094,.F.);
#7112=ORIENTED_EDGE('',*,*,#7082,.T.);
#7113=ORIENTED_EDGE('',*,*,#7080,.T.);
#7114=ORIENTED_EDGE('',*,*,#7098,.T.);
#7115=ORIENTED_EDGE('',*,*,#4408,.T.);
#7116=EDGE_LOOP('',(#7110,#7111,#7112,#7113,#7114,#7115));
#7117=FACE_OUTER_BOUND('',#7116,.F.);
#7118=ADVANCED_FACE('',(#7117),#7109,.F.);
#7119=CLOSED_SHELL('',(#4320,#4335,#4348,#4548,#4563,#4578,#4593,#4606,#4620,
#4634,#4827,#4841,#4854,#4868,#4881,#4895,#4908,#4922,#4935,#4949,#4962,#4976,
#4989,#5003,#5016,#5030,#5043,#5057,#5070,#5084,#5097,#5111,#5124,#5138,#5151,
#5164,#5176,#5191,#5206,#5223,#5237,#5249,#5262,#5274,#5289,#5303,#5316,#5328,
#5345,#5363,#5377,#5393,#5406,#5423,#5441,#5455,#5471,#5484,#5499,#5515,#5529,
#5543,#5557,#5570,#5584,#5597,#5612,#5625,#5638,#5650,#5665,#5679,#5693,#5709,
#5723,#5736,#5750,#5763,#5776,#5789,#5804,#5816,#5831,#5845,#5861,#5875,#5889,
#5902,#5916,#5929,#5942,#5957,#5970,#5982,#5997,#6011,#6025,#6039,#6053,#6069,
#6083,#6097,#6111,#6125,#6139,#6152,#6166,#6179,#6192,#6205,#6218,#6231,#6246,
#6259,#6272,#6285,#6298,#6310,#6325,#6339,#6353,#6367,#6381,#6395,#6411,#6425,
#6439,#6453,#6467,#6480,#6494,#6507,#6520,#6533,#6546,#6559,#6572,#6587,#6600,
#6613,#6626,#6638,#6653,#6667,#6681,#6695,#6709,#6723,#6737,#6751,#6765,#6779,
#6793,#6806,#6820,#6833,#6846,#6859,#6872,#6885,#6898,#6911,#6924,#6937,#6950,
#6962,#6977,#6990,#7010,#7026,#7040,#7055,#7068,#7088,#7104,#7118));
#7120=MANIFOLD_SOLID_BREP('',#7119);
#7121=FILL_AREA_STYLE_COLOUR('',#84);
#7122=FILL_AREA_STYLE('',(#7121));
#7123=SURFACE_STYLE_FILL_AREA(#7122);
#7124=SURFACE_SIDE_STYLE('',(#7123));
#7125=SURFACE_STYLE_USAGE(.BOTH.,#7124);
#7126=PRESENTATION_STYLE_ASSIGNMENT((#7125));
#366=STYLED_ITEM('',(#7126),#7120);
#7128=DIMENSIONAL_EXPONENTS(0.E0,0.E0,0.E0,0.E0,0.E0,0.E0,0.E0);
#7130=PLANE_ANGLE_MEASURE_WITH_UNIT(PLANE_ANGLE_MEASURE(1.745329251994E-2),
#7129);
#7131=(CONVERSION_BASED_UNIT('DEGREE',#7130)NAMED_UNIT(*)PLANE_ANGLE_UNIT());
#7133=UNCERTAINTY_MEASURE_WITH_UNIT(LENGTH_MEASURE(5.E-3),#7127,'closure',
'Maximum model space distance between geometric entities at asserted connectivities');
#7134=(GEOMETRIC_REPRESENTATION_CONTEXT(3)GLOBAL_UNCERTAINTY_ASSIGNED_CONTEXT((
#7133))GLOBAL_UNIT_ASSIGNED_CONTEXT((#7127,#7131,#7132))REPRESENTATION_CONTEXT(
'ID1','3'));
#7136=MECHANICAL_DESIGN_GEOMETRIC_PRESENTATION_REPRESENTATION('',(#375,#383,
#391,#399,#406,#413,#421,#428,#436,#443,#451,#458,#466,#473,#481,#488,#496,#503,
#511,#518,#526,#533,#541,#549,#557,#565,#573,#581,#589,#597,#605,#613,#621,#629,
#637,#644,#652,#659,#667,#675,#682,#690,#697,#705,#712,#720,#727,#735,#743,#751,
#759,#767,#775,#783,#791,#799,#807,#814,#822,#829,#837,#844,#852,#860,#868,#875,
#883,#891,#899,#907,#915,#923,#931,#938,#946,#954,#962,#969,#977,#984,#992,#999,
#1006,#1014,#1022,#1029,#1037,#1045,#1052,#1059,#1067,#1077,#1084,#1091,#1098,
#1105,#1115,#1123,#1130,#1138,#1145,#1153,#1160,#1168,#1175,#1183,#1190,#1198,
#1205,#1213,#1220,#1228,#1235,#1243,#1250,#1258,#1266,#1274,#1282,#1289,#1297,
#1304,#1312,#1319,#1327,#1334,#1342,#1349,#1357,#1364,#1372,#1380,#1387,#1395,
#1402,#1410,#1417,#1425,#1432,#1440,#1448,#1456,#1463,#1471,#1479,#1487,#1494,
#1502,#1509,#1516,#1524,#1531,#1539,#1546,#1554,#1562,#1570,#1577,#1585,#1593,
#1601,#1609,#1617,#1625,#1632,#1640,#1647,#1655,#1662,#1670,#1678,#1686,#1693,
#1701,#1709,#1717,#1725,#1732,#1739,#1746,#1753,#1761,#1768,#1775,#1782,#1789,
#1796,#1804,#1811,#1818,#1825,#1832,#1839,#1847,#1854,#1861,#1868,#1875,#1882,
#1890,#1897,#1904,#1911,#1918,#1925,#1933,#1940,#1947,#1954,#1961,#1968,#1976,
#1983,#1990,#1998,#2005,#2013,#2020,#2028,#2036,#2044,#2052,#2059,#2066,#2073,
#2081,#2088,#2096,#2104,#2111,#2119,#2126,#2133,#2141,#2148,#2156,#2164,#2172,
#2180,#2188,#2196,#2204,#2211,#2219,#2227,#2234,#2241,#2248,#2255,#2263,#2271,
#2278,#2286,#2294,#2302,#2310,#2318,#2326,#2333,#2340,#2347,#2354,#2362,#2370,
#2377,#2384,#2391,#2399,#2406,#2413,#2420,#2428,#2435,#2442,#2449,#2456,#2463,
#2470,#2477,#2484,#2491,#2498,#2506,#2513,#2520,#2527,#2535,#2543,#2550,#2557,
#2564,#2572,#2579,#2586,#2593,#2600,#2607,#2614,#2621,#2628,#2636,#2643,#2650,
#2657,#2665,#2673,#2680,#2687,#2694,#2702,#2709,#2716,#2723,#2730,#2737,#2744,
#2751,#2758,#2765,#2773,#2780,#2787,#2794,#2802,#2809,#2816,#2824,#2831,#2838,
#2846,#2854,#2861,#2868,#2876,#2883,#2890,#2898,#2905,#2913,#2920,#2928,#2935,
#2942,#2949,#2956,#2963,#2970,#2977,#2984,#2991,#2998,#3005,#3012,#3019,#3026,
#3033,#3041,#3048,#3056,#3063,#3070,#3078,#3085,#3092,#3099,#3107,#3114,#3121,
#3129,#3137,#3144,#3152,#3159,#3166,#3174,#3181,#3188,#3195,#3203,#3210,#3217,
#3224,#3231,#3238,#3245,#3252,#3259,#3266,#3273,#3280,#3287,#3294,#3301,#3309,
#3316,#3323,#3330,#3338,#3345,#3352,#3360,#3367,#3375,#3382,#3389,#3397,#3404,
#3411,#3418,#3426,#3433,#3440,#3447,#3455,#3462,#3470,#3477,#3484,#3491,#3498,
#3505,#3512,#3519,#3526,#3533,#3540,#3547,#3554,#3561,#3568,#3575,#3582,#3589,
#3596,#3604,#3612,#3620,#3628,#3636,#3644,#3651,#3658,#3665,#3672,#3680,#3688,
#3696,#3704,#3712,#3720,#3727,#3734,#366),#7134);
#7137=APPLICATION_CONTEXT(
'CONFIGURATION CONTROLLED 3D DESIGNS OF MECHANICAL PARTS AND ASSEMBLIES');
#7138=APPLICATION_PROTOCOL_DEFINITION('international standard',
'config_control_design',1994,#7137);
#7139=DESIGN_CONTEXT('',#7137,'design');
#7140=MECHANICAL_CONTEXT('',#7137,'mechanical');
#7141=PRODUCT('FILAMENT-TRACK-SWITCH-HOLDER-ID',
'FILAMENT-TRACK-SWITCH-HOLDER-ID','NOT SPECIFIED',(#7140));
#7142=PRODUCT_DEFINITION_FORMATION_WITH_SPECIFIED_SOURCE('1','LAST_VERSION',
#7141,.MADE.);
#7146=PRODUCT_CATEGORY('part','');
#7147=PRODUCT_RELATED_PRODUCT_CATEGORY('detail','',(#7141));
#7148=PRODUCT_CATEGORY_RELATIONSHIP('','',#7146,#7147);
#7149=SECURITY_CLASSIFICATION_LEVEL('unclassified');
#7150=SECURITY_CLASSIFICATION('','',#7149);
#7151=CC_DESIGN_SECURITY_CLASSIFICATION(#7150,(#7142));
#7152=APPROVAL_STATUS('approved');
#7153=APPROVAL(#7152,'');
#7154=CC_DESIGN_APPROVAL(#7153,(#7150,#7142,#7143));
#7155=CALENDAR_DATE(126,27,1);
#7156=COORDINATED_UNIVERSAL_TIME_OFFSET(8,0,.AHEAD.);
#7157=LOCAL_TIME(19,2,2.2E1,#7156);
#7158=DATE_AND_TIME(#7155,#7157);
#7159=APPROVAL_DATE_TIME(#7158,#7153);
#7160=DATE_TIME_ROLE('creation_date');
#7161=CC_DESIGN_DATE_AND_TIME_ASSIGNMENT(#7158,#7160,(#7143));
#7162=DATE_TIME_ROLE('classification_date');
#7163=CC_DESIGN_DATE_AND_TIME_ASSIGNMENT(#7158,#7162,(#7150));
#7164=PERSON('UNSPECIFIED','UNSPECIFIED',$,$,$,$);
#7165=ORGANIZATION('UNSPECIFIED','UNSPECIFIED','UNSPECIFIED');
#7166=PERSON_AND_ORGANIZATION(#7164,#7165);
#7167=APPROVAL_ROLE('approver');
#7168=APPROVAL_PERSON_ORGANIZATION(#7166,#7153,#7167);
#7169=PERSON_AND_ORGANIZATION_ROLE('creator');
#7170=CC_DESIGN_PERSON_AND_ORGANIZATION_ASSIGNMENT(#7166,#7169,(#7142,#7143));
#7171=PERSON_AND_ORGANIZATION_ROLE('design_supplier');
#7172=CC_DESIGN_PERSON_AND_ORGANIZATION_ASSIGNMENT(#7166,#7171,(#7142));
#7173=PERSON_AND_ORGANIZATION_ROLE('classification_officer');
#7174=CC_DESIGN_PERSON_AND_ORGANIZATION_ASSIGNMENT(#7166,#7173,(#7150));
#7175=PERSON_AND_ORGANIZATION_ROLE('design_owner');
#7176=CC_DESIGN_PERSON_AND_ORGANIZATION_ASSIGNMENT(#7166,#7175,(#7141));
#1=DRAUGHTING_PRE_DEFINED_COLOUR('black');
#2=COLOUR_RGB('',0.E0,0.E0,4.7E-1);
#3=COLOUR_RGB('',0.E0,0.E0,5.02E-1);
#4=COLOUR_RGB('',0.E0,0.E0,5.45E-1);
#5=COLOUR_RGB('',0.E0,0.E0,6.E-1);
#6=COLOUR_RGB('',0.E0,0.E0,8.E-1);
#7=COLOUR_RGB('',0.E0,0.E0,8.04E-1);
#8=DRAUGHTING_PRE_DEFINED_COLOUR('blue');
#9=COLOUR_RGB('',0.E0,1.E-2,1.E0);
#10=COLOUR_RGB('',0.E0,2.8E-2,7.E-1);
#11=COLOUR_RGB('',0.E0,3.1E-2,3.4E-1);
#12=COLOUR_RGB('',0.E0,2.E-1,1.E0);
#13=COLOUR_RGB('',0.E0,2.58E-1,5.6E-1);
#14=COLOUR_RGB('',0.E0,3.3E-1,0.E0);
#15=COLOUR_RGB('',0.E0,3.3E-1,3.3E-1);
#16=COLOUR_RGB('',0.E0,3.92E-1,0.E0);
#17=COLOUR_RGB('',0.E0,4.E-1,0.E0);
#18=COLOUR_RGB('',0.E0,4.E-1,4.E-1);
#19=COLOUR_RGB('',0.E0,4.E-1,6.E-1);
#20=COLOUR_RGB('',0.E0,4.E-1,1.E0);
#21=COLOUR_RGB('',0.E0,5.02E-1,0.E0);
#22=COLOUR_RGB('',0.E0,5.02E-1,5.02E-1);
#23=COLOUR_RGB('',0.E0,5.3E-1,5.3E-1);
#24=COLOUR_RGB('',0.E0,5.45E-1,5.45E-1);
#25=COLOUR_RGB('',0.E0,6.E-1,0.E0);
#26=COLOUR_RGB('',0.E0,6.E-1,4.5098E-1);
#27=COLOUR_RGB('',0.E0,6.E-1,6.E-1);
#28=COLOUR_RGB('',0.E0,6.E-1,1.E0);
#29=COLOUR_RGB('',0.E0,7.49E-1,1.E0);
#30=COLOUR_RGB('',0.E0,8.E-1,0.E0);
#31=COLOUR_RGB('',0.E0,8.E-1,8.E-1);
#32=COLOUR_RGB('',0.E0,8.E-1,1.E0);
#33=COLOUR_RGB('',0.E0,8.03922E-1,5.2549E-1);
#34=COLOUR_RGB('',0.E0,8.08E-1,8.2E-1);
#35=COLOUR_RGB('',0.E0,9.3E-1,0.E0);
#36=COLOUR_RGB('',0.E0,9.3E-1,9.3E-1);
#37=COLOUR_RGB('',0.E0,9.8E-1,6.04E-1);
#38=DRAUGHTING_PRE_DEFINED_COLOUR('green');
#39=COLOUR_RGB('',0.E0,1.E0,2.E-1);
#40=COLOUR_RGB('',0.E0,1.E0,4.E-1);
#41=COLOUR_RGB('',0.E0,1.E0,4.98E-1);
#42=COLOUR_RGB('',0.E0,1.E0,6.E-1);
#43=COLOUR_RGB('',0.E0,1.E0,8.E-1);
#44=DRAUGHTING_PRE_DEFINED_COLOUR('cyan');
#45=COLOUR_RGB('',1.9E-2,6.37E-1,6.37E-1);
#46=COLOUR_RGB('',2.8E-2,5.37E-1,3.7E-2);
#47=COLOUR_RGB('',3.1E-2,2.E-1,6.27E-1);
#48=COLOUR_RGB('',3.1E-2,1.99E-1,6.3E-1);
#49=COLOUR_RGB('',3.E-2,9.81E-1,9.81E-1);
#50=COLOUR_RGB('',3.5E-2,5.14E-1,1.73E-1);
#51=COLOUR_RGB('',5.098E-2,2.31373E-1,8.E-1);
#52=COLOUR_RGB('',6.6E-2,4.E-3,5.93E-1);
#53=COLOUR_RGB('',6.6667E-2,5.17647E-1,6.39216E-1);
#54=COLOUR_RGB('',6.5E-2,9.81E-1,6.2E-2);
#55=COLOUR_RGB('',7.E-2,7.E-2,1.E0);
#56=COLOUR_RGB('',7.E-2,6.E-1,3.E-1);
#57=COLOUR_RGB('',7.8E-2,7.8E-2,7.8E-2);
#58=COLOUR_RGB('',8.E-2,1.E-1,1.1E-1);
#59=COLOUR_RGB('',9.8E-2,9.8E-2,4.39E-1);
#60=COLOUR_RGB('',1.01E-1,6.3E-1,5.03E-1);
#61=COLOUR_RGB('',1.18E-1,5.65E-1,1.E0);
#62=COLOUR_RGB('',1.25E-1,6.98E-1,6.67E-1);
#63=COLOUR_RGB('',1.33E-1,5.45E-1,1.33E-1);
#64=COLOUR_RGB('',1.44E-1,3.4E-2,0.E0);
#65=COLOUR_RGB('',1.60784E-1,6.31373E-1,2.58824E-1);
#66=COLOUR_RGB('',1.7E-1,1.7E-1,1.8E-1);
#67=COLOUR_RGB('',1.8E-1,5.45E-1,3.41E-1);
#68=COLOUR_RGB('',1.80392E-1,7.60784E-1,7.4902E-1);
#69=COLOUR_RGB('',1.84E-1,3.1E-1,3.1E-1);
#70=COLOUR_RGB('',1.9E-1,2.3E-1,3.1E-1);
#71=COLOUR_RGB('',1.96E-1,8.04E-1,1.96E-1);
#72=COLOUR_RGB('',2.E-1,2.E-1,2.E-1);
#73=COLOUR_RGB('',2.E-1,2.E-1,6.E-1);
#74=COLOUR_RGB('',2.E-1,4.E-1,2.E-1);
#75=COLOUR_RGB('',2.E-1,1.E0,0.E0);
#76=COLOUR_RGB('',2.E-1,1.E0,2.E-1);
#77=COLOUR_RGB('',2.E-1,1.E0,1.E0);
#78=COLOUR_RGB('',2.03922E-1,6.27451E-1,9.37255E-1);
#79=COLOUR_RGB('',2.12E-1,5.14E-1,4.16E-1);
#80=COLOUR_RGB('',2.28E-1,2.26E-1,2.52E-1);
#81=COLOUR_RGB('',2.3E-1,3.82E-1,5.6E-1);
#82=COLOUR_RGB('',2.35E-1,7.02E-1,4.43E-1);
#83=COLOUR_RGB('',2.43E-1,8.78E-1,8.16E-1);
#84=COLOUR_RGB('',2.45E-1,5.18E-1,9.48E-1);
#85=COLOUR_RGB('',2.49E-1,5.93E-1,6.3E-1);
#86=COLOUR_RGB('',2.47059E-1,6.E-1,7.4902E-1);
#87=COLOUR_RGB('',2.52E-1,2.52E-1,2.52E-1);
#88=COLOUR_RGB('',2.55E-1,4.12E-1,1.E0);
#89=COLOUR_RGB('',2.58824E-1,7.80392E-1,8.86275E-1);
#90=COLOUR_RGB('',2.62745E-1,1.E0,5.13725E-1);
#91=COLOUR_RGB('',2.7E-1,0.E0,4.E-1);
#92=COLOUR_RGB('',2.7E-1,2.7E-1,0.E0);
#93=COLOUR_RGB('',2.7E-1,2.7E-1,1.E0);
#94=COLOUR_RGB('',2.75E-1,5.1E-1,7.06E-1);
#95=COLOUR_RGB('',2.8E-1,2.8E-1,2.8E-1);
#96=COLOUR_RGB('',2.78431E-1,8.39216E-1,6.11765E-1);
#97=COLOUR_RGB('',2.82E-1,2.39E-1,5.45E-1);
#98=COLOUR_RGB('',2.82E-1,8.2E-1,8.E-1);
#99=COLOUR_RGB('',2.94E-1,0.E0,5.1E-1);
#100=COLOUR_RGB('',3.24E-1,5.77E-1,8.1E-1);
#101=COLOUR_RGB('',3.3E-1,0.E0,0.E0);
#102=COLOUR_RGB('',3.3E-1,0.E0,3.3E-1);
#103=COLOUR_RGB('',3.3E-1,0.E0,5.3E-1);
#104=COLOUR_RGB('',3.33E-1,4.2E-1,1.84E-1);
#105=COLOUR_RGB('',3.36E-1,2.55E-1,1.9E-2);
#106=COLOUR_RGB('',3.41176E-1,7.01961E-1,1.01961E-1);
#107=COLOUR_RGB('',3.44E-1,3.63E-1,3.74E-1);
#108=COLOUR_RGB('',3.52941E-1,6.86275E-1,7.4902E-1);
#109=COLOUR_RGB('',3.55E-1,3.53E-1,3.93E-1);
#110=COLOUR_RGB('',3.73E-1,6.2E-1,6.27E-1);
#111=COLOUR_RGB('',3.75E-1,3.8E-1,4.22E-1);
#112=COLOUR_RGB('',3.81E-1,4.41E-1,5.96E-1);
#113=COLOUR_RGB('',3.9E-1,4.4E-1,4.9E-1);
#114=COLOUR_RGB('',3.92E-1,4.37E-1,4.9E-1);
#115=COLOUR_RGB('',3.92E-1,5.84E-1,9.29E-1);
#116=COLOUR_RGB('',4.E-1,0.E0,4.E-1);
#117=COLOUR_RGB('',4.E-1,0.E0,6.7E-1);
#118=COLOUR_RGB('',4.E-1,0.E0,1.E0);
#119=COLOUR_RGB('',4.E-1,1.3E-1,0.E0);
#120=COLOUR_RGB('',3.99E-1,3.97E-1,6.41E-1);
#121=COLOUR_RGB('',4.E-1,4.E-1,0.E0);
#122=COLOUR_RGB('',4.E-1,4.E-1,1.E0);
#123=COLOUR_RGB('',4.E-1,8.E-1,1.E0);
#124=COLOUR_RGB('',4.E-1,8.04E-1,6.67E-1);
#125=COLOUR_RGB('',4.E-1,1.E0,0.E0);
#126=COLOUR_RGB('',4.E-1,1.E0,4.E-1);
#127=COLOUR_RGB('',4.E-1,1.E0,1.E0);
#128=COLOUR_RGB('',4.11765E-1,0.E0,2.19608E-1);
#129=COLOUR_RGB('',4.12E-1,4.12E-1,4.12E-1);
#130=COLOUR_RGB('',4.16E-1,3.53E-1,8.04E-1);
#131=COLOUR_RGB('',4.2E-1,4.2E-1,4.2E-1);
#132=COLOUR_RGB('',4.2E-1,5.57E-1,1.37E-1);
#133=COLOUR_RGB('',4.26E-1,4.26E-1,4.26E-1);
#134=COLOUR_RGB('',4.39E-1,5.02E-1,5.65E-1);
#135=COLOUR_RGB('',4.38E-1,5.03E-1,6.E-1);
#136=COLOUR_RGB('',4.4E-1,5.E-1,6.E-1);
#137=COLOUR_RGB('',4.67E-1,5.33E-1,6.E-1);
#138=COLOUR_RGB('',4.7E-1,0.E0,0.E0);
#139=COLOUR_RGB('',4.7E-1,0.E0,8.E-1);
#140=COLOUR_RGB('',4.7E-1,0.E0,8.7E-1);
#141=COLOUR_RGB('',4.7E-1,2.E-1,7.E-2);
#142=COLOUR_RGB('',4.7E-1,4.7E-1,4.7E-1);
#143=COLOUR_RGB('',4.78431E-1,4.5098E-1,7.09804E-1);
#144=COLOUR_RGB('',4.82E-1,4.08E-1,9.33E-1);
#145=COLOUR_RGB('',4.86E-1,9.88E-1,0.E0);
#146=COLOUR_RGB('',4.94118E-1,7.4902E-1,6.94118E-1);
#147=COLOUR_RGB('',4.99E-1,4.96E-1,5.52E-1);
#148=COLOUR_RGB('',4.98039E-1,7.4902E-1,3.88235E-1);
#149=COLOUR_RGB('',4.98E-1,1.E0,0.E0);
#150=COLOUR_RGB('',4.98E-1,1.E0,8.31E-1);
#151=COLOUR_RGB('',5.02E-1,0.E0,0.E0);
#152=COLOUR_RGB('',5.02E-1,0.E0,5.02E-1);
#153=COLOUR_RGB('',5.01961E-1,3.29412E-1,1.E0);
#154=COLOUR_RGB('',5.02E-1,5.02E-1,0.E0);
#155=COLOUR_RGB('',5.02E-1,5.02E-1,5.02E-1);
#156=COLOUR_RGB('',5.01961E-1,1.E0,5.01961E-1);
#157=COLOUR_RGB('',5.1E-1,3.97E-1,1.07E-1);
#158=COLOUR_RGB('',5.1E-1,4.E-1,1.1E-1);
#159=COLOUR_RGB('',5.3E-1,0.E0,9.3E-1);
#160=COLOUR_RGB('',5.3E-1,2.7E-1,1.3E-1);
#161=COLOUR_RGB('',5.3E-1,5.3E-1,1.E0);
#162=COLOUR_RGB('',5.29E-1,8.08E-1,9.22E-1);
#163=COLOUR_RGB('',5.29E-1,8.08E-1,9.8E-1);
#164=COLOUR_RGB('',5.41E-1,1.69E-1,8.86E-1);
#165=COLOUR_RGB('',5.45E-1,0.E0,0.E0);
#166=COLOUR_RGB('',5.45E-1,0.E0,5.45E-1);
#167=COLOUR_RGB('',5.45E-1,2.71E-1,7.5E-2);
#168=COLOUR_RGB('',5.5E-1,5.5E-1,5.5E-1);
#169=COLOUR_RGB('',5.5E-1,6.5E-1,7.3E-1);
#170=COLOUR_RGB('',5.61E-1,7.37E-1,5.61E-1);
#171=COLOUR_RGB('',5.65E-1,9.33E-1,5.65E-1);
#172=COLOUR_RGB('',5.68627E-1,9.37255E-1,9.37255E-1);
#173=COLOUR_RGB('',5.71E-1,6.1E-1,6.33E-1);
#174=COLOUR_RGB('',5.76E-1,4.39E-1,8.59E-1);
#175=COLOUR_RGB('',5.8E-1,0.E0,8.27E-1);
#176=COLOUR_RGB('',5.88235E-1,4.98039E-1,7.4902E-1);
#177=COLOUR_RGB('',5.96E-1,5.96E-1,5.96E-1);
#178=COLOUR_RGB('',5.96E-1,9.84E-1,5.96E-1);
#179=COLOUR_RGB('',6.E-1,0.E0,6.E-1);
#180=COLOUR_RGB('',6.E-1,1.96E-1,8.E-1);
#181=COLOUR_RGB('',6.E-1,2.E-1,4.E-1);
#182=COLOUR_RGB('',6.E-1,2.E-1,1.E0);
#183=COLOUR_RGB('',6.E-1,3.3E-1,2.E-1);
#184=COLOUR_RGB('',6.E-1,3.64706E-1,7.4902E-1);
#185=COLOUR_RGB('',6.E-1,4.E-1,4.E-1);
#186=COLOUR_RGB('',6.E-1,6.E-1,0.E0);
#187=COLOUR_RGB('',6.E-1,6.E-1,1.E0);
#188=COLOUR_RGB('',6.E-1,1.E0,6.E-1);
#189=COLOUR_RGB('',6.E-1,1.E0,1.E0);
#190=COLOUR_RGB('',6.03922E-1,7.4902E-1,9.0196E-2);
#191=COLOUR_RGB('',6.04E-1,8.04E-1,1.96E-1);
#192=COLOUR_RGB('',6.1E-1,0.E0,6.E-2);
#193=COLOUR_RGB('',6.16E-1,6.96E-1,7.7E-1);
#194=COLOUR_RGB('',6.2E-1,6.2E-1,6.2E-1);
#195=COLOUR_RGB('',6.27E-1,3.22E-1,1.76E-1);
#196=COLOUR_RGB('',6.4E-1,4.64E-1,3.01E-1);
#197=COLOUR_RGB('',6.4E-1,6.5E-1,6.5E-1);
#198=COLOUR_RGB('',6.47E-1,1.65E-1,1.65E-1);
#199=COLOUR_RGB('',6.56E-1,3.3E-2,6.E-1);
#200=COLOUR_RGB('',6.54902E-1,7.4902E-1,5.05882E-1);
#201=COLOUR_RGB('',6.59E-1,1.5E-2,2.9E-2);
#202=COLOUR_RGB('',6.63E-1,6.63E-1,6.63E-1);
#203=COLOUR_RGB('',6.62745E-1,8.90196E-1,0.E0);
#204=COLOUR_RGB('',6.7E-1,0.E0,0.E0);
#205=COLOUR_RGB('',6.7E-1,0.E0,5.3E-1);
#206=COLOUR_RGB('',6.7E-1,4.E-1,2.7E-1);
#207=COLOUR_RGB('',6.7E-1,4.E-1,1.E0);
#208=COLOUR_RGB('',6.7E-1,6.7E-1,1.E0);
#209=COLOUR_RGB('',6.7E-1,1.E0,0.E0);
#210=COLOUR_RGB('',6.78431E-1,5.64706E-1,7.4902E-1);
#211=COLOUR_RGB('',6.78E-1,8.47E-1,9.02E-1);
#212=COLOUR_RGB('',6.78E-1,1.E0,1.84E-1);
#213=COLOUR_RGB('',6.8E-1,8.1E-1,1.E0);
#214=COLOUR_RGB('',6.87E-1,6.83E-1,7.59E-1);
#215=COLOUR_RGB('',6.86E-1,9.33E-1,9.33E-1);
#216=COLOUR_RGB('',6.9E-1,7.69E-1,8.71E-1);
#217=COLOUR_RGB('',6.9E-1,8.78E-1,9.02E-1);
#218=COLOUR_RGB('',6.98E-1,1.33E-1,1.33E-1);
#219=COLOUR_RGB('',7.22E-1,5.25E-1,4.3E-2);
#220=COLOUR_RGB('',7.2549E-1,1.68627E-1,4.43137E-1);
#221=COLOUR_RGB('',7.3E-1,2.7E-1,1.E0);
#222=COLOUR_RGB('',7.29E-1,3.33E-1,8.27E-1);
#223=COLOUR_RGB('',7.3E-1,4.E-1,0.E0);
#224=COLOUR_RGB('',7.3E-1,4.7E-1,3.3E-1);
#225=COLOUR_RGB('',7.3E-1,7.3E-1,7.3E-1);
#226=COLOUR_RGB('',7.37E-1,5.61E-1,5.61E-1);
#227=COLOUR_RGB('',7.4E-1,4.E-1,4.E-1);
#228=COLOUR_RGB('',7.41E-1,7.18E-1,4.2E-1);
#229=COLOUR_RGB('',7.4902E-1,2.23529E-1,3.33333E-1);
#230=COLOUR_RGB('',7.5E-1,7.2E-1,0.E0);
#231=COLOUR_RGB('',7.53E-1,7.53E-1,7.53E-1);
#232=COLOUR_RGB('',7.8E-1,8.2E-2,5.22E-1);
#233=COLOUR_RGB('',8.E-1,0.E0,8.E-1);
#234=COLOUR_RGB('',8.E-1,2.E-1,2.E-1);
#235=COLOUR_RGB('',8.E-1,2.E-1,8.E-1);
#236=COLOUR_RGB('',8.E-1,5.3E-1,4.E-1);
#237=COLOUR_RGB('',8.E-1,6.E-1,1.E0);
#238=COLOUR_RGB('',8.E-1,8.E-1,0.E0);
#239=COLOUR_RGB('',8.E-1,8.E-1,2.E-1);
#240=COLOUR_RGB('',8.E-1,8.E-1,1.E0);
#241=COLOUR_RGB('',8.E-1,1.E0,4.E-1);
#242=COLOUR_RGB('',8.E-1,1.E0,8.E-1);
#243=COLOUR_RGB('',8.E-1,1.E0,1.E0);
#244=COLOUR_RGB('',8.04E-1,3.61E-1,3.61E-1);
#245=COLOUR_RGB('',8.04E-1,5.22E-1,2.47E-1);
#246=COLOUR_RGB('',8.07E-1,7.65E-1,5.8E-2);
#247=COLOUR_RGB('',8.2E-1,6.E-1,2.4E-1);
#248=COLOUR_RGB('',8.19E-1,7.11E-1,5.6E-2);
#249=COLOUR_RGB('',8.24E-1,4.12E-1,1.18E-1);
#250=COLOUR_RGB('',8.24E-1,7.06E-1,5.49E-1);
#251=COLOUR_RGB('',8.26E-1,8.26E-1,8.26E-1);
#252=COLOUR_RGB('',8.3E-1,3.E-2,3.E-2);
#253=COLOUR_RGB('',8.41E-1,8.01E-1,7.15E-1);
#254=COLOUR_RGB('',8.4E-1,8.4E-1,8.5E-1);
#255=COLOUR_RGB('',8.42E-1,8.99E-1,9.33E-1);
#256=COLOUR_RGB('',8.47E-1,7.49E-1,8.47E-1);
#257=COLOUR_RGB('',8.55E-1,4.39E-1,8.39E-1);
#258=COLOUR_RGB('',8.55E-1,6.47E-1,1.25E-1);
#259=COLOUR_RGB('',8.59E-1,4.39E-1,5.76E-1);
#260=COLOUR_RGB('',8.6E-1,4.7E-1,1.6E-1);
#261=COLOUR_RGB('',8.63E-1,7.8E-2,2.35E-1);
#262=COLOUR_RGB('',8.63E-1,8.63E-1,8.63E-1);
#263=COLOUR_RGB('',8.67E-1,6.27E-1,8.67E-1);
#264=COLOUR_RGB('',8.7E-1,0.E0,0.E0);
#265=COLOUR_RGB('',8.7E-1,6.E-1,4.7E-1);
#266=COLOUR_RGB('',8.71E-1,7.22E-1,5.29E-1);
#267=COLOUR_RGB('',8.784E-1,9.49E-1,1.E0);
#268=COLOUR_RGB('',8.78E-1,1.E0,1.E0);
#269=COLOUR_RGB('',8.82353E-1,7.60784E-1,2.82353E-1);
#270=COLOUR_RGB('',8.98039E-1,6.07843E-1,1.E0);
#271=COLOUR_RGB('',9.E-1,8.3E-1,1.2E-1);
#272=COLOUR_RGB('',9.01961E-1,7.88235E-1,0.E0);
#273=COLOUR_RGB('',9.02E-1,9.02E-1,9.8E-1);
#274=COLOUR_RGB('',9.09804E-1,3.68627E-1,8.19608E-1);
#275=COLOUR_RGB('',9.14E-1,5.88E-1,4.78E-1);
#276=COLOUR_RGB('',9.3E-1,0.E0,9.3E-1);
#277=COLOUR_RGB('',9.3E-1,6.7E-1,5.3E-1);
#278=COLOUR_RGB('',9.3E-1,8.E-1,1.E0);
#279=COLOUR_RGB('',9.3E-1,9.3E-1,0.E0);
#280=COLOUR_RGB('',9.3E-1,1.E0,9.3E-1);
#281=COLOUR_RGB('',9.3E-1,1.E0,1.E0);
#282=COLOUR_RGB('',9.33E-1,5.1E-1,9.33E-1);
#283=COLOUR_RGB('',9.33E-1,9.1E-1,6.67E-1);
#284=COLOUR_RGB('',9.41E-1,5.02E-1,5.02E-1);
#285=COLOUR_RGB('',9.41E-1,9.02E-1,5.49E-1);
#286=COLOUR_RGB('',9.41E-1,9.73E-1,1.E0);
#287=COLOUR_RGB('',9.41E-1,1.E0,9.41E-1);
#288=COLOUR_RGB('',9.41E-1,1.E0,1.E0);
#289=COLOUR_RGB('',9.4902E-1,7.56863E-1,1.76471E-1);
#290=COLOUR_RGB('',9.57E-1,6.43E-1,3.76E-1);
#291=COLOUR_RGB('',9.59E-1,4.9E-2,8.78E-1);
#292=COLOUR_RGB('',9.61E-1,8.71E-1,7.02E-1);
#293=COLOUR_RGB('',9.61E-1,9.61E-1,8.63E-1);
#294=COLOUR_RGB('',9.6E-1,9.6E-1,9.6E-1);
#295=COLOUR_RGB('',9.61E-1,1.E0,9.8E-1);
#296=COLOUR_RGB('',9.73E-1,9.73E-1,1.E0);
#297=COLOUR_RGB('',9.8E-1,5.02E-1,4.47E-1);
#298=COLOUR_RGB('',9.8E-1,6.47E-1,0.E0);
#299=COLOUR_RGB('',9.8E-1,9.22E-1,8.43E-1);
#300=COLOUR_RGB('',9.8E-1,9.41E-1,9.02E-1);
#301=COLOUR_RGB('',9.8E-1,9.8E-1,8.24E-1);
#302=COLOUR_RGB('',9.89E-1,9.04E-1,2.3E-2);
#303=COLOUR_RGB('',9.92E-1,9.61E-1,9.02E-1);
#304=DRAUGHTING_PRE_DEFINED_COLOUR('red');
#305=COLOUR_RGB('',1.E0,0.E0,2.7E-1);
#306=COLOUR_RGB('',1.E0,0.E0,4.7E-1);
#307=COLOUR_RGB('',1.E0,0.E0,7.8E-1);
#308=DRAUGHTING_PRE_DEFINED_COLOUR('magenta');
#309=COLOUR_RGB('',1.E0,2.7E-2,2.7E-2);
#310=COLOUR_RGB('',1.E0,3.E-2,3.E-2);
#311=COLOUR_RGB('',1.E0,7.E-2,7.E-2);
#312=COLOUR_RGB('',1.E0,7.8E-2,5.76E-1);
#313=COLOUR_RGB('',1.E0,2.E-1,1.E0);
#314=COLOUR_RGB('',1.E0,2.7E-1,0.E0);
#315=COLOUR_RGB('',1.E0,2.7E-1,2.7E-1);
#316=COLOUR_RGB('',1.E0,3.6E-1,0.E0);
#317=COLOUR_RGB('',1.E0,3.88E-1,2.78E-1);
#318=COLOUR_RGB('',1.E0,4.E-1,1.E0);
#319=COLOUR_RGB('',1.E0,4.12E-1,7.06E-1);
#320=COLOUR_RGB('',1.E0,4.7E-1,0.E0);
#321=COLOUR_RGB('',1.E0,4.7E-1,4.7E-1);
#322=COLOUR_RGB('',1.E0,4.7E-1,5.3E-1);
#323=COLOUR_RGB('',1.E0,4.98E-1,3.14E-1);
#324=COLOUR_RGB('',1.E0,5.49E-1,0.E0);
#325=COLOUR_RGB('',1.E0,6.E-1,1.E0);
#326=COLOUR_RGB('',1.E0,6.27E-1,4.78E-1);
#327=COLOUR_RGB('',1.E0,6.47E-1,0.E0);
#328=COLOUR_RGB('',1.E0,6.7E-1,0.E0);
#329=COLOUR_RGB('',1.E0,6.7E-1,6.7E-1);
#330=COLOUR_RGB('',1.E0,7.14E-1,7.57E-1);
#331=COLOUR_RGB('',1.E0,7.2E-1,0.E0);
#332=COLOUR_RGB('',1.E0,7.3E-1,5.3E-1);
#333=COLOUR_RGB('',1.E0,7.3E-1,6.E-1);
#334=COLOUR_RGB('',1.E0,7.53E-1,7.96E-1);
#335=COLOUR_RGB('',1.E0,7.7E-1,6.E-2);
#336=COLOUR_RGB('',1.E0,8.E-1,8.E-1);
#337=COLOUR_RGB('',1.E0,8.E-1,1.E0);
#338=COLOUR_RGB('',1.E0,8.07843E-1,4.58824E-1);
#339=COLOUR_RGB('',1.E0,8.43E-1,0.E0);
#340=COLOUR_RGB('',1.E0,8.55E-1,7.25E-1);
#341=COLOUR_RGB('',1.E0,8.7E-1,0.E0);
#342=COLOUR_RGB('',1.E0,8.71E-1,6.78E-1);
#343=COLOUR_RGB('',1.E0,8.94E-1,7.1E-1);
#344=COLOUR_RGB('',1.E0,8.94E-1,7.69E-1);
#345=COLOUR_RGB('',1.E0,8.94E-1,8.82E-1);
#346=COLOUR_RGB('',1.E0,9.22E-1,8.04E-1);
#347=COLOUR_RGB('',1.E0,9.3E-1,9.3E-1);
#348=COLOUR_RGB('',1.E0,9.3E-1,1.E0);
#349=COLOUR_RGB('',1.E0,9.37E-1,8.35E-1);
#350=COLOUR_RGB('',1.E0,9.41E-1,9.61E-1);
#351=COLOUR_RGB('',1.E0,9.61E-1,9.33E-1);
#352=COLOUR_RGB('',1.E0,9.73E-1,8.63E-1);
#353=COLOUR_RGB('',1.E0,9.8E-1,8.04E-1);
#354=COLOUR_RGB('',1.E0,9.8E-1,9.41E-1);
#355=COLOUR_RGB('',1.E0,9.8E-1,9.8E-1);
#356=DRAUGHTING_PRE_DEFINED_COLOUR('yellow');
#357=COLOUR_RGB('',1.E0,1.E0,1.3E-1);
#358=COLOUR_RGB('',1.E0,1.E0,3.3E-1);
#359=COLOUR_RGB('',1.E0,1.E0,5.3E-1);
#360=COLOUR_RGB('',1.E0,1.E0,7.3E-1);
#361=COLOUR_RGB('',1.E0,1.E0,8.78E-1);
#362=COLOUR_RGB('',1.E0,1.E0,9.3E-1);
#363=COLOUR_RGB('',1.E0,1.E0,9.41E-1);
#364=COLOUR_RGB('',1.E0,1.E0,9.49E-1);
#365=DRAUGHTING_PRE_DEFINED_COLOUR('white');
#371=CIRCLE('',#370,2.5E0);
#380=CIRCLE('',#379,2.5E0);
#388=CIRCLE('',#387,2.25E0);
#396=CIRCLE('',#395,2.25E0);
#418=CIRCLE('',#417,5.E0);
#433=CIRCLE('',#432,5.E0);
#448=CIRCLE('',#447,5.000000000009E0);
#463=CIRCLE('',#462,5.E0);
#478=CIRCLE('',#477,5.E0);
#493=CIRCLE('',#492,4.999999999990E0);
#508=CIRCLE('',#507,5.000000000021E0);
#523=CIRCLE('',#522,4.999999999983E0);
#538=CIRCLE('',#537,2.5E0);
#546=CIRCLE('',#545,2.5E0);
#554=CIRCLE('',#553,2.5E0);
#562=CIRCLE('',#561,2.5E0);
#570=CIRCLE('',#569,1.75E0);
#578=CIRCLE('',#577,1.75E0);
#586=CIRCLE('',#585,1.75E0);
#594=CIRCLE('',#593,1.75E0);
#602=CIRCLE('',#601,1.75E0);
#610=CIRCLE('',#609,1.75E0);
#618=CIRCLE('',#617,1.75E0);
#626=CIRCLE('',#625,1.75E0);
#634=CIRCLE('',#633,5.E0);
#649=CIRCLE('',#648,5.E0);
#664=CIRCLE('',#663,5.E0);
#672=CIRCLE('',#671,5.E0);
#687=CIRCLE('',#686,5.E0);
#702=CIRCLE('',#701,5.E0);
#717=CIRCLE('',#716,5.E0);
#732=CIRCLE('',#731,5.E0);
#740=CIRCLE('',#739,4.E0);
#748=CIRCLE('',#747,6.5E0);
#756=CIRCLE('',#755,3.999999999999E0);
#764=CIRCLE('',#763,4.E0);
#772=CIRCLE('',#771,6.5E0);
#780=CIRCLE('',#779,4.E0);
#788=CIRCLE('',#787,3.E0);
#796=CIRCLE('',#795,3.E0);
#804=CIRCLE('',#803,2.999999999999E0);
#819=CIRCLE('',#818,3.E0);
#834=CIRCLE('',#833,3.E0);
#849=CIRCLE('',#848,4.E0);
#857=CIRCLE('',#856,6.500000000001E0);
#865=CIRCLE('',#864,3.E0);
#880=CIRCLE('',#879,3.000000000001E0);
#888=CIRCLE('',#887,3.E0);
#896=CIRCLE('',#895,3.E0);
#904=CIRCLE('',#903,3.E0);
#912=CIRCLE('',#911,3.E0);
#920=CIRCLE('',#919,3.E0);
#928=CIRCLE('',#927,3.E0);
#943=CIRCLE('',#942,3.E0);
#951=CIRCLE('',#950,6.500000000001E0);
#959=CIRCLE('',#958,4.E0);
#974=CIRCLE('',#973,3.E0);
#989=CIRCLE('',#988,3.E0);
#1011=CIRCLE('',#1010,5.E0);
#1019=CIRCLE('',#1018,5.E0);
#1034=CIRCLE('',#1033,5.E0);
#1042=CIRCLE('',#1041,5.E0);
#1064=CIRCLE('',#1063,5.E0);
#1074=B_SPLINE_CURVE_WITH_KNOTS('',3,(#1068,#1069,#1070,#1071,#1072,#1073),
.UNSPECIFIED.,.F.,.F.,(4,1,1,4),(0.E0,3.333333333333E-1,6.666666666667E-1,1.E0),
.UNSPECIFIED.);
#1112=B_SPLINE_CURVE_WITH_KNOTS('',3,(#1106,#1107,#1108,#1109,#1110,#1111),
.UNSPECIFIED.,.F.,.F.,(4,1,1,4),(0.E0,3.333333333333E-1,6.666666666667E-1,1.E0),
.UNSPECIFIED.);
#1120=CIRCLE('',#1119,4.999999999983E0);
#1135=CIRCLE('',#1134,4.000017478685E0);
#1150=CIRCLE('',#1149,4.000017476653E0);
#1165=CIRCLE('',#1164,4.000000011564E0);
#1180=CIRCLE('',#1179,6.000000004505E0);
#1195=CIRCLE('',#1194,4.000000011501E0);
#1210=CIRCLE('',#1209,4.000000011542E0);
#1225=CIRCLE('',#1224,6.000000001475E0);
#1240=CIRCLE('',#1239,4.000000011541E0);
#1255=CIRCLE('',#1254,1.9E0);
#1263=CIRCLE('',#1262,1.9E0);
#1271=CIRCLE('',#1270,1.9E0);
#1279=CIRCLE('',#1278,1.9E0);
#1294=CIRCLE('',#1293,5.999934210871E0);
#1309=CIRCLE('',#1308,5.999934210871E0);
#1324=CIRCLE('',#1323,6.E0);
#1339=CIRCLE('',#1338,5.999934210871E0);
#1354=CIRCLE('',#1353,6.E0);
#1369=CIRCLE('',#1368,5.999934210871E0);
#1377=CIRCLE('',#1376,5.999934210871E0);
#1392=CIRCLE('',#1391,5.999934210871E0);
#1407=CIRCLE('',#1406,6.E0);
#1422=CIRCLE('',#1421,4.E0);
#1437=CIRCLE('',#1436,5.E0);
#1445=CIRCLE('',#1444,5.5E0);
#1453=CIRCLE('',#1452,3.999973949741E0);
#1468=CIRCLE('',#1467,4.E0);
#1476=CIRCLE('',#1475,2.E0);
#1484=CIRCLE('',#1483,4.E0);
#1499=CIRCLE('',#1498,4.E0);
#1521=CIRCLE('',#1520,4.E0);
#1536=CIRCLE('',#1535,4.E0);
#1551=CIRCLE('',#1550,4.E0);
#1559=CIRCLE('',#1558,2.E0);
#1567=CIRCLE('',#1566,4.000000000001E0);
#1582=CIRCLE('',#1581,3.999973949741E0);
#1590=CIRCLE('',#1589,5.500000000001E0);
#1598=CIRCLE('',#1597,5.E0);
#1606=CIRCLE('',#1605,5.E0);
#1614=CIRCLE('',#1613,5.500000000345E0);
#1622=CIRCLE('',#1621,4.999999999967E0);
#1637=CIRCLE('',#1636,4.E0);
#1652=CIRCLE('',#1651,4.E0);
#1667=CIRCLE('',#1666,5.E0);
#1675=CIRCLE('',#1674,5.500000004227E0);
#1683=CIRCLE('',#1682,4.999999999625E0);
#1698=CIRCLE('',#1697,3.25E0);
#1706=CIRCLE('',#1705,3.25E0);
#1714=CIRCLE('',#1713,3.25E0);
#1722=CIRCLE('',#1721,3.25E0);
#1758=CIRCLE('',#1757,5.000000000022E0);
#1801=CIRCLE('',#1800,4.999999999990E0);
#1844=CIRCLE('',#1843,5.E0);
#1887=CIRCLE('',#1886,5.E0);
#1930=CIRCLE('',#1929,5.000000000010E0);
#1973=CIRCLE('',#1972,5.E0);
#1995=CIRCLE('',#1994,1.25E0);
#2010=CIRCLE('',#2009,1.25E0);
#2025=CIRCLE('',#2024,2.5E0);
#2033=CIRCLE('',#2032,2.5E0);
#2041=CIRCLE('',#2040,2.25E0);
#2049=CIRCLE('',#2048,2.25E0);
#2078=CIRCLE('',#2077,1.25E0);
#2093=CIRCLE('',#2092,1.25E0);
#2101=CIRCLE('',#2100,1.25E0);
#2116=CIRCLE('',#2115,1.25E0);
#2138=CIRCLE('',#2137,1.25E0);
#2153=CIRCLE('',#2152,1.25E0);
#2161=CIRCLE('',#2160,1.899999999999E0);
#2169=CIRCLE('',#2168,1.899999999999E0);
#2177=CIRCLE('',#2176,1.399999999999E0);
#2185=CIRCLE('',#2184,1.399999999999E0);
#2193=CIRCLE('',#2192,1.399999999999E0);
#2201=CIRCLE('',#2200,1.399999999999E0);
#2216=CIRCLE('',#2215,1.899999999999E0);
#2224=CIRCLE('',#2223,1.899999999999E0);
#2260=CIRCLE('',#2259,1.899999999999E0);
#2268=CIRCLE('',#2267,1.899999999999E0);
#2283=CIRCLE('',#2282,1.399999999999E0);
#2291=CIRCLE('',#2290,1.399999999999E0);
#2299=CIRCLE('',#2298,1.399999999999E0);
#2307=CIRCLE('',#2306,1.399999999999E0);
#2315=CIRCLE('',#2314,1.899999999999E0);
#2323=CIRCLE('',#2322,1.899999999999E0);
#2359=CIRCLE('',#2358,4.999999999998E0);
#2367=CIRCLE('',#2366,4.999999999998E0);
#2396=CIRCLE('',#2395,4.999945984708E0);
#2425=CIRCLE('',#2424,4.999945984708E0);
#2503=CIRCLE('',#2502,4.999945984708E0);
#2532=CIRCLE('',#2531,4.999999999997E0);
#2540=CIRCLE('',#2539,4.999999999997E0);
#2569=CIRCLE('',#2568,4.999945984708E0);
#2633=CIRCLE('',#2632,4.999945984708E0);
#2662=CIRCLE('',#2661,4.999999999997E0);
#2670=CIRCLE('',#2669,4.999999999997E0);
#2699=CIRCLE('',#2698,4.999945984708E0);
#2770=CIRCLE('',#2769,3.E0);
#2799=CIRCLE('',#2798,3.E0);
#2821=CIRCLE('',#2820,3.E0);
#2843=CIRCLE('',#2842,3.E0);
#2851=CIRCLE('',#2850,3.E0);
#2873=CIRCLE('',#2872,3.E0);
#2895=CIRCLE('',#2894,2.999979755865E0);
#2910=CIRCLE('',#2909,6.500000000002E0);
#2925=CIRCLE('',#2924,3.999999999999E0);
#3038=CIRCLE('',#3037,3.999999999998E0);
#3053=CIRCLE('',#3052,6.499999999999E0);
#3075=CIRCLE('',#3074,2.999979755865E0);
#3104=CIRCLE('',#3103,3.000000000001E0);
#3126=CIRCLE('',#3125,3.E0);
#3134=CIRCLE('',#3133,3.E0);
#3149=CIRCLE('',#3148,3.E0);
#3171=CIRCLE('',#3170,3.E0);
#3200=CIRCLE('',#3199,3.E0);
#3306=CIRCLE('',#3305,4.E0);
#3335=CIRCLE('',#3334,4.E0);
#3357=CIRCLE('',#3356,6.500000000001E0);
#3372=CIRCLE('',#3371,3.999999999998E0);
#3394=CIRCLE('',#3393,3.E0);
#3423=CIRCLE('',#3422,3.E0);
#3452=CIRCLE('',#3451,3.999999999999E0);
#3467=CIRCLE('',#3466,6.499999999999E0);
#3601=CIRCLE('',#3600,3.25E0);
#3609=CIRCLE('',#3608,3.25E0);
#3617=CIRCLE('',#3616,1.75E0);
#3625=CIRCLE('',#3624,1.75E0);
#3633=CIRCLE('',#3632,1.75E0);
#3641=CIRCLE('',#3640,1.75E0);
#3677=CIRCLE('',#3676,3.25E0);
#3685=CIRCLE('',#3684,3.25E0);
#3693=CIRCLE('',#3692,1.75E0);
#3701=CIRCLE('',#3700,1.75E0);
#3709=CIRCLE('',#3708,1.75E0);
#3717=CIRCLE('',#3716,1.75E0);
#4308=EDGE_CURVE('',#3738,#3737,#371,.T.);
#4310=EDGE_CURVE('',#3737,#3738,#380,.T.);
#4314=EDGE_CURVE('',#4289,#4290,#388,.T.);
#4316=EDGE_CURVE('',#4290,#4289,#396,.T.);
#4326=EDGE_CURVE('',#3737,#3794,#410,.T.);
#4328=EDGE_CURVE('',#3794,#3793,#562,.T.);
#4330=EDGE_CURVE('',#3738,#3793,#403,.T.);
#4341=EDGE_CURVE('',#3793,#3794,#554,.T.);
#4354=EDGE_CURVE('',#3786,#3834,#418,.T.);
#4356=EDGE_CURVE('',#3785,#3786,#425,.T.);
#4358=EDGE_CURVE('',#3860,#3785,#433,.T.);
#4360=EDGE_CURVE('',#3858,#3860,#440,.T.);
#4362=EDGE_CURVE('',#3856,#3858,#448,.T.);
#4364=EDGE_CURVE('',#3854,#3856,#455,.T.);
#4366=EDGE_CURVE('',#3852,#3854,#463,.T.);
#4368=EDGE_CURVE('',#3850,#3852,#470,.T.);
#4370=EDGE_CURVE('',#3848,#3850,#478,.T.);
#4372=EDGE_CURVE('',#3846,#3848,#485,.T.);
#4374=EDGE_CURVE('',#3844,#3846,#493,.T.);
#4376=EDGE_CURVE('',#3842,#3844,#500,.T.);
#4378=EDGE_CURVE('',#3840,#3842,#508,.T.);
#4380=EDGE_CURVE('',#3838,#3840,#515,.T.);
#4382=EDGE_CURVE('',#3836,#3838,#523,.T.);
#4384=EDGE_CURVE('',#3834,#3836,#530,.T.);
#4388=EDGE_CURVE('',#3789,#3790,#538,.T.);
#4390=EDGE_CURVE('',#3790,#3789,#546,.T.);
#4398=EDGE_CURVE('',#3797,#3798,#570,.T.);
#4400=EDGE_CURVE('',#4272,#3797,#578,.T.);
#4402=EDGE_CURVE('',#3800,#4272,#586,.T.);
#4404=EDGE_CURVE('',#3798,#3800,#594,.T.);
#4408=EDGE_CURVE('',#3803,#3804,#602,.T.);
#4410=EDGE_CURVE('',#4276,#3803,#610,.T.);
#4412=EDGE_CURVE('',#3806,#4276,#618,.T.);
#4414=EDGE_CURVE('',#3804,#3806,#626,.T.);
#4418=EDGE_CURVE('',#3810,#3862,#634,.T.);
#4420=EDGE_CURVE('',#3809,#3810,#641,.T.);
#4422=EDGE_CURVE('',#3870,#3809,#649,.T.);
#4424=EDGE_CURVE('',#3868,#3870,#656,.T.);
#4426=EDGE_CURVE('',#3867,#3868,#664,.T.);
#4428=EDGE_CURVE('',#3864,#3867,#672,.T.);
#4430=EDGE_CURVE('',#3862,#3864,#679,.T.);
#4434=EDGE_CURVE('',#3814,#3873,#687,.T.);
#4436=EDGE_CURVE('',#3813,#3814,#694,.T.);
#4438=EDGE_CURVE('',#3880,#3813,#702,.T.);
#4440=EDGE_CURVE('',#3878,#3880,#709,.T.);
#4442=EDGE_CURVE('',#3876,#3878,#717,.T.);
#4444=EDGE_CURVE('',#3874,#3876,#724,.T.);
#4446=EDGE_CURVE('',#3873,#3874,#732,.T.);
#4450=EDGE_CURVE('',#3817,#3818,#740,.T.);
#4452=EDGE_CURVE('',#3882,#3817,#748,.T.);
#4454=EDGE_CURVE('',#3884,#3882,#756,.T.);
#4456=EDGE_CURVE('',#3884,#3886,#3495,.T.);
#4458=EDGE_CURVE('',#3888,#3886,#764,.T.);
#4460=EDGE_CURVE('',#3890,#3888,#772,.T.);
#4462=EDGE_CURVE('',#3892,#3890,#780,.T.);
#4464=EDGE_CURVE('',#3892,#3894,#3530,.T.);
#4466=EDGE_CURVE('',#3896,#3894,#788,.T.);
#4468=EDGE_CURVE('',#3896,#3898,#3551,.T.);
#4470=EDGE_CURVE('',#3900,#3898,#796,.T.);
#4472=EDGE_CURVE('',#3900,#3818,#3572,.T.);
#4476=EDGE_CURVE('',#3822,#3902,#804,.T.);
#4478=EDGE_CURVE('',#3821,#3822,#811,.T.);
#4480=EDGE_CURVE('',#3922,#3821,#819,.T.);
#4482=EDGE_CURVE('',#3920,#3922,#826,.T.);
#4484=EDGE_CURVE('',#3918,#3920,#834,.T.);
#4486=EDGE_CURVE('',#3916,#3918,#841,.T.);
#4488=EDGE_CURVE('',#3914,#3916,#849,.T.);
#4490=EDGE_CURVE('',#3912,#3914,#857,.T.);
#4492=EDGE_CURVE('',#3910,#3912,#865,.T.);
#4494=EDGE_CURVE('',#3908,#3910,#872,.T.);
#4496=EDGE_CURVE('',#3906,#3908,#880,.T.);
#4498=EDGE_CURVE('',#3905,#3906,#888,.T.);
#4500=EDGE_CURVE('',#3902,#3905,#896,.T.);
#4504=EDGE_CURVE('',#3826,#3924,#904,.T.);
#4506=EDGE_CURVE('',#3825,#3826,#912,.T.);
#4508=EDGE_CURVE('',#3828,#3825,#920,.T.);
#4510=EDGE_CURVE('',#3942,#3828,#928,.T.);
#4512=EDGE_CURVE('',#3940,#3942,#935,.T.);
#4514=EDGE_CURVE('',#3938,#3940,#943,.T.);
#4516=EDGE_CURVE('',#3936,#3938,#951,.T.);
#4518=EDGE_CURVE('',#3934,#3936,#959,.T.);
#4520=EDGE_CURVE('',#3932,#3934,#966,.T.);
#4522=EDGE_CURVE('',#3930,#3932,#974,.T.);
#4524=EDGE_CURVE('',#3928,#3930,#981,.T.);
#4526=EDGE_CURVE('',#3926,#3928,#989,.T.);
#4528=EDGE_CURVE('',#3924,#3926,#996,.T.);
#4532=EDGE_CURVE('',#3831,#3832,#1003,.T.);
#4534=EDGE_CURVE('',#3944,#3831,#1011,.T.);
#4536=EDGE_CURVE('',#3944,#3946,#2481,.T.);
#4538=EDGE_CURVE('',#3948,#3946,#1019,.T.);
#4540=EDGE_CURVE('',#3950,#3948,#1026,.T.);
#4542=EDGE_CURVE('',#3952,#3950,#1034,.T.);
#4544=EDGE_CURVE('',#3832,#3952,#1042,.T.);
#4554=EDGE_CURVE('',#3966,#3954,#1064,.T.);
#4556=EDGE_CURVE('',#3786,#3954,#1049,.T.);
#4559=EDGE_CURVE('',#3966,#3834,#1056,.T.);
#4570=EDGE_CURVE('',#4246,#3966,#1074,.T.);
#4572=EDGE_CURVE('',#4246,#4217,#1135,.T.);
#4574=EDGE_CURVE('',#3954,#4217,#1081,.T.);
#4585=EDGE_CURVE('',#3962,#3966,#1088,.T.);
#4587=EDGE_CURVE('',#3962,#4244,#1112,.T.);
#4589=EDGE_CURVE('',#4244,#4246,#1142,.T.);
#4602=EDGE_CURVE('',#3836,#3962,#1095,.T.);
#4612=EDGE_CURVE('',#3958,#3962,#1120,.T.);
#4616=EDGE_CURVE('',#3958,#3838,#1102,.T.);
#4626=EDGE_CURVE('',#4242,#4244,#1150,.T.);
#4630=EDGE_CURVE('',#4242,#3958,#1127,.T.);
#4643=EDGE_CURVE('',#4240,#4242,#1157,.T.);
#4645=EDGE_CURVE('',#4238,#4240,#1165,.T.);
#4647=EDGE_CURVE('',#4236,#4238,#1172,.T.);
#4649=EDGE_CURVE('',#4234,#4236,#1180,.T.);
#4651=EDGE_CURVE('',#4232,#4234,#1187,.T.);
#4653=EDGE_CURVE('',#4230,#4232,#1195,.T.);
#4655=EDGE_CURVE('',#4228,#4230,#1202,.T.);
#4657=EDGE_CURVE('',#4226,#4228,#1210,.T.);
#4659=EDGE_CURVE('',#4224,#4226,#1217,.T.);
#4661=EDGE_CURVE('',#4222,#4224,#1225,.T.);
#4663=EDGE_CURVE('',#4220,#4222,#1232,.T.);
#4665=EDGE_CURVE('',#4218,#4220,#1240,.T.);
#4667=EDGE_CURVE('',#4217,#4218,#1247,.T.);
#4671=EDGE_CURVE('',#4298,#4302,#2010,.T.);
#4673=EDGE_CURVE('',#4302,#4298,#2093,.T.);
#4677=EDGE_CURVE('',#4296,#4300,#2116,.T.);
#4679=EDGE_CURVE('',#4300,#4296,#2153,.T.);
#4683=EDGE_CURVE('',#3770,#3772,#1255,.T.);
#4685=EDGE_CURVE('',#3772,#3770,#1263,.T.);
#4689=EDGE_CURVE('',#3760,#3762,#1271,.T.);
#4691=EDGE_CURVE('',#3762,#3760,#1279,.T.);
#4695=EDGE_CURVE('',#4146,#4148,#1286,.T.);
#4697=EDGE_CURVE('',#4144,#4146,#1294,.T.);
#4699=EDGE_CURVE('',#4142,#4144,#1301,.T.);
#4701=EDGE_CURVE('',#4140,#4142,#1309,.T.);
#4703=EDGE_CURVE('',#4150,#4140,#1316,.T.);
#4705=EDGE_CURVE('',#4148,#4150,#1324,.T.);
#4709=EDGE_CURVE('',#4132,#4134,#1331,.T.);
#4711=EDGE_CURVE('',#4130,#4132,#1339,.T.);
#4713=EDGE_CURVE('',#4128,#4130,#1346,.T.);
#4715=EDGE_CURVE('',#4138,#4128,#1354,.T.);
#4717=EDGE_CURVE('',#4136,#4138,#1361,.T.);
#4719=EDGE_CURVE('',#4134,#4136,#1369,.T.);
#4723=EDGE_CURVE('',#4003,#4004,#1377,.T.);
#4725=EDGE_CURVE('',#4018,#4003,#1384,.T.);
#4727=EDGE_CURVE('',#4126,#4018,#1392,.T.);
#4729=EDGE_CURVE('',#4124,#4126,#1399,.T.);
#4731=EDGE_CURVE('',#4122,#4124,#1407,.T.);
#4733=EDGE_CURVE('',#4004,#4122,#1414,.T.);
#4737=EDGE_CURVE('',#4110,#4189,#1422,.T.);
#4739=EDGE_CURVE('',#4109,#4110,#1429,.T.);
#4741=EDGE_CURVE('',#4214,#4109,#1437,.T.);
#4743=EDGE_CURVE('',#4212,#4214,#1445,.T.);
#4745=EDGE_CURVE('',#4158,#4212,#1453,.T.);
#4747=EDGE_CURVE('',#4157,#4158,#1460,.T.);
#4749=EDGE_CURVE('',#4210,#4157,#1468,.T.);
#4751=EDGE_CURVE('',#4208,#4210,#1476,.T.);
#4753=EDGE_CURVE('',#4182,#4208,#1484,.T.);
#4755=EDGE_CURVE('',#4181,#4182,#1491,.T.);
#4757=EDGE_CURVE('',#4190,#4181,#1499,.T.);
#4759=EDGE_CURVE('',#4189,#4190,#1506,.T.);
#4763=EDGE_CURVE('',#4185,#4186,#1513,.T.);
#4765=EDGE_CURVE('',#4098,#4185,#1521,.T.);
#4767=EDGE_CURVE('',#4097,#4098,#1528,.T.);
#4769=EDGE_CURVE('',#4162,#4097,#1536,.T.);
#4771=EDGE_CURVE('',#4161,#4162,#1543,.T.);
#4773=EDGE_CURVE('',#4206,#4161,#1551,.T.);
#4775=EDGE_CURVE('',#4204,#4206,#1559,.T.);
#4777=EDGE_CURVE('',#4174,#4204,#1567,.T.);
#4779=EDGE_CURVE('',#4173,#4174,#1574,.T.);
#4781=EDGE_CURVE('',#4202,#4173,#1582,.T.);
#4783=EDGE_CURVE('',#4200,#4202,#1590,.T.);
#4785=EDGE_CURVE('',#4186,#4200,#1598,.T.);
#4789=EDGE_CURVE('',#4194,#4165,#1606,.T.);
#4791=EDGE_CURVE('',#4193,#4194,#1614,.T.);
#4793=EDGE_CURVE('',#4170,#4193,#1622,.T.);
#4795=EDGE_CURVE('',#4169,#4170,#1629,.T.);
#4797=EDGE_CURVE('',#4178,#4169,#1637,.T.);
#4799=EDGE_CURVE('',#4177,#4178,#1644,.T.);
#4801=EDGE_CURVE('',#4154,#4177,#1652,.T.);
#4803=EDGE_CURVE('',#4153,#4154,#1659,.T.);
#4805=EDGE_CURVE('',#4198,#4153,#1667,.T.);
#4807=EDGE_CURVE('',#4196,#4198,#1675,.T.);
#4809=EDGE_CURVE('',#4166,#4196,#1683,.T.);
#4811=EDGE_CURVE('',#4165,#4166,#1690,.T.);
#4815=EDGE_CURVE('',#4249,#4250,#1698,.T.);
#4817=EDGE_CURVE('',#4250,#4249,#1706,.T.);
#4821=EDGE_CURVE('',#4261,#4268,#1714,.T.);
#4823=EDGE_CURVE('',#4268,#4261,#1722,.T.);
#4834=EDGE_CURVE('',#3957,#3958,#1729,.T.);
#4836=EDGE_CURVE('',#3957,#4240,#1750,.T.);
#4850=EDGE_CURVE('',#3840,#3957,#1736,.T.);
#4860=EDGE_CURVE('',#3978,#3957,#1758,.T.);
#4864=EDGE_CURVE('',#3978,#3842,#1743,.T.);
#4876=EDGE_CURVE('',#4238,#3978,#1765,.T.);
#4888=EDGE_CURVE('',#3974,#3978,#1772,.T.);
#4890=EDGE_CURVE('',#3974,#4236,#1793,.T.);
#4904=EDGE_CURVE('',#3844,#3974,#1779,.T.);
#4914=EDGE_CURVE('',#3973,#3974,#1801,.T.);
#4918=EDGE_CURVE('',#3973,#3846,#1786,.T.);
#4930=EDGE_CURVE('',#4234,#3973,#1808,.T.);
#4942=EDGE_CURVE('',#3984,#3973,#1815,.T.);
#4944=EDGE_CURVE('',#3984,#4232,#1836,.T.);
#4958=EDGE_CURVE('',#3848,#3984,#1822,.T.);
#4968=EDGE_CURVE('',#3982,#3984,#1844,.T.);
#4972=EDGE_CURVE('',#3982,#3850,#1829,.T.);
#4984=EDGE_CURVE('',#4230,#3982,#1851,.T.);
#4996=EDGE_CURVE('',#3980,#3982,#1858,.T.);
#4998=EDGE_CURVE('',#3980,#4228,#1879,.T.);
#5012=EDGE_CURVE('',#3852,#3980,#1865,.T.);
#5022=EDGE_CURVE('',#3976,#3980,#1887,.T.);
#5026=EDGE_CURVE('',#3976,#3854,#1872,.T.);
#5038=EDGE_CURVE('',#4226,#3976,#1894,.T.);
#5050=EDGE_CURVE('',#3970,#3976,#1901,.T.);
#5052=EDGE_CURVE('',#3970,#4224,#1922,.T.);
#5066=EDGE_CURVE('',#3856,#3970,#1908,.T.);
#5076=EDGE_CURVE('',#3968,#3970,#1930,.T.);
#5080=EDGE_CURVE('',#3968,#3858,#1915,.T.);
#5092=EDGE_CURVE('',#4222,#3968,#1937,.T.);
#5104=EDGE_CURVE('',#3964,#3968,#1944,.T.);
#5106=EDGE_CURVE('',#3964,#4220,#1965,.T.);
#5120=EDGE_CURVE('',#3860,#3964,#1951,.T.);
#5130=EDGE_CURVE('',#3960,#3964,#1973,.T.);
#5134=EDGE_CURVE('',#3960,#3785,#1958,.T.);
#5146=EDGE_CURVE('',#4218,#3960,#1980,.T.);
#5158=EDGE_CURVE('',#3954,#3960,#1987,.T.);
#5182=EDGE_CURVE('',#4286,#4285,#1995,.T.);
#5184=EDGE_CURVE('',#4298,#4285,#2002,.T.);
#5187=EDGE_CURVE('',#4302,#4286,#2085,.T.);
#5197=EDGE_CURVE('',#4282,#4281,#2049,.T.);
#5199=EDGE_CURVE('',#4281,#4285,#2070,.T.);
#5202=EDGE_CURVE('',#4282,#4286,#2017,.T.);
#5212=EDGE_CURVE('',#3742,#3741,#2025,.T.);
#5214=EDGE_CURVE('',#3741,#3742,#2033,.T.);
#5218=EDGE_CURVE('',#4281,#4282,#2041,.T.);
#5229=EDGE_CURVE('',#3741,#3790,#2063,.T.);
#5232=EDGE_CURVE('',#3742,#3789,#2056,.T.);
#5257=EDGE_CURVE('',#4285,#4286,#2078,.T.);
#5280=EDGE_CURVE('',#4294,#4293,#2101,.T.);
#5282=EDGE_CURVE('',#4296,#4293,#2108,.T.);
#5285=EDGE_CURVE('',#4300,#4294,#2145,.T.);
#5296=EDGE_CURVE('',#4289,#4293,#2130,.T.);
#5299=EDGE_CURVE('',#4290,#4294,#2123,.T.);
#5311=EDGE_CURVE('',#4293,#4294,#2138,.T.);
#5334=EDGE_CURVE('',#3765,#3766,#2161,.T.);
#5336=EDGE_CURVE('',#3766,#3770,#2245,.T.);
#5339=EDGE_CURVE('',#3772,#3768,#2238,.T.);
#5341=EDGE_CURVE('',#3768,#3765,#2169,.T.);
#5351=EDGE_CURVE('',#3775,#3776,#2185,.T.);
#5353=EDGE_CURVE('',#3776,#3766,#2231,.T.);
#5357=EDGE_CURVE('',#3768,#3778,#2208,.T.);
#5359=EDGE_CURVE('',#3778,#3775,#2193,.T.);
#5369=EDGE_CURVE('',#3776,#3780,#2177,.T.);
#5373=EDGE_CURVE('',#3780,#3778,#2201,.T.);
#5385=EDGE_CURVE('',#3782,#3768,#2216,.T.);
#5387=EDGE_CURVE('',#3766,#3782,#2224,.T.);
#5412=EDGE_CURVE('',#3758,#3753,#2260,.T.);
#5414=EDGE_CURVE('',#3753,#3760,#2337,.T.);
#5417=EDGE_CURVE('',#3762,#3750,#2330,.T.);
#5419=EDGE_CURVE('',#3750,#3758,#2268,.T.);
#5429=EDGE_CURVE('',#3756,#3745,#2291,.T.);
#5431=EDGE_CURVE('',#3753,#3745,#2252,.T.);
#5435=EDGE_CURVE('',#3748,#3750,#2275,.T.);
#5437=EDGE_CURVE('',#3748,#3756,#2299,.T.);
#5447=EDGE_CURVE('',#3745,#3746,#2283,.T.);
#5451=EDGE_CURVE('',#3746,#3748,#2307,.T.);
#5463=EDGE_CURVE('',#3754,#3750,#2315,.T.);
#5465=EDGE_CURVE('',#3753,#3754,#2323,.T.);
#5490=EDGE_CURVE('',#4148,#4116,#2374,.T.);
#5492=EDGE_CURVE('',#4115,#4116,#2344,.T.);
#5494=EDGE_CURVE('',#4115,#4146,#2417,.T.);
#5505=EDGE_CURVE('',#4120,#4150,#2351,.T.);
#5507=EDGE_CURVE('',#4119,#4120,#2359,.T.);
#5509=EDGE_CURVE('',#4116,#4119,#2367,.T.);
#5521=EDGE_CURVE('',#4140,#4112,#2403,.T.);
#5523=EDGE_CURVE('',#4120,#4112,#2381,.T.);
#5535=EDGE_CURVE('',#4015,#4142,#2388,.T.);
#5537=EDGE_CURVE('',#4112,#4015,#2396,.T.);
#5549=EDGE_CURVE('',#4144,#4016,#2432,.T.);
#5551=EDGE_CURVE('',#4015,#4016,#2410,.T.);
#5564=EDGE_CURVE('',#4016,#4115,#2425,.T.);
#5577=EDGE_CURVE('',#3948,#4115,#2439,.T.);
#5580=EDGE_CURVE('',#4016,#3946,#2446,.T.);
#5591=EDGE_CURVE('',#4116,#3950,#2460,.T.);
#5604=EDGE_CURVE('',#3832,#4120,#2453,.T.);
#5619=EDGE_CURVE('',#4112,#3831,#2474,.T.);
#5632=EDGE_CURVE('',#3944,#4015,#2467,.T.);
#5656=EDGE_CURVE('',#4134,#4024,#2510,.T.);
#5658=EDGE_CURVE('',#4020,#4024,#2488,.T.);
#5660=EDGE_CURVE('',#4020,#4132,#2561,.T.);
#5671=EDGE_CURVE('',#4022,#4136,#2495,.T.);
#5673=EDGE_CURVE('',#4024,#4022,#2503,.T.);
#5685=EDGE_CURVE('',#4138,#4012,#2547,.T.);
#5687=EDGE_CURVE('',#4022,#4012,#2517,.T.);
#5699=EDGE_CURVE('',#3999,#4128,#2524,.T.);
#5701=EDGE_CURVE('',#4010,#3999,#2532,.T.);
#5703=EDGE_CURVE('',#4012,#4010,#2540,.T.);
#5715=EDGE_CURVE('',#4130,#4000,#2576,.T.);
#5717=EDGE_CURVE('',#3999,#4000,#2554,.T.);
#5730=EDGE_CURVE('',#4000,#4020,#2569,.T.);
#5743=EDGE_CURVE('',#3880,#4020,#2583,.T.);
#5746=EDGE_CURVE('',#4000,#3813,#2590,.T.);
#5757=EDGE_CURVE('',#4024,#3878,#2604,.T.);
#5770=EDGE_CURVE('',#3876,#4022,#2597,.T.);
#5783=EDGE_CURVE('',#4012,#3874,#2618,.T.);
#5796=EDGE_CURVE('',#3814,#3999,#2611,.T.);
#5822=EDGE_CURVE('',#3993,#4004,#2625,.T.);
#5824=EDGE_CURVE('',#3996,#3993,#2633,.T.);
#5826=EDGE_CURVE('',#4003,#3996,#2640,.T.);
#5837=EDGE_CURVE('',#4122,#3994,#2677,.T.);
#5839=EDGE_CURVE('',#3993,#3994,#2647,.T.);
#5851=EDGE_CURVE('',#4006,#4124,#2654,.T.);
#5853=EDGE_CURVE('',#4026,#4006,#2662,.T.);
#5855=EDGE_CURVE('',#3994,#4026,#2670,.T.);
#5867=EDGE_CURVE('',#4126,#4008,#2706,.T.);
#5869=EDGE_CURVE('',#4006,#4008,#2684,.T.);
#5881=EDGE_CURVE('',#3990,#4018,#2691,.T.);
#5883=EDGE_CURVE('',#4008,#3990,#2699,.T.);
#5896=EDGE_CURVE('',#3990,#3996,#2713,.T.);
#5909=EDGE_CURVE('',#3996,#3809,#2727,.T.);
#5912=EDGE_CURVE('',#3810,#3990,#2748,.T.);
#5923=EDGE_CURVE('',#3870,#3993,#2720,.T.);
#5936=EDGE_CURVE('',#3994,#3868,#2741,.T.);
#5949=EDGE_CURVE('',#3864,#4006,#2734,.T.);
#5964=EDGE_CURVE('',#4008,#3862,#2755,.T.);
#5988=EDGE_CURVE('',#4074,#4189,#2762,.T.);
#5990=EDGE_CURVE('',#4073,#4074,#2770,.T.);
#5992=EDGE_CURVE('',#4110,#4073,#2777,.T.);
#6003=EDGE_CURVE('',#4190,#4078,#2806,.T.);
#6005=EDGE_CURVE('',#4074,#4078,#2784,.T.);
#6017=EDGE_CURVE('',#4082,#4181,#2791,.T.);
#6019=EDGE_CURVE('',#4078,#4082,#2799,.T.);
#6031=EDGE_CURVE('',#4182,#4084,#2828,.T.);
#6033=EDGE_CURVE('',#4082,#4084,#2813,.T.);
#6045=EDGE_CURVE('',#4208,#4090,#2858,.T.);
#6047=EDGE_CURVE('',#4084,#4090,#2821,.T.);
#6059=EDGE_CURVE('',#4088,#4210,#2835,.T.);
#6061=EDGE_CURVE('',#4087,#4088,#2843,.T.);
#6063=EDGE_CURVE('',#4090,#4087,#2851,.T.);
#6075=EDGE_CURVE('',#4092,#4157,#2865,.T.);
#6077=EDGE_CURVE('',#4088,#4092,#2873,.T.);
#6089=EDGE_CURVE('',#4158,#4094,#2902,.T.);
#6091=EDGE_CURVE('',#4092,#4094,#2880,.T.);
#6103=EDGE_CURVE('',#4103,#4212,#2887,.T.);
#6105=EDGE_CURVE('',#4094,#4103,#2895,.T.);
#6117=EDGE_CURVE('',#4214,#4104,#2932,.T.);
#6119=EDGE_CURVE('',#4103,#4104,#2910,.T.);
#6131=EDGE_CURVE('',#4106,#4109,#2917,.T.);
#6133=EDGE_CURVE('',#4104,#4106,#2925,.T.);
#6146=EDGE_CURVE('',#4106,#4073,#2939,.T.);
#6159=EDGE_CURVE('',#4073,#3932,#2953,.T.);
#6162=EDGE_CURVE('',#3934,#4106,#3023,.T.);
#6173=EDGE_CURVE('',#3930,#4074,#2946,.T.);
#6186=EDGE_CURVE('',#4078,#3928,#2967,.T.);
#6199=EDGE_CURVE('',#3926,#4082,#2960,.T.);
#6212=EDGE_CURVE('',#4084,#3924,#2974,.T.);
#6225=EDGE_CURVE('',#4090,#3826,#2988,.T.);
#6238=EDGE_CURVE('',#3828,#4088,#2981,.T.);
#6253=EDGE_CURVE('',#3942,#4092,#2995,.T.);
#6266=EDGE_CURVE('',#4094,#3940,#3009,.T.);
#6279=EDGE_CURVE('',#3938,#4103,#3002,.T.);
#6292=EDGE_CURVE('',#3936,#4104,#3016,.T.);
#6316=EDGE_CURVE('',#4186,#4060,#3045,.T.);
#6318=EDGE_CURVE('',#4056,#4060,#3030,.T.);
#6320=EDGE_CURVE('',#4056,#4185,#3192,.T.);
#6331=EDGE_CURVE('',#4200,#4064,#3060,.T.);
#6333=EDGE_CURVE('',#4060,#4064,#3038,.T.);
#6345=EDGE_CURVE('',#4202,#4068,#3082,.T.);
#6347=EDGE_CURVE('',#4064,#4068,#3053,.T.);
#6359=EDGE_CURVE('',#4100,#4173,#3067,.T.);
#6361=EDGE_CURVE('',#4068,#4100,#3075,.T.);
#6373=EDGE_CURVE('',#4174,#4038,#3111,.T.);
#6375=EDGE_CURVE('',#4100,#4038,#3089,.T.);
#6387=EDGE_CURVE('',#4034,#4204,#3096,.T.);
#6389=EDGE_CURVE('',#4038,#4034,#3104,.T.);
#6401=EDGE_CURVE('',#4032,#4206,#3118,.T.);
#6403=EDGE_CURVE('',#4031,#4032,#3126,.T.);
#6405=EDGE_CURVE('',#4034,#4031,#3134,.T.);
#6417=EDGE_CURVE('',#4043,#4161,#3141,.T.);
#6419=EDGE_CURVE('',#4032,#4043,#3149,.T.);
#6431=EDGE_CURVE('',#4162,#4044,#3178,.T.);
#6433=EDGE_CURVE('',#4043,#4044,#3156,.T.);
#6445=EDGE_CURVE('',#4048,#4097,#3163,.T.);
#6447=EDGE_CURVE('',#4044,#4048,#3171,.T.);
#6459=EDGE_CURVE('',#4098,#4052,#3207,.T.);
#6461=EDGE_CURVE('',#4048,#4052,#3185,.T.);
#6474=EDGE_CURVE('',#4052,#4056,#3200,.T.);
#6487=EDGE_CURVE('',#3918,#4056,#3214,.T.);
#6490=EDGE_CURVE('',#4052,#3920,#3221,.T.);
#6501=EDGE_CURVE('',#4060,#3916,#3235,.T.);
#6514=EDGE_CURVE('',#3914,#4064,#3228,.T.);
#6527=EDGE_CURVE('',#3912,#4068,#3242,.T.);
#6540=EDGE_CURVE('',#3910,#4100,#3249,.T.);
#6553=EDGE_CURVE('',#4038,#3908,#3263,.T.);
#6566=EDGE_CURVE('',#3906,#4034,#3256,.T.);
#6579=EDGE_CURVE('',#3902,#4032,#3270,.T.);
#6594=EDGE_CURVE('',#3822,#4043,#3277,.T.);
#6607=EDGE_CURVE('',#4044,#3821,#3291,.T.);
#6620=EDGE_CURVE('',#3922,#4048,#3284,.T.);
#6644=EDGE_CURVE('',#4040,#4165,#3298,.T.);
#6646=EDGE_CURVE('',#4036,#4040,#3306,.T.);
#6648=EDGE_CURVE('',#4194,#4036,#3313,.T.);
#6659=EDGE_CURVE('',#4166,#4046,#3342,.T.);
#6661=EDGE_CURVE('',#4040,#4046,#3320,.T.);
#6673=EDGE_CURVE('',#4050,#4196,#3327,.T.);
#6675=EDGE_CURVE('',#4046,#4050,#3335,.T.);
#6687=EDGE_CURVE('',#4054,#4198,#3349,.T.);
#6689=EDGE_CURVE('',#4050,#4054,#3357,.T.);
#6701=EDGE_CURVE('',#4058,#4153,#3364,.T.);
#6703=EDGE_CURVE('',#4054,#4058,#3372,.T.);
#6715=EDGE_CURVE('',#4154,#4062,#3401,.T.);
#6717=EDGE_CURVE('',#4058,#4062,#3379,.T.);
#6729=EDGE_CURVE('',#4066,#4177,#3386,.T.);
#6731=EDGE_CURVE('',#4062,#4066,#3394,.T.);
#6743=EDGE_CURVE('',#4178,#4070,#3430,.T.);
#6745=EDGE_CURVE('',#4066,#4070,#3408,.T.);
#6757=EDGE_CURVE('',#4076,#4169,#3415,.T.);
#6759=EDGE_CURVE('',#4070,#4076,#3423,.T.);
#6771=EDGE_CURVE('',#4170,#4080,#3459,.T.);
#6773=EDGE_CURVE('',#4076,#4080,#3437,.T.);
#6785=EDGE_CURVE('',#4028,#4193,#3444,.T.);
#6787=EDGE_CURVE('',#4080,#4028,#3452,.T.);
#6800=EDGE_CURVE('',#4028,#4036,#3467,.T.);
#6813=EDGE_CURVE('',#3882,#4036,#3474,.T.);
#6816=EDGE_CURVE('',#4028,#3817,#3481,.T.);
#6827=EDGE_CURVE('',#3884,#4040,#3488,.T.);
#6840=EDGE_CURVE('',#4046,#3886,#3509,.T.);
#6853=EDGE_CURVE('',#3888,#4050,#3502,.T.);
#6866=EDGE_CURVE('',#3890,#4054,#3516,.T.);
#6879=EDGE_CURVE('',#3892,#4058,#3523,.T.);
#6892=EDGE_CURVE('',#4062,#3894,#3544,.T.);
#6905=EDGE_CURVE('',#3896,#4066,#3537,.T.);
#6918=EDGE_CURVE('',#4070,#3898,#3565,.T.);
#6931=EDGE_CURVE('',#3900,#4076,#3558,.T.);
#6944=EDGE_CURVE('',#4080,#3818,#3579,.T.);
#6969=EDGE_CURVE('',#4254,#4250,#3586,.T.);
#6971=EDGE_CURVE('',#4254,#4252,#3609,.T.);
#6973=EDGE_CURVE('',#4252,#4249,#3593,.T.);
#6986=EDGE_CURVE('',#4252,#4254,#3601,.T.);
#7000=EDGE_CURVE('',#3986,#4256,#3617,.T.);
#7002=EDGE_CURVE('',#4274,#3986,#3625,.T.);
#7004=EDGE_CURVE('',#4258,#4274,#3633,.T.);
#7006=EDGE_CURVE('',#4256,#4258,#3641,.T.);
#7016=EDGE_CURVE('',#4258,#3800,#3655,.T.);
#7020=EDGE_CURVE('',#3986,#3797,#3648,.T.);
#7047=EDGE_CURVE('',#4270,#4268,#3662,.T.);
#7049=EDGE_CURVE('',#4270,#4262,#3685,.T.);
#7051=EDGE_CURVE('',#4261,#4262,#3669,.T.);
#7064=EDGE_CURVE('',#4262,#4270,#3677,.T.);
#7078=EDGE_CURVE('',#3988,#4264,#3693,.T.);
#7080=EDGE_CURVE('',#4278,#3988,#3701,.T.);
#7082=EDGE_CURVE('',#4266,#4278,#3709,.T.);
#7084=EDGE_CURVE('',#4264,#4266,#3717,.T.);
#7094=EDGE_CURVE('',#4266,#3806,#3731,.T.);
#7098=EDGE_CURVE('',#3988,#3803,#3724,.T.);
#7127=(LENGTH_UNIT()NAMED_UNIT(*)SI_UNIT(.MILLI.,.METRE.));
#7129=(NAMED_UNIT(*)PLANE_ANGLE_UNIT()SI_UNIT($,.RADIAN.));
#7132=(NAMED_UNIT(*)SI_UNIT($,.STERADIAN.)SOLID_ANGLE_UNIT());
#7135=ADVANCED_BREP_SHAPE_REPRESENTATION('',(#7120),#7134);
#7143=PRODUCT_DEFINITION('design','',#7142,#7139);
#7144=PRODUCT_DEFINITION_SHAPE('','SHAPE FOR FILAMENT-TRACK-SWITCH-HOLDER-ID.',
#7143);
#7145=SHAPE_DEFINITION_REPRESENTATION(#7144,#7135);
ENDSEC;
END-ISO-10303-21;
