ISO-10303-21;
HEADER;
FILE_DESCRIPTION((''),'2;1');
FILE_NAME('TRACK-SWITCH-D3-1','2026-04-13T10:04:29',('dl.liu'),(''),
'CREO PARAMETRIC BY PTC INC, 2020354','CREO PARAMETRIC BY PTC INC, 2020354','');
FILE_SCHEMA(('CONFIG_CONTROL_DESIGN','SHAPE_APPEARANCE_LAYERS_GROUPS'));
ENDSEC;
DATA;
#322=DIRECTION('',(4.672875763867E-5,4.999999972975E-1,-8.660254040840E-1));
#323=VECTOR('',#322,2.778201652005E0);
#324=CARTESIAN_POINT('',(5.000200226741E0,-1.689689676048E0,6.564962310292E1));
#325=LINE('',#324,#323);
#326=DRAUGHTING_PRE_DEFINED_CURVE_FONT('continuous');
#327=CURVE_STYLE('',#326,POSITIVE_LENGTH_MEASURE(2.E-2),#75);
#328=PRESENTATION_STYLE_ASSIGNMENT((#327));
#329=STYLED_ITEM('',(#328),#325);
#330=CARTESIAN_POINT('',(5.000000086756E0,-6.500588848778E0,6.324362989460E1));
#331=DIRECTION('',(0.E0,0.E0,-1.E0));
#332=DIRECTION('',(5.619221656968E-5,9.999999984212E-1,0.E0));
#333=AXIS2_PLACEMENT_3D('',#330,#331,#332);
#335=CURVE_STYLE('',#326,POSITIVE_LENGTH_MEASURE(2.E-2),#75);
#336=PRESENTATION_STYLE_ASSIGNMENT((#335));
#337=STYLED_ITEM('',(#336),#334);
#338=DIRECTION('',(4.999999989199E-1,-9.125472920306E-6,-8.660254043599E-1));
#339=VECTOR('',#338,2.778202219522E0);
#340=CARTESIAN_POINT('',(9.810898976805E0,-6.500754998102E0,6.564962359516E1));
#341=LINE('',#340,#339);
#342=CURVE_STYLE('',#326,POSITIVE_LENGTH_MEASURE(2.E-2),#75);
#343=PRESENTATION_STYLE_ASSIGNMENT((#342));
#344=STYLED_ITEM('',(#343),#341);
#345=CARTESIAN_POINT('',(5.000000086756E0,-6.500588848778E0,6.324362989460E1));
#346=DIRECTION('',(2.006717309385E-14,0.E0,-1.E0));
#347=DIRECTION('',(9.999999998272E-1,-1.859065625958E-5,2.062866007046E-14));
#348=AXIS2_PLACEMENT_3D('',#345,#346,#347);
#350=CURVE_STYLE('',#326,POSITIVE_LENGTH_MEASURE(2.E-2),#75);
#351=PRESENTATION_STYLE_ASSIGNMENT((#350));
#352=STYLED_ITEM('',(#351),#349);
#353=DIRECTION('',(-5.317546091585E-5,-4.999999969259E-1,-8.660254039268E-1));
#354=VECTOR('',#353,2.778203613972E0);
#355=CARTESIAN_POINT('',(4.999821880780E0,-1.131148704176E1,6.564962480160E1));
#356=LINE('',#355,#354);
#357=CURVE_STYLE('',#326,POSITIVE_LENGTH_MEASURE(2.E-2),#75);
#358=PRESENTATION_STYLE_ASSIGNMENT((#357));
#359=STYLED_ITEM('',(#358),#356);
#360=DIRECTION('',(-9.999999982663E-1,5.888484875042E-5,-4.648945099217E-12));
#361=VECTOR('',#360,4.499596724491E0);
#362=CARTESIAN_POINT('',(4.999674148523E0,-1.270058884021E1,6.324362989462E1));
#363=LINE('',#362,#361);
#364=CURVE_STYLE('',#326,POSITIVE_LENGTH_MEASURE(2.E-2),#75);
#365=PRESENTATION_STYLE_ASSIGNMENT((#364));
#366=STYLED_ITEM('',(#365),#363);
#367=CARTESIAN_POINT('',(5.000774318326E-1,-1.177610660101E1,6.424362989460E1));
#368=DIRECTION('',(1.E0,0.E0,0.E0));
#369=DIRECTION('',(0.E0,1.520561454527E-12,-1.E0));
#370=AXIS2_PLACEMENT_3D('',#367,#368,#369);
#372=CURVE_STYLE('',#326,POSITIVE_LENGTH_MEASURE(2.E-2),#75);
#373=PRESENTATION_STYLE_ASSIGNMENT((#372));
#374=STYLED_ITEM('',(#373),#371);
#375=DIRECTION('',(7.591383686175E-7,-3.421292501269E-11,9.999999999997E-1));
#376=VECTOR('',#375,3.326866697284E0);
#377=CARTESIAN_POINT('',(5.000774318326E-1,-1.077610660101E1,6.424362989461E1));
#378=LINE('',#377,#376);
#379=CURVE_STYLE('',#326,POSITIVE_LENGTH_MEASURE(2.E-2),#75);
#380=PRESENTATION_STYLE_ASSIGNMENT((#379));
#381=STYLED_ITEM('',(#380),#378);
#382=CARTESIAN_POINT('',(4.998522428577E-1,-1.477532386503E1,6.764962448589E1));
#383=DIRECTION('',(-9.999999982663E-1,5.888482534497E-5,1.318326856327E-11));
#384=DIRECTION('',(5.887330236229E-5,9.998043159016E-1,-1.978197256427E-2));
#385=AXIS2_PLACEMENT_3D('',#382,#383,#384);
#387=CURVE_STYLE('',#326,POSITIVE_LENGTH_MEASURE(2.E-2),#75);
#388=PRESENTATION_STYLE_ASSIGNMENT((#387));
#389=STYLED_ITEM('',(#388),#386);
#390=DIRECTION('',(3.675138802404E-6,-5.000000002652E-1,-8.660254036235E-1));
#391=VECTOR('',#390,2.778203456100E0);
#392=CARTESIAN_POINT('',(5.000672215493E-1,-1.131122215335E1,6.564962466402E1));
#393=LINE('',#392,#391);
#394=CURVE_STYLE('',#326,POSITIVE_LENGTH_MEASURE(2.E-2),#75);
#395=PRESENTATION_STYLE_ASSIGNMENT((#394));
#396=STYLED_ITEM('',(#395),#393);
#397=DIRECTION('',(1.057174036007E-14,1.E0,-3.152300761910E-13));
#398=VECTOR('',#397,9.241583962473E-1);
#399=CARTESIAN_POINT('',(-4.999225681674E-1,-1.270026499726E1,
6.324362989460E1));
#400=LINE('',#399,#398);
#401=CURVE_STYLE('',#326,POSITIVE_LENGTH_MEASURE(2.E-2),#75);
#402=PRESENTATION_STYLE_ASSIGNMENT((#401));
#403=STYLED_ITEM('',(#402),#400);
#404=DIRECTION('',(0.E0,-1.E0,3.767143805179E-13));
#405=VECTOR('',#404,9.242172811238E-1);
#406=CARTESIAN_POINT('',(5.000774318326E-1,-1.177610660101E1,6.324362989460E1));
#407=LINE('',#406,#405);
#408=CURVE_STYLE('',#326,POSITIVE_LENGTH_MEASURE(2.E-2),#75);
#409=PRESENTATION_STYLE_ASSIGNMENT((#408));
#410=STYLED_ITEM('',(#409),#407);
#411=DIRECTION('',(-9.999999982663E-1,5.888487579947E-5,-1.421085469056E-13));
#412=VECTOR('',#411,1.000000001734E0);
#413=CARTESIAN_POINT('',(5.000774318326E-1,-1.270032388213E1,6.324362989460E1));
#414=LINE('',#413,#412);
#415=CURVE_STYLE('',#326,POSITIVE_LENGTH_MEASURE(2.E-2),#75);
#416=PRESENTATION_STYLE_ASSIGNMENT((#415));
#417=STYLED_ITEM('',(#416),#414);
#418=CARTESIAN_POINT('',(-4.999225681674E-1,-1.177610660101E1,
6.424362989460E1));
#419=DIRECTION('',(-1.E0,0.E0,0.E0));
#420=DIRECTION('',(0.E0,1.E0,-1.330136001343E-11));
#421=AXIS2_PLACEMENT_3D('',#418,#419,#420);
#423=CURVE_STYLE('',#326,POSITIVE_LENGTH_MEASURE(2.E-2),#75);
#424=PRESENTATION_STYLE_ASSIGNMENT((#423));
#425=STYLED_ITEM('',(#424),#422);
#426=DIRECTION('',(-3.672025293648E-6,5.000000002563E-1,8.660254036287E-1));
#427=VECTOR('',#426,2.778203083681E0);
#428=CARTESIAN_POINT('',(-4.999225681674E-1,-1.270026499726E1,
6.324362989460E1));
#429=LINE('',#428,#427);
#430=CURVE_STYLE('',#326,POSITIVE_LENGTH_MEASURE(2.E-2),#75);
#431=PRESENTATION_STYLE_ASSIGNMENT((#430));
#432=STYLED_ITEM('',(#431),#429);
#433=CARTESIAN_POINT('',(-5.001477391545E-1,-1.477526498020E1,
6.764962448591E1));
#434=DIRECTION('',(9.999999982663E-1,-5.888482534497E-5,-1.318326856327E-11));
#435=DIRECTION('',(5.099574801872E-5,8.660254016752E-1,-5.000000010528E-1));
#436=AXIS2_PLACEMENT_3D('',#433,#434,#435);
#438=CURVE_STYLE('',#326,POSITIVE_LENGTH_MEASURE(2.E-2),#75);
#439=PRESENTATION_STYLE_ASSIGNMENT((#438));
#440=STYLED_ITEM('',(#439),#437);
#441=DIRECTION('',(7.608770683573E-7,-4.478375024811E-11,9.999999999997E-1));
#442=VECTOR('',#441,3.323944562861E0);
#443=CARTESIAN_POINT('',(-4.999225681674E-1,-1.077610660101E1,
6.424362989460E1));
#444=LINE('',#443,#442);
#445=CURVE_STYLE('',#326,POSITIVE_LENGTH_MEASURE(2.E-2),#75);
#446=PRESENTATION_STYLE_ASSIGNMENT((#445));
#447=STYLED_ITEM('',(#446),#444);
#448=CARTESIAN_POINT('',(-4.999200390542E-1,-1.077610660116E1,
6.756757445746E1));
#449=CARTESIAN_POINT('',(-4.999211849329E-1,-1.077610660116E1,
6.757668415337E1));
#450=CARTESIAN_POINT('',(-4.999231532175E-1,-1.077603179076E1,
6.759490820176E1));
#451=CARTESIAN_POINT('',(-4.999224413198E-1,-1.077636843665E1,
6.762225901072E1));
#452=CARTESIAN_POINT('',(-4.999224617040E-1,-1.077554552469E1,
6.764050119117E1));
#453=CARTESIAN_POINT('',(-4.999224055729E-1,-1.077554552469E1,
6.764962448354E1));
#455=CURVE_STYLE('',#326,POSITIVE_LENGTH_MEASURE(2.E-2),#75);
#456=PRESENTATION_STYLE_ASSIGNMENT((#455));
#457=STYLED_ITEM('',(#456),#454);
#458=CARTESIAN_POINT('',(5.000775906704E-1,-1.077558478126E1,6.764962448355E1));
#459=CARTESIAN_POINT('',(5.000775361131E-1,-1.077558478126E1,6.764082644729E1));
#460=CARTESIAN_POINT('',(5.000775594069E-1,-1.077635011691E1,6.762323439710E1));
#461=CARTESIAN_POINT('',(5.000768472947E-1,-1.077603702499E1,6.759685771394E1));
#462=CARTESIAN_POINT('',(5.000788131E-1,-1.077610660112E1,6.757928221698E1));
#463=CARTESIAN_POINT('',(5.000799573847E-1,-1.077610660112E1,6.757049659189E1));
#465=CURVE_STYLE('',#326,POSITIVE_LENGTH_MEASURE(2.E-2),#75);
#466=PRESENTATION_STYLE_ASSIGNMENT((#465));
#467=STYLED_ITEM('',(#466),#464);
#468=DIRECTION('',(1.E0,2.236433260805E-12,1.405453531334E-11));
#469=VECTOR('',#468,1.E0);
#470=CARTESIAN_POINT('',(-4.999225681674E-1,-1.077610660101E1,
6.424362989460E1));
#471=LINE('',#470,#469);
#472=CURVE_STYLE('',#326,POSITIVE_LENGTH_MEASURE(2.E-2),#75);
#473=PRESENTATION_STYLE_ASSIGNMENT((#472));
#474=STYLED_ITEM('',(#473),#471);
#475=DIRECTION('',(-1.E0,-5.275779813019E-13,-7.815970093361E-14));
#476=VECTOR('',#475,1.E0);
#477=CARTESIAN_POINT('',(5.000774318326E-1,-1.177610660101E1,6.324362989460E1));
#478=LINE('',#477,#476);
#479=CURVE_STYLE('',#326,POSITIVE_LENGTH_MEASURE(2.E-2),#75);
#480=PRESENTATION_STYLE_ASSIGNMENT((#479));
#481=STYLED_ITEM('',(#480),#478);
#482=DIRECTION('',(-9.999999982756E-1,5.872619904992E-5,-2.745707975030E-7));
#483=VECTOR('',#482,4.500267377945E0);
#484=CARTESIAN_POINT('',(-4.999327697994E-1,-1.131116345471E1,
6.564962434151E1));
#485=LINE('',#484,#483);
#486=CURVE_STYLE('',#326,POSITIVE_LENGTH_MEASURE(2.E-2),#75);
#487=PRESENTATION_STYLE_ASSIGNMENT((#486));
#488=STYLED_ITEM('',(#487),#485);
#489=DIRECTION('',(-9.999999982663E-1,5.888489910997E-5,3.950259979279E-12));
#490=VECTOR('',#489,4.500407401531E0);
#491=CARTESIAN_POINT('',(-4.999225681674E-1,-1.270026499726E1,
6.324362989460E1));
#492=LINE('',#491,#490);
#493=CURVE_STYLE('',#326,POSITIVE_LENGTH_MEASURE(2.E-2),#75);
#494=PRESENTATION_STYLE_ASSIGNMENT((#493));
#495=STYLED_ITEM('',(#494),#492);
#496=DIRECTION('',(8.734465908869E-6,-4.855390641303E-10,9.999999999619E-1));
#497=VECTOR('',#496,3.100000000136E0);
#498=CARTESIAN_POINT('',(-5.000357038740E0,-1.269999998972E1,6.014362989460E1));
#499=LINE('',#498,#497);
#500=CURVE_STYLE('',#326,POSITIVE_LENGTH_MEASURE(2.E-2),#75);
#501=PRESENTATION_STYLE_ASSIGNMENT((#500));
#502=STYLED_ITEM('',(#501),#499);
#503=DIRECTION('',(-1.019722735782E-5,5.629188870978E-10,-9.999999999480E-1));
#504=VECTOR('',#503,3.100000000183E0);
#505=CARTESIAN_POINT('',(4.999674148523E0,-1.270058884021E1,6.324362989462E1));
#506=LINE('',#505,#504);
#507=CURVE_STYLE('',#326,POSITIVE_LENGTH_MEASURE(2.E-2),#75);
#508=PRESENTATION_STYLE_ASSIGNMENT((#507));
#509=STYLED_ITEM('',(#508),#506);
#510=DIRECTION('',(-9.999999982663E-1,5.888487683383E-5,0.E0));
#511=VECTOR('',#510,9.999999593195E0);
#512=CARTESIAN_POINT('',(4.999642537118E0,-1.270058883846E1,6.014362989460E1));
#513=LINE('',#512,#511);
#514=CURVE_STYLE('',#326,POSITIVE_LENGTH_MEASURE(2.E-2),#75);
#515=PRESENTATION_STYLE_ASSIGNMENT((#514));
#516=STYLED_ITEM('',(#515),#513);
#517=DIRECTION('',(-8.734470598165E-6,4.859643690828E-10,9.999999999619E-1));
#518=VECTOR('',#517,3.100000000136E0);
#519=CARTESIAN_POINT('',(5.000357125512E0,-3.005888590600E-1,6.014362989460E1));
#520=LINE('',#519,#518);
#521=CURVE_STYLE('',#326,POSITIVE_LENGTH_MEASURE(2.E-2),#75);
#522=PRESENTATION_STYLE_ASSIGNMENT((#521));
#523=STYLED_ITEM('',(#522),#520);
#524=DIRECTION('',(-9.999999982663E-1,5.888489848887E-5,-3.996183801703E-12));
#525=VECTOR('',#524,4.500252624623E0);
#526=CARTESIAN_POINT('',(5.000330048653E0,-3.005888575535E-1,6.324362989462E1));
#527=LINE('',#526,#525);
#528=CURVE_STYLE('',#326,POSITIVE_LENGTH_MEASURE(2.E-2),#75);
#529=PRESENTATION_STYLE_ASSIGNMENT((#528));
#530=STYLED_ITEM('',(#529),#527);
#531=DIRECTION('',(-9.999999982663E-1,5.888487708016E-5,-1.222133503388E-12));
#532=VECTOR('',#531,1.000000001734E0);
#533=CARTESIAN_POINT('',(5.000774318326E-1,-3.003238606345E-1,
6.324362989460E1));
#534=LINE('',#533,#532);
#535=CURVE_STYLE('',#326,POSITIVE_LENGTH_MEASURE(2.E-2),#75);
#536=PRESENTATION_STYLE_ASSIGNMENT((#535));
#537=STYLED_ITEM('',(#536),#534);
#538=DIRECTION('',(-9.999999982663E-1,5.888484886998E-5,4.531933932344E-12));
#539=VECTOR('',#538,4.499751501401E0);
#540=CARTESIAN_POINT('',(-4.999225681674E-1,-3.002649757573E-1,
6.324362989460E1));
#541=LINE('',#540,#539);
#542=CURVE_STYLE('',#326,POSITIVE_LENGTH_MEASURE(2.E-2),#75);
#543=PRESENTATION_STYLE_ASSIGNMENT((#542));
#544=STYLED_ITEM('',(#543),#541);
#545=DIRECTION('',(1.019721871586E-5,-5.630667974560E-10,-9.999999999480E-1));
#546=VECTOR('',#545,3.100000000180E0);
#547=CARTESIAN_POINT('',(-4.999674061767E0,-3.000000085702E-1,
6.324362989462E1));
#548=LINE('',#547,#546);
#549=CURVE_STYLE('',#326,POSITIVE_LENGTH_MEASURE(2.E-2),#75);
#550=PRESENTATION_STYLE_ASSIGNMENT((#549));
#551=STYLED_ITEM('',(#550),#548);
#552=DIRECTION('',(9.999999982663E-1,-5.888487682045E-5,0.E0));
#553=VECTOR('',#552,9.999999593239E0);
#554=CARTESIAN_POINT('',(-4.999642450389E0,-3.000000103157E-1,
6.014362989460E1));
#555=LINE('',#554,#553);
#556=CURVE_STYLE('',#326,POSITIVE_LENGTH_MEASURE(2.E-2),#75);
#557=PRESENTATION_STYLE_ASSIGNMENT((#556));
#558=STYLED_ITEM('',(#557),#555);
#559=CARTESIAN_POINT('',(-5.E0,-6.5E0,6.014362989460E1));
#560=DIRECTION('',(0.E0,0.E0,1.E0));
#561=DIRECTION('',(5.888486952037E-5,9.999999982663E-1,0.E0));
#562=AXIS2_PLACEMENT_3D('',#559,#560,#561);
#564=CURVE_STYLE('',#326,POSITIVE_LENGTH_MEASURE(2.E-2),#75);
#565=PRESENTATION_STYLE_ASSIGNMENT((#564));
#566=STYLED_ITEM('',(#565),#563);
#567=CARTESIAN_POINT('',(-5.E0,-6.5E0,6.014362989460E1));
#568=DIRECTION('',(0.E0,0.E0,1.E0));
#569=DIRECTION('',(-1.E0,0.E0,0.E0));
#570=AXIS2_PLACEMENT_3D('',#567,#568,#569);
#572=CURVE_STYLE('',#326,POSITIVE_LENGTH_MEASURE(2.E-2),#75);
#573=PRESENTATION_STYLE_ASSIGNMENT((#572));
#574=STYLED_ITEM('',(#573),#571);
#575=CARTESIAN_POINT('',(5.000000086756E0,-6.500588848776E0,6.014362989460E1));
#576=DIRECTION('',(0.E0,0.E0,1.E0));
#577=DIRECTION('',(-5.888488046759E-5,-9.999999982663E-1,0.E0));
#578=AXIS2_PLACEMENT_3D('',#575,#576,#577);
#580=CURVE_STYLE('',#326,POSITIVE_LENGTH_MEASURE(2.E-2),#75);
#581=PRESENTATION_STYLE_ASSIGNMENT((#580));
#582=STYLED_ITEM('',(#581),#579);
#583=CARTESIAN_POINT('',(5.000000086756E0,-6.500588848776E0,6.014362989460E1));
#584=DIRECTION('',(0.E0,0.E0,1.E0));
#585=DIRECTION('',(1.E0,0.E0,0.E0));
#586=AXIS2_PLACEMENT_3D('',#583,#584,#585);
#588=CURVE_STYLE('',#326,POSITIVE_LENGTH_MEASURE(2.E-2),#75);
#589=PRESENTATION_STYLE_ASSIGNMENT((#588));
#590=STYLED_ITEM('',(#589),#587);
#591=DIRECTION('',(1.E0,9.263679946512E-8,9.239468706222E-14));
#592=VECTOR('',#591,1.691865699615E0);
#593=CARTESIAN_POINT('',(-8.458192121538E-1,-4.904605533369E0,
6.014362989460E1));
#594=LINE('',#593,#592);
#595=CURVE_STYLE('',#326,POSITIVE_LENGTH_MEASURE(2.E-2),#75);
#596=PRESENTATION_STYLE_ASSIGNMENT((#595));
#597=STYLED_ITEM('',(#596),#594);
#598=CARTESIAN_POINT('',(5.000000086756E0,-6.500588848776E0,6.014362989460E1));
#599=DIRECTION('',(0.E0,0.E0,-1.E0));
#600=DIRECTION('',(-9.334728989231E-1,3.586479429413E-1,0.E0));
#601=AXIS2_PLACEMENT_3D('',#598,#599,#600);
#603=CURVE_STYLE('',#326,POSITIVE_LENGTH_MEASURE(2.E-2),#75);
#604=PRESENTATION_STYLE_ASSIGNMENT((#603));
#605=STYLED_ITEM('',(#604),#602);
#606=CARTESIAN_POINT('',(5.000000086756E0,-6.500588848776E0,6.014362989460E1));
#607=DIRECTION('',(0.E0,0.E0,-1.E0));
#608=DIRECTION('',(9.999163306186E-1,-1.293567787977E-2,0.E0));
#609=AXIS2_PLACEMENT_3D('',#606,#607,#608);
#611=CURVE_STYLE('',#326,POSITIVE_LENGTH_MEASURE(2.E-2),#75);
#612=PRESENTATION_STYLE_ASSIGNMENT((#611));
#613=STYLED_ITEM('',(#612),#610);
#614=DIRECTION('',(-1.E0,-9.272903365676E-8,-1.133631611203E-13));
#615=VECTOR('',#614,1.692318181315E0);
#616=CARTESIAN_POINT('',(8.460454913687E-1,-8.096572164147E0,6.014362989460E1));
#617=LINE('',#616,#615);
#618=CURVE_STYLE('',#326,POSITIVE_LENGTH_MEASURE(2.E-2),#75);
#619=PRESENTATION_STYLE_ASSIGNMENT((#618));
#620=STYLED_ITEM('',(#619),#617);
#621=CARTESIAN_POINT('',(-5.E0,-6.5E0,6.014362989460E1));
#622=DIRECTION('',(0.E0,2.975532142691E-14,-1.E0));
#623=DIRECTION('',(9.334220475909E-1,-3.587802685088E-1,-1.117707674230E-14));
#624=AXIS2_PLACEMENT_3D('',#621,#622,#623);
#626=CURVE_STYLE('',#326,POSITIVE_LENGTH_MEASURE(2.E-2),#75);
#627=PRESENTATION_STYLE_ASSIGNMENT((#626));
#628=STYLED_ITEM('',(#627),#625);
#629=CARTESIAN_POINT('',(-5.E0,-6.5E0,6.014362989460E1));
#630=DIRECTION('',(0.E0,2.975532142691E-14,-1.E0));
#631=DIRECTION('',(-9.999163306186E-1,1.293567787978E-2,0.E0));
#632=AXIS2_PLACEMENT_3D('',#629,#630,#631);
#634=CURVE_STYLE('',#326,POSITIVE_LENGTH_MEASURE(2.E-2),#75);
#635=PRESENTATION_STYLE_ASSIGNMENT((#634));
#636=STYLED_ITEM('',(#635),#633);
#637=DIRECTION('',(1.E0,0.E0,0.E0));
#638=VECTOR('',#637,7.199845309847E0);
#639=CARTESIAN_POINT('',(-3.599845223091E0,-4.904605502688E0,6.824362989460E1));
#640=LINE('',#639,#638);
#641=CURVE_STYLE('',#326,POSITIVE_LENGTH_MEASURE(2.E-2),#75);
#642=PRESENTATION_STYLE_ASSIGNMENT((#641));
#643=STYLED_ITEM('',(#642),#640);
#644=DIRECTION('',(-1.E0,0.E0,0.E0));
#645=VECTOR('',#644,2.484950084494E0);
#646=CARTESIAN_POINT('',(3.600000086756E0,-4.904605502688E0,6.174362989460E1));
#647=LINE('',#646,#645);
#648=CURVE_STYLE('',#326,POSITIVE_LENGTH_MEASURE(2.E-2),#75);
#649=PRESENTATION_STYLE_ASSIGNMENT((#648));
#650=STYLED_ITEM('',(#649),#647);
#651=CARTESIAN_POINT('',(1.115050016156E0,-4.904605468869E0,6.039362971618E1));
#652=CARTESIAN_POINT('',(1.085095613408E0,-4.904605468869E0,6.036592224993E1));
#653=CARTESIAN_POINT('',(1.025234472774E0,-4.904605501664E0,6.031045522874E1));
#654=CARTESIAN_POINT('',(9.355644748555E-1,-4.904605557001E0,6.022712393780E1));
#655=CARTESIAN_POINT('',(8.758739517383E-1,-4.904605376640E0,6.017147302317E1));
#656=CARTESIAN_POINT('',(8.460464874612E-1,-4.904605376640E0,6.014362989460E1));
#658=CURVE_STYLE('',#326,POSITIVE_LENGTH_MEASURE(2.E-2),#75);
#659=PRESENTATION_STYLE_ASSIGNMENT((#658));
#660=STYLED_ITEM('',(#659),#657);
#661=CARTESIAN_POINT('',(-8.458192121538E-1,-4.904605533369E0,
6.014362989460E1));
#662=CARTESIAN_POINT('',(-8.756457363732E-1,-4.904605533369E0,
6.017147366294E1));
#663=CARTESIAN_POINT('',(-9.353348663963E-1,-4.904605505945E0,
6.022712162617E1));
#664=CARTESIAN_POINT('',(-1.024999917744E0,-4.904605445268E0,6.031045318098E1));
#665=CARTESIAN_POINT('',(-1.084854748743E0,-4.904605634497E0,6.036592245591E1));
#666=CARTESIAN_POINT('',(-1.114808007509E0,-4.904605634497E0,6.039363059028E1));
#668=CURVE_STYLE('',#326,POSITIVE_LENGTH_MEASURE(2.E-2),#75);
#669=PRESENTATION_STYLE_ASSIGNMENT((#668));
#670=STYLED_ITEM('',(#669),#667);
#671=CARTESIAN_POINT('',(-5.E0,-6.5E0,6.824362989460E1));
#672=DIRECTION('',(-1.643130076445E-13,-1.443289932012E-13,-1.E0));
#673=DIRECTION('',(-1.742673201376E-5,-9.999999998482E-1,1.429708345093E-13));
#674=AXIS2_PLACEMENT_3D('',#671,#672,#673);
#676=CURVE_STYLE('',#326,POSITIVE_LENGTH_MEASURE(2.E-2),#75);
#677=PRESENTATION_STYLE_ASSIGNMENT((#676));
#678=STYLED_ITEM('',(#677),#675);
#679=CARTESIAN_POINT('',(-5.E0,-6.5E0,6.824362989460E1));
#680=DIRECTION('',(-1.643130076445E-13,-1.443289932012E-13,-1.E0));
#681=DIRECTION('',(-9.999999998589E-1,1.679873506102E-5,1.649663475107E-13));
#682=AXIS2_PLACEMENT_3D('',#679,#680,#681);
#684=CURVE_STYLE('',#326,POSITIVE_LENGTH_MEASURE(2.E-2),#75);
#685=PRESENTATION_STYLE_ASSIGNMENT((#684));
#686=STYLED_ITEM('',(#685),#683);
#687=DIRECTION('',(9.999999982256E-1,-5.957171138343E-5,1.460866546047E-9));
#688=VECTOR('',#687,1.000001515024E1);
#689=CARTESIAN_POINT('',(-4.999943966940E0,-2.623946046336E0,6.824346564151E1));
#690=LINE('',#689,#688);
#691=CURVE_STYLE('',#326,POSITIVE_LENGTH_MEASURE(2.E-2),#75);
#692=PRESENTATION_STYLE_ASSIGNMENT((#691));
#693=STYLED_ITEM('',(#692),#690);
#694=CARTESIAN_POINT('',(5.000000086756E0,-6.500588848776E0,6.824362989460E1));
#695=DIRECTION('',(1.332267629550E-14,2.664535259100E-14,-1.E0));
#696=DIRECTION('',(1.770677215376E-5,9.999999998432E-1,2.566143183500E-14));
#697=AXIS2_PLACEMENT_3D('',#694,#695,#696);
#699=CURVE_STYLE('',#326,POSITIVE_LENGTH_MEASURE(2.E-2),#75);
#700=PRESENTATION_STYLE_ASSIGNMENT((#699));
#701=STYLED_ITEM('',(#700),#698);
#702=CARTESIAN_POINT('',(5.000000086756E0,-6.500588848776E0,6.824362989460E1));
#703=DIRECTION('',(1.332267629550E-14,2.664535259100E-14,-1.E0));
#704=DIRECTION('',(9.999999998589E-1,-1.679873510020E-5,1.466367533429E-14));
#705=AXIS2_PLACEMENT_3D('',#702,#703,#704);
#707=CURVE_STYLE('',#326,POSITIVE_LENGTH_MEASURE(2.E-2),#75);
#708=PRESENTATION_STYLE_ASSIGNMENT((#707));
#709=STYLED_ITEM('',(#708),#706);
#710=DIRECTION('',(-9.999999982256E-1,5.957171068437E-5,1.460825299482E-9));
#711=VECTOR('',#710,1.000001539086E1);
#712=CARTESIAN_POINT('',(4.999944656134E0,-1.037664280246E1,6.824346564151E1));
#713=LINE('',#712,#711);
#714=CURVE_STYLE('',#326,POSITIVE_LENGTH_MEASURE(2.E-2),#75);
#715=PRESENTATION_STYLE_ASSIGNMENT((#714));
#716=STYLED_ITEM('',(#715),#713);
#717=DIRECTION('',(9.877816557235E-1,-1.558441548986E-1,2.194277834783E-14));
#718=VECTOR('',#717,6.476324232937E-1);
#719=CARTESIAN_POINT('',(7.443211517033E0,-8.108799937832E0,6.824362989460E1));
#720=LINE('',#719,#718);
#721=CURVE_STYLE('',#326,POSITIVE_LENGTH_MEASURE(2.E-2),#75);
#722=PRESENTATION_STYLE_ASSIGNMENT((#721));
#723=STYLED_ITEM('',(#722),#720);
#724=CARTESIAN_POINT('',(5.000000086756E0,-6.500588848776E0,6.824362989460E1));
#725=DIRECTION('',(0.E0,0.E0,1.E0));
#726=DIRECTION('',(8.745903139455E-1,-4.848626431813E-1,0.E0));
#727=AXIS2_PLACEMENT_3D('',#724,#725,#726);
#729=CURVE_STYLE('',#326,POSITIVE_LENGTH_MEASURE(2.E-2),#75);
#730=PRESENTATION_STYLE_ASSIGNMENT((#729));
#731=STYLED_ITEM('',(#730),#728);
#732=DIRECTION('',(-9.877816480908E-1,1.558442032767E-1,0.E0));
#733=VECTOR('',#732,1.328928522253E0);
#734=CARTESIAN_POINT('',(8.266398750124E0,-7.825830249736E0,6.824362989460E1));
#735=LINE('',#734,#733);
#736=CURVE_STYLE('',#326,POSITIVE_LENGTH_MEASURE(2.E-2),#75);
#737=PRESENTATION_STYLE_ASSIGNMENT((#736));
#738=STYLED_ITEM('',(#737),#735);
#739=CARTESIAN_POINT('',(5.001203307861E0,-6.500588848776E0,6.824362989460E1));
#740=DIRECTION('',(0.E0,0.E0,1.E0));
#741=DIRECTION('',(8.677796461683E-1,-4.969491781822E-1,0.E0));
#742=AXIS2_PLACEMENT_3D('',#739,#740,#741);
#744=CURVE_STYLE('',#326,POSITIVE_LENGTH_MEASURE(2.E-2),#75);
#745=PRESENTATION_STYLE_ASSIGNMENT((#744));
#746=STYLED_ITEM('',(#745),#743);
#747=CARTESIAN_POINT('',(5.001203307861E0,-6.500588848776E0,6.824362989460E1));
#748=DIRECTION('',(0.E0,0.E0,1.E0));
#749=DIRECTION('',(1.E0,0.E0,0.E0));
#750=AXIS2_PLACEMENT_3D('',#747,#748,#749);
#752=CURVE_STYLE('',#326,POSITIVE_LENGTH_MEASURE(2.E-2),#75);
#753=PRESENTATION_STYLE_ASSIGNMENT((#752));
#754=STYLED_ITEM('',(#753),#751);
#755=DIRECTION('',(9.877816564082E-1,1.558441505591E-1,0.E0));
#756=VECTOR('',#755,1.328928549041E0);
#757=CARTESIAN_POINT('',(6.953707507825E0,-5.382453191029E0,6.824362989460E1));
#758=LINE('',#757,#756);
#759=CURVE_STYLE('',#326,POSITIVE_LENGTH_MEASURE(2.E-2),#75);
#760=PRESENTATION_STYLE_ASSIGNMENT((#759));
#761=STYLED_ITEM('',(#760),#758);
#762=CARTESIAN_POINT('',(5.000000086756E0,-6.500588848776E0,6.824362989460E1));
#763=DIRECTION('',(0.E0,0.E0,1.E0));
#764=DIRECTION('',(9.266379190314E-1,3.759550066340E-1,0.E0));
#765=AXIS2_PLACEMENT_3D('',#762,#763,#764);
#767=CURVE_STYLE('',#326,POSITIVE_LENGTH_MEASURE(2.E-2),#75);
#768=PRESENTATION_STYLE_ASSIGNMENT((#767));
#769=STYLED_ITEM('',(#768),#766);
#770=DIRECTION('',(-9.877816555793E-1,-1.558441558129E-1,-2.205434883495E-14));
#771=VECTOR('',#770,6.443561232097E-1);
#772=CARTESIAN_POINT('',(8.102214727192E0,-4.826704346919E0,6.824362989460E1));
#773=LINE('',#772,#771);
#774=CURVE_STYLE('',#326,POSITIVE_LENGTH_MEASURE(2.E-2),#75);
#775=PRESENTATION_STYLE_ASSIGNMENT((#774));
#776=STYLED_ITEM('',(#775),#773);
#777=CARTESIAN_POINT('',(5.000000086756E0,-6.500588848776E0,6.824362989460E1));
#778=DIRECTION('',(0.E0,0.E0,1.E0));
#779=DIRECTION('',(8.429851221431E-1,5.379368771942E-1,0.E0));
#780=AXIS2_PLACEMENT_3D('',#777,#778,#779);
#782=CURVE_STYLE('',#326,POSITIVE_LENGTH_MEASURE(2.E-2),#75);
#783=PRESENTATION_STYLE_ASSIGNMENT((#782));
#784=STYLED_ITEM('',(#783),#781);
#785=CARTESIAN_POINT('',(4.800000086756E0,-3.782938208977E0,6.824362989460E1));
#786=DIRECTION('',(0.E0,0.E0,1.E0));
#787=DIRECTION('',(-7.339449541414E-2,9.973029870821E-1,0.E0));
#788=AXIS2_PLACEMENT_3D('',#785,#786,#787);
#790=CURVE_STYLE('',#326,POSITIVE_LENGTH_MEASURE(2.E-2),#75);
#791=PRESENTATION_STYLE_ASSIGNMENT((#790));
#792=STYLED_ITEM('',(#791),#789);
#793=CARTESIAN_POINT('',(3.600000086756E0,-3.904605502688E0,6.824362989460E1));
#794=DIRECTION('',(0.E0,0.E0,-1.E0));
#795=DIRECTION('',(1.E0,-3.419486915845E-14,0.E0));
#796=AXIS2_PLACEMENT_3D('',#793,#794,#795);
#798=CURVE_STYLE('',#326,POSITIVE_LENGTH_MEASURE(2.E-2),#75);
#799=PRESENTATION_STYLE_ASSIGNMENT((#798));
#800=STYLED_ITEM('',(#799),#797);
#801=CARTESIAN_POINT('',(-3.599845223091E0,-3.904605502688E0,6.824362989460E1));
#802=DIRECTION('',(0.E0,0.E0,-1.E0));
#803=DIRECTION('',(0.E0,-1.E0,0.E0));
#804=AXIS2_PLACEMENT_3D('',#801,#802,#803);
#806=CURVE_STYLE('',#326,POSITIVE_LENGTH_MEASURE(2.E-2),#75);
#807=PRESENTATION_STYLE_ASSIGNMENT((#806));
#808=STYLED_ITEM('',(#807),#805);
#809=CARTESIAN_POINT('',(-4.799845223091E0,-3.782938208977E0,6.824362989460E1));
#810=DIRECTION('',(0.E0,0.E0,1.E0));
#811=DIRECTION('',(1.E0,-7.105427357601E-14,0.E0));
#812=AXIS2_PLACEMENT_3D('',#809,#810,#811);
#814=CURVE_STYLE('',#326,POSITIVE_LENGTH_MEASURE(2.E-2),#75);
#815=PRESENTATION_STYLE_ASSIGNMENT((#814));
#816=STYLED_ITEM('',(#815),#813);
#817=CARTESIAN_POINT('',(-4.999845223091E0,-6.500588848776E0,6.824362989460E1));
#818=DIRECTION('',(0.E0,0.E0,1.E0));
#819=DIRECTION('',(7.338924214501E-2,9.973033736719E-1,0.E0));
#820=AXIS2_PLACEMENT_3D('',#817,#818,#819);
#822=CURVE_STYLE('',#326,POSITIVE_LENGTH_MEASURE(2.E-2),#75);
#823=PRESENTATION_STYLE_ASSIGNMENT((#822));
#824=STYLED_ITEM('',(#823),#821);
#825=DIRECTION('',(-9.877816557028E-1,1.558441550301E-1,2.205434883338E-14));
#826=VECTOR('',#825,6.443561232555E-1);
#827=CARTESIAN_POINT('',(-7.465576705360E0,-4.927123482984E0,6.824362989460E1));
#828=LINE('',#827,#826);
#829=CURVE_STYLE('',#326,POSITIVE_LENGTH_MEASURE(2.E-2),#75);
#830=PRESENTATION_STYLE_ASSIGNMENT((#829));
#831=STYLED_ITEM('',(#830),#828);
#832=CARTESIAN_POINT('',(-4.999845223091E0,-6.500588848776E0,6.824362989460E1));
#833=DIRECTION('',(0.E0,0.E0,1.E0));
#834=DIRECTION('',(-8.800608908634E-1,4.748608515900E-1,0.E0));
#835=AXIS2_PLACEMENT_3D('',#832,#833,#834);
#837=CURVE_STYLE('',#326,POSITIVE_LENGTH_MEASURE(2.E-2),#75);
#838=PRESENTATION_STYLE_ASSIGNMENT((#837));
#839=STYLED_ITEM('',(#838),#836);
#840=DIRECTION('',(9.877816482961E-1,-1.558442019755E-1,0.E0));
#841=VECTOR('',#840,1.328928522831E0);
#842=CARTESIAN_POINT('',(-8.266243887183E0,-5.175347449247E0,6.824362989460E1));
#843=LINE('',#842,#841);
#844=CURVE_STYLE('',#326,POSITIVE_LENGTH_MEASURE(2.E-2),#75);
#845=PRESENTATION_STYLE_ASSIGNMENT((#844));
#846=STYLED_ITEM('',(#845),#843);
#847=CARTESIAN_POINT('',(-5.001048444196E0,-6.500588848776E0,6.824362989460E1));
#848=DIRECTION('',(0.E0,0.E0,1.E0));
#849=DIRECTION('',(-8.677796461682E-1,4.969491781824E-1,0.E0));
#850=AXIS2_PLACEMENT_3D('',#847,#848,#849);
#852=CURVE_STYLE('',#326,POSITIVE_LENGTH_MEASURE(2.E-2),#75);
#853=PRESENTATION_STYLE_ASSIGNMENT((#852));
#854=STYLED_ITEM('',(#853),#851);
#855=CARTESIAN_POINT('',(-5.001048444196E0,-6.500588848776E0,6.824362989460E1));
#856=DIRECTION('',(0.E0,0.E0,1.E0));
#857=DIRECTION('',(-1.E0,0.E0,0.E0));
#858=AXIS2_PLACEMENT_3D('',#855,#856,#857);
#860=CURVE_STYLE('',#326,POSITIVE_LENGTH_MEASURE(2.E-2),#75);
#861=PRESENTATION_STYLE_ASSIGNMENT((#860));
#862=STYLED_ITEM('',(#861),#859);
#863=DIRECTION('',(-9.877816557810E-1,-1.558441545346E-1,0.E0));
#864=VECTOR('',#863,1.328928547023E0);
#865=CARTESIAN_POINT('',(-6.953552646302E0,-7.618724502781E0,6.824362989460E1));
#866=LINE('',#865,#864);
#867=CURVE_STYLE('',#326,POSITIVE_LENGTH_MEASURE(2.E-2),#75);
#868=PRESENTATION_STYLE_ASSIGNMENT((#867));
#869=STYLED_ITEM('',(#868),#866);
#870=CARTESIAN_POINT('',(-4.999845223091E0,-6.500588848776E0,6.824362989460E1));
#871=DIRECTION('',(0.E0,0.E0,1.E0));
#872=DIRECTION('',(-9.266379190316E-1,-3.759550066336E-1,0.E0));
#873=AXIS2_PLACEMENT_3D('',#870,#871,#872);
#875=CURVE_STYLE('',#326,POSITIVE_LENGTH_MEASURE(2.E-2),#75);
#876=PRESENTATION_STYLE_ASSIGNMENT((#875));
#877=STYLED_ITEM('',(#876),#874);
#878=DIRECTION('',(9.877816555996E-1,1.558441556842E-1,-2.194277835503E-14));
#879=VECTOR('',#878,6.476324230813E-1);
#880=CARTESIAN_POINT('',(-8.082776080459E0,-8.209729666001E0,6.824362989460E1));
#881=LINE('',#880,#879);
#882=CURVE_STYLE('',#326,POSITIVE_LENGTH_MEASURE(2.E-2),#75);
#883=PRESENTATION_STYLE_ASSIGNMENT((#882));
#884=STYLED_ITEM('',(#883),#881);
#885=CARTESIAN_POINT('',(-4.999845223091E0,-6.500588848776E0,6.824362989460E1));
#886=DIRECTION('',(0.E0,0.E0,1.E0));
#887=DIRECTION('',(-8.352859590691E-1,-5.498157569423E-1,0.E0));
#888=AXIS2_PLACEMENT_3D('',#885,#886,#887);
#890=CURVE_STYLE('',#326,POSITIVE_LENGTH_MEASURE(2.E-2),#75);
#891=PRESENTATION_STYLE_ASSIGNMENT((#890));
#892=STYLED_ITEM('',(#891),#889);
#893=CARTESIAN_POINT('',(-4.799845223091E0,-9.218239488575E0,6.824362989460E1));
#894=DIRECTION('',(0.E0,0.E0,1.E0));
#895=DIRECTION('',(7.339449541411E-2,-9.973029870821E-1,0.E0));
#896=AXIS2_PLACEMENT_3D('',#893,#894,#895);
#898=CURVE_STYLE('',#326,POSITIVE_LENGTH_MEASURE(2.E-2),#75);
#899=PRESENTATION_STYLE_ASSIGNMENT((#898));
#900=STYLED_ITEM('',(#899),#897);
#901=CARTESIAN_POINT('',(-3.599845223091E0,-9.096572194864E0,6.824362989460E1));
#902=DIRECTION('',(0.E0,0.E0,-1.E0));
#903=DIRECTION('',(-1.E0,3.375077994860E-14,0.E0));
#904=AXIS2_PLACEMENT_3D('',#901,#902,#903);
#906=CURVE_STYLE('',#326,POSITIVE_LENGTH_MEASURE(2.E-2),#75);
#907=PRESENTATION_STYLE_ASSIGNMENT((#906));
#908=STYLED_ITEM('',(#907),#905);
#909=DIRECTION('',(1.E0,0.E0,0.E0));
#910=VECTOR('',#909,7.199845309847E0);
#911=CARTESIAN_POINT('',(-3.599845223091E0,-8.096572194864E0,6.824362989460E1));
#912=LINE('',#911,#910);
#913=CURVE_STYLE('',#326,POSITIVE_LENGTH_MEASURE(2.E-2),#75);
#914=PRESENTATION_STYLE_ASSIGNMENT((#913));
#915=STYLED_ITEM('',(#914),#912);
#916=CARTESIAN_POINT('',(3.600000086756E0,-9.096572194864E0,6.824362989460E1));
#917=DIRECTION('',(0.E0,0.E0,-1.E0));
#918=DIRECTION('',(0.E0,1.E0,0.E0));
#919=AXIS2_PLACEMENT_3D('',#916,#917,#918);
#921=CURVE_STYLE('',#326,POSITIVE_LENGTH_MEASURE(2.E-2),#75);
#922=PRESENTATION_STYLE_ASSIGNMENT((#921));
#923=STYLED_ITEM('',(#922),#920);
#924=CARTESIAN_POINT('',(4.800000086756E0,-9.218239488575E0,6.824362989460E1));
#925=DIRECTION('',(0.E0,0.E0,1.E0));
#926=DIRECTION('',(-1.E0,9.769962616701E-14,0.E0));
#927=AXIS2_PLACEMENT_3D('',#924,#925,#926);
#929=CURVE_STYLE('',#326,POSITIVE_LENGTH_MEASURE(2.E-2),#75);
#930=PRESENTATION_STYLE_ASSIGNMENT((#929));
#931=STYLED_ITEM('',(#930),#928);
#932=CARTESIAN_POINT('',(5.000000086756E0,-6.500588848776E0,6.824362989460E1));
#933=DIRECTION('',(0.E0,0.E0,1.E0));
#934=DIRECTION('',(-7.339449541294E-2,-9.973029870822E-1,0.E0));
#935=AXIS2_PLACEMENT_3D('',#932,#933,#934);
#937=CURVE_STYLE('',#326,POSITIVE_LENGTH_MEASURE(2.E-2),#75);
#938=PRESENTATION_STYLE_ASSIGNMENT((#937));
#939=STYLED_ITEM('',(#938),#936);
#940=DIRECTION('',(-4.389339042586E-5,-7.068778102299E-1,-7.073356766613E-1));
#941=VECTOR('',#940,5.647593629085E-1);
#942=CARTESIAN_POINT('',(-5.000070716978E0,-1.037604708444E1,6.824346565612E1));
#943=LINE('',#942,#941);
#944=CURVE_STYLE('',#326,POSITIVE_LENGTH_MEASURE(2.E-2),#75);
#945=PRESENTATION_STYLE_ASSIGNMENT((#944));
#946=STYLED_ITEM('',(#945),#943);
#947=CARTESIAN_POINT('',(-5.E0,-6.5E0,6.784421235093E1));
#948=DIRECTION('',(-1.643130076445E-13,-1.443289932012E-13,-1.E0));
#949=DIRECTION('',(-2.706496527150E-5,-9.999999996337E-1,1.429045523546E-13));
#950=AXIS2_PLACEMENT_3D('',#947,#948,#949);
#952=CURVE_STYLE('',#326,POSITIVE_LENGTH_MEASURE(2.E-2),#75);
#953=PRESENTATION_STYLE_ASSIGNMENT((#952));
#954=STYLED_ITEM('',(#953),#951);
#955=CARTESIAN_POINT('',(-5.E0,-6.5E0,6.784444533129E1));
#956=DIRECTION('',(-1.643130076445E-13,-1.443289932012E-13,-1.E0));
#957=DIRECTION('',(-9.999999996943E-1,2.472599801251E-5,1.628535989091E-13));
#958=AXIS2_PLACEMENT_3D('',#955,#956,#957);
#960=CURVE_STYLE('',#326,POSITIVE_LENGTH_MEASURE(2.E-2),#75);
#961=PRESENTATION_STYLE_ASSIGNMENT((#960));
#962=STYLED_ITEM('',(#961),#959);
#963=DIRECTION('',(-9.999999985031E-1,5.424113617981E-5,-7.189503709005E-6));
#964=VECTOR('',#963,1.000001439243E1);
#965=CARTESIAN_POINT('',(4.999918871283E0,-1.077580535834E1,6.784406310515E1));
#966=LINE('',#965,#964);
#967=CURVE_STYLE('',#326,POSITIVE_LENGTH_MEASURE(2.E-2),#75);
#968=PRESENTATION_STYLE_ASSIGNMENT((#967));
#969=STYLED_ITEM('',(#968),#966);
#970=DIRECTION('',(-9.999999999996E-1,9.029563977106E-7,1.200638649074E-9));
#971=VECTOR('',#970,4.499805263829E0);
#972=CARTESIAN_POINT('',(4.999882854497E0,-1.077558884439E1,6.764962447815E1));
#973=LINE('',#972,#971);
#974=CURVE_STYLE('',#326,POSITIVE_LENGTH_MEASURE(2.E-2),#75);
#975=PRESENTATION_STYLE_ASSIGNMENT((#974));
#976=STYLED_ITEM('',(#975),#973);
#977=DIRECTION('',(-9.999999992295E-1,3.925656747937E-5,-1.321609492460E-11));
#978=VECTOR('',#977,9.999999970139E-1);
#979=CARTESIAN_POINT('',(5.000775906704E-1,-1.077558478126E1,6.764962448355E1));
#980=LINE('',#979,#978);
#981=CURVE_STYLE('',#326,POSITIVE_LENGTH_MEASURE(2.E-2),#75);
#982=PRESENTATION_STYLE_ASSIGNMENT((#981));
#983=STYLED_ITEM('',(#982),#980);
#984=DIRECTION('',(-9.999999926525E-1,1.212229736009E-4,-1.180412555125E-9));
#985=VECTOR('',#984,4.500220660531E0);
#986=CARTESIAN_POINT('',(-4.999224055729E-1,-1.077554552469E1,
6.764962448354E1));
#987=LINE('',#986,#985);
#988=CURVE_STYLE('',#326,POSITIVE_LENGTH_MEASURE(2.E-2),#75);
#989=PRESENTATION_STYLE_ASSIGNMENT((#988));
#990=STYLED_ITEM('',(#989),#987);
#991=DIRECTION('',(2.445213376141E-4,-1.352862124319E-3,9.999990549862E-1));
#992=VECTOR('',#991,1.943669154578E-1);
#993=CARTESIAN_POINT('',(-5.000143033039E0,-1.077499999456E1,6.764962447823E1));
#994=LINE('',#993,#992);
#995=CURVE_STYLE('',#326,POSITIVE_LENGTH_MEASURE(2.E-2),#75);
#996=PRESENTATION_STYLE_ASSIGNMENT((#995));
#997=STYLED_ITEM('',(#996),#994);
#998=DIRECTION('',(1.852346051216E-4,-1.113532945365E-3,9.999993628661E-1));
#999=VECTOR('',#998,1.944387508798E-1);
#1000=CARTESIAN_POINT('',(4.999882854497E0,-1.077558884439E1,6.764962447815E1));
#1001=LINE('',#1000,#999);
#1002=CURVE_STYLE('',#326,POSITIVE_LENGTH_MEASURE(2.E-2),#75);
#1003=PRESENTATION_STYLE_ASSIGNMENT((#1002));
#1004=STYLED_ITEM('',(#1003),#1001);
#1005=DIRECTION('',(4.325271463391E-5,7.068778102619E-1,-7.073356766688E-1));
#1006=VECTOR('',#1005,5.647593629041E-1);
#1007=CARTESIAN_POINT('',(5.000071165561E0,-2.624541764352E0,6.824346565612E1));
#1008=LINE('',#1007,#1006);
#1009=CURVE_STYLE('',#326,POSITIVE_LENGTH_MEASURE(2.E-2),#75);
#1010=PRESENTATION_STYLE_ASSIGNMENT((#1009));
#1011=STYLED_ITEM('',(#1010),#1008);
#1012=CARTESIAN_POINT('',(5.000000086756E0,-6.500588848776E0,6.784421235093E1));
#1013=DIRECTION('',(1.332267629550E-14,2.664535259100E-14,-1.E0));
#1014=DIRECTION('',(2.706496541171E-5,9.999999996337E-1,2.658689346132E-14));
#1015=AXIS2_PLACEMENT_3D('',#1012,#1013,#1014);
#1017=CURVE_STYLE('',#326,POSITIVE_LENGTH_MEASURE(2.E-2),#75);
#1018=PRESENTATION_STYLE_ASSIGNMENT((#1017));
#1019=STYLED_ITEM('',(#1018),#1016);
#1020=CARTESIAN_POINT('',(5.000000086756E0,-6.500588848776E0,6.784444533129E1));
#1021=DIRECTION('',(1.332267629550E-14,2.664535259100E-14,-1.E0));
#1022=DIRECTION('',(9.999999996943E-1,-2.472599806402E-5,1.329417133952E-14));
#1023=AXIS2_PLACEMENT_3D('',#1020,#1021,#1022);
#1025=CURVE_STYLE('',#326,POSITIVE_LENGTH_MEASURE(2.E-2),#75);
#1026=PRESENTATION_STYLE_ASSIGNMENT((#1025));
#1027=STYLED_ITEM('',(#1026),#1024);
#1028=DIRECTION('',(4.566350884957E-5,7.068942526033E-1,7.073192444372E-1));
#1029=VECTOR('',#1028,5.646708180302E-1);
#1030=CARTESIAN_POINT('',(4.999918871283E0,-1.077580535834E1,6.784406310515E1));
#1031=LINE('',#1030,#1029);
#1032=CURVE_STYLE('',#326,POSITIVE_LENGTH_MEASURE(2.E-2),#75);
#1033=PRESENTATION_STYLE_ASSIGNMENT((#1032));
#1034=STYLED_ITEM('',(#1033),#1031);
#1035=DIRECTION('',(9.999999985031E-1,-5.424113616165E-5,-7.189503723216E-6));
#1036=VECTOR('',#1035,1.000001439243E1);
#1037=CARTESIAN_POINT('',(-4.999918784526E0,-2.224783490435E0,
6.784406310515E1));
#1038=LINE('',#1037,#1036);
#1039=CURVE_STYLE('',#326,POSITIVE_LENGTH_MEASURE(2.E-2),#75);
#1040=PRESENTATION_STYLE_ASSIGNMENT((#1039));
#1041=STYLED_ITEM('',(#1040),#1038);
#1042=DIRECTION('',(4.459662610086E-5,7.068942526565E-1,-7.073192444521E-1));
#1043=VECTOR('',#1042,5.646708180191E-1);
#1044=CARTESIAN_POINT('',(-4.999943966940E0,-2.623946046336E0,
6.824346564151E1));
#1045=LINE('',#1044,#1043);
#1046=CURVE_STYLE('',#326,POSITIVE_LENGTH_MEASURE(2.E-2),#75);
#1047=PRESENTATION_STYLE_ASSIGNMENT((#1046));
#1048=STYLED_ITEM('',(#1047),#1045);
#1049=DIRECTION('',(9.999999992295E-1,-3.925658563479E-5,-4.470734911475E-11));
#1050=VECTOR('',#1049,9.999999959577E-1);
#1051=CARTESIAN_POINT('',(-4.999228617778E-1,-2.225200356501E0,
6.764962447749E1));
#1052=LINE('',#1051,#1050);
#1053=CURVE_STYLE('',#326,POSITIVE_LENGTH_MEASURE(2.E-2),#75);
#1054=PRESENTATION_STYLE_ASSIGNMENT((#1053));
#1055=STYLED_ITEM('',(#1054),#1052);
#1056=DIRECTION('',(-2.445213354791E-4,1.352862456804E-3,9.999990549858E-1));
#1057=VECTOR('',#1056,1.943669184008E-1);
#1058=CARTESIAN_POINT('',(5.000143119795E0,-2.225588854284E0,6.764962447529E1));
#1059=LINE('',#1058,#1057);
#1060=CURVE_STYLE('',#326,POSITIVE_LENGTH_MEASURE(2.E-2),#75);
#1061=PRESENTATION_STYLE_ASSIGNMENT((#1060));
#1062=STYLED_ITEM('',(#1061),#1059);
#1063=DIRECTION('',(9.999999990088E-1,-4.452310323695E-5,5.007918236478E-10));
#1064=VECTOR('',#1063,4.499959910422E0);
#1065=CARTESIAN_POINT('',(-4.999882767739E0,-2.225000004322E0,
6.764962447524E1));
#1066=LINE('',#1065,#1064);
#1067=CURVE_STYLE('',#326,POSITIVE_LENGTH_MEASURE(2.E-2),#75);
#1068=PRESENTATION_STYLE_ASSIGNMENT((#1067));
#1069=STYLED_ITEM('',(#1068),#1066);
#1070=DIRECTION('',(-7.675387487399E-7,4.344772921851E-11,9.999999999997E-1));
#1071=VECTOR('',#1070,3.361026440810E0);
#1072=CARTESIAN_POINT('',(5.000774318326E-1,-2.225071096544E0,
6.424362989460E1));
#1073=LINE('',#1072,#1071);
#1074=CURVE_STYLE('',#326,POSITIVE_LENGTH_MEASURE(2.E-2),#75);
#1075=PRESENTATION_STYLE_ASSIGNMENT((#1074));
#1076=STYLED_ITEM('',(#1075),#1073);
#1077=CARTESIAN_POINT('',(5.000748521146E-1,-2.225071096398E0,
6.760465633541E1));
#1078=CARTESIAN_POINT('',(5.000755979272E-1,-2.225071096398E0,
6.761964571671E1));
#1079=CARTESIAN_POINT('',(5.000763875967E-1,-2.225239613087E0,
6.763463509615E1));
#1080=CARTESIAN_POINT('',(5.000771334094E-1,-2.225239613087E0,
6.764962447745E1));
#1082=CURVE_STYLE('',#326,POSITIVE_LENGTH_MEASURE(2.E-2),#75);
#1083=PRESENTATION_STYLE_ASSIGNMENT((#1082));
#1084=STYLED_ITEM('',(#1083),#1081);
#1085=CARTESIAN_POINT('',(-4.999228617778E-1,-2.225200356501E0,
6.764962447749E1));
#1086=CARTESIAN_POINT('',(-4.999236063997E-1,-2.225200356501E0,
6.763649655414E1));
#1087=CARTESIAN_POINT('',(-4.999243954462E-1,-2.225071096403E0,
6.762336863438E1));
#1088=CARTESIAN_POINT('',(-4.999251400682E-1,-2.225071096403E0,
6.761024071103E1));
#1090=CURVE_STYLE('',#326,POSITIVE_LENGTH_MEASURE(2.E-2),#75);
#1091=PRESENTATION_STYLE_ASSIGNMENT((#1090));
#1092=STYLED_ITEM('',(#1091),#1089);
#1093=DIRECTION('',(-1.E0,2.131628207280E-14,-5.684341886081E-14));
#1094=VECTOR('',#1093,1.E0);
#1095=CARTESIAN_POINT('',(5.000774318326E-1,-2.225071096544E0,
6.424362989460E1));
#1096=LINE('',#1095,#1094);
#1097=CURVE_STYLE('',#326,POSITIVE_LENGTH_MEASURE(2.E-2),#75);
#1098=PRESENTATION_STYLE_ASSIGNMENT((#1097));
#1099=STYLED_ITEM('',(#1098),#1096);
#1100=DIRECTION('',(1.E0,5.839773109528E-14,0.E0));
#1101=VECTOR('',#1100,1.E0);
#1102=CARTESIAN_POINT('',(-4.999225681674E-1,-1.225071096544E0,
6.324362989460E1));
#1103=LINE('',#1102,#1101);
#1104=CURVE_STYLE('',#326,POSITIVE_LENGTH_MEASURE(2.E-2),#75);
#1105=PRESENTATION_STYLE_ASSIGNMENT((#1104));
#1106=STYLED_ITEM('',(#1105),#1103);
#1107=CARTESIAN_POINT('',(5.000774318326E-1,-1.225071096544E0,
6.424362989460E1));
#1108=DIRECTION('',(1.E0,0.E0,0.E0));
#1109=DIRECTION('',(0.E0,-1.E0,-2.188471626141E-12));
#1110=AXIS2_PLACEMENT_3D('',#1107,#1108,#1109);
#1112=CURVE_STYLE('',#326,POSITIVE_LENGTH_MEASURE(2.E-2),#75);
#1113=PRESENTATION_STYLE_ASSIGNMENT((#1112));
#1114=STYLED_ITEM('',(#1113),#1111);
#1115=DIRECTION('',(2.377126963344E-14,1.E0,-4.610185625879E-14));
#1116=VECTOR('',#1115,9.247472359094E-1);
#1117=CARTESIAN_POINT('',(5.000774318326E-1,-1.225071096544E0,
6.324362989460E1));
#1118=LINE('',#1117,#1116);
#1119=CURVE_STYLE('',#326,POSITIVE_LENGTH_MEASURE(2.E-2),#75);
#1120=PRESENTATION_STYLE_ASSIGNMENT((#1119));
#1121=STYLED_ITEM('',(#1120),#1118);
#1122=DIRECTION('',(3.711092605440E-6,-5.000000002629E-1,8.660254036247E-1));
#1123=VECTOR('',#1122,2.778203080067E0);
#1124=CARTESIAN_POINT('',(5.000774318326E-1,-3.003238606345E-1,
6.324362989460E1));
#1125=LINE('',#1124,#1123);
#1126=CURVE_STYLE('',#326,POSITIVE_LENGTH_MEASURE(2.E-2),#75);
#1127=PRESENTATION_STYLE_ASSIGNMENT((#1126));
#1128=STYLED_ITEM('',(#1127),#1125);
#1129=CARTESIAN_POINT('',(5.003028284590E-1,1.774676122276E0,6.764962448590E1));
#1130=DIRECTION('',(-9.999999982663E-1,5.888487992650E-5,5.798588425317E-13));
#1131=DIRECTION('',(-5.099580214544E-5,-8.660254012703E-1,-5.000000017540E-1));
#1132=AXIS2_PLACEMENT_3D('',#1129,#1130,#1131);
#1134=CURVE_STYLE('',#326,POSITIVE_LENGTH_MEASURE(2.E-2),#75);
#1135=PRESENTATION_STYLE_ASSIGNMENT((#1134));
#1136=STYLED_ITEM('',(#1135),#1133);
#1137=CARTESIAN_POINT('',(-4.999225681674E-1,-1.225071096544E0,
6.424362989460E1));
#1138=DIRECTION('',(-1.E0,0.E0,0.E0));
#1139=DIRECTION('',(0.E0,8.926193117986E-14,-1.E0));
#1140=AXIS2_PLACEMENT_3D('',#1137,#1138,#1139);
#1142=CURVE_STYLE('',#326,POSITIVE_LENGTH_MEASURE(2.E-2),#75);
#1143=PRESENTATION_STYLE_ASSIGNMENT((#1142));
#1144=STYLED_ITEM('',(#1143),#1141);
#1145=DIRECTION('',(-7.639436096427E-7,4.183706339481E-11,9.999999999997E-1));
#1146=VECTOR('',#1145,3.366610816436E0);
#1147=CARTESIAN_POINT('',(-4.999225681674E-1,-2.225071096544E0,
6.424362989460E1));
#1148=LINE('',#1147,#1146);
#1149=CURVE_STYLE('',#326,POSITIVE_LENGTH_MEASURE(2.E-2),#75);
#1150=PRESENTATION_STYLE_ASSIGNMENT((#1149));
#1151=STYLED_ITEM('',(#1150),#1148);
#1152=CARTESIAN_POINT('',(-4.996971381298E-1,1.774735007154E0,
6.764962448590E1));
#1153=DIRECTION('',(9.999999982663E-1,-5.888487992650E-5,-5.798588425317E-13));
#1154=DIRECTION('',(-5.888202563680E-5,-9.999515257992E-1,-9.845942550501E-3));
#1155=AXIS2_PLACEMENT_3D('',#1152,#1153,#1154);
#1157=CURVE_STYLE('',#326,POSITIVE_LENGTH_MEASURE(2.E-2),#75);
#1158=PRESENTATION_STYLE_ASSIGNMENT((#1157));
#1159=STYLED_ITEM('',(#1158),#1156);
#1160=DIRECTION('',(-3.716879147140E-6,5.000000002639E-1,-8.660254036241E-1));
#1161=VECTOR('',#1160,2.778203402680E0);
#1162=CARTESIAN_POINT('',(-4.999122419211E-1,-1.689366677830E0,
6.564962461775E1));
#1163=LINE('',#1162,#1161);
#1164=CURVE_STYLE('',#326,POSITIVE_LENGTH_MEASURE(2.E-2),#75);
#1165=PRESENTATION_STYLE_ASSIGNMENT((#1164));
#1166=STYLED_ITEM('',(#1165),#1163);
#1167=DIRECTION('',(1.356556784853E-14,-1.E0,1.382967624912E-12));
#1168=VECTOR('',#1167,9.248061207867E-1);
#1169=CARTESIAN_POINT('',(-4.999225681674E-1,-3.002649757573E-1,
6.324362989460E1));
#1170=LINE('',#1169,#1168);
#1171=CURVE_STYLE('',#326,POSITIVE_LENGTH_MEASURE(2.E-2),#75);
#1172=PRESENTATION_STYLE_ASSIGNMENT((#1171));
#1173=STYLED_ITEM('',(#1172),#1170);
#1174=DIRECTION('',(9.999999982677E-1,-5.886142287195E-5,-4.078289366058E-8));
#1175=VECTOR('',#1174,4.499909559896E0);
#1176=CARTESIAN_POINT('',(-4.999821794022E0,-1.689101806751E0,
6.564962480127E1));
#1177=LINE('',#1176,#1175);
#1178=CURVE_STYLE('',#326,POSITIVE_LENGTH_MEASURE(2.E-2),#75);
#1179=PRESENTATION_STYLE_ASSIGNMENT((#1178));
#1180=STYLED_ITEM('',(#1179),#1177);
#1181=CARTESIAN_POINT('',(-5.E0,-6.5E0,6.564962476156E1));
#1182=DIRECTION('',(0.E0,0.E0,-1.E0));
#1183=DIRECTION('',(-9.999999989544E-1,4.572918251590E-5,0.E0));
#1184=AXIS2_PLACEMENT_3D('',#1181,#1182,#1183);
#1186=CURVE_STYLE('',#326,POSITIVE_LENGTH_MEASURE(2.E-2),#75);
#1187=PRESENTATION_STYLE_ASSIGNMENT((#1186));
#1188=STYLED_ITEM('',(#1187),#1185);
#1189=CARTESIAN_POINT('',(-4.999748696312E0,1.774999996091E0,6.764962447424E1));
#1190=DIRECTION('',(-9.999999995389E-1,3.036902570908E-5,0.E0));
#1191=DIRECTION('',(-2.630034902124E-5,-8.660254451696E-1,-4.999999276270E-1));
#1192=AXIS2_PLACEMENT_3D('',#1189,#1190,#1191);
#1194=CURVE_STYLE('',#326,POSITIVE_LENGTH_MEASURE(2.E-2),#75);
#1195=PRESENTATION_STYLE_ASSIGNMENT((#1194));
#1196=STYLED_ITEM('',(#1195),#1193);
#1197=CARTESIAN_POINT('',(-5.E0,-6.5E0,6.764962447424E1));
#1198=DIRECTION('',(0.E0,0.E0,1.E0));
#1199=DIRECTION('',(2.285415671904E-5,9.999999997388E-1,0.E0));
#1200=AXIS2_PLACEMENT_3D('',#1197,#1198,#1199);
#1202=CURVE_STYLE('',#326,POSITIVE_LENGTH_MEASURE(2.E-2),#75);
#1203=PRESENTATION_STYLE_ASSIGNMENT((#1202));
#1204=STYLED_ITEM('',(#1203),#1201);
#1205=CARTESIAN_POINT('',(-5.000309590294E0,-1.477499999412E1,
6.764962447425E1));
#1206=DIRECTION('',(-9.999999993001E-1,3.741272433622E-5,0.E0));
#1207=DIRECTION('',(3.741272433631E-5,9.999999993001E-1,2.928977949136E-9));
#1208=AXIS2_PLACEMENT_3D('',#1205,#1206,#1207);
#1210=CURVE_STYLE('',#326,POSITIVE_LENGTH_MEASURE(2.E-2),#75);
#1211=PRESENTATION_STYLE_ASSIGNMENT((#1210));
#1212=STYLED_ITEM('',(#1211),#1209);
#1213=CARTESIAN_POINT('',(-5.E0,-6.5E0,6.564962243088E1));
#1214=DIRECTION('',(0.E0,0.E0,-1.E0));
#1215=DIRECTION('',(-4.848602813541E-5,-9.999999988246E-1,0.E0));
#1216=AXIS2_PLACEMENT_3D('',#1213,#1214,#1215);
#1218=CURVE_STYLE('',#326,POSITIVE_LENGTH_MEASURE(2.E-2),#75);
#1219=PRESENTATION_STYLE_ASSIGNMENT((#1218));
#1220=STYLED_ITEM('',(#1219),#1217);
#1221=CARTESIAN_POINT('',(-1.327499999566E1,-6.499734899502E0,
6.764962447425E1));
#1222=DIRECTION('',(-3.203631391124E-5,-9.999999994868E-1,0.E0));
#1223=DIRECTION('',(8.660251083980E-1,-2.774425224181E-5,-5.000005108543E-1));
#1224=AXIS2_PLACEMENT_3D('',#1221,#1222,#1223);
#1226=CURVE_STYLE('',#326,POSITIVE_LENGTH_MEASURE(2.E-2),#75);
#1227=PRESENTATION_STYLE_ASSIGNMENT((#1226));
#1228=STYLED_ITEM('',(#1227),#1225);
#1229=CARTESIAN_POINT('',(-5.E0,-6.5E0,6.764962447425E1));
#1230=DIRECTION('',(0.E0,0.E0,1.E0));
#1231=DIRECTION('',(-9.999999996943E-1,2.472599800572E-5,0.E0));
#1232=AXIS2_PLACEMENT_3D('',#1229,#1230,#1231);
#1234=CURVE_STYLE('',#326,POSITIVE_LENGTH_MEASURE(2.E-2),#75);
#1235=PRESENTATION_STYLE_ASSIGNMENT((#1234));
#1236=STYLED_ITEM('',(#1235),#1233);
#1237=DIRECTION('',(-4.672875769535E-5,-4.999999972762E-1,-8.660254040963E-1));
#1238=VECTOR('',#1237,2.778201655363E0);
#1239=CARTESIAN_POINT('',(-5.000200139984E0,-1.131089917111E1,
6.564962310587E1));
#1240=LINE('',#1239,#1238);
#1241=CURVE_STYLE('',#326,POSITIVE_LENGTH_MEASURE(2.E-2),#75);
#1242=PRESENTATION_STYLE_ASSIGNMENT((#1241));
#1243=STYLED_ITEM('',(#1242),#1240);
#1244=CARTESIAN_POINT('',(-5.E0,-6.5E0,6.324362989460E1));
#1245=DIRECTION('',(1.947111844750E-14,1.033161387010E-14,-1.E0));
#1246=DIRECTION('',(-5.619221613092E-5,-9.999999984212E-1,-1.031433003523E-14));
#1247=AXIS2_PLACEMENT_3D('',#1244,#1245,#1246);
#1249=CURVE_STYLE('',#326,POSITIVE_LENGTH_MEASURE(2.E-2),#75);
#1250=PRESENTATION_STYLE_ASSIGNMENT((#1249));
#1251=STYLED_ITEM('',(#1250),#1248);
#1252=DIRECTION('',(-4.999999983976E-1,2.548321603058E-5,-8.660254043346E-1));
#1253=VECTOR('',#1252,2.778202221087E0);
#1254=CARTESIAN_POINT('',(-9.810898888439E0,-6.499812939030E0,
6.564962359644E1));
#1255=LINE('',#1254,#1253);
#1256=CURVE_STYLE('',#326,POSITIVE_LENGTH_MEASURE(2.E-2),#75);
#1257=PRESENTATION_STYLE_ASSIGNMENT((#1256));
#1258=STYLED_ITEM('',(#1257),#1255);
#1259=CARTESIAN_POINT('',(-5.E0,-6.499999999999E0,6.324362989460E1));
#1260=DIRECTION('',(0.E0,0.E0,-1.E0));
#1261=DIRECTION('',(-9.999999994452E-1,3.331187567712E-5,0.E0));
#1262=AXIS2_PLACEMENT_3D('',#1259,#1260,#1261);
#1264=CURVE_STYLE('',#326,POSITIVE_LENGTH_MEASURE(2.E-2),#75);
#1265=PRESENTATION_STYLE_ASSIGNMENT((#1264));
#1266=STYLED_ITEM('',(#1265),#1263);
#1267=DIRECTION('',(5.317545978217E-5,4.999999969052E-1,-8.660254039387E-1));
#1268=VECTOR('',#1267,2.778203613557E0);
#1269=CARTESIAN_POINT('',(-4.999821794022E0,-1.689101806751E0,
6.564962480127E1));
#1270=LINE('',#1269,#1268);
#1271=CURVE_STYLE('',#326,POSITIVE_LENGTH_MEASURE(2.E-2),#75);
#1272=PRESENTATION_STYLE_ASSIGNMENT((#1271));
#1273=STYLED_ITEM('',(#1272),#1270);
#1274=DIRECTION('',(-1.852346097648E-4,1.113532578036E-3,9.999993628665E-1));
#1275=VECTOR('',#1274,1.944387537928E-1);
#1276=CARTESIAN_POINT('',(-4.999882767739E0,-2.225000004322E0,
6.764962447524E1));
#1277=LINE('',#1276,#1275);
#1278=CURVE_STYLE('',#326,POSITIVE_LENGTH_MEASURE(2.E-2),#75);
#1279=PRESENTATION_STYLE_ASSIGNMENT((#1278));
#1280=STYLED_ITEM('',(#1279),#1277);
#1281=DIRECTION('',(1.594997177561E-3,1.781523633274E-4,-9.999987121220E-1));
#1282=VECTOR('',#1281,1.947046176206E-1);
#1283=CARTESIAN_POINT('',(-9.275310551566E0,-6.499913357646E0,
6.784432884111E1));
#1284=LINE('',#1283,#1282);
#1285=CURVE_STYLE('',#326,POSITIVE_LENGTH_MEASURE(2.E-2),#75);
#1286=PRESENTATION_STYLE_ASSIGNMENT((#1285));
#1287=STYLED_ITEM('',(#1286),#1284);
#1288=DIRECTION('',(-9.999999969885E-1,7.760801666472E-5,4.803261605322E-10));
#1289=VECTOR('',#1288,4.500065999938E0);
#1290=CARTESIAN_POINT('',(5.000143119795E0,-2.225588854284E0,6.764962447529E1));
#1291=LINE('',#1290,#1289);
#1292=CURVE_STYLE('',#326,POSITIVE_LENGTH_MEASURE(2.E-2),#75);
#1293=PRESENTATION_STYLE_ASSIGNMENT((#1292));
#1294=STYLED_ITEM('',(#1293),#1291);
#1295=DIRECTION('',(9.999999982756E-1,-5.872623180508E-5,-2.745362172725E-7));
#1296=VECTOR('',#1295,4.500112492500E0);
#1297=CARTESIAN_POINT('',(5.000877420015E-1,-1.689425401398E0,
6.564962433837E1));
#1298=LINE('',#1297,#1296);
#1299=CURVE_STYLE('',#326,POSITIVE_LENGTH_MEASURE(2.E-2),#75);
#1300=PRESENTATION_STYLE_ASSIGNMENT((#1299));
#1301=STYLED_ITEM('',(#1300),#1298);
#1302=CARTESIAN_POINT('',(5.000309677049E0,1.774411145338E0,6.764962447425E1));
#1303=DIRECTION('',(9.999999993001E-1,-3.741272427404E-5,0.E0));
#1304=DIRECTION('',(-3.741272427415E-5,-9.999999993001E-1,6.376055239493E-10));
#1305=AXIS2_PLACEMENT_3D('',#1302,#1303,#1304);
#1307=CURVE_STYLE('',#326,POSITIVE_LENGTH_MEASURE(2.E-2),#75);
#1308=PRESENTATION_STYLE_ASSIGNMENT((#1307));
#1309=STYLED_ITEM('',(#1308),#1306);
#1310=CARTESIAN_POINT('',(5.000000086756E0,-6.500588848777E0,6.564962242831E1));
#1311=DIRECTION('',(0.E0,0.E0,-1.E0));
#1312=DIRECTION('',(4.848602833868E-5,9.999999988246E-1,0.E0));
#1313=AXIS2_PLACEMENT_3D('',#1310,#1311,#1312);
#1315=CURVE_STYLE('',#326,POSITIVE_LENGTH_MEASURE(2.E-2),#75);
#1316=PRESENTATION_STYLE_ASSIGNMENT((#1315));
#1317=STYLED_ITEM('',(#1316),#1314);
#1318=CARTESIAN_POINT('',(1.327500008242E1,-6.500853949273E0,6.764962447425E1));
#1319=DIRECTION('',(3.203631376708E-5,9.999999994868E-1,0.E0));
#1320=DIRECTION('',(-8.660251080270E-1,2.774425210526E-5,-5.000005114968E-1));
#1321=AXIS2_PLACEMENT_3D('',#1318,#1319,#1320);
#1323=CURVE_STYLE('',#326,POSITIVE_LENGTH_MEASURE(2.E-2),#75);
#1324=PRESENTATION_STYLE_ASSIGNMENT((#1323));
#1325=STYLED_ITEM('',(#1324),#1322);
#1326=CARTESIAN_POINT('',(5.000000086756E0,-6.500588848777E0,6.764962447425E1));
#1327=DIRECTION('',(0.E0,0.E0,1.E0));
#1328=DIRECTION('',(9.999999996943E-1,-2.472599782850E-5,0.E0));
#1329=AXIS2_PLACEMENT_3D('',#1326,#1327,#1328);
#1331=CURVE_STYLE('',#326,POSITIVE_LENGTH_MEASURE(2.E-2),#75);
#1332=PRESENTATION_STYLE_ASSIGNMENT((#1331));
#1333=STYLED_ITEM('',(#1332),#1330);
#1334=CARTESIAN_POINT('',(5.000000086756E0,-6.500588848777E0,6.564962476156E1));
#1335=DIRECTION('',(1.820765764317E-14,0.E0,-1.E0));
#1336=DIRECTION('',(9.999999993142E-1,-3.703573664962E-5,1.772332824554E-14));
#1337=AXIS2_PLACEMENT_3D('',#1334,#1335,#1336);
#1339=CURVE_STYLE('',#326,POSITIVE_LENGTH_MEASURE(2.E-2),#75);
#1340=PRESENTATION_STYLE_ASSIGNMENT((#1339));
#1341=STYLED_ITEM('',(#1340),#1338);
#1342=CARTESIAN_POINT('',(4.999748783068E0,-1.477558884487E1,6.764962447425E1));
#1343=DIRECTION('',(9.999999995389E-1,-3.036902571757E-5,1.820765763477E-14));
#1344=DIRECTION('',(2.630034904233E-5,8.660254453255E-1,-4.999999273570E-1));
#1345=AXIS2_PLACEMENT_3D('',#1342,#1343,#1344);
#1347=CURVE_STYLE('',#326,POSITIVE_LENGTH_MEASURE(2.E-2),#75);
#1348=PRESENTATION_STYLE_ASSIGNMENT((#1347));
#1349=STYLED_ITEM('',(#1348),#1346);
#1350=CARTESIAN_POINT('',(5.000000086756E0,-6.500588848777E0,6.764962447425E1));
#1351=DIRECTION('',(-1.820765764317E-14,0.E0,1.E0));
#1352=DIRECTION('',(-2.285415651398E-5,-9.999999997388E-1,0.E0));
#1353=AXIS2_PLACEMENT_3D('',#1350,#1351,#1352);
#1355=CURVE_STYLE('',#326,POSITIVE_LENGTH_MEASURE(2.E-2),#75);
#1356=PRESENTATION_STYLE_ASSIGNMENT((#1355));
#1357=STYLED_ITEM('',(#1356),#1354);
#1358=DIRECTION('',(-9.999999982673E-1,5.886730136709E-5,-3.057598613019E-8));
#1359=VECTOR('',#1358,4.499754667028E0);
#1360=CARTESIAN_POINT('',(4.999821880780E0,-1.131148704176E1,6.564962480160E1));
#1361=LINE('',#1360,#1359);
#1362=CURVE_STYLE('',#326,POSITIVE_LENGTH_MEASURE(2.E-2),#75);
#1363=PRESENTATION_STYLE_ASSIGNMENT((#1362));
#1364=STYLED_ITEM('',(#1363),#1361);
#1365=DIRECTION('',(1.594997178910E-3,1.781523642037E-4,9.999987121220E-1));
#1366=VECTOR('',#1365,1.947046176151E-1);
#1367=CARTESIAN_POINT('',(9.275000085006E0,-6.500710178218E0,6.764962447425E1));
#1368=LINE('',#1367,#1366);
#1369=CURVE_STYLE('',#326,POSITIVE_LENGTH_MEASURE(2.E-2),#75);
#1370=PRESENTATION_STYLE_ASSIGNMENT((#1369));
#1371=STYLED_ITEM('',(#1370),#1368);
#1372=DIRECTION('',(-4.192152949564E-10,6.614770269992E-11,1.E0));
#1373=VECTOR('',#1372,6.5E0);
#1374=CARTESIAN_POINT('',(8.082930947139E0,-8.209729665955E0,6.174362989460E1));
#1375=LINE('',#1374,#1373);
#1376=CURVE_STYLE('',#326,POSITIVE_LENGTH_MEASURE(2.E-2),#75);
#1377=PRESENTATION_STYLE_ASSIGNMENT((#1376));
#1378=STYLED_ITEM('',(#1377),#1375);
#1379=DIRECTION('',(-1.139505553484E-6,-4.272757201355E-7,9.999999999993E-1));
#1380=VECTOR('',#1379,2.606044760142E0);
#1381=CARTESIAN_POINT('',(8.266401719726E0,-7.825829136236E0,6.563758513446E1));
#1382=LINE('',#1381,#1380);
#1383=CURVE_STYLE('',#326,POSITIVE_LENGTH_MEASURE(2.E-2),#75);
#1384=PRESENTATION_STYLE_ASSIGNMENT((#1383));
#1385=STYLED_ITEM('',(#1384),#1382);
#1386=DIRECTION('',(2.031824281473E-11,3.256472015122E-12,1.E0));
#1387=VECTOR('',#1386,6.5E0);
#1388=CARTESIAN_POINT('',(8.102214727060E0,-4.826704346940E0,6.174362989460E1));
#1389=LINE('',#1388,#1387);
#1390=CURVE_STYLE('',#326,POSITIVE_LENGTH_MEASURE(2.E-2),#75);
#1391=PRESENTATION_STYLE_ASSIGNMENT((#1390));
#1392=STYLED_ITEM('',(#1391),#1389);
#1393=DIRECTION('',(1.169149086248E-6,-4.119599210908E-7,-9.999999999992E-1));
#1394=VECTOR('',#1393,2.606044757237E0);
#1395=CARTESIAN_POINT('',(8.266398751244E0,-5.175347450150E0,6.824362989460E1));
#1396=LINE('',#1395,#1394);
#1397=CURVE_STYLE('',#326,POSITIVE_LENGTH_MEASURE(2.E-2),#75);
#1398=PRESENTATION_STYLE_ASSIGNMENT((#1397));
#1399=STYLED_ITEM('',(#1398),#1396);
#1400=CARTESIAN_POINT('',(5.000000086756E0,-6.500588848776E0,6.563753594336E1));
#1401=DIRECTION('',(0.E0,0.E0,1.E0));
#1402=DIRECTION('',(9.266379181334E-1,-3.759550088473E-1,0.E0));
#1403=AXIS2_PLACEMENT_3D('',#1400,#1401,#1402);
#1405=CURVE_STYLE('',#326,POSITIVE_LENGTH_MEASURE(2.E-2),#75);
#1406=PRESENTATION_STYLE_ASSIGNMENT((#1405));
#1407=STYLED_ITEM('',(#1406),#1404);
#1408=CARTESIAN_POINT('',(5.000000086756E0,-6.500588848776E0,6.563753594336E1));
#1409=DIRECTION('',(0.E0,0.E0,1.E0));
#1410=DIRECTION('',(1.E0,0.E0,0.E0));
#1411=AXIS2_PLACEMENT_3D('',#1408,#1409,#1410);
#1413=CURVE_STYLE('',#326,POSITIVE_LENGTH_MEASURE(2.E-2),#75);
#1414=PRESENTATION_STYLE_ASSIGNMENT((#1413));
#1415=STYLED_ITEM('',(#1414),#1412);
#1416=CARTESIAN_POINT('',(7.655542169358E0,-5.271723433710E0,6.481520276985E1));
#1417=CARTESIAN_POINT('',(7.655542169358E0,-5.271723433710E0,6.492025334149E1));
#1418=CARTESIAN_POINT('',(7.672239731249E0,-5.269088688292E0,6.512807393055E1));
#1419=CARTESIAN_POINT('',(7.748451494199E0,-5.257066145759E0,6.543778942132E1));
#1420=CARTESIAN_POINT('',(7.831599914861E0,-5.243943925222E0,6.563327030900E1));
#1421=CARTESIAN_POINT('',(7.881803431898E0,-5.236023222616E0,6.572897551308E1));
#1423=CURVE_STYLE('',#326,POSITIVE_LENGTH_MEASURE(2.E-2),#75);
#1424=PRESENTATION_STYLE_ASSIGNMENT((#1423));
#1425=STYLED_ITEM('',(#1424),#1422);
#1426=CARTESIAN_POINT('',(7.881803431898E0,-5.236023222616E0,6.572897551308E1));
#1427=CARTESIAN_POINT('',(7.896522633891E0,-5.233700946639E0,6.575711765297E1));
#1428=CARTESIAN_POINT('',(7.935179400357E0,-5.227605724889E0,6.580155712613E1));
#1429=CARTESIAN_POINT('',(8.021858215557E0,-5.213928764160E0,6.584051578515E1));
#1430=CARTESIAN_POINT('',(8.112383656488E0,-5.199646732605E0,6.583800464881E1));
#1431=CARTESIAN_POINT('',(8.193831793740E0,-5.186796645144E0,6.580006053833E1));
#1432=CARTESIAN_POINT('',(8.253846855573E0,-5.177327071723E0,6.572434606674E1));
#1433=CARTESIAN_POINT('',(8.266433452738E0,-5.175343529525E0,6.566845896452E1));
#1434=CARTESIAN_POINT('',(8.266401798099E0,-5.175348523736E0,6.563758513737E1));
#1436=CURVE_STYLE('',#326,POSITIVE_LENGTH_MEASURE(2.E-2),#75);
#1437=PRESENTATION_STYLE_ASSIGNMENT((#1436));
#1438=STYLED_ITEM('',(#1437),#1435);
#1439=DIRECTION('',(-4.953802076969E-8,-5.670022743233E-9,-1.E0));
#1440=VECTOR('',#1439,2.048772680081E0);
#1441=CARTESIAN_POINT('',(6.953707507825E0,-5.382453191029E0,6.824362989460E1));
#1442=LINE('',#1441,#1440);
#1443=CURVE_STYLE('',#326,POSITIVE_LENGTH_MEASURE(2.E-2),#75);
#1444=PRESENTATION_STYLE_ASSIGNMENT((#1443));
#1445=STYLED_ITEM('',(#1444),#1442);
#1446=CARTESIAN_POINT('',(5.001203307861E0,-6.500588848776E0,6.572891512361E1));
#1447=DIRECTION('',(0.E0,0.E0,1.E0));
#1448=DIRECTION('',(9.156540472561E-1,-4.019672446153E-1,0.E0));
#1449=AXIS2_PLACEMENT_3D('',#1446,#1447,#1448);
#1451=CURVE_STYLE('',#326,POSITIVE_LENGTH_MEASURE(2.E-2),#75);
#1452=PRESENTATION_STYLE_ASSIGNMENT((#1451));
#1453=STYLED_ITEM('',(#1452),#1450);
#1454=CARTESIAN_POINT('',(5.001203307861E0,-6.500588848776E0,6.572891512361E1));
#1455=DIRECTION('',(0.E0,0.E0,1.E0));
#1456=DIRECTION('',(9.999988959614E-1,1.485959642913E-3,0.E0));
#1457=AXIS2_PLACEMENT_3D('',#1454,#1455,#1456);
#1459=CURVE_STYLE('',#326,POSITIVE_LENGTH_MEASURE(2.E-2),#75);
#1460=PRESENTATION_STYLE_ASSIGNMENT((#1459));
#1461=STYLED_ITEM('',(#1460),#1458);
#1462=CARTESIAN_POINT('',(5.001203307861E0,-6.500588848776E0,6.481520276985E1));
#1463=DIRECTION('',(0.E0,0.E0,-1.E0));
#1464=DIRECTION('',(9.074662774350E-1,4.201249282277E-1,0.E0));
#1465=AXIS2_PLACEMENT_3D('',#1462,#1463,#1464);
#1467=CURVE_STYLE('',#326,POSITIVE_LENGTH_MEASURE(2.E-2),#75);
#1468=PRESENTATION_STYLE_ASSIGNMENT((#1467));
#1469=STYLED_ITEM('',(#1468),#1466);
#1470=CARTESIAN_POINT('',(5.001203307861E0,-6.500588848776E0,6.481520276985E1));
#1471=DIRECTION('',(0.E0,0.E0,-1.E0));
#1472=DIRECTION('',(9.999997239903E-1,7.429800265261E-4,0.E0));
#1473=AXIS2_PLACEMENT_3D('',#1470,#1471,#1472);
#1475=CURVE_STYLE('',#326,POSITIVE_LENGTH_MEASURE(2.E-2),#75);
#1476=PRESENTATION_STYLE_ASSIGNMENT((#1475));
#1477=STYLED_ITEM('',(#1476),#1474);
#1478=DIRECTION('',(0.E0,0.E0,-1.E0));
#1479=VECTOR('',#1478,3.071572875250E0);
#1480=CARTESIAN_POINT('',(7.655542169358E0,-5.271723433710E0,6.481520276985E1));
#1481=LINE('',#1480,#1479);
#1482=CURVE_STYLE('',#326,POSITIVE_LENGTH_MEASURE(2.E-2),#75);
#1483=PRESENTATION_STYLE_ASSIGNMENT((#1482));
#1484=STYLED_ITEM('',(#1483),#1481);
#1485=DIRECTION('',(1.416887839972E-14,2.544614896277E-14,1.E0));
#1486=VECTOR('',#1485,3.071572875250E0);
#1487=CARTESIAN_POINT('',(7.655542169359E0,-7.729454263841E0,6.174362989460E1));
#1488=LINE('',#1487,#1486);
#1489=CURVE_STYLE('',#326,POSITIVE_LENGTH_MEASURE(2.E-2),#75);
#1490=PRESENTATION_STYLE_ASSIGNMENT((#1489));
#1491=STYLED_ITEM('',(#1490),#1488);
#1492=CARTESIAN_POINT('',(2.195120330786E1,-6.500588848776E0,6.174362989460E1));
#1493=DIRECTION('',(0.E0,0.E0,1.E0));
#1494=DIRECTION('',(-9.974141817572E-1,7.186758678065E-2,0.E0));
#1495=AXIS2_PLACEMENT_3D('',#1492,#1493,#1494);
#1497=CURVE_STYLE('',#326,POSITIVE_LENGTH_MEASURE(2.E-2),#75);
#1498=PRESENTATION_STYLE_ASSIGNMENT((#1497));
#1499=STYLED_ITEM('',(#1498),#1496);
#1500=CARTESIAN_POINT('',(2.195120330786E1,-6.500588848776E0,6.174362989460E1));
#1501=DIRECTION('',(0.E0,0.E0,1.E0));
#1502=DIRECTION('',(-1.E0,0.E0,0.E0));
#1503=AXIS2_PLACEMENT_3D('',#1500,#1501,#1502);
#1505=CURVE_STYLE('',#326,POSITIVE_LENGTH_MEASURE(2.E-2),#75);
#1506=PRESENTATION_STYLE_ASSIGNMENT((#1505));
#1507=STYLED_ITEM('',(#1506),#1504);
#1508=DIRECTION('',(9.877816555744E-1,-1.558441558440E-1,0.E0));
#1509=VECTOR('',#1508,8.757344493349E-1);
#1510=CARTESIAN_POINT('',(6.790507745151E0,-7.592976167841E0,6.174362989460E1));
#1511=LINE('',#1510,#1509);
#1512=CURVE_STYLE('',#326,POSITIVE_LENGTH_MEASURE(2.E-2),#75);
#1513=PRESENTATION_STYLE_ASSIGNMENT((#1512));
#1514=STYLED_ITEM('',(#1513),#1511);
#1515=CARTESIAN_POINT('',(5.001203307861E0,-6.500588848776E0,6.174362989460E1));
#1516=DIRECTION('',(0.E0,0.E0,1.E0));
#1517=DIRECTION('',(9.074662774351E-1,-4.201249282274E-1,0.E0));
#1518=AXIS2_PLACEMENT_3D('',#1515,#1516,#1517);
#1520=CURVE_STYLE('',#326,POSITIVE_LENGTH_MEASURE(2.E-2),#75);
#1521=PRESENTATION_STYLE_ASSIGNMENT((#1520));
#1522=STYLED_ITEM('',(#1521),#1519);
#1523=CARTESIAN_POINT('',(5.001203307861E0,-6.500588848776E0,6.174362989460E1));
#1524=DIRECTION('',(0.E0,0.E0,1.E0));
#1525=DIRECTION('',(1.E0,0.E0,0.E0));
#1526=AXIS2_PLACEMENT_3D('',#1523,#1524,#1525);
#1528=CURVE_STYLE('',#326,POSITIVE_LENGTH_MEASURE(2.E-2),#75);
#1529=PRESENTATION_STYLE_ASSIGNMENT((#1528));
#1530=STYLED_ITEM('',(#1529),#1527);
#1531=DIRECTION('',(-9.877816555744E-1,-1.558441558441E-1,0.E0));
#1532=VECTOR('',#1531,8.757344493342E-1);
#1533=CARTESIAN_POINT('',(7.655542169358E0,-5.271723433710E0,6.174362989460E1));
#1534=LINE('',#1533,#1532);
#1535=CURVE_STYLE('',#326,POSITIVE_LENGTH_MEASURE(2.E-2),#75);
#1536=PRESENTATION_STYLE_ASSIGNMENT((#1535));
#1537=STYLED_ITEM('',(#1536),#1534);
#1538=DIRECTION('',(5.507824931057E-14,0.E0,1.E0));
#1539=VECTOR('',#1538,4.095942072010E0);
#1540=CARTESIAN_POINT('',(6.790507745151E0,-5.408201529710E0,6.174362989460E1));
#1541=LINE('',#1540,#1539);
#1542=CURVE_STYLE('',#326,POSITIVE_LENGTH_MEASURE(2.E-2),#75);
#1543=PRESENTATION_STYLE_ASSIGNMENT((#1542));
#1544=STYLED_ITEM('',(#1543),#1541);
#1545=CARTESIAN_POINT('',(6.790507745152E0,-5.408201529710E0,6.583957196661E1));
#1546=CARTESIAN_POINT('',(6.789667426339E0,-5.419863892934E0,6.582880892153E1));
#1547=CARTESIAN_POINT('',(6.788009635245E0,-5.443228735334E0,6.580734886249E1));
#1548=CARTESIAN_POINT('',(6.785602705201E0,-5.478416845599E0,6.577536760149E1));
#1549=CARTESIAN_POINT('',(6.784030491703E0,-5.501937241731E0,6.575417441718E1));
#1550=CARTESIAN_POINT('',(6.783262120242E0,-5.513747386329E0,6.574361850791E1));
#1552=CURVE_STYLE('',#326,POSITIVE_LENGTH_MEASURE(2.E-2),#75);
#1553=PRESENTATION_STYLE_ASSIGNMENT((#1552));
#1554=STYLED_ITEM('',(#1553),#1551);
#1555=CARTESIAN_POINT('',(6.783256943602E0,-7.487423341064E0,6.574361686266E1));
#1556=CARTESIAN_POINT('',(6.784010842219E0,-7.499011069611E0,6.575397448585E1));
#1557=CARTESIAN_POINT('',(6.785570344358E0,-7.522245335875E0,6.577490335311E1));
#1558=CARTESIAN_POINT('',(6.787972046066E0,-7.557421284734E0,6.580691890716E1));
#1559=CARTESIAN_POINT('',(6.789651558007E0,-7.581093576014E0,6.582863921670E1));
#1560=CARTESIAN_POINT('',(6.790507745151E0,-7.592976167841E0,6.583960591419E1));
#1562=CURVE_STYLE('',#326,POSITIVE_LENGTH_MEASURE(2.E-2),#75);
#1563=PRESENTATION_STYLE_ASSIGNMENT((#1562));
#1564=STYLED_ITEM('',(#1563),#1561);
#1565=DIRECTION('',(8.283353093444E-14,-4.965675021986E-14,-1.E0));
#1566=VECTOR('',#1565,4.095976019590E0);
#1567=CARTESIAN_POINT('',(6.790507745151E0,-7.592976167841E0,6.583960591419E1));
#1568=LINE('',#1567,#1566);
#1569=CURVE_STYLE('',#326,POSITIVE_LENGTH_MEASURE(2.E-2),#75);
#1570=PRESENTATION_STYLE_ASSIGNMENT((#1569));
#1571=STYLED_ITEM('',(#1570),#1568);
#1572=CARTESIAN_POINT('',(6.953708975963E0,-7.618725016373E0,6.619485984239E1));
#1573=CARTESIAN_POINT('',(6.935171612651E0,-7.615800341957E0,6.615453718227E1));
#1574=CARTESIAN_POINT('',(6.898342756934E0,-7.609989365647E0,6.607446934594E1));
#1575=CARTESIAN_POINT('',(6.843902976945E0,-7.601400471332E0,6.595607019358E1));
#1576=CARTESIAN_POINT('',(6.808197867101E0,-7.595767171406E0,6.587824716637E1));
#1577=CARTESIAN_POINT('',(6.790507745151E0,-7.592976167841E0,6.583960591419E1));
#1579=CURVE_STYLE('',#326,POSITIVE_LENGTH_MEASURE(2.E-2),#75);
#1580=PRESENTATION_STYLE_ASSIGNMENT((#1579));
#1581=STYLED_ITEM('',(#1580),#1578);
#1582=CARTESIAN_POINT('',(6.790507745152E0,-5.408201529710E0,6.583957196661E1));
#1583=CARTESIAN_POINT('',(6.808212352734E0,-5.405408240720E0,6.587824446997E1));
#1584=CARTESIAN_POINT('',(6.843936683019E0,-5.399771944860E0,6.595611146726E1));
#1585=CARTESIAN_POINT('',(6.898374276615E0,-5.391183231201E0,6.607452195970E1));
#1586=CARTESIAN_POINT('',(6.935184907973E0,-5.385375531791E0,6.615455880427E1));
#1587=CARTESIAN_POINT('',(6.953707406332E0,-5.382453202646E0,6.619485721452E1));
#1589=CURVE_STYLE('',#326,POSITIVE_LENGTH_MEASURE(2.E-2),#75);
#1590=PRESENTATION_STYLE_ASSIGNMENT((#1589));
#1591=STYLED_ITEM('',(#1590),#1588);
#1592=CARTESIAN_POINT('',(6.953708975963E0,-7.618725016373E0,6.619485984239E1));
#1593=CARTESIAN_POINT('',(7.021584505763E0,-7.500199787395E0,6.625271197143E1));
#1594=CARTESIAN_POINT('',(7.133241486373E0,-7.254547062890E0,6.634861223279E1));
#1595=CARTESIAN_POINT('',(7.229709391510E0,-6.881254167599E0,6.643206299604E1));
#1596=CARTESIAN_POINT('',(7.251245500038E0,-6.626619203974E0,6.645078002685E1));
#1597=CARTESIAN_POINT('',(7.251245499996E0,-6.500588848014E0,6.645078186699E1));
#1599=CURVE_STYLE('',#326,POSITIVE_LENGTH_MEASURE(2.E-2),#75);
#1600=PRESENTATION_STYLE_ASSIGNMENT((#1599));
#1601=STYLED_ITEM('',(#1600),#1598);
#1602=CARTESIAN_POINT('',(7.251245499996E0,-6.500588848014E0,6.645078186699E1));
#1603=CARTESIAN_POINT('',(7.251245499953E0,-6.374169406763E0,6.645078371281E1));
#1604=CARTESIAN_POINT('',(7.229572759011E0,-6.119020321517E0,6.643197558369E1));
#1605=CARTESIAN_POINT('',(7.132948991460E0,-5.745872728363E0,6.634831035067E1));
#1606=CARTESIAN_POINT('',(7.021405807953E0,-5.500669101076E0,6.625260484887E1));
#1607=CARTESIAN_POINT('',(6.953707406332E0,-5.382453202646E0,6.619485721452E1));
#1609=CURVE_STYLE('',#326,POSITIVE_LENGTH_MEASURE(2.E-2),#75);
#1610=PRESENTATION_STYLE_ASSIGNMENT((#1609));
#1611=STYLED_ITEM('',(#1610),#1608);
#1612=CARTESIAN_POINT('',(8.266401719726E0,-7.825829136236E0,6.563758513446E1));
#1613=CARTESIAN_POINT('',(8.266433995955E0,-7.825834228517E0,6.566906357784E1));
#1614=CARTESIAN_POINT('',(8.253000594566E0,-7.823717121251E0,6.572569122768E1));
#1615=CARTESIAN_POINT('',(8.194769656239E0,-7.814529017943E0,6.579883838954E1));
#1616=CARTESIAN_POINT('',(8.114581134456E0,-7.801877664674E0,6.583753823638E1));
#1617=CARTESIAN_POINT('',(8.023456167101E0,-7.787501049864E0,6.584083790048E1));
#1618=CARTESIAN_POINT('',(7.936673789089E0,-7.773807726937E0,6.580272584344E1));
#1619=CARTESIAN_POINT('',(7.896864509760E0,-7.767530728717E0,6.575777129867E1));
#1620=CARTESIAN_POINT('',(7.881803400584E0,-7.765154509406E0,6.572897551962E1));
#1622=CURVE_STYLE('',#326,POSITIVE_LENGTH_MEASURE(2.E-2),#75);
#1623=PRESENTATION_STYLE_ASSIGNMENT((#1622));
#1624=STYLED_ITEM('',(#1623),#1621);
#1625=CARTESIAN_POINT('',(7.881803400584E0,-7.765154509406E0,6.572897551962E1));
#1626=CARTESIAN_POINT('',(7.831595383999E0,-7.757233096898E0,6.563326173786E1));
#1627=CARTESIAN_POINT('',(7.748443816948E0,-7.744110322147E0,6.543776798947E1));
#1628=CARTESIAN_POINT('',(7.672236537521E0,-7.732088510634E0,6.512805118202E1));
#1629=CARTESIAN_POINT('',(7.655542169359E0,-7.729454263841E0,6.492024355536E1));
#1630=CARTESIAN_POINT('',(7.655542169359E0,-7.729454263841E0,6.481520276985E1));
#1632=CURVE_STYLE('',#326,POSITIVE_LENGTH_MEASURE(2.E-2),#75);
#1633=PRESENTATION_STYLE_ASSIGNMENT((#1632));
#1634=STYLED_ITEM('',(#1633),#1631);
#1635=DIRECTION('',(-6.988320648730E-7,2.798750700962E-7,9.999999999997E-1));
#1636=VECTOR('',#1635,2.048770052212E0);
#1637=CARTESIAN_POINT('',(6.953708975963E0,-7.618725016373E0,6.619485984239E1));
#1638=LINE('',#1637,#1636);
#1639=CURVE_STYLE('',#326,POSITIVE_LENGTH_MEASURE(2.E-2),#75);
#1640=PRESENTATION_STYLE_ASSIGNMENT((#1639));
#1641=STYLED_ITEM('',(#1640),#1638);
#1642=CARTESIAN_POINT('',(6.783262120242E0,-5.513747386329E0,6.574361850791E1));
#1643=CARTESIAN_POINT('',(6.823023613875E0,-5.568676220932E0,6.578685734485E1));
#1644=CARTESIAN_POINT('',(6.893533358262E0,-5.679785140522E0,6.586389531539E1));
#1645=CARTESIAN_POINT('',(6.974697920173E0,-5.846468022845E0,6.595312558634E1));
#1646=CARTESIAN_POINT('',(7.034769218130E0,-6.012332083839E0,6.601947904884E1));
#1647=CARTESIAN_POINT('',(7.075708153257E0,-6.175974787193E0,6.606485772800E1));
#1648=CARTESIAN_POINT('',(7.099555882595E0,-6.339134701821E0,6.609136636293E1));
#1649=CARTESIAN_POINT('',(7.107474960579E0,-6.501165795766E0,6.610015752466E1));
#1650=CARTESIAN_POINT('',(7.099487533977E0,-6.662705013609E0,6.609128992142E1));
#1651=CARTESIAN_POINT('',(7.075528500717E0,-6.826025239301E0,6.606465999247E1));
#1652=CARTESIAN_POINT('',(7.034616577595E0,-6.989256962226E0,6.601931166913E1));
#1653=CARTESIAN_POINT('',(6.974605823718E0,-7.155003337396E0,6.595302035069E1));
#1654=CARTESIAN_POINT('',(6.893565466067E0,-7.321334606252E0,6.586392812407E1));
#1655=CARTESIAN_POINT('',(6.823042805535E0,-7.432464738931E0,6.578688192586E1));
#1656=CARTESIAN_POINT('',(6.783256943602E0,-7.487423341064E0,6.574361686266E1));
#1658=CURVE_STYLE('',#326,POSITIVE_LENGTH_MEASURE(2.E-2),#75);
#1659=PRESENTATION_STYLE_ASSIGNMENT((#1658));
#1660=STYLED_ITEM('',(#1659),#1657);
#1661=CARTESIAN_POINT('',(2.196229589691E1,-6.500588394931E0,6.575470715180E1));
#1662=DIRECTION('',(7.303071296206E-4,2.989051154705E-8,-9.999997333257E-1));
#1663=DIRECTION('',(-9.978930934632E-1,-6.487559565705E-2,-7.287705742646E-4));
#1664=AXIS2_PLACEMENT_3D('',#1661,#1662,#1663);
#1666=CURVE_STYLE('',#326,POSITIVE_LENGTH_MEASURE(2.E-2),#75);
#1667=PRESENTATION_STYLE_ASSIGNMENT((#1666));
#1668=STYLED_ITEM('',(#1667),#1665);
#1669=CARTESIAN_POINT('',(2.196229589691E1,-6.500588394931E0,6.575470714915E1));
#1670=DIRECTION('',(7.303071296206E-4,2.989051154705E-8,-9.999997333257E-1));
#1671=DIRECTION('',(-9.999997333257E-1,-2.983643143726E-8,-7.303071296212E-4));
#1672=AXIS2_PLACEMENT_3D('',#1669,#1670,#1671);
#1674=CURVE_STYLE('',#326,POSITIVE_LENGTH_MEASURE(2.E-2),#75);
#1675=PRESENTATION_STYLE_ASSIGNMENT((#1674));
#1676=STYLED_ITEM('',(#1675),#1673);
#1677=DIRECTION('',(9.877816555793E-1,1.558441558129E-1,0.E0));
#1678=VECTOR('',#1677,6.443561230758E-1);
#1679=CARTESIAN_POINT('',(7.465731569025E0,-4.927123482984E0,6.174362989460E1));
#1680=LINE('',#1679,#1678);
#1681=CURVE_STYLE('',#326,POSITIVE_LENGTH_MEASURE(2.E-2),#75);
#1682=PRESENTATION_STYLE_ASSIGNMENT((#1681));
#1683=STYLED_ITEM('',(#1682),#1680);
#1684=CARTESIAN_POINT('',(5.000000086756E0,-6.500588848776E0,6.174362989460E1));
#1685=DIRECTION('',(0.E0,0.E0,-1.E0));
#1686=DIRECTION('',(8.800608908634E-1,4.748608515900E-1,0.E0));
#1687=AXIS2_PLACEMENT_3D('',#1684,#1685,#1686);
#1689=CURVE_STYLE('',#326,POSITIVE_LENGTH_MEASURE(2.E-2),#75);
#1690=PRESENTATION_STYLE_ASSIGNMENT((#1689));
#1691=STYLED_ITEM('',(#1690),#1688);
#1692=CARTESIAN_POINT('',(5.000000086756E0,-6.500588848776E0,6.174362989460E1));
#1693=DIRECTION('',(0.E0,0.E0,-1.E0));
#1694=DIRECTION('',(1.E0,0.E0,0.E0));
#1695=AXIS2_PLACEMENT_3D('',#1692,#1693,#1694);
#1697=CURVE_STYLE('',#326,POSITIVE_LENGTH_MEASURE(2.E-2),#75);
#1698=PRESENTATION_STYLE_ASSIGNMENT((#1697));
#1699=STYLED_ITEM('',(#1698),#1696);
#1700=DIRECTION('',(-9.877816557235E-1,1.558441548986E-1,0.E0));
#1701=VECTOR('',#1700,6.476324260524E-1);
#1702=CARTESIAN_POINT('',(8.082930947139E0,-8.209729665955E0,6.174362989460E1));
#1703=LINE('',#1702,#1701);
#1704=CURVE_STYLE('',#326,POSITIVE_LENGTH_MEASURE(2.E-2),#75);
#1705=PRESENTATION_STYLE_ASSIGNMENT((#1704));
#1706=STYLED_ITEM('',(#1705),#1703);
#1707=CARTESIAN_POINT('',(5.000000086756E0,-6.500588848776E0,6.174362989460E1));
#1708=DIRECTION('',(0.E0,0.E0,-1.E0));
#1709=DIRECTION('',(8.352859590691E-1,-5.498157569423E-1,0.E0));
#1710=AXIS2_PLACEMENT_3D('',#1707,#1708,#1709);
#1712=CURVE_STYLE('',#326,POSITIVE_LENGTH_MEASURE(2.E-2),#75);
#1713=PRESENTATION_STYLE_ASSIGNMENT((#1712));
#1714=STYLED_ITEM('',(#1713),#1711);
#1715=CARTESIAN_POINT('',(4.800000086756E0,-9.218239488575E0,6.174362989460E1));
#1716=DIRECTION('',(0.E0,0.E0,-1.E0));
#1717=DIRECTION('',(-7.339449541411E-2,-9.973029870821E-1,0.E0));
#1718=AXIS2_PLACEMENT_3D('',#1715,#1716,#1717);
#1720=CURVE_STYLE('',#326,POSITIVE_LENGTH_MEASURE(2.E-2),#75);
#1721=PRESENTATION_STYLE_ASSIGNMENT((#1720));
#1722=STYLED_ITEM('',(#1721),#1719);
#1723=CARTESIAN_POINT('',(3.600000086756E0,-9.096572194864E0,6.174362989460E1));
#1724=DIRECTION('',(0.E0,0.E0,1.E0));
#1725=DIRECTION('',(1.E0,3.019806626980E-14,0.E0));
#1726=AXIS2_PLACEMENT_3D('',#1723,#1724,#1725);
#1728=CURVE_STYLE('',#326,POSITIVE_LENGTH_MEASURE(2.E-2),#75);
#1729=PRESENTATION_STYLE_ASSIGNMENT((#1728));
#1730=STYLED_ITEM('',(#1729),#1727);
#1731=DIRECTION('',(-1.E0,0.E0,0.E0));
#1732=VECTOR('',#1731,2.484950084494E0);
#1733=CARTESIAN_POINT('',(3.600000086756E0,-8.096572194864E0,6.174362989460E1));
#1734=LINE('',#1733,#1732);
#1735=CURVE_STYLE('',#326,POSITIVE_LENGTH_MEASURE(2.E-2),#75);
#1736=PRESENTATION_STYLE_ASSIGNMENT((#1735));
#1737=STYLED_ITEM('',(#1736),#1734);
#1738=CARTESIAN_POINT('',(5.000000086756E0,-6.500588848776E0,6.174362989460E1));
#1739=DIRECTION('',(0.E0,0.E0,1.E0));
#1740=DIRECTION('',(-9.249881153557E-1,-3.799960347829E-1,0.E0));
#1741=AXIS2_PLACEMENT_3D('',#1738,#1739,#1740);
#1743=CURVE_STYLE('',#326,POSITIVE_LENGTH_MEASURE(2.E-2),#75);
#1744=PRESENTATION_STYLE_ASSIGNMENT((#1743));
#1745=STYLED_ITEM('',(#1744),#1742);
#1746=CARTESIAN_POINT('',(5.000000086756E0,-6.500588848776E0,6.174362989460E1));
#1747=DIRECTION('',(0.E0,0.E0,1.E0));
#1748=DIRECTION('',(1.E0,0.E0,0.E0));
#1749=AXIS2_PLACEMENT_3D('',#1746,#1747,#1748);
#1751=CURVE_STYLE('',#326,POSITIVE_LENGTH_MEASURE(2.E-2),#75);
#1752=PRESENTATION_STYLE_ASSIGNMENT((#1751));
#1753=STYLED_ITEM('',(#1752),#1750);
#1754=CARTESIAN_POINT('',(5.000000086756E0,-6.500588848776E0,6.174362989460E1));
#1755=DIRECTION('',(0.E0,0.E0,1.E0));
#1756=DIRECTION('',(9.249881153557E-1,3.799960347828E-1,0.E0));
#1757=AXIS2_PLACEMENT_3D('',#1754,#1755,#1756);
#1759=CURVE_STYLE('',#326,POSITIVE_LENGTH_MEASURE(2.E-2),#75);
#1760=PRESENTATION_STYLE_ASSIGNMENT((#1759));
#1761=STYLED_ITEM('',(#1760),#1758);
#1762=CARTESIAN_POINT('',(3.600000086756E0,-3.904605502688E0,6.174362989460E1));
#1763=DIRECTION('',(0.E0,0.E0,1.E0));
#1764=DIRECTION('',(0.E0,-1.E0,0.E0));
#1765=AXIS2_PLACEMENT_3D('',#1762,#1763,#1764);
#1767=CURVE_STYLE('',#326,POSITIVE_LENGTH_MEASURE(2.E-2),#75);
#1768=PRESENTATION_STYLE_ASSIGNMENT((#1767));
#1769=STYLED_ITEM('',(#1768),#1766);
#1770=CARTESIAN_POINT('',(4.800000086756E0,-3.782938208977E0,6.174362989460E1));
#1771=DIRECTION('',(0.E0,0.E0,-1.E0));
#1772=DIRECTION('',(-1.E0,-7.105427357601E-14,0.E0));
#1773=AXIS2_PLACEMENT_3D('',#1770,#1771,#1772);
#1775=CURVE_STYLE('',#326,POSITIVE_LENGTH_MEASURE(2.E-2),#75);
#1776=PRESENTATION_STYLE_ASSIGNMENT((#1775));
#1777=STYLED_ITEM('',(#1776),#1774);
#1778=CARTESIAN_POINT('',(5.000000086756E0,-6.500588848776E0,6.174362989460E1));
#1779=DIRECTION('',(0.E0,0.E0,-1.E0));
#1780=DIRECTION('',(-7.338924214501E-2,9.973033736719E-1,0.E0));
#1781=AXIS2_PLACEMENT_3D('',#1778,#1779,#1780);
#1783=CURVE_STYLE('',#326,POSITIVE_LENGTH_MEASURE(2.E-2),#75);
#1784=PRESENTATION_STYLE_ASSIGNMENT((#1783));
#1785=STYLED_ITEM('',(#1784),#1782);
#1786=DIRECTION('',(3.347749428100E-14,-4.563870648921E-14,-1.E0));
#1787=VECTOR('',#1786,6.5E0);
#1788=CARTESIAN_POINT('',(7.465731569025E0,-4.927123482984E0,6.824362989460E1));
#1789=LINE('',#1788,#1787);
#1790=CURVE_STYLE('',#326,POSITIVE_LENGTH_MEASURE(2.E-2),#75);
#1791=PRESENTATION_STYLE_ASSIGNMENT((#1790));
#1792=STYLED_ITEM('',(#1791),#1789);
#1793=DIRECTION('',(-7.769229679426E-7,-2.083834775162E-7,9.999999999997E-1));
#1794=VECTOR('',#1793,6.500000000002E0);
#1795=CARTESIAN_POINT('',(4.785328596831E0,-3.583476083453E0,6.174362989460E1));
#1796=LINE('',#1795,#1794);
#1797=CURVE_STYLE('',#326,POSITIVE_LENGTH_MEASURE(2.E-2),#75);
#1798=PRESENTATION_STYLE_ASSIGNMENT((#1797));
#1799=STYLED_ITEM('',(#1798),#1796);
#1800=DIRECTION('',(0.E0,0.E0,1.E0));
#1801=VECTOR('',#1800,6.5E0);
#1802=CARTESIAN_POINT('',(4.600000086756E0,-3.782938208977E0,6.174362989460E1));
#1803=LINE('',#1802,#1801);
#1804=CURVE_STYLE('',#326,POSITIVE_LENGTH_MEASURE(2.E-2),#75);
#1805=PRESENTATION_STYLE_ASSIGNMENT((#1804));
#1806=STYLED_ITEM('',(#1805),#1803);
#1807=DIRECTION('',(0.E0,1.E0,0.E0));
#1808=VECTOR('',#1807,1.216672937110E-1);
#1809=CARTESIAN_POINT('',(4.600000086756E0,-3.904605502688E0,6.824362989460E1));
#1810=LINE('',#1809,#1808);
#1811=CURVE_STYLE('',#326,POSITIVE_LENGTH_MEASURE(2.E-2),#75);
#1812=PRESENTATION_STYLE_ASSIGNMENT((#1811));
#1813=STYLED_ITEM('',(#1812),#1810);
#1814=DIRECTION('',(0.E0,-1.E0,0.E0));
#1815=VECTOR('',#1814,1.216672937110E-1);
#1816=CARTESIAN_POINT('',(4.600000086756E0,-3.782938208977E0,6.174362989460E1));
#1817=LINE('',#1816,#1815);
#1818=CURVE_STYLE('',#326,POSITIVE_LENGTH_MEASURE(2.E-2),#75);
#1819=PRESENTATION_STYLE_ASSIGNMENT((#1818));
#1820=STYLED_ITEM('',(#1819),#1817);
#1821=DIRECTION('',(0.E0,0.E0,1.E0));
#1822=VECTOR('',#1821,6.5E0);
#1823=CARTESIAN_POINT('',(3.600000086756E0,-4.904605502688E0,6.174362989460E1));
#1824=LINE('',#1823,#1822);
#1825=CURVE_STYLE('',#326,POSITIVE_LENGTH_MEASURE(2.E-2),#75);
#1826=PRESENTATION_STYLE_ASSIGNMENT((#1825));
#1827=STYLED_ITEM('',(#1826),#1824);
#1828=DIRECTION('',(0.E0,0.E0,-1.E0));
#1829=VECTOR('',#1828,6.5E0);
#1830=CARTESIAN_POINT('',(4.600000086756E0,-3.904605502688E0,6.824362989460E1));
#1831=LINE('',#1830,#1829);
#1832=CURVE_STYLE('',#326,POSITIVE_LENGTH_MEASURE(2.E-2),#75);
#1833=PRESENTATION_STYLE_ASSIGNMENT((#1832));
#1834=STYLED_ITEM('',(#1833),#1831);
#1835=DIRECTION('',(0.E0,0.E0,1.E0));
#1836=VECTOR('',#1835,6.5E0);
#1837=CARTESIAN_POINT('',(7.443211517033E0,-8.108799937832E0,6.174362989460E1));
#1838=LINE('',#1837,#1836);
#1839=CURVE_STYLE('',#326,POSITIVE_LENGTH_MEASURE(2.E-2),#75);
#1840=PRESENTATION_STYLE_ASSIGNMENT((#1839));
#1841=STYLED_ITEM('',(#1840),#1838);
#1842=DIRECTION('',(0.E0,0.E0,-1.E0));
#1843=VECTOR('',#1842,6.5E0);
#1844=CARTESIAN_POINT('',(4.785321187673E0,-9.417700085991E0,6.824362989460E1));
#1845=LINE('',#1844,#1843);
#1846=CURVE_STYLE('',#326,POSITIVE_LENGTH_MEASURE(2.E-2),#75);
#1847=PRESENTATION_STYLE_ASSIGNMENT((#1846));
#1848=STYLED_ITEM('',(#1847),#1845);
#1849=DIRECTION('',(0.E0,0.E0,-1.E0));
#1850=VECTOR('',#1849,6.5E0);
#1851=CARTESIAN_POINT('',(4.600000086756E0,-9.218239488575E0,6.824362989460E1));
#1852=LINE('',#1851,#1850);
#1853=CURVE_STYLE('',#326,POSITIVE_LENGTH_MEASURE(2.E-2),#75);
#1854=PRESENTATION_STYLE_ASSIGNMENT((#1853));
#1855=STYLED_ITEM('',(#1854),#1852);
#1856=DIRECTION('',(0.E0,-1.E0,0.E0));
#1857=VECTOR('',#1856,1.216672937110E-1);
#1858=CARTESIAN_POINT('',(4.600000086756E0,-9.096572194864E0,6.174362989460E1));
#1859=LINE('',#1858,#1857);
#1860=CURVE_STYLE('',#326,POSITIVE_LENGTH_MEASURE(2.E-2),#75);
#1861=PRESENTATION_STYLE_ASSIGNMENT((#1860));
#1862=STYLED_ITEM('',(#1861),#1859);
#1863=DIRECTION('',(0.E0,1.E0,0.E0));
#1864=VECTOR('',#1863,1.216672937110E-1);
#1865=CARTESIAN_POINT('',(4.600000086756E0,-9.218239488575E0,6.824362989460E1));
#1866=LINE('',#1865,#1864);
#1867=CURVE_STYLE('',#326,POSITIVE_LENGTH_MEASURE(2.E-2),#75);
#1868=PRESENTATION_STYLE_ASSIGNMENT((#1867));
#1869=STYLED_ITEM('',(#1868),#1866);
#1870=DIRECTION('',(0.E0,0.E0,-1.E0));
#1871=VECTOR('',#1870,6.5E0);
#1872=CARTESIAN_POINT('',(3.600000086756E0,-8.096572194864E0,6.824362989460E1));
#1873=LINE('',#1872,#1871);
#1874=CURVE_STYLE('',#326,POSITIVE_LENGTH_MEASURE(2.E-2),#75);
#1875=PRESENTATION_STYLE_ASSIGNMENT((#1874));
#1876=STYLED_ITEM('',(#1875),#1873);
#1877=DIRECTION('',(0.E0,0.E0,1.E0));
#1878=VECTOR('',#1877,6.5E0);
#1879=CARTESIAN_POINT('',(4.600000086756E0,-9.096572194864E0,6.174362989460E1));
#1880=LINE('',#1879,#1878);
#1881=CURVE_STYLE('',#326,POSITIVE_LENGTH_MEASURE(2.E-2),#75);
#1882=PRESENTATION_STYLE_ASSIGNMENT((#1881));
#1883=STYLED_ITEM('',(#1882),#1880);
#1884=CARTESIAN_POINT('',(8.460454913687E-1,-8.096572164147E0,
6.014362989460E1));
#1885=CARTESIAN_POINT('',(8.758737038283E-1,-8.096572164147E0,
6.017147372279E1));
#1886=CARTESIAN_POINT('',(9.355662407248E-1,-8.096572191601E0,
6.022712177009E1));
#1887=CARTESIAN_POINT('',(1.025236514547E0,-8.096572252359E0,6.031045332330E1));
#1888=CARTESIAN_POINT('',(1.085094893186E0,-8.096572062884E0,6.036592252003E1));
#1889=CARTESIAN_POINT('',(1.115049948043E0,-8.096572062884E0,6.039363059092E1));
#1891=CURVE_STYLE('',#326,POSITIVE_LENGTH_MEASURE(2.E-2),#75);
#1892=PRESENTATION_STYLE_ASSIGNMENT((#1891));
#1893=STYLED_ITEM('',(#1892),#1890);
#1894=DIRECTION('',(1.E0,0.E0,0.E0));
#1895=VECTOR('',#1894,2.484553349397E0);
#1896=CARTESIAN_POINT('',(-3.599845223091E0,-8.096572194864E0,
6.174362989460E1));
#1897=LINE('',#1896,#1895);
#1898=CURVE_STYLE('',#326,POSITIVE_LENGTH_MEASURE(2.E-2),#75);
#1899=PRESENTATION_STYLE_ASSIGNMENT((#1898));
#1900=STYLED_ITEM('',(#1899),#1897);
#1901=CARTESIAN_POINT('',(-1.115291887611E0,-8.096572228726E0,
6.039362971602E1));
#1902=CARTESIAN_POINT('',(-1.085335688385E0,-8.096572228726E0,
6.036592231380E1));
#1903=CARTESIAN_POINT('',(-1.025470995595E0,-8.096572195890E0,
6.031045537299E1));
#1904=CARTESIAN_POINT('',(-9.357957725996E-1,-8.096572140481E0,
6.022712408391E1));
#1905=CARTESIAN_POINT('',(-8.761018426294E-1,-8.096572321074E0,
6.017147308240E1));
#1906=CARTESIAN_POINT('',(-8.462726899466E-1,-8.096572321074E0,
6.014362989460E1));
#1908=CURVE_STYLE('',#326,POSITIVE_LENGTH_MEASURE(2.E-2),#75);
#1909=PRESENTATION_STYLE_ASSIGNMENT((#1908));
#1910=STYLED_ITEM('',(#1909),#1907);
#1911=CARTESIAN_POINT('',(5.000000086756E0,-6.500588848776E0,6.039362989460E1));
#1912=DIRECTION('',(0.E0,0.E0,-1.E0));
#1913=DIRECTION('',(-9.249881153557E-1,3.799960347829E-1,0.E0));
#1914=AXIS2_PLACEMENT_3D('',#1911,#1912,#1913);
#1916=CURVE_STYLE('',#326,POSITIVE_LENGTH_MEASURE(2.E-2),#75);
#1917=PRESENTATION_STYLE_ASSIGNMENT((#1916));
#1918=STYLED_ITEM('',(#1917),#1915);
#1919=CARTESIAN_POINT('',(5.000000086756E0,-6.500588848776E0,6.039362989460E1));
#1920=DIRECTION('',(0.E0,0.E0,-1.E0));
#1921=DIRECTION('',(1.E0,0.E0,0.E0));
#1922=AXIS2_PLACEMENT_3D('',#1919,#1920,#1921);
#1924=CURVE_STYLE('',#326,POSITIVE_LENGTH_MEASURE(2.E-2),#75);
#1925=PRESENTATION_STYLE_ASSIGNMENT((#1924));
#1926=STYLED_ITEM('',(#1925),#1923);
#1927=CARTESIAN_POINT('',(5.000000086756E0,-6.500588848776E0,6.039362989460E1));
#1928=DIRECTION('',(0.E0,0.E0,-1.E0));
#1929=DIRECTION('',(9.999163306186E-1,-1.293567787977E-2,0.E0));
#1930=AXIS2_PLACEMENT_3D('',#1927,#1928,#1929);
#1932=CURVE_STYLE('',#326,POSITIVE_LENGTH_MEASURE(2.E-2),#75);
#1933=PRESENTATION_STYLE_ASSIGNMENT((#1932));
#1934=STYLED_ITEM('',(#1933),#1931);
#1935=DIRECTION('',(-4.016211477742E-8,9.776313200661E-8,-1.E0));
#1936=VECTOR('',#1935,1.349999303675E0);
#1937=CARTESIAN_POINT('',(1.115050002262E0,-8.096572194864E0,6.174362989460E1));
#1938=LINE('',#1937,#1936);
#1939=CURVE_STYLE('',#326,POSITIVE_LENGTH_MEASURE(2.E-2),#75);
#1940=PRESENTATION_STYLE_ASSIGNMENT((#1939));
#1941=STYLED_ITEM('',(#1940),#1938);
#1942=DIRECTION('',(-1.029146903175E-8,-2.505121507273E-8,1.E0));
#1943=VECTOR('',#1942,1.350000178424E0);
#1944=CARTESIAN_POINT('',(1.115050016156E0,-4.904605468869E0,6.039362971618E1));
#1945=LINE('',#1944,#1943);
#1946=CURVE_STYLE('',#326,POSITIVE_LENGTH_MEASURE(2.E-2),#75);
#1947=PRESENTATION_STYLE_ASSIGNMENT((#1946));
#1948=STYLED_ITEM('',(#1947),#1945);
#1949=DIRECTION('',(0.E0,0.E0,-1.E0));
#1950=VECTOR('',#1949,6.5E0);
#1951=CARTESIAN_POINT('',(-4.599845223091E0,-9.096572194864E0,
6.824362989460E1));
#1952=LINE('',#1951,#1950);
#1953=CURVE_STYLE('',#326,POSITIVE_LENGTH_MEASURE(2.E-2),#75);
#1954=PRESENTATION_STYLE_ASSIGNMENT((#1953));
#1955=STYLED_ITEM('',(#1954),#1952);
#1956=DIRECTION('',(0.E0,0.E0,1.E0));
#1957=VECTOR('',#1956,6.5E0);
#1958=CARTESIAN_POINT('',(-3.599845223091E0,-8.096572194864E0,
6.174362989460E1));
#1959=LINE('',#1958,#1957);
#1960=CURVE_STYLE('',#326,POSITIVE_LENGTH_MEASURE(2.E-2),#75);
#1961=PRESENTATION_STYLE_ASSIGNMENT((#1960));
#1962=STYLED_ITEM('',(#1961),#1959);
#1963=DIRECTION('',(1.460011795462E-14,-1.E0,0.E0));
#1964=VECTOR('',#1963,1.216672937110E-1);
#1965=CARTESIAN_POINT('',(-4.599845223091E0,-9.096572194864E0,
6.824362989460E1));
#1966=LINE('',#1965,#1964);
#1967=CURVE_STYLE('',#326,POSITIVE_LENGTH_MEASURE(2.E-2),#75);
#1968=PRESENTATION_STYLE_ASSIGNMENT((#1967));
#1969=STYLED_ITEM('',(#1968),#1966);
#1970=DIRECTION('',(0.E0,1.E0,0.E0));
#1971=VECTOR('',#1970,1.216672937110E-1);
#1972=CARTESIAN_POINT('',(-4.599845223091E0,-9.218239488575E0,
6.174362989460E1));
#1973=LINE('',#1972,#1971);
#1974=CURVE_STYLE('',#326,POSITIVE_LENGTH_MEASURE(2.E-2),#75);
#1975=PRESENTATION_STYLE_ASSIGNMENT((#1974));
#1976=STYLED_ITEM('',(#1975),#1973);
#1977=DIRECTION('',(0.E0,0.E0,1.E0));
#1978=VECTOR('',#1977,6.5E0);
#1979=CARTESIAN_POINT('',(-4.599845223091E0,-9.218239488575E0,
6.174362989460E1));
#1980=LINE('',#1979,#1978);
#1981=CURVE_STYLE('',#326,POSITIVE_LENGTH_MEASURE(2.E-2),#75);
#1982=PRESENTATION_STYLE_ASSIGNMENT((#1981));
#1983=STYLED_ITEM('',(#1982),#1980);
#1984=DIRECTION('',(0.E0,1.038485536880E-14,-1.E0));
#1985=VECTOR('',#1984,6.5E0);
#1986=CARTESIAN_POINT('',(-7.443056653368E0,-8.108799937832E0,
6.824362989460E1));
#1987=LINE('',#1986,#1985);
#1988=CURVE_STYLE('',#326,POSITIVE_LENGTH_MEASURE(2.E-2),#75);
#1989=PRESENTATION_STYLE_ASSIGNMENT((#1988));
#1990=STYLED_ITEM('',(#1989),#1987);
#1991=DIRECTION('',(0.E0,0.E0,1.E0));
#1992=VECTOR('',#1991,6.5E0);
#1993=CARTESIAN_POINT('',(-4.785166324008E0,-9.417700085991E0,
6.174362989460E1));
#1994=LINE('',#1993,#1992);
#1995=CURVE_STYLE('',#326,POSITIVE_LENGTH_MEASURE(2.E-2),#75);
#1996=PRESENTATION_STYLE_ASSIGNMENT((#1995));
#1997=STYLED_ITEM('',(#1996),#1994);
#1998=DIRECTION('',(1.155551031542E-6,4.120774487494E-7,9.999999999992E-1));
#1999=VECTOR('',#1998,2.606043739351E0);
#2000=CARTESIAN_POINT('',(-8.266246898600E0,-5.175348523139E0,
6.563758615525E1));
#2001=LINE('',#2000,#1999);
#2002=CURVE_STYLE('',#326,POSITIVE_LENGTH_MEASURE(2.E-2),#75);
#2003=PRESENTATION_STYLE_ASSIGNMENT((#2002));
#2004=STYLED_ITEM('',(#2003),#2001);
#2005=DIRECTION('',(-1.013783245386E-10,-1.600634155133E-11,1.E0));
#2006=VECTOR('',#2005,6.5E0);
#2007=CARTESIAN_POINT('',(-8.082776079800E0,-8.209729665897E0,
6.174362989460E1));
#2008=LINE('',#2007,#2006);
#2009=CURVE_STYLE('',#326,POSITIVE_LENGTH_MEASURE(2.E-2),#75);
#2010=PRESENTATION_STYLE_ASSIGNMENT((#2009));
#2011=STYLED_ITEM('',(#2010),#2008);
#2012=DIRECTION('',(-1.148438243739E-6,4.069469963528E-7,-9.999999999993E-1));
#2013=VECTOR('',#2012,2.606043739757E0);
#2014=CARTESIAN_POINT('',(-8.266243886895E0,-7.825830248629E0,
6.824362989460E1));
#2015=LINE('',#2014,#2013);
#2016=CURVE_STYLE('',#326,POSITIVE_LENGTH_MEASURE(2.E-2),#75);
#2017=PRESENTATION_STYLE_ASSIGNMENT((#2016));
#2018=STYLED_ITEM('',(#2017),#2015);
#2019=CARTESIAN_POINT('',(-4.999845223091E0,-6.500588848776E0,
6.563753747306E1));
#2020=DIRECTION('',(0.E0,0.E0,1.E0));
#2021=DIRECTION('',(-9.266379186350E-1,3.759550076109E-1,0.E0));
#2022=AXIS2_PLACEMENT_3D('',#2019,#2020,#2021);
#2024=CURVE_STYLE('',#326,POSITIVE_LENGTH_MEASURE(2.E-2),#75);
#2025=PRESENTATION_STYLE_ASSIGNMENT((#2024));
#2026=STYLED_ITEM('',(#2025),#2023);
#2027=CARTESIAN_POINT('',(-4.999845223091E0,-6.500588848776E0,
6.563753747306E1));
#2028=DIRECTION('',(0.E0,0.E0,1.E0));
#2029=DIRECTION('',(-1.E0,0.E0,0.E0));
#2030=AXIS2_PLACEMENT_3D('',#2027,#2028,#2029);
#2032=CURVE_STYLE('',#326,POSITIVE_LENGTH_MEASURE(2.E-2),#75);
#2033=PRESENTATION_STYLE_ASSIGNMENT((#2032));
#2034=STYLED_ITEM('',(#2033),#2031);
#2035=CARTESIAN_POINT('',(-7.655387305694E0,-7.729454263842E0,
6.481520276985E1));
#2036=CARTESIAN_POINT('',(-7.655387305694E0,-7.729454263842E0,
6.492025551185E1));
#2037=CARTESIAN_POINT('',(-7.672085344318E0,-7.732089079377E0,
6.512807930511E1));
#2038=CARTESIAN_POINT('',(-7.748300356837E0,-7.744112157544E0,
6.543780079343E1));
#2039=CARTESIAN_POINT('',(-7.831448535077E0,-7.757234283750E0,
6.563327727165E1));
#2040=CARTESIAN_POINT('',(-7.881649638163E0,-7.765154605502E0,
6.572897748373E1));
#2042=CURVE_STYLE('',#326,POSITIVE_LENGTH_MEASURE(2.E-2),#75);
#2043=PRESENTATION_STYLE_ASSIGNMENT((#2042));
#2044=STYLED_ITEM('',(#2043),#2041);
#2045=CARTESIAN_POINT('',(-7.881649638163E0,-7.765154605502E0,
6.572897748373E1));
#2046=CARTESIAN_POINT('',(-7.896369327129E0,-7.767476958309E0,
6.575711937342E1));
#2047=CARTESIAN_POINT('',(-7.935023916568E0,-7.773571892513E0,
6.580155631017E1));
#2048=CARTESIAN_POINT('',(-8.021703601119E0,-7.787248968163E0,
6.584051601230E1));
#2049=CARTESIAN_POINT('',(-8.112228852928E0,-7.801530974940E0,
6.583800457253E1));
#2050=CARTESIAN_POINT('',(-8.193676989453E0,-7.814381064283E0,
6.580006060185E1));
#2051=CARTESIAN_POINT('',(-8.253691993936E0,-7.823850615612E0,
6.572434553938E1));
#2052=CARTESIAN_POINT('',(-8.266278292971E0,-7.825834144226E0,
6.566845996294E1));
#2053=CARTESIAN_POINT('',(-8.266246879775E0,-7.825829188107E0,
6.563758615485E1));
#2055=CURVE_STYLE('',#326,POSITIVE_LENGTH_MEASURE(2.E-2),#75);
#2056=PRESENTATION_STYLE_ASSIGNMENT((#2055));
#2057=STYLED_ITEM('',(#2056),#2054);
#2058=DIRECTION('',(8.517424325994E-9,-1.525033749354E-8,-1.E0));
#2059=VECTOR('',#2058,2.048772663319E0);
#2060=CARTESIAN_POINT('',(-6.953552646302E0,-7.618724502781E0,
6.824362989460E1));
#2061=LINE('',#2060,#2059);
#2062=CURVE_STYLE('',#326,POSITIVE_LENGTH_MEASURE(2.E-2),#75);
#2063=PRESENTATION_STYLE_ASSIGNMENT((#2062));
#2064=STYLED_ITEM('',(#2063),#2061);
#2065=CARTESIAN_POINT('',(-5.001048444196E0,-6.500588848776E0,
6.572891809268E1));
#2066=DIRECTION('',(0.E0,0.E0,1.E0));
#2067=DIRECTION('',(-9.156540928214E-1,4.019671408205E-1,0.E0));
#2068=AXIS2_PLACEMENT_3D('',#2065,#2066,#2067);
#2070=CURVE_STYLE('',#326,POSITIVE_LENGTH_MEASURE(2.E-2),#75);
#2071=PRESENTATION_STYLE_ASSIGNMENT((#2070));
#2072=STYLED_ITEM('',(#2071),#2069);
#2073=CARTESIAN_POINT('',(-5.001048444196E0,-6.500588848776E0,
6.572891809268E1));
#2074=DIRECTION('',(0.E0,0.E0,1.E0));
#2075=DIRECTION('',(-9.999988959614E-1,-1.485959642835E-3,0.E0));
#2076=AXIS2_PLACEMENT_3D('',#2073,#2074,#2075);
#2078=CURVE_STYLE('',#326,POSITIVE_LENGTH_MEASURE(2.E-2),#75);
#2079=PRESENTATION_STYLE_ASSIGNMENT((#2078));
#2080=STYLED_ITEM('',(#2079),#2077);
#2081=CARTESIAN_POINT('',(-5.001048444196E0,-6.500588848776E0,
6.481520276985E1));
#2082=DIRECTION('',(0.E0,0.E0,-1.E0));
#2083=DIRECTION('',(-9.074662774350E-1,-4.201249282276E-1,0.E0));
#2084=AXIS2_PLACEMENT_3D('',#2081,#2082,#2083);
#2086=CURVE_STYLE('',#326,POSITIVE_LENGTH_MEASURE(2.E-2),#75);
#2087=PRESENTATION_STYLE_ASSIGNMENT((#2086));
#2088=STYLED_ITEM('',(#2087),#2085);
#2089=CARTESIAN_POINT('',(-5.001048444196E0,-6.500588848776E0,
6.481520276985E1));
#2090=DIRECTION('',(0.E0,0.E0,-1.E0));
#2091=DIRECTION('',(-9.999997239903E-1,-7.429800264878E-4,0.E0));
#2092=AXIS2_PLACEMENT_3D('',#2089,#2090,#2091);
#2094=CURVE_STYLE('',#326,POSITIVE_LENGTH_MEASURE(2.E-2),#75);
#2095=PRESENTATION_STYLE_ASSIGNMENT((#2094));
#2096=STYLED_ITEM('',(#2095),#2093);
#2097=DIRECTION('',(0.E0,-1.879545093841E-14,-1.E0));
#2098=VECTOR('',#2097,3.071572875250E0);
#2099=CARTESIAN_POINT('',(-7.655387305694E0,-7.729454263842E0,
6.481520276985E1));
#2100=LINE('',#2099,#2098);
#2101=CURVE_STYLE('',#326,POSITIVE_LENGTH_MEASURE(2.E-2),#75);
#2102=PRESENTATION_STYLE_ASSIGNMENT((#2101));
#2103=STYLED_ITEM('',(#2102),#2100);
#2104=DIRECTION('',(0.E0,0.E0,1.E0));
#2105=VECTOR('',#2104,3.071572875250E0);
#2106=CARTESIAN_POINT('',(-7.655387305693E0,-5.271723433710E0,
6.174362989460E1));
#2107=LINE('',#2106,#2105);
#2108=CURVE_STYLE('',#326,POSITIVE_LENGTH_MEASURE(2.E-2),#75);
#2109=PRESENTATION_STYLE_ASSIGNMENT((#2108));
#2110=STYLED_ITEM('',(#2109),#2107);
#2111=CARTESIAN_POINT('',(-2.195104844420E1,-6.500588848776E0,
6.174362989460E1));
#2112=DIRECTION('',(0.E0,0.E0,1.E0));
#2113=DIRECTION('',(9.974141817572E-1,-7.186758678069E-2,0.E0));
#2114=AXIS2_PLACEMENT_3D('',#2111,#2112,#2113);
#2116=CURVE_STYLE('',#326,POSITIVE_LENGTH_MEASURE(2.E-2),#75);
#2117=PRESENTATION_STYLE_ASSIGNMENT((#2116));
#2118=STYLED_ITEM('',(#2117),#2115);
#2119=CARTESIAN_POINT('',(-2.195104844420E1,-6.500588848776E0,
6.174362989460E1));
#2120=DIRECTION('',(0.E0,0.E0,1.E0));
#2121=DIRECTION('',(1.E0,0.E0,0.E0));
#2122=AXIS2_PLACEMENT_3D('',#2119,#2120,#2121);
#2124=CURVE_STYLE('',#326,POSITIVE_LENGTH_MEASURE(2.E-2),#75);
#2125=PRESENTATION_STYLE_ASSIGNMENT((#2124));
#2126=STYLED_ITEM('',(#2125),#2123);
#2127=DIRECTION('',(-9.877816555743E-1,1.558441558445E-1,0.E0));
#2128=VECTOR('',#2127,8.757344493308E-1);
#2129=CARTESIAN_POINT('',(-6.790352881490E0,-5.408201529710E0,
6.174362989460E1));
#2130=LINE('',#2129,#2128);
#2131=CURVE_STYLE('',#326,POSITIVE_LENGTH_MEASURE(2.E-2),#75);
#2132=PRESENTATION_STYLE_ASSIGNMENT((#2131));
#2133=STYLED_ITEM('',(#2132),#2130);
#2134=CARTESIAN_POINT('',(-5.001048444196E0,-6.500588848776E0,
6.174362989460E1));
#2135=DIRECTION('',(0.E0,0.E0,1.E0));
#2136=DIRECTION('',(-9.074662774350E-1,4.201249282277E-1,0.E0));
#2137=AXIS2_PLACEMENT_3D('',#2134,#2135,#2136);
#2139=CURVE_STYLE('',#326,POSITIVE_LENGTH_MEASURE(2.E-2),#75);
#2140=PRESENTATION_STYLE_ASSIGNMENT((#2139));
#2141=STYLED_ITEM('',(#2140),#2138);
#2142=CARTESIAN_POINT('',(-5.001048444196E0,-6.500588848776E0,
6.174362989460E1));
#2143=DIRECTION('',(0.E0,0.E0,1.E0));
#2144=DIRECTION('',(-1.E0,0.E0,0.E0));
#2145=AXIS2_PLACEMENT_3D('',#2142,#2143,#2144);
#2147=CURVE_STYLE('',#326,POSITIVE_LENGTH_MEASURE(2.E-2),#75);
#2148=PRESENTATION_STYLE_ASSIGNMENT((#2147));
#2149=STYLED_ITEM('',(#2148),#2146);
#2150=DIRECTION('',(9.877816555743E-1,1.558441558448E-1,0.E0));
#2151=VECTOR('',#2150,8.757344493314E-1);
#2152=CARTESIAN_POINT('',(-7.655387305694E0,-7.729454263842E0,
6.174362989460E1));
#2153=LINE('',#2152,#2151);
#2154=CURVE_STYLE('',#326,POSITIVE_LENGTH_MEASURE(2.E-2),#75);
#2155=PRESENTATION_STYLE_ASSIGNMENT((#2154));
#2156=STYLED_ITEM('',(#2155),#2153);
#2157=DIRECTION('',(3.337219821287E-13,1.196975530442E-13,1.E0));
#2158=VECTOR('',#2157,4.095944112520E0);
#2159=CARTESIAN_POINT('',(-6.790352881490E0,-7.592976167841E0,
6.174362989460E1));
#2160=LINE('',#2159,#2158);
#2161=CURVE_STYLE('',#326,POSITIVE_LENGTH_MEASURE(2.E-2),#75);
#2162=PRESENTATION_STYLE_ASSIGNMENT((#2161));
#2163=STYLED_ITEM('',(#2162),#2160);
#2164=CARTESIAN_POINT('',(-6.790352881488E0,-7.592976167841E0,
6.583957400712E1));
#2165=CARTESIAN_POINT('',(-6.789512551757E0,-7.581313653090E0,
6.582881079010E1));
#2166=CARTESIAN_POINT('',(-6.787854689860E0,-7.557948326177E0,
6.580735059100E1));
#2167=CARTESIAN_POINT('',(-6.785447915919E0,-7.522760035073E0,
6.577536866649E1));
#2168=CARTESIAN_POINT('',(-6.783875326424E0,-7.499240077391E0,
6.575417428062E1));
#2169=CARTESIAN_POINT('',(-6.783106957774E0,-7.487429975011E0,
6.574361836957E1));
#2171=CURVE_STYLE('',#326,POSITIVE_LENGTH_MEASURE(2.E-2),#75);
#2172=PRESENTATION_STYLE_ASSIGNMENT((#2171));
#2173=STYLED_ITEM('',(#2172),#2170);
#2174=CARTESIAN_POINT('',(-6.783102270634E0,-5.513754161788E0,
6.574361696181E1));
#2175=CARTESIAN_POINT('',(-6.783850727289E0,-5.502250078463E0,
6.575389979324E1));
#2176=CARTESIAN_POINT('',(-6.785402364264E0,-5.479126845438E0,
6.577472769382E1));
#2177=CARTESIAN_POINT('',(-6.787803284355E0,-5.443955262240E0,
6.580673517355E1));
#2178=CARTESIAN_POINT('',(-6.789490566123E0,-5.420169172049E0,
6.582855942210E1));
#2179=CARTESIAN_POINT('',(-6.790352881489E0,-5.408201529710E0,
6.583960459220E1));
#2181=CURVE_STYLE('',#326,POSITIVE_LENGTH_MEASURE(2.E-2),#75);
#2182=PRESENTATION_STYLE_ASSIGNMENT((#2181));
#2183=STYLED_ITEM('',(#2182),#2180);
#2184=DIRECTION('',(-2.857974581363E-13,3.556205093654E-14,-1.E0));
#2185=VECTOR('',#2184,4.095974697600E0);
#2186=CARTESIAN_POINT('',(-6.790352881489E0,-5.408201529710E0,
6.583960459220E1));
#2187=LINE('',#2186,#2185);
#2188=CURVE_STYLE('',#326,POSITIVE_LENGTH_MEASURE(2.E-2),#75);
#2189=PRESENTATION_STYLE_ASSIGNMENT((#2188));
#2190=STYLED_ITEM('',(#2189),#2187);
#2191=CARTESIAN_POINT('',(-6.953554108190E0,-5.382452681175E0,
6.619485989331E1));
#2192=CARTESIAN_POINT('',(-6.935016997261E0,-5.385377315772E0,
6.615453761409E1));
#2193=CARTESIAN_POINT('',(-6.898188506269E0,-5.391188235494E0,
6.607447016855E1));
#2194=CARTESIAN_POINT('',(-6.843748765037E0,-5.399777123304E0,
6.595607054263E1));
#2195=CARTESIAN_POINT('',(-6.808043290946E0,-5.405410480785E0,
6.587824651313E1));
#2196=CARTESIAN_POINT('',(-6.790352881489E0,-5.408201529710E0,
6.583960459220E1));
#2198=CURVE_STYLE('',#326,POSITIVE_LENGTH_MEASURE(2.E-2),#75);
#2199=PRESENTATION_STYLE_ASSIGNMENT((#2198));
#2200=STYLED_ITEM('',(#2199),#2197);
#2201=CARTESIAN_POINT('',(-6.790352881488E0,-7.592976167841E0,
6.583957400712E1));
#2202=CARTESIAN_POINT('',(-6.808057304119E0,-7.595769427651E0,
6.587824604661E1));
#2203=CARTESIAN_POINT('',(-6.843781411354E0,-7.601405691725E0,
6.595611226888E1));
#2204=CARTESIAN_POINT('',(-6.898219128858E0,-7.609994409619E0,
6.607452201942E1));
#2205=CARTESIAN_POINT('',(-6.935029949686E0,-7.615802176354E0,
6.615455880151E1));
#2206=CARTESIAN_POINT('',(-6.953552628852E0,-7.618724534026E0,
6.619485723128E1));
#2208=CURVE_STYLE('',#326,POSITIVE_LENGTH_MEASURE(2.E-2),#75);
#2209=PRESENTATION_STYLE_ASSIGNMENT((#2208));
#2210=STYLED_ITEM('',(#2209),#2207);
#2211=CARTESIAN_POINT('',(-6.953554108190E0,-5.382452681175E0,
6.619485989331E1));
#2212=CARTESIAN_POINT('',(-7.021428488787E0,-5.500975903312E0,
6.625271203717E1));
#2213=CARTESIAN_POINT('',(-7.133085613233E0,-5.746625940083E0,
6.634861123167E1));
#2214=CARTESIAN_POINT('',(-7.229556713940E0,-6.119934309135E0,
6.643206442283E1));
#2215=CARTESIAN_POINT('',(-7.251090792658E0,-6.374563281936E0,
6.645078009961E1));
#2216=CARTESIAN_POINT('',(-7.251090792611E0,-6.500588849625E0,
6.645078211645E1));
#2218=CURVE_STYLE('',#326,POSITIVE_LENGTH_MEASURE(2.E-2),#75);
#2219=PRESENTATION_STYLE_ASSIGNMENT((#2218));
#2220=STYLED_ITEM('',(#2219),#2217);
#2221=CARTESIAN_POINT('',(-7.251090792611E0,-6.500588849625E0,
6.645078211645E1));
#2222=CARTESIAN_POINT('',(-7.251090792563E0,-6.627004475100E0,
6.645078413953E1));
#2223=CARTESIAN_POINT('',(-7.229420191210E0,-6.882148871376E0,
6.643197584066E1));
#2224=CARTESIAN_POINT('',(-7.132789340429E0,-7.255320133147E0,
6.634830816874E1));
#2225=CARTESIAN_POINT('',(-7.021248326321E0,-7.500513356046E0,
6.625260040736E1));
#2226=CARTESIAN_POINT('',(-6.953552628852E0,-7.618724534026E0,
6.619485723128E1));
#2228=CURVE_STYLE('',#326,POSITIVE_LENGTH_MEASURE(2.E-2),#75);
#2229=PRESENTATION_STYLE_ASSIGNMENT((#2228));
#2230=STYLED_ITEM('',(#2229),#2227);
#2231=CARTESIAN_POINT('',(-8.266246898600E0,-5.175348523139E0,
6.563758615525E1));
#2232=CARTESIAN_POINT('',(-8.266278926853E0,-5.175343469982E0,
6.566906461479E1));
#2233=CARTESIAN_POINT('',(-8.252845973844E0,-5.177460552482E0,
6.572569079720E1));
#2234=CARTESIAN_POINT('',(-8.194614675662E0,-5.186648694463E0,
6.579883863390E1));
#2235=CARTESIAN_POINT('',(-8.114426023523E0,-5.199300071743E0,
6.583753816267E1));
#2236=CARTESIAN_POINT('',(-8.023301331551E0,-5.213676647427E0,
6.584083810389E1));
#2237=CARTESIAN_POINT('',(-7.936518162647E0,-5.227370074406E0,
6.580272497179E1));
#2238=CARTESIAN_POINT('',(-7.896711180247E0,-5.233646762631E0,
6.575777297715E1));
#2239=CARTESIAN_POINT('',(-7.881649634287E0,-5.236023050855E0,
6.572897747802E1));
#2241=CURVE_STYLE('',#326,POSITIVE_LENGTH_MEASURE(2.E-2),#75);
#2242=PRESENTATION_STYLE_ASSIGNMENT((#2241));
#2243=STYLED_ITEM('',(#2242),#2240);
#2244=CARTESIAN_POINT('',(-7.881649634287E0,-5.236023050855E0,
6.572897747802E1));
#2245=CARTESIAN_POINT('',(-7.831444055714E0,-5.243944078713E0,
6.563326873414E1));
#2246=CARTESIAN_POINT('',(-7.748292710557E0,-5.257066765886E0,
6.543777948948E1));
#2247=CARTESIAN_POINT('',(-7.672082167061E0,-5.269089113883E0,
6.512805665834E1));
#2248=CARTESIAN_POINT('',(-7.655387305693E0,-5.271723433710E0,
6.492024577026E1));
#2249=CARTESIAN_POINT('',(-7.655387305693E0,-5.271723433710E0,
6.481520276985E1));
#2251=CURVE_STYLE('',#326,POSITIVE_LENGTH_MEASURE(2.E-2),#75);
#2252=PRESENTATION_STYLE_ASSIGNMENT((#2251));
#2253=STYLED_ITEM('',(#2252),#2250);
#2254=DIRECTION('',(6.968847173409E-7,-2.797754741525E-7,9.999999999997E-1));
#2255=VECTOR('',#2254,2.048770001293E0);
#2256=CARTESIAN_POINT('',(-6.953554108190E0,-5.382452681175E0,
6.619485989331E1));
#2257=LINE('',#2256,#2255);
#2258=CURVE_STYLE('',#326,POSITIVE_LENGTH_MEASURE(2.E-2),#75);
#2259=PRESENTATION_STYLE_ASSIGNMENT((#2258));
#2260=STYLED_ITEM('',(#2259),#2257);
#2261=CARTESIAN_POINT('',(-6.783106957774E0,-7.487429975011E0,
6.574361836957E1));
#2262=CARTESIAN_POINT('',(-6.822869308533E0,-7.432500481862E0,
6.578685810806E1));
#2263=CARTESIAN_POINT('',(-6.893380074959E0,-7.321390661380E0,
6.586389677508E1));
#2264=CARTESIAN_POINT('',(-6.974543960718E0,-7.154710982865E0,
6.595312637156E1));
#2265=CARTESIAN_POINT('',(-7.034612918959E0,-6.988848017299E0,
6.601947745833E1));
#2266=CARTESIAN_POINT('',(-7.075551934289E0,-6.825205719721E0,
6.606485626790E1));
#2267=CARTESIAN_POINT('',(-7.099401247974E0,-6.662043139304E0,
6.609136657232E1));
#2268=CARTESIAN_POINT('',(-7.107320428911E0,-6.500008704812E0,
6.610015785011E1));
#2269=CARTESIAN_POINT('',(-7.099332527502E0,-6.338469673517E0,
6.609128974711E1));
#2270=CARTESIAN_POINT('',(-7.075372666727E0,-6.175150005577E0,
6.606465900030E1));
#2271=CARTESIAN_POINT('',(-7.034460186306E0,-6.011914355593E0,
6.601931000195E1));
#2272=CARTESIAN_POINT('',(-6.974447055211E0,-5.846165357057E0,
6.595301610750E1));
#2273=CARTESIAN_POINT('',(-6.893405386708E0,-5.679834562325E0,
6.586392262020E1));
#2274=CARTESIAN_POINT('',(-6.822885657629E0,-5.568709702923E0,
6.578687934979E1));
#2275=CARTESIAN_POINT('',(-6.783102270634E0,-5.513754161788E0,
6.574361696181E1));
#2277=CURVE_STYLE('',#326,POSITIVE_LENGTH_MEASURE(2.E-2),#75);
#2278=PRESENTATION_STYLE_ASSIGNMENT((#2277));
#2279=STYLED_ITEM('',(#2278),#2276);
#2280=CARTESIAN_POINT('',(-2.196214434691E1,-6.500588416976E0,
6.575471047014E1));
#2281=DIRECTION('',(-7.305260454117E-4,2.842114922169E-8,-9.999997331658E-1));
#2282=DIRECTION('',(9.978930979718E-1,6.487552389560E-2,-7.289852492859E-4));
#2283=AXIS2_PLACEMENT_3D('',#2280,#2281,#2282);
#2285=CURVE_STYLE('',#326,POSITIVE_LENGTH_MEASURE(2.E-2),#75);
#2286=PRESENTATION_STYLE_ASSIGNMENT((#2285));
#2287=STYLED_ITEM('',(#2286),#2284);
#2288=CARTESIAN_POINT('',(-2.196214434690E1,-6.500588416976E0,
6.575471047267E1));
#2289=DIRECTION('',(-7.305260454117E-4,2.842114922169E-8,-9.999997331658E-1));
#2290=DIRECTION('',(9.999997331658E-1,-2.838716908986E-8,-7.305260454125E-4));
#2291=AXIS2_PLACEMENT_3D('',#2288,#2289,#2290);
#2293=CURVE_STYLE('',#326,POSITIVE_LENGTH_MEASURE(2.E-2),#75);
#2294=PRESENTATION_STYLE_ASSIGNMENT((#2293));
#2295=STYLED_ITEM('',(#2294),#2292);
#2296=DIRECTION('',(5.593324094487E-10,-8.824544513922E-11,1.E0));
#2297=VECTOR('',#2296,6.5E0);
#2298=CARTESIAN_POINT('',(-8.102059867287E0,-4.826704346843E0,
6.174362989460E1));
#2299=LINE('',#2298,#2297);
#2300=CURVE_STYLE('',#326,POSITIVE_LENGTH_MEASURE(2.E-2),#75);
#2301=PRESENTATION_STYLE_ASSIGNMENT((#2300));
#2302=STYLED_ITEM('',(#2301),#2299);
#2303=DIRECTION('',(0.E0,0.E0,1.E0));
#2304=VECTOR('',#2303,6.5E0);
#2305=CARTESIAN_POINT('',(-7.465576705360E0,-4.927123482984E0,
6.174362989460E1));
#2306=LINE('',#2305,#2304);
#2307=CURVE_STYLE('',#326,POSITIVE_LENGTH_MEASURE(2.E-2),#75);
#2308=PRESENTATION_STYLE_ASSIGNMENT((#2307));
#2309=STYLED_ITEM('',(#2308),#2306);
#2310=DIRECTION('',(7.769229679426E-7,-2.083834775162E-7,-9.999999999997E-1));
#2311=VECTOR('',#2310,6.500000000002E0);
#2312=CARTESIAN_POINT('',(-4.785173733166E0,-3.583476083453E0,
6.824362989460E1));
#2313=LINE('',#2312,#2311);
#2314=CURVE_STYLE('',#326,POSITIVE_LENGTH_MEASURE(2.E-2),#75);
#2315=PRESENTATION_STYLE_ASSIGNMENT((#2314));
#2316=STYLED_ITEM('',(#2315),#2313);
#2317=DIRECTION('',(0.E0,0.E0,-1.E0));
#2318=VECTOR('',#2317,6.5E0);
#2319=CARTESIAN_POINT('',(-4.599845223091E0,-3.782938208977E0,
6.824362989460E1));
#2320=LINE('',#2319,#2318);
#2321=CURVE_STYLE('',#326,POSITIVE_LENGTH_MEASURE(2.E-2),#75);
#2322=PRESENTATION_STYLE_ASSIGNMENT((#2321));
#2323=STYLED_ITEM('',(#2322),#2320);
#2324=DIRECTION('',(1.460011795462E-14,1.E0,0.E0));
#2325=VECTOR('',#2324,1.216672937110E-1);
#2326=CARTESIAN_POINT('',(-4.599845223091E0,-3.904605502688E0,
6.174362989460E1));
#2327=LINE('',#2326,#2325);
#2328=CURVE_STYLE('',#326,POSITIVE_LENGTH_MEASURE(2.E-2),#75);
#2329=PRESENTATION_STYLE_ASSIGNMENT((#2328));
#2330=STYLED_ITEM('',(#2329),#2327);
#2331=DIRECTION('',(0.E0,-1.E0,0.E0));
#2332=VECTOR('',#2331,1.216672937110E-1);
#2333=CARTESIAN_POINT('',(-4.599845223091E0,-3.782938208977E0,
6.824362989460E1));
#2334=LINE('',#2333,#2332);
#2335=CURVE_STYLE('',#326,POSITIVE_LENGTH_MEASURE(2.E-2),#75);
#2336=PRESENTATION_STYLE_ASSIGNMENT((#2335));
#2337=STYLED_ITEM('',(#2336),#2334);
#2338=DIRECTION('',(0.E0,0.E0,-1.E0));
#2339=VECTOR('',#2338,6.5E0);
#2340=CARTESIAN_POINT('',(-3.599845223091E0,-4.904605502688E0,
6.824362989460E1));
#2341=LINE('',#2340,#2339);
#2342=CURVE_STYLE('',#326,POSITIVE_LENGTH_MEASURE(2.E-2),#75);
#2343=PRESENTATION_STYLE_ASSIGNMENT((#2342));
#2344=STYLED_ITEM('',(#2343),#2341);
#2345=DIRECTION('',(0.E0,0.E0,1.E0));
#2346=VECTOR('',#2345,6.5E0);
#2347=CARTESIAN_POINT('',(-4.599845223091E0,-3.904605502688E0,
6.174362989460E1));
#2348=LINE('',#2347,#2346);
#2349=CURVE_STYLE('',#326,POSITIVE_LENGTH_MEASURE(2.E-2),#75);
#2350=PRESENTATION_STYLE_ASSIGNMENT((#2349));
#2351=STYLED_ITEM('',(#2350),#2348);
#2352=DIRECTION('',(-9.877816555996E-1,-1.558441556842E-1,0.E0));
#2353=VECTOR('',#2352,6.476324224142E-1);
#2354=CARTESIAN_POINT('',(-7.443056653368E0,-8.108799937832E0,
6.174362989460E1));
#2355=LINE('',#2354,#2353);
#2356=CURVE_STYLE('',#326,POSITIVE_LENGTH_MEASURE(2.E-2),#75);
#2357=PRESENTATION_STYLE_ASSIGNMENT((#2356));
#2358=STYLED_ITEM('',(#2357),#2355);
#2359=CARTESIAN_POINT('',(-4.999845223091E0,-6.500588848776E0,
6.174362989460E1));
#2360=DIRECTION('',(0.E0,0.E0,-1.E0));
#2361=DIRECTION('',(-8.745903139448E-1,-4.848626431826E-1,0.E0));
#2362=AXIS2_PLACEMENT_3D('',#2359,#2360,#2361);
#2364=CURVE_STYLE('',#326,POSITIVE_LENGTH_MEASURE(2.E-2),#75);
#2365=PRESENTATION_STYLE_ASSIGNMENT((#2364));
#2366=STYLED_ITEM('',(#2365),#2363);
#2367=CARTESIAN_POINT('',(-4.999845223091E0,-6.500588848776E0,
6.174362989460E1));
#2368=DIRECTION('',(0.E0,0.E0,-1.E0));
#2369=DIRECTION('',(-1.E0,0.E0,0.E0));
#2370=AXIS2_PLACEMENT_3D('',#2367,#2368,#2369);
#2372=CURVE_STYLE('',#326,POSITIVE_LENGTH_MEASURE(2.E-2),#75);
#2373=PRESENTATION_STYLE_ASSIGNMENT((#2372));
#2374=STYLED_ITEM('',(#2373),#2371);
#2375=DIRECTION('',(9.877816557028E-1,-1.558441550301E-1,0.E0));
#2376=VECTOR('',#2375,6.443561269361E-1);
#2377=CARTESIAN_POINT('',(-8.102059867287E0,-4.826704346843E0,
6.174362989460E1));
#2378=LINE('',#2377,#2376);
#2379=CURVE_STYLE('',#326,POSITIVE_LENGTH_MEASURE(2.E-2),#75);
#2380=PRESENTATION_STYLE_ASSIGNMENT((#2379));
#2381=STYLED_ITEM('',(#2380),#2378);
#2382=CARTESIAN_POINT('',(-4.999845223091E0,-6.500588848776E0,
6.174362989460E1));
#2383=DIRECTION('',(0.E0,0.E0,-1.E0));
#2384=DIRECTION('',(-8.429851221433E-1,5.379368771938E-1,0.E0));
#2385=AXIS2_PLACEMENT_3D('',#2382,#2383,#2384);
#2387=CURVE_STYLE('',#326,POSITIVE_LENGTH_MEASURE(2.E-2),#75);
#2388=PRESENTATION_STYLE_ASSIGNMENT((#2387));
#2389=STYLED_ITEM('',(#2388),#2386);
#2390=CARTESIAN_POINT('',(-4.799845223091E0,-3.782938208977E0,
6.174362989460E1));
#2391=DIRECTION('',(0.E0,0.E0,-1.E0));
#2392=DIRECTION('',(7.339449541414E-2,9.973029870821E-1,0.E0));
#2393=AXIS2_PLACEMENT_3D('',#2390,#2391,#2392);
#2395=CURVE_STYLE('',#326,POSITIVE_LENGTH_MEASURE(2.E-2),#75);
#2396=PRESENTATION_STYLE_ASSIGNMENT((#2395));
#2397=STYLED_ITEM('',(#2396),#2394);
#2398=CARTESIAN_POINT('',(-3.599845223091E0,-3.904605502688E0,
6.174362989460E1));
#2399=DIRECTION('',(0.E0,0.E0,1.E0));
#2400=DIRECTION('',(-1.E0,-2.886579864025E-14,0.E0));
#2401=AXIS2_PLACEMENT_3D('',#2398,#2399,#2400);
#2403=CURVE_STYLE('',#326,POSITIVE_LENGTH_MEASURE(2.E-2),#75);
#2404=PRESENTATION_STYLE_ASSIGNMENT((#2403));
#2405=STYLED_ITEM('',(#2404),#2402);
#2406=DIRECTION('',(1.E0,1.501124176571E-14,0.E0));
#2407=VECTOR('',#2406,2.485037161457E0);
#2408=CARTESIAN_POINT('',(-3.599845223091E0,-4.904605502688E0,
6.174362989460E1));
#2409=LINE('',#2408,#2407);
#2410=CURVE_STYLE('',#326,POSITIVE_LENGTH_MEASURE(2.E-2),#75);
#2411=PRESENTATION_STYLE_ASSIGNMENT((#2410));
#2412=STYLED_ITEM('',(#2411),#2409);
#2413=CARTESIAN_POINT('',(-5.E0,-6.5E0,6.174362989460E1));
#2414=DIRECTION('',(0.E0,0.E0,1.E0));
#2415=DIRECTION('',(9.250456996110E-1,3.798558326933E-1,0.E0));
#2416=AXIS2_PLACEMENT_3D('',#2413,#2414,#2415);
#2418=CURVE_STYLE('',#326,POSITIVE_LENGTH_MEASURE(2.E-2),#75);
#2419=PRESENTATION_STYLE_ASSIGNMENT((#2418));
#2420=STYLED_ITEM('',(#2419),#2417);
#2421=CARTESIAN_POINT('',(-5.E0,-6.5E0,6.174362989460E1));
#2422=DIRECTION('',(0.E0,0.E0,1.E0));
#2423=DIRECTION('',(-1.E0,0.E0,0.E0));
#2424=AXIS2_PLACEMENT_3D('',#2421,#2422,#2423);
#2426=CURVE_STYLE('',#326,POSITIVE_LENGTH_MEASURE(2.E-2),#75);
#2427=PRESENTATION_STYLE_ASSIGNMENT((#2426));
#2428=STYLED_ITEM('',(#2427),#2425);
#2429=CARTESIAN_POINT('',(-5.E0,-6.5E0,6.174362989460E1));
#2430=DIRECTION('',(0.E0,0.E0,1.E0));
#2431=DIRECTION('',(-9.250456996110E-1,-3.798558326933E-1,0.E0));
#2432=AXIS2_PLACEMENT_3D('',#2429,#2430,#2431);
#2434=CURVE_STYLE('',#326,POSITIVE_LENGTH_MEASURE(2.E-2),#75);
#2435=PRESENTATION_STYLE_ASSIGNMENT((#2434));
#2436=STYLED_ITEM('',(#2435),#2433);
#2437=CARTESIAN_POINT('',(-3.599845223091E0,-9.096572194864E0,
6.174362989460E1));
#2438=DIRECTION('',(0.E0,0.E0,1.E0));
#2439=DIRECTION('',(0.E0,1.E0,0.E0));
#2440=AXIS2_PLACEMENT_3D('',#2437,#2438,#2439);
#2442=CURVE_STYLE('',#326,POSITIVE_LENGTH_MEASURE(2.E-2),#75);
#2443=PRESENTATION_STYLE_ASSIGNMENT((#2442));
#2444=STYLED_ITEM('',(#2443),#2441);
#2445=CARTESIAN_POINT('',(-4.799845223091E0,-9.218239488575E0,
6.174362989460E1));
#2446=DIRECTION('',(0.E0,0.E0,-1.E0));
#2447=DIRECTION('',(1.E0,7.105427357601E-14,0.E0));
#2448=AXIS2_PLACEMENT_3D('',#2445,#2446,#2447);
#2450=CURVE_STYLE('',#326,POSITIVE_LENGTH_MEASURE(2.E-2),#75);
#2451=PRESENTATION_STYLE_ASSIGNMENT((#2450));
#2452=STYLED_ITEM('',(#2451),#2449);
#2453=CARTESIAN_POINT('',(-4.999845223091E0,-6.500588848776E0,
6.174362989460E1));
#2454=DIRECTION('',(0.E0,0.E0,-1.E0));
#2455=DIRECTION('',(7.339449541294E-2,-9.973029870822E-1,0.E0));
#2456=AXIS2_PLACEMENT_3D('',#2453,#2454,#2455);
#2458=CURVE_STYLE('',#326,POSITIVE_LENGTH_MEASURE(2.E-2),#75);
#2459=PRESENTATION_STYLE_ASSIGNMENT((#2458));
#2460=STYLED_ITEM('',(#2459),#2457);
#2461=DIRECTION('',(4.009271723051E-8,-9.763629804226E-8,-1.E0));
#2462=VECTOR('',#2461,1.349999304323E0);
#2463=CARTESIAN_POINT('',(-1.114808061634E0,-4.904605502688E0,
6.174362989460E1));
#2464=LINE('',#2463,#2462);
#2465=CURVE_STYLE('',#326,POSITIVE_LENGTH_MEASURE(2.E-2),#75);
#2466=PRESENTATION_STYLE_ASSIGNMENT((#2465));
#2467=STYLED_ITEM('',(#2466),#2464);
#2468=DIRECTION('',(1.030883423217E-8,2.508267105570E-8,1.E0));
#2469=VECTOR('',#2468,1.350000178583E0);
#2470=CARTESIAN_POINT('',(-1.115291887611E0,-8.096572228726E0,
6.039362971602E1));
#2471=LINE('',#2470,#2469);
#2472=CURVE_STYLE('',#326,POSITIVE_LENGTH_MEASURE(2.E-2),#75);
#2473=PRESENTATION_STYLE_ASSIGNMENT((#2472));
#2474=STYLED_ITEM('',(#2473),#2471);
#2475=CARTESIAN_POINT('',(-5.E0,-6.5E0,6.039362989460E1));
#2476=DIRECTION('',(0.E0,2.975532142691E-14,-1.E0));
#2477=DIRECTION('',(9.249305062633E-1,-3.801362368724E-1,-1.184237892934E-14));
#2478=AXIS2_PLACEMENT_3D('',#2475,#2476,#2477);
#2480=CURVE_STYLE('',#326,POSITIVE_LENGTH_MEASURE(2.E-2),#75);
#2481=PRESENTATION_STYLE_ASSIGNMENT((#2480));
#2482=STYLED_ITEM('',(#2481),#2479);
#2483=CARTESIAN_POINT('',(-5.E0,-6.5E0,6.039362989460E1));
#2484=DIRECTION('',(0.E0,2.975532142691E-14,-1.E0));
#2485=DIRECTION('',(-1.E0,0.E0,0.E0));
#2486=AXIS2_PLACEMENT_3D('',#2483,#2484,#2485);
#2488=CURVE_STYLE('',#326,POSITIVE_LENGTH_MEASURE(2.E-2),#75);
#2489=PRESENTATION_STYLE_ASSIGNMENT((#2488));
#2490=STYLED_ITEM('',(#2489),#2487);
#2491=CARTESIAN_POINT('',(-5.E0,-6.5E0,6.039362989460E1));
#2492=DIRECTION('',(0.E0,2.975532142691E-14,-1.E0));
#2493=DIRECTION('',(-9.999163306186E-1,1.293567787978E-2,0.E0));
#2494=AXIS2_PLACEMENT_3D('',#2491,#2492,#2493);
#2496=CURVE_STYLE('',#326,POSITIVE_LENGTH_MEASURE(2.E-2),#75);
#2497=PRESENTATION_STYLE_ASSIGNMENT((#2496));
#2498=STYLED_ITEM('',(#2497),#2495);
#2499=CARTESIAN_POINT('',(9.810898976805E0,-6.500754998102E0,6.564962359516E1));
#2500=CARTESIAN_POINT('',(1.120000008357E1,-6.500780350512E0,6.324362989460E1));
#2501=VERTEX_POINT('',#2499);
#2502=VERTEX_POINT('',#2500);
#2503=CARTESIAN_POINT('',(5.000233348169E0,-1.689689288330E0,6.564962242831E1));
#2504=VERTEX_POINT('',#2503);
#2505=CARTESIAN_POINT('',(5.000330048653E0,-3.005888575535E-1,
6.324362989462E1));
#2506=VERTEX_POINT('',#2505);
#2507=CARTESIAN_POINT('',(4.999821880780E0,-1.131148704176E1,6.564962480160E1));
#2508=CARTESIAN_POINT('',(4.999674148523E0,-1.270058884021E1,6.324362989462E1));
#2509=VERTEX_POINT('',#2507);
#2510=VERTEX_POINT('',#2508);
#2511=CARTESIAN_POINT('',(5.000672215493E-1,-1.131122215335E1,
6.564962466402E1));
#2512=CARTESIAN_POINT('',(5.000774318326E-1,-1.270032388213E1,
6.324362989460E1));
#2513=VERTEX_POINT('',#2511);
#2514=VERTEX_POINT('',#2512);
#2515=CARTESIAN_POINT('',(5.000774318326E-1,-1.177610660101E1,
6.324362989460E1));
#2516=VERTEX_POINT('',#2515);
#2517=CARTESIAN_POINT('',(5.000774318326E-1,-1.077610660101E1,
6.424362989463E1));
#2518=VERTEX_POINT('',#2517);
#2519=CARTESIAN_POINT('',(5.000799573847E-1,-1.077610660112E1,
6.757049659189E1));
#2520=VERTEX_POINT('',#2519);
#2521=CARTESIAN_POINT('',(-4.999225681674E-1,-1.270026499726E1,
6.324362989460E1));
#2522=CARTESIAN_POINT('',(-4.999225681674E-1,-1.177610660101E1,
6.324362989460E1));
#2523=VERTEX_POINT('',#2521);
#2524=VERTEX_POINT('',#2522);
#2525=CARTESIAN_POINT('',(-4.999225681674E-1,-1.077610660101E1,
6.424362989460E1));
#2526=CARTESIAN_POINT('',(-4.999200390542E-1,-1.077610660116E1,
6.756757445746E1));
#2527=VERTEX_POINT('',#2525);
#2528=VERTEX_POINT('',#2526);
#2529=CARTESIAN_POINT('',(-4.999327697994E-1,-1.131116345471E1,
6.564962434151E1));
#2530=VERTEX_POINT('',#2529);
#2531=VERTEX_POINT('',#453);
#2532=CARTESIAN_POINT('',(5.000775906704E-1,-1.077558478126E1,
6.764962448355E1));
#2533=VERTEX_POINT('',#2532);
#2534=CARTESIAN_POINT('',(-5.000200139984E0,-1.131089917111E1,
6.564962310587E1));
#2535=VERTEX_POINT('',#2534);
#2536=CARTESIAN_POINT('',(-5.000159939397E0,-1.077499999701E1,
6.764962448597E1));
#2537=VERTEX_POINT('',#2536);
#2538=CARTESIAN_POINT('',(-5.000329961896E0,-1.269999999122E1,
6.324362989462E1));
#2539=VERTEX_POINT('',#2538);
#2540=CARTESIAN_POINT('',(-5.000357038740E0,-1.269999998972E1,
6.014362989460E1));
#2541=VERTEX_POINT('',#2540);
#2542=CARTESIAN_POINT('',(4.999642537118E0,-1.270058883846E1,6.014362989460E1));
#2543=VERTEX_POINT('',#2542);
#2544=CARTESIAN_POINT('',(-4.999674061767E0,-3.000000085702E-1,
6.324362989462E1));
#2545=CARTESIAN_POINT('',(-4.999642450389E0,-3.000000103157E-1,
6.014362989460E1));
#2546=VERTEX_POINT('',#2544);
#2547=VERTEX_POINT('',#2545);
#2548=CARTESIAN_POINT('',(-1.119999999656E1,-6.499793466370E0,
6.324362989460E1));
#2549=VERTEX_POINT('',#2548);
#2550=CARTESIAN_POINT('',(-1.12E1,-6.5E0,6.014362989460E1));
#2551=VERTEX_POINT('',#2550);
#2552=CARTESIAN_POINT('',(5.000357125512E0,-3.005888590600E-1,
6.014362989460E1));
#2553=VERTEX_POINT('',#2552);
#2554=CARTESIAN_POINT('',(5.000774318326E-1,-3.003238606345E-1,
6.324362989460E1));
#2555=VERTEX_POINT('',#2554);
#2556=CARTESIAN_POINT('',(-4.999225681674E-1,-3.002649757573E-1,
6.324362989460E1));
#2557=VERTEX_POINT('',#2556);
#2558=CARTESIAN_POINT('',(1.120000008676E1,-6.500588848776E0,6.014362989460E1));
#2559=VERTEX_POINT('',#2558);
#2560=CARTESIAN_POINT('',(-8.458192121538E-1,-4.904605533369E0,
6.014362989460E1));
#2561=CARTESIAN_POINT('',(8.460464874612E-1,-4.904605376640E0,
6.014362989460E1));
#2562=VERTEX_POINT('',#2560);
#2563=VERTEX_POINT('',#2561);
#2564=CARTESIAN_POINT('',(9.449627758007E0,-6.558152615341E0,6.014362989460E1));
#2565=VERTEX_POINT('',#2564);
#2566=CARTESIAN_POINT('',(8.460456865494E-1,-8.096572194864E0,
6.014362989460E1));
#2567=VERTEX_POINT('',#2566);
#2568=CARTESIAN_POINT('',(-8.462726899466E-1,-8.096572321074E0,
6.014362989460E1));
#2569=VERTEX_POINT('',#2568);
#2570=CARTESIAN_POINT('',(-9.449627671252E0,-6.442436233435E0,
6.014362989460E1));
#2571=VERTEX_POINT('',#2570);
#2572=CARTESIAN_POINT('',(-3.599845223091E0,-4.904605502688E0,
6.824362989460E1));
#2573=CARTESIAN_POINT('',(3.600000086756E0,-4.904605502688E0,6.824362989460E1));
#2574=VERTEX_POINT('',#2572);
#2575=VERTEX_POINT('',#2573);
#2576=CARTESIAN_POINT('',(3.600000086756E0,-4.904605502688E0,6.174362989460E1));
#2577=VERTEX_POINT('',#2576);
#2578=CARTESIAN_POINT('',(1.115050002262E0,-4.904605502688E0,6.174362989460E1));
#2579=VERTEX_POINT('',#2578);
#2580=CARTESIAN_POINT('',(1.115050016156E0,-4.904605468869E0,6.039362971618E1));
#2581=VERTEX_POINT('',#2580);
#2582=VERTEX_POINT('',#666);
#2583=CARTESIAN_POINT('',(-1.114808061634E0,-4.904605502688E0,
6.174362989460E1));
#2584=VERTEX_POINT('',#2583);
#2585=CARTESIAN_POINT('',(-3.599845223091E0,-4.904605502688E0,
6.174362989460E1));
#2586=VERTEX_POINT('',#2585);
#2587=CARTESIAN_POINT('',(-5.000067554348E0,-1.037647827413E1,
6.824362989460E1));
#2588=CARTESIAN_POINT('',(-8.876478274167E0,-6.499934880068E0,
6.824362989460E1));
#2589=VERTEX_POINT('',#2587);
#2590=VERTEX_POINT('',#2588);
#2591=CARTESIAN_POINT('',(-4.999947244064E0,-2.623521725645E0,
6.824362989460E1));
#2592=VERTEX_POINT('',#2591);
#2593=CARTESIAN_POINT('',(5.000071165561E0,-2.624541764352E0,6.824346565612E1));
#2594=VERTEX_POINT('',#2593);
#2595=CARTESIAN_POINT('',(8.876478360922E0,-6.500653968708E0,6.824362989460E1));
#2596=CARTESIAN_POINT('',(4.999949138267E0,-1.037706712315E1,6.824362989460E1));
#2597=VERTEX_POINT('',#2595);
#2598=VERTEX_POINT('',#2596);
#2599=CARTESIAN_POINT('',(7.443211517033E0,-8.108799937832E0,6.824362989460E1));
#2600=CARTESIAN_POINT('',(8.082930944414E0,-8.209729665525E0,6.824362989460E1));
#2601=VERTEX_POINT('',#2599);
#2602=VERTEX_POINT('',#2600);
#2603=CARTESIAN_POINT('',(8.266398751342E0,-7.825830247159E0,6.824362989460E1));
#2604=VERTEX_POINT('',#2603);
#2605=CARTESIAN_POINT('',(6.953707544217E0,-7.618724442974E0,6.824362989460E1));
#2606=VERTEX_POINT('',#2605);
#2607=CARTESIAN_POINT('',(7.251203307861E0,-6.500588848776E0,6.824362989460E1));
#2608=CARTESIAN_POINT('',(6.953707511740E0,-5.382453197866E0,6.824362989460E1));
#2609=VERTEX_POINT('',#2607);
#2610=VERTEX_POINT('',#2608);
#2611=CARTESIAN_POINT('',(8.266398751244E0,-5.175347450150E0,6.824362989460E1));
#2612=VERTEX_POINT('',#2611);
#2613=CARTESIAN_POINT('',(8.102214727050E0,-4.826704346923E0,6.824362989460E1));
#2614=VERTEX_POINT('',#2613);
#2615=CARTESIAN_POINT('',(7.465731569025E0,-4.927123482984E0,6.824362989460E1));
#2616=VERTEX_POINT('',#2615);
#2617=CARTESIAN_POINT('',(4.785321187673E0,-3.583477611561E0,6.824362989460E1));
#2618=VERTEX_POINT('',#2617);
#2619=CARTESIAN_POINT('',(4.600000086756E0,-3.782938208977E0,6.824362989460E1));
#2620=VERTEX_POINT('',#2619);
#2621=CARTESIAN_POINT('',(4.600000086756E0,-3.904605502688E0,6.824362989460E1));
#2622=VERTEX_POINT('',#2621);
#2623=CARTESIAN_POINT('',(-4.599845223091E0,-3.904605502688E0,
6.824362989460E1));
#2624=VERTEX_POINT('',#2623);
#2625=CARTESIAN_POINT('',(-4.599845223091E0,-3.782938208977E0,
6.824362989460E1));
#2626=VERTEX_POINT('',#2625);
#2627=CARTESIAN_POINT('',(-4.785181689647E0,-3.583476481353E0,
6.824362989460E1));
#2628=VERTEX_POINT('',#2627);
#2629=CARTESIAN_POINT('',(-7.465576705360E0,-4.927123482984E0,
6.824362989460E1));
#2630=VERTEX_POINT('',#2629);
#2631=CARTESIAN_POINT('',(-8.102059863652E0,-4.826704347417E0,
6.824362989460E1));
#2632=VERTEX_POINT('',#2631);
#2633=CARTESIAN_POINT('',(-8.266243887677E0,-5.175347450391E0,
6.824362989460E1));
#2634=VERTEX_POINT('',#2633);
#2635=CARTESIAN_POINT('',(-6.953552680433E0,-5.382453254371E0,
6.824362989460E1));
#2636=VERTEX_POINT('',#2635);
#2637=CARTESIAN_POINT('',(-7.251048444196E0,-6.500588848776E0,
6.824362989460E1));
#2638=VERTEX_POINT('',#2637);
#2639=CARTESIAN_POINT('',(-6.953552648075E0,-7.618724499686E0,
6.824362989460E1));
#2640=VERTEX_POINT('',#2639);
#2641=CARTESIAN_POINT('',(-8.266243886895E0,-7.825830248629E0,
6.824362989460E1));
#2642=VERTEX_POINT('',#2641);
#2643=CARTESIAN_POINT('',(-8.082776079753E0,-8.209729665982E0,
6.824362989460E1));
#2644=VERTEX_POINT('',#2643);
#2645=CARTESIAN_POINT('',(-7.443056653368E0,-8.108799937832E0,
6.824362989460E1));
#2646=VERTEX_POINT('',#2645);
#2647=CARTESIAN_POINT('',(-4.785166324008E0,-9.417700085991E0,
6.824362989460E1));
#2648=VERTEX_POINT('',#2647);
#2649=CARTESIAN_POINT('',(-4.599845223091E0,-9.218239488575E0,
6.824362989460E1));
#2650=VERTEX_POINT('',#2649);
#2651=CARTESIAN_POINT('',(-4.599845223091E0,-9.096572194864E0,
6.824362989460E1));
#2652=VERTEX_POINT('',#2651);
#2653=CARTESIAN_POINT('',(-3.599845223091E0,-8.096572194864E0,
6.824362989460E1));
#2654=VERTEX_POINT('',#2653);
#2655=CARTESIAN_POINT('',(3.600000086756E0,-8.096572194864E0,6.824362989460E1));
#2656=VERTEX_POINT('',#2655);
#2657=CARTESIAN_POINT('',(4.600000086756E0,-9.096572194864E0,6.824362989460E1));
#2658=VERTEX_POINT('',#2657);
#2659=CARTESIAN_POINT('',(4.600000086756E0,-9.218239488575E0,6.824362989460E1));
#2660=VERTEX_POINT('',#2659);
#2661=CARTESIAN_POINT('',(4.785321187673E0,-9.417700085991E0,6.824362989460E1));
#2662=VERTEX_POINT('',#2661);
#2663=CARTESIAN_POINT('',(8.082930947139E0,-8.209729665955E0,6.174362989460E1));
#2664=VERTEX_POINT('',#2663);
#2665=CARTESIAN_POINT('',(7.443211517033E0,-8.108799937832E0,6.174362989460E1));
#2666=VERTEX_POINT('',#2665);
#2667=CARTESIAN_POINT('',(8.525000086756E0,-6.500588848776E0,6.563753594336E1));
#2668=CARTESIAN_POINT('',(8.266398751049E0,-5.175347449669E0,6.563753594336E1));
#2669=VERTEX_POINT('',#2667);
#2670=VERTEX_POINT('',#2668);
#2671=CARTESIAN_POINT('',(8.266398748176E0,-7.825830254963E0,6.563753594336E1));
#2672=VERTEX_POINT('',#2671);
#2673=CARTESIAN_POINT('',(8.525000086756E0,-6.500588848776E0,6.174362989460E1));
#2674=VERTEX_POINT('',#2673);
#2675=CARTESIAN_POINT('',(8.102214727049E0,-4.826704346921E0,6.174362989460E1));
#2676=VERTEX_POINT('',#2675);
#2677=VERTEX_POINT('',#1426);
#2678=CARTESIAN_POINT('',(8.147118685684E0,-6.495914140323E0,6.572891512361E1));
#2679=VERTEX_POINT('',#2678);
#2680=CARTESIAN_POINT('',(7.881776636154E0,-7.765145181111E0,6.572891512361E1));
#2681=VERTEX_POINT('',#2680);
#2682=VERTEX_POINT('',#1416);
#2683=CARTESIAN_POINT('',(6.953707406332E0,-5.382453202646E0,6.619485721452E1));
#2684=VERTEX_POINT('',#2683);
#2685=VERTEX_POINT('',#1582);
#2686=CARTESIAN_POINT('',(6.790507745151E0,-5.408201529710E0,6.174362989460E1));
#2687=VERTEX_POINT('',#2686);
#2688=CARTESIAN_POINT('',(7.655542169358E0,-5.271723433710E0,6.174362989460E1));
#2689=VERTEX_POINT('',#2688);
#2690=CARTESIAN_POINT('',(7.926202500533E0,-6.498415632198E0,6.481520276985E1));
#2691=CARTESIAN_POINT('',(7.655542169359E0,-7.729454263841E0,6.481520276985E1));
#2692=VERTEX_POINT('',#2690);
#2693=VERTEX_POINT('',#2691);
#2694=CARTESIAN_POINT('',(7.655542169359E0,-7.729454263841E0,6.174362989460E1));
#2695=CARTESIAN_POINT('',(7.926203307861E0,-6.500588848776E0,6.174362989460E1));
#2696=VERTEX_POINT('',#2694);
#2697=VERTEX_POINT('',#2695);
#2698=CARTESIAN_POINT('',(6.751203307860E0,-6.500588848776E0,6.174362989460E1));
#2699=VERTEX_POINT('',#2698);
#2700=CARTESIAN_POINT('',(6.790507745151E0,-7.592976167841E0,6.174362989460E1));
#2701=VERTEX_POINT('',#2700);
#2702=VERTEX_POINT('',#1550);
#2703=CARTESIAN_POINT('',(6.783253004460E0,-7.487416999720E0,6.574362175610E1));
#2704=CARTESIAN_POINT('',(6.751208713302E0,-6.500588848776E0,6.574359838341E1));
#2705=VERTEX_POINT('',#2703);
#2706=VERTEX_POINT('',#2704);
#2707=VERTEX_POINT('',#1560);
#2708=VERTEX_POINT('',#1592);
#2709=VERTEX_POINT('',#1597);
#2710=CARTESIAN_POINT('',(-7.443056653368E0,-8.108799937832E0,
6.174362989460E1));
#2711=CARTESIAN_POINT('',(-8.082776079800E0,-8.209729665897E0,
6.174362989460E1));
#2712=VERTEX_POINT('',#2710);
#2713=VERTEX_POINT('',#2711);
#2714=CARTESIAN_POINT('',(-8.524845223091E0,-6.500588848776E0,
6.174362989460E1));
#2715=CARTESIAN_POINT('',(-8.102059863520E0,-4.826704347173E0,
6.174362989460E1));
#2716=VERTEX_POINT('',#2714);
#2717=VERTEX_POINT('',#2715);
#2718=CARTESIAN_POINT('',(-7.465576705360E0,-4.927123482984E0,
6.174362989460E1));
#2719=VERTEX_POINT('',#2718);
#2720=CARTESIAN_POINT('',(-4.785166324008E0,-3.583477611561E0,
6.174362989460E1));
#2721=VERTEX_POINT('',#2720);
#2722=CARTESIAN_POINT('',(-4.599845223091E0,-3.782938208977E0,
6.174362989460E1));
#2723=VERTEX_POINT('',#2722);
#2724=CARTESIAN_POINT('',(-4.599845223091E0,-3.904605502688E0,
6.174362989460E1));
#2725=VERTEX_POINT('',#2724);
#2726=CARTESIAN_POINT('',(-9.2E0,-6.5E0,6.174362989460E1));
#2727=VERTEX_POINT('',#2726);
#2728=CARTESIAN_POINT('',(-8.885191938366E0,-8.095394497312E0,
6.174362989460E1));
#2729=VERTEX_POINT('',#2728);
#2730=CARTESIAN_POINT('',(-1.115291873694E0,-8.096572194864E0,
6.174362989460E1));
#2731=VERTEX_POINT('',#2730);
#2732=CARTESIAN_POINT('',(-3.599845223091E0,-8.096572194864E0,
6.174362989460E1));
#2733=VERTEX_POINT('',#2732);
#2734=CARTESIAN_POINT('',(-4.599845223091E0,-9.096572194864E0,
6.174362989460E1));
#2735=VERTEX_POINT('',#2734);
#2736=CARTESIAN_POINT('',(-4.599845223091E0,-9.218239488575E0,
6.174362989460E1));
#2737=VERTEX_POINT('',#2736);
#2738=CARTESIAN_POINT('',(-4.785166324008E0,-9.417700085991E0,
6.174362989460E1));
#2739=VERTEX_POINT('',#2738);
#2740=CARTESIAN_POINT('',(7.465731569025E0,-4.927123482984E0,6.174362989460E1));
#2741=VERTEX_POINT('',#2740);
#2742=CARTESIAN_POINT('',(4.785321187673E0,-9.417700085991E0,6.174362989460E1));
#2743=VERTEX_POINT('',#2742);
#2744=CARTESIAN_POINT('',(4.600000086756E0,-9.218239488575E0,6.174362989460E1));
#2745=VERTEX_POINT('',#2744);
#2746=CARTESIAN_POINT('',(4.600000086756E0,-9.096572194864E0,6.174362989460E1));
#2747=VERTEX_POINT('',#2746);
#2748=CARTESIAN_POINT('',(3.600000086756E0,-8.096572194864E0,6.174362989460E1));
#2749=VERTEX_POINT('',#2748);
#2750=CARTESIAN_POINT('',(1.115050002262E0,-8.096572194864E0,6.174362989460E1));
#2751=VERTEX_POINT('',#2750);
#2752=CARTESIAN_POINT('',(9.200000086756E0,-6.500588848776E0,6.174362989460E1));
#2753=VERTEX_POINT('',#2752);
#2754=CARTESIAN_POINT('',(8.884950171250E0,-4.904605502688E0,6.174362989460E1));
#2755=VERTEX_POINT('',#2754);
#2756=CARTESIAN_POINT('',(4.600000086756E0,-3.904605502688E0,6.174362989460E1));
#2757=VERTEX_POINT('',#2756);
#2758=CARTESIAN_POINT('',(4.600000086756E0,-3.782938208977E0,6.174362989460E1));
#2759=VERTEX_POINT('',#2758);
#2760=CARTESIAN_POINT('',(4.785336553312E0,-3.583476481353E0,6.174362989460E1));
#2761=VERTEX_POINT('',#2760);
#2762=CARTESIAN_POINT('',(-8.524845223091E0,-6.500588848776E0,
6.563753747306E1));
#2763=CARTESIAN_POINT('',(-8.266243885857E0,-7.825830251647E0,
6.563753747306E1));
#2764=VERTEX_POINT('',#2762);
#2765=VERTEX_POINT('',#2763);
#2766=CARTESIAN_POINT('',(-8.266243886280E0,-5.175347446948E0,
6.563753747306E1));
#2767=VERTEX_POINT('',#2766);
#2768=VERTEX_POINT('',#2045);
#2769=CARTESIAN_POINT('',(-8.146965346896E0,-6.505263559494E0,
6.572891809268E1));
#2770=VERTEX_POINT('',#2769);
#2771=CARTESIAN_POINT('',(-7.881623312095E0,-5.236032230020E0,
6.572891809268E1));
#2772=VERTEX_POINT('',#2771);
#2773=VERTEX_POINT('',#2035);
#2774=CARTESIAN_POINT('',(-6.953552628852E0,-7.618724534026E0,
6.619485723128E1));
#2775=VERTEX_POINT('',#2774);
#2776=VERTEX_POINT('',#2201);
#2777=CARTESIAN_POINT('',(-6.790352881490E0,-7.592976167841E0,
6.174362989460E1));
#2778=VERTEX_POINT('',#2777);
#2779=CARTESIAN_POINT('',(-7.655387305694E0,-7.729454263842E0,
6.174362989460E1));
#2780=VERTEX_POINT('',#2779);
#2781=CARTESIAN_POINT('',(-7.926047636868E0,-6.502762065353E0,
6.481520276985E1));
#2782=CARTESIAN_POINT('',(-7.655387305693E0,-5.271723433710E0,
6.481520276985E1));
#2783=VERTEX_POINT('',#2781);
#2784=VERTEX_POINT('',#2782);
#2785=CARTESIAN_POINT('',(-7.926048444196E0,-6.500588848776E0,
6.174362989460E1));
#2786=VERTEX_POINT('',#2785);
#2787=CARTESIAN_POINT('',(-7.655387305693E0,-5.271723433710E0,
6.174362989460E1));
#2788=VERTEX_POINT('',#2787);
#2789=CARTESIAN_POINT('',(-6.751048444200E0,-6.500588848776E0,
6.174362989460E1));
#2790=VERTEX_POINT('',#2789);
#2791=CARTESIAN_POINT('',(-6.790352881491E0,-5.408201529709E0,
6.174362989460E1));
#2792=VERTEX_POINT('',#2791);
#2793=VERTEX_POINT('',#2169);
#2794=CARTESIAN_POINT('',(-6.783098075901E0,-5.513760688566E0,
6.574362180658E1));
#2795=CARTESIAN_POINT('',(-6.751053848768E0,-6.500588848776E0,
6.574359836938E1));
#2796=VERTEX_POINT('',#2794);
#2797=VERTEX_POINT('',#2795);
#2798=VERTEX_POINT('',#2179);
#2799=VERTEX_POINT('',#2211);
#2800=VERTEX_POINT('',#2216);
#2801=VERTEX_POINT('',#1889);
#2802=CARTESIAN_POINT('',(-1.115291887611E0,-8.096572228726E0,
6.039362971602E1));
#2803=VERTEX_POINT('',#2802);
#2804=CARTESIAN_POINT('',(9.200000086755E0,-6.500588848776E0,6.039362989460E1));
#2805=VERTEX_POINT('',#2804);
#2806=CARTESIAN_POINT('',(9.199648675353E0,-6.554918695871E0,6.039362989460E1));
#2807=VERTEX_POINT('',#2806);
#2808=CARTESIAN_POINT('',(-9.199648588598E0,-6.445670152905E0,
6.039362989460E1));
#2809=VERTEX_POINT('',#2808);
#2810=CARTESIAN_POINT('',(-9.2E0,-6.5E0,6.039362989460E1));
#2811=VERTEX_POINT('',#2810);
#2812=CARTESIAN_POINT('',(-5.000095506181E0,-1.077526294620E1,
6.784399121001E1));
#2813=VERTEX_POINT('',#2812);
#2814=CARTESIAN_POINT('',(-9.276048190898E0,-6.499894270441E0,
6.784421235093E1));
#2815=VERTEX_POINT('',#2814);
#2816=CARTESIAN_POINT('',(-4.999902279851E0,-2.224184878151E0,
6.784444533129E1));
#2817=VERTEX_POINT('',#2816);
#2818=CARTESIAN_POINT('',(4.999918871283E0,-1.077580535834E1,6.784406310515E1));
#2819=VERTEX_POINT('',#2818);
#2820=CARTESIAN_POINT('',(4.999882854497E0,-1.077558884439E1,6.764962447815E1));
#2821=VERTEX_POINT('',#2820);
#2822=CARTESIAN_POINT('',(9.275815208415E0,-6.500694572572E0,6.784444533129E1));
#2823=VERTEX_POINT('',#2822);
#2824=CARTESIAN_POINT('',(9.275000085006E0,-6.500710178218E0,6.764962447425E1));
#2825=VERTEX_POINT('',#2824);
#2826=CARTESIAN_POINT('',(5.000095592937E0,-2.225325902577E0,6.784399121001E1));
#2827=VERTEX_POINT('',#2826);
#2828=CARTESIAN_POINT('',(-4.999228617778E-1,-2.225200356501E0,
6.764962447749E1));
#2829=CARTESIAN_POINT('',(5.000771334094E-1,-2.225239613087E0,
6.764962447745E1));
#2830=VERTEX_POINT('',#2828);
#2831=VERTEX_POINT('',#2829);
#2832=CARTESIAN_POINT('',(5.000143119795E0,-2.225588854284E0,6.764962447529E1));
#2833=VERTEX_POINT('',#2832);
#2834=CARTESIAN_POINT('',(-4.999882767739E0,-2.225000004322E0,
6.764962447524E1));
#2835=VERTEX_POINT('',#2834);
#2836=CARTESIAN_POINT('',(5.000774318326E-1,-2.225071096544E0,
6.424362989460E1));
#2837=CARTESIAN_POINT('',(-4.999225681674E-1,-2.225071096544E0,
6.424362989460E1));
#2838=VERTEX_POINT('',#2836);
#2839=VERTEX_POINT('',#2837);
#2840=CARTESIAN_POINT('',(5.000748521146E-1,-2.225071096398E0,
6.760465633541E1));
#2841=VERTEX_POINT('',#2840);
#2842=VERTEX_POINT('',#1088);
#2843=CARTESIAN_POINT('',(5.000774318326E-1,-1.225071096544E0,
6.324362989460E1));
#2844=VERTEX_POINT('',#2843);
#2845=CARTESIAN_POINT('',(-4.999225681674E-1,-1.225071096544E0,
6.324362989460E1));
#2846=VERTEX_POINT('',#2845);
#2847=CARTESIAN_POINT('',(5.000877420015E-1,-1.689425401398E0,
6.564962433837E1));
#2848=VERTEX_POINT('',#2847);
#2849=CARTESIAN_POINT('',(-4.999011213384E-1,-1.689366597702E0,
6.564962447850E1));
#2850=VERTEX_POINT('',#2849);
#2851=CARTESIAN_POINT('',(-4.999853897708E0,-1.689101784506E0,
6.564962476378E1));
#2852=VERTEX_POINT('',#2851);
#2853=CARTESIAN_POINT('',(-9.810899562149E0,-6.499845876511E0,
6.564962243088E1));
#2854=CARTESIAN_POINT('',(-9.274999997806E0,-6.499863044758E0,
6.764962447425E1));
#2855=VERTEX_POINT('',#2853);
#2856=VERTEX_POINT('',#2854);
#2857=CARTESIAN_POINT('',(5.000000086756E0,-6.500588848778E0,6.444662616168E1));
#2858=DIRECTION('',(0.E0,0.E0,-1.E0));
#2859=DIRECTION('',(-7.436262585657E-5,-9.999999972351E-1,0.E0));
#2860=AXIS2_PLACEMENT_3D('',#2857,#2858,#2859);
#2861=CONICAL_SURFACE('',#2860,5.505449783437E0,2.999999992631E1);
#2863=ORIENTED_EDGE('',*,*,#2862,.F.);
#2865=ORIENTED_EDGE('',*,*,#2864,.F.);
#2867=ORIENTED_EDGE('',*,*,#2866,.T.);
#2869=ORIENTED_EDGE('',*,*,#2868,.T.);
#2870=EDGE_LOOP('',(#2863,#2865,#2867,#2869));
#2871=FACE_OUTER_BOUND('',#2870,.F.);
#2872=ADVANCED_FACE('',(#2871),#2861,.T.);
#2873=CARTESIAN_POINT('',(5.000000086756E0,-6.500588848778E0,6.444662732830E1));
#2874=DIRECTION('',(2.006717309385E-14,0.E0,-1.E0));
#2875=DIRECTION('',(-9.999999972351E-1,7.436262594106E-5,-2.006717303837E-14));
#2876=AXIS2_PLACEMENT_3D('',#2873,#2874,#2875);
#2877=CONICAL_SURFACE('',#2876,5.505449109881E0,2.999999992631E1);
#2879=ORIENTED_EDGE('',*,*,#2878,.F.);
#2881=ORIENTED_EDGE('',*,*,#2880,.F.);
#2882=ORIENTED_EDGE('',*,*,#2862,.T.);
#2884=ORIENTED_EDGE('',*,*,#2883,.T.);
#2885=EDGE_LOOP('',(#2879,#2881,#2882,#2884));
#2886=FACE_OUTER_BOUND('',#2885,.F.);
#2887=ADVANCED_FACE('',(#2886),#2877,.T.);
#2888=CARTESIAN_POINT('',(4.999635000518E0,-1.270058883803E1,6.324362989460E1));
#2889=DIRECTION('',(-5.099579973827E-5,-8.660254026584E-1,4.999999993499E-1));
#2890=DIRECTION('',(9.999999986997E-1,-4.416365805964E-5,2.549789986913E-5));
#2891=AXIS2_PLACEMENT_3D('',#2888,#2889,#2890);
#2892=PLANE('',#2891);
#2894=ORIENTED_EDGE('',*,*,#2893,.F.);
#2896=ORIENTED_EDGE('',*,*,#2895,.F.);
#2897=ORIENTED_EDGE('',*,*,#2878,.T.);
#2899=ORIENTED_EDGE('',*,*,#2898,.T.);
#2900=EDGE_LOOP('',(#2894,#2896,#2897,#2899));
#2901=FACE_OUTER_BOUND('',#2900,.F.);
#2902=ADVANCED_FACE('',(#2901),#2892,.T.);
#2903=CARTESIAN_POINT('',(5.000774318326E-1,-1.818830558271E1,
6.784362989460E1));
#2904=DIRECTION('',(-1.E0,0.E0,0.E0));
#2905=DIRECTION('',(0.E0,1.E0,0.E0));
#2906=AXIS2_PLACEMENT_3D('',#2903,#2904,#2905);
#2907=PLANE('',#2906);
#2909=ORIENTED_EDGE('',*,*,#2908,.F.);
#2911=ORIENTED_EDGE('',*,*,#2910,.T.);
#2913=ORIENTED_EDGE('',*,*,#2912,.T.);
#2915=ORIENTED_EDGE('',*,*,#2914,.T.);
#2916=ORIENTED_EDGE('',*,*,#2893,.T.);
#2917=EDGE_LOOP('',(#2909,#2911,#2913,#2915,#2916));
#2918=FACE_OUTER_BOUND('',#2917,.F.);
#2919=ADVANCED_FACE('',(#2918),#2907,.T.);
#2920=CARTESIAN_POINT('',(-4.999225681674E-1,-1.818830558271E1,
6.324362989460E1));
#2921=DIRECTION('',(0.E0,0.E0,1.E0));
#2922=DIRECTION('',(1.E0,0.E0,0.E0));
#2923=AXIS2_PLACEMENT_3D('',#2920,#2921,#2922);
#2924=PLANE('',#2923);
#2926=ORIENTED_EDGE('',*,*,#2925,.T.);
#2928=ORIENTED_EDGE('',*,*,#2927,.F.);
#2929=ORIENTED_EDGE('',*,*,#2908,.T.);
#2931=ORIENTED_EDGE('',*,*,#2930,.T.);
#2932=EDGE_LOOP('',(#2926,#2928,#2929,#2931));
#2933=FACE_OUTER_BOUND('',#2932,.F.);
#2934=ADVANCED_FACE('',(#2933),#2924,.T.);
#2935=CARTESIAN_POINT('',(-4.999225681674E-1,-1.077610660101E1,
6.784362989460E1));
#2936=DIRECTION('',(1.E0,0.E0,0.E0));
#2937=DIRECTION('',(0.E0,1.E0,0.E0));
#2938=AXIS2_PLACEMENT_3D('',#2935,#2936,#2937);
#2939=PLANE('',#2938);
#2941=ORIENTED_EDGE('',*,*,#2940,.F.);
#2943=ORIENTED_EDGE('',*,*,#2942,.T.);
#2944=ORIENTED_EDGE('',*,*,#2925,.F.);
#2946=ORIENTED_EDGE('',*,*,#2945,.T.);
#2948=ORIENTED_EDGE('',*,*,#2947,.T.);
#2949=EDGE_LOOP('',(#2941,#2943,#2944,#2946,#2948));
#2950=FACE_OUTER_BOUND('',#2949,.F.);
#2951=ADVANCED_FACE('',(#2950),#2939,.T.);
#2952=CARTESIAN_POINT('',(5.000774318326E-1,-1.077610660101E1,
6.784362989460E1));
#2953=DIRECTION('',(0.E0,-1.E0,0.E0));
#2954=DIRECTION('',(1.E0,0.E0,0.E0));
#2955=AXIS2_PLACEMENT_3D('',#2952,#2953,#2954);
#2956=PLANE('',#2955);
#2958=ORIENTED_EDGE('',*,*,#2957,.F.);
#2959=ORIENTED_EDGE('',*,*,#2940,.T.);
#2961=ORIENTED_EDGE('',*,*,#2960,.T.);
#2963=ORIENTED_EDGE('',*,*,#2962,.F.);
#2965=ORIENTED_EDGE('',*,*,#2964,.T.);
#2966=ORIENTED_EDGE('',*,*,#2912,.F.);
#2967=EDGE_LOOP('',(#2958,#2959,#2961,#2963,#2965,#2966));
#2968=FACE_OUTER_BOUND('',#2967,.F.);
#2969=ADVANCED_FACE('',(#2968),#2956,.T.);
#2970=CARTESIAN_POINT('',(7.743183263539E-5,-1.177610660101E1,
6.424362989460E1));
#2971=DIRECTION('',(-1.E0,0.E0,0.E0));
#2972=DIRECTION('',(0.E0,1.E0,0.E0));
#2973=AXIS2_PLACEMENT_3D('',#2970,#2971,#2972);
#2974=CYLINDRICAL_SURFACE('',#2973,1.E0);
#2975=ORIENTED_EDGE('',*,*,#2942,.F.);
#2976=ORIENTED_EDGE('',*,*,#2957,.T.);
#2977=ORIENTED_EDGE('',*,*,#2910,.F.);
#2978=ORIENTED_EDGE('',*,*,#2927,.T.);
#2979=EDGE_LOOP('',(#2975,#2976,#2977,#2978));
#2980=FACE_OUTER_BOUND('',#2979,.F.);
#2981=ADVANCED_FACE('',(#2980),#2974,.F.);
#2982=CARTESIAN_POINT('',(-4.022608875821E-4,-1.477529440763E1,
6.764962448590E1));
#2983=DIRECTION('',(9.999999982663E-1,-5.888482534497E-5,-1.318326856327E-11));
#2984=DIRECTION('',(5.888482534497E-5,9.999999982663E-1,0.E0));
#2985=AXIS2_PLACEMENT_3D('',#2982,#2983,#2984);
#2986=CYLINDRICAL_SURFACE('',#2985,3.999999999996E0);
#2987=ORIENTED_EDGE('',*,*,#2960,.F.);
#2988=ORIENTED_EDGE('',*,*,#2947,.F.);
#2990=ORIENTED_EDGE('',*,*,#2989,.T.);
#2992=ORIENTED_EDGE('',*,*,#2991,.F.);
#2994=ORIENTED_EDGE('',*,*,#2993,.F.);
#2995=EDGE_LOOP('',(#2987,#2988,#2990,#2992,#2994));
#2996=FACE_OUTER_BOUND('',#2995,.F.);
#2997=ADVANCED_FACE('',(#2996),#2986,.F.);
#2998=CARTESIAN_POINT('',(4.999635000518E0,-1.270058883803E1,6.324362989460E1));
#2999=DIRECTION('',(-5.099579973827E-5,-8.660254026584E-1,4.999999993499E-1));
#3000=DIRECTION('',(9.999999986997E-1,-4.416365805964E-5,2.549789986913E-5));
#3001=AXIS2_PLACEMENT_3D('',#2998,#2999,#3000);
#3002=PLANE('',#3001);
#3003=ORIENTED_EDGE('',*,*,#2945,.F.);
#3005=ORIENTED_EDGE('',*,*,#3004,.T.);
#3007=ORIENTED_EDGE('',*,*,#3006,.F.);
#3008=ORIENTED_EDGE('',*,*,#2989,.F.);
#3009=EDGE_LOOP('',(#3003,#3005,#3007,#3008));
#3010=FACE_OUTER_BOUND('',#3009,.F.);
#3011=ADVANCED_FACE('',(#3010),#3002,.T.);
#3012=CARTESIAN_POINT('',(-6.060368627798E0,-1.269993757107E1,
5.977362989460E1));
#3013=DIRECTION('',(-5.888487702554E-5,-9.999999982663E-1,0.E0));
#3014=DIRECTION('',(9.999999982663E-1,-5.888487702554E-5,0.E0));
#3015=AXIS2_PLACEMENT_3D('',#3012,#3013,#3014);
#3016=PLANE('',#3015);
#3018=ORIENTED_EDGE('',*,*,#3017,.T.);
#3019=ORIENTED_EDGE('',*,*,#3004,.F.);
#3020=ORIENTED_EDGE('',*,*,#2930,.F.);
#3021=ORIENTED_EDGE('',*,*,#2898,.F.);
#3023=ORIENTED_EDGE('',*,*,#3022,.T.);
#3025=ORIENTED_EDGE('',*,*,#3024,.T.);
#3026=EDGE_LOOP('',(#3018,#3019,#3020,#3021,#3023,#3025));
#3027=FACE_OUTER_BOUND('',#3026,.F.);
#3028=ADVANCED_FACE('',(#3027),#3016,.T.);
#3029=CARTESIAN_POINT('',(-5.E0,-6.5E0,6.169362989460E1));
#3030=DIRECTION('',(0.E0,0.E0,1.E0));
#3031=DIRECTION('',(1.E0,0.E0,0.E0));
#3032=AXIS2_PLACEMENT_3D('',#3029,#3030,#3031);
#3033=CYLINDRICAL_SURFACE('',#3032,6.2E0);
#3035=ORIENTED_EDGE('',*,*,#3034,.F.);
#3037=ORIENTED_EDGE('',*,*,#3036,.F.);
#3039=ORIENTED_EDGE('',*,*,#3038,.F.);
#3040=ORIENTED_EDGE('',*,*,#3017,.F.);
#3042=ORIENTED_EDGE('',*,*,#3041,.F.);
#3044=ORIENTED_EDGE('',*,*,#3043,.F.);
#3045=EDGE_LOOP('',(#3035,#3037,#3039,#3040,#3042,#3044));
#3046=FACE_OUTER_BOUND('',#3045,.F.);
#3047=ADVANCED_FACE('',(#3046),#3033,.T.);
#3048=CARTESIAN_POINT('',(6.060368714553E0,-3.006512777037E-1,
5.977362989460E1));
#3049=DIRECTION('',(5.888487702538E-5,9.999999982663E-1,0.E0));
#3050=DIRECTION('',(9.999999982663E-1,-5.888487702538E-5,0.E0));
#3051=AXIS2_PLACEMENT_3D('',#3048,#3049,#3050);
#3052=PLANE('',#3051);
#3054=ORIENTED_EDGE('',*,*,#3053,.T.);
#3056=ORIENTED_EDGE('',*,*,#3055,.T.);
#3058=ORIENTED_EDGE('',*,*,#3057,.T.);
#3060=ORIENTED_EDGE('',*,*,#3059,.T.);
#3061=ORIENTED_EDGE('',*,*,#3034,.T.);
#3063=ORIENTED_EDGE('',*,*,#3062,.T.);
#3064=EDGE_LOOP('',(#3054,#3056,#3058,#3060,#3061,#3063));
#3065=FACE_OUTER_BOUND('',#3064,.F.);
#3066=ADVANCED_FACE('',(#3065),#3052,.T.);
#3067=CARTESIAN_POINT('',(5.000000086756E0,-6.500588848776E0,6.169362989460E1));
#3068=DIRECTION('',(0.E0,0.E0,1.E0));
#3069=DIRECTION('',(1.E0,0.E0,0.E0));
#3070=AXIS2_PLACEMENT_3D('',#3067,#3068,#3069);
#3071=CYLINDRICAL_SURFACE('',#3070,6.2E0);
#3072=ORIENTED_EDGE('',*,*,#3022,.F.);
#3073=ORIENTED_EDGE('',*,*,#2883,.F.);
#3074=ORIENTED_EDGE('',*,*,#2868,.F.);
#3075=ORIENTED_EDGE('',*,*,#3053,.F.);
#3077=ORIENTED_EDGE('',*,*,#3076,.F.);
#3079=ORIENTED_EDGE('',*,*,#3078,.F.);
#3080=EDGE_LOOP('',(#3072,#3073,#3074,#3075,#3077,#3079));
#3081=FACE_OUTER_BOUND('',#3080,.F.);
#3082=ADVANCED_FACE('',(#3081),#3071,.T.);
#3083=CARTESIAN_POINT('',(-1.369447750553E1,-1.399857558296E1,
6.014362989460E1));
#3084=DIRECTION('',(0.E0,0.E0,-1.E0));
#3085=DIRECTION('',(1.E0,0.E0,0.E0));
#3086=AXIS2_PLACEMENT_3D('',#3083,#3084,#3085);
#3087=PLANE('',#3086);
#3088=ORIENTED_EDGE('',*,*,#3062,.F.);
#3089=ORIENTED_EDGE('',*,*,#3043,.T.);
#3090=ORIENTED_EDGE('',*,*,#3041,.T.);
#3091=ORIENTED_EDGE('',*,*,#3024,.F.);
#3092=ORIENTED_EDGE('',*,*,#3078,.T.);
#3093=ORIENTED_EDGE('',*,*,#3076,.T.);
#3094=EDGE_LOOP('',(#3088,#3089,#3090,#3091,#3092,#3093));
#3095=FACE_OUTER_BOUND('',#3094,.F.);
#3097=ORIENTED_EDGE('',*,*,#3096,.T.);
#3099=ORIENTED_EDGE('',*,*,#3098,.T.);
#3101=ORIENTED_EDGE('',*,*,#3100,.T.);
#3103=ORIENTED_EDGE('',*,*,#3102,.T.);
#3105=ORIENTED_EDGE('',*,*,#3104,.T.);
#3107=ORIENTED_EDGE('',*,*,#3106,.T.);
#3108=EDGE_LOOP('',(#3097,#3099,#3101,#3103,#3105,#3107));
#3109=FACE_BOUND('',#3108,.F.);
#3110=ADVANCED_FACE('',(#3095,#3109),#3087,.T.);
#3111=CARTESIAN_POINT('',(3.599845223091E0,-4.904605502688E0,6.824362989460E1));
#3112=DIRECTION('',(0.E0,1.E0,0.E0));
#3113=DIRECTION('',(-1.E0,0.E0,0.E0));
#3114=AXIS2_PLACEMENT_3D('',#3111,#3112,#3113);
#3115=PLANE('',#3114);
#3117=ORIENTED_EDGE('',*,*,#3116,.T.);
#3119=ORIENTED_EDGE('',*,*,#3118,.F.);
#3121=ORIENTED_EDGE('',*,*,#3120,.T.);
#3123=ORIENTED_EDGE('',*,*,#3122,.F.);
#3125=ORIENTED_EDGE('',*,*,#3124,.T.);
#3126=ORIENTED_EDGE('',*,*,#3096,.F.);
#3128=ORIENTED_EDGE('',*,*,#3127,.T.);
#3130=ORIENTED_EDGE('',*,*,#3129,.F.);
#3132=ORIENTED_EDGE('',*,*,#3131,.F.);
#3134=ORIENTED_EDGE('',*,*,#3133,.F.);
#3135=EDGE_LOOP('',(#3117,#3119,#3121,#3123,#3125,#3126,#3128,#3130,#3132,
#3134));
#3136=FACE_OUTER_BOUND('',#3135,.F.);
#3137=ADVANCED_FACE('',(#3136),#3115,.F.);
#3138=CARTESIAN_POINT('',(-1.013E1,-1.163058884878E1,6.824362989460E1));
#3139=DIRECTION('',(0.E0,0.E0,1.E0));
#3140=DIRECTION('',(1.E0,0.E0,0.E0));
#3141=AXIS2_PLACEMENT_3D('',#3138,#3139,#3140);
#3142=PLANE('',#3141);
#3144=ORIENTED_EDGE('',*,*,#3143,.T.);
#3146=ORIENTED_EDGE('',*,*,#3145,.T.);
#3148=ORIENTED_EDGE('',*,*,#3147,.T.);
#3150=ORIENTED_EDGE('',*,*,#3149,.T.);
#3152=ORIENTED_EDGE('',*,*,#3151,.T.);
#3154=ORIENTED_EDGE('',*,*,#3153,.T.);
#3155=EDGE_LOOP('',(#3144,#3146,#3148,#3150,#3152,#3154));
#3156=FACE_OUTER_BOUND('',#3155,.F.);
#3158=ORIENTED_EDGE('',*,*,#3157,.T.);
#3160=ORIENTED_EDGE('',*,*,#3159,.T.);
#3162=ORIENTED_EDGE('',*,*,#3161,.T.);
#3164=ORIENTED_EDGE('',*,*,#3163,.T.);
#3166=ORIENTED_EDGE('',*,*,#3165,.T.);
#3168=ORIENTED_EDGE('',*,*,#3167,.T.);
#3170=ORIENTED_EDGE('',*,*,#3169,.T.);
#3172=ORIENTED_EDGE('',*,*,#3171,.T.);
#3174=ORIENTED_EDGE('',*,*,#3173,.T.);
#3176=ORIENTED_EDGE('',*,*,#3175,.T.);
#3178=ORIENTED_EDGE('',*,*,#3177,.F.);
#3180=ORIENTED_EDGE('',*,*,#3179,.T.);
#3181=ORIENTED_EDGE('',*,*,#3116,.F.);
#3183=ORIENTED_EDGE('',*,*,#3182,.T.);
#3185=ORIENTED_EDGE('',*,*,#3184,.F.);
#3187=ORIENTED_EDGE('',*,*,#3186,.T.);
#3189=ORIENTED_EDGE('',*,*,#3188,.T.);
#3191=ORIENTED_EDGE('',*,*,#3190,.T.);
#3193=ORIENTED_EDGE('',*,*,#3192,.T.);
#3195=ORIENTED_EDGE('',*,*,#3194,.T.);
#3197=ORIENTED_EDGE('',*,*,#3196,.T.);
#3199=ORIENTED_EDGE('',*,*,#3198,.T.);
#3201=ORIENTED_EDGE('',*,*,#3200,.T.);
#3203=ORIENTED_EDGE('',*,*,#3202,.T.);
#3205=ORIENTED_EDGE('',*,*,#3204,.T.);
#3207=ORIENTED_EDGE('',*,*,#3206,.T.);
#3209=ORIENTED_EDGE('',*,*,#3208,.T.);
#3211=ORIENTED_EDGE('',*,*,#3210,.F.);
#3213=ORIENTED_EDGE('',*,*,#3212,.T.);
#3215=ORIENTED_EDGE('',*,*,#3214,.T.);
#3217=ORIENTED_EDGE('',*,*,#3216,.T.);
#3219=ORIENTED_EDGE('',*,*,#3218,.F.);
#3221=ORIENTED_EDGE('',*,*,#3220,.T.);
#3223=ORIENTED_EDGE('',*,*,#3222,.T.);
#3224=EDGE_LOOP('',(#3158,#3160,#3162,#3164,#3166,#3168,#3170,#3172,#3174,#3176,
#3178,#3180,#3181,#3183,#3185,#3187,#3189,#3191,#3193,#3195,#3197,#3199,#3201,
#3203,#3205,#3207,#3209,#3211,#3213,#3215,#3217,#3219,#3221,#3223));
#3225=FACE_BOUND('',#3224,.F.);
#3226=ADVANCED_FACE('',(#3156,#3225),#3142,.T.);
#3227=CARTESIAN_POINT('',(-5.E0,-6.5E0,6.804391551398E1));
#3228=DIRECTION('',(-1.643130076445E-13,-1.443289932012E-13,-1.E0));
#3229=DIRECTION('',(9.999999998589E-1,-1.679873506116E-5,-1.643105830768E-13));
#3230=AXIS2_PLACEMENT_3D('',#3227,#3228,#3229);
#3231=CONICAL_SURFACE('',#3230,4.076268844386E0,4.501092680075E1);
#3232=ORIENTED_EDGE('',*,*,#3145,.F.);
#3233=ORIENTED_EDGE('',*,*,#3143,.F.);
#3235=ORIENTED_EDGE('',*,*,#3234,.T.);
#3237=ORIENTED_EDGE('',*,*,#3236,.T.);
#3239=ORIENTED_EDGE('',*,*,#3238,.T.);
#3241=ORIENTED_EDGE('',*,*,#3240,.F.);
#3242=EDGE_LOOP('',(#3232,#3233,#3235,#3237,#3239,#3241));
#3243=FACE_OUTER_BOUND('',#3242,.F.);
#3244=ADVANCED_FACE('',(#3243),#3231,.T.);
#3245=CARTESIAN_POINT('',(-5.000082079792E0,-1.077499999517E1,
6.784362989460E1));
#3246=DIRECTION('',(-4.163789584114E-5,-7.071067799606E-1,7.071067811866E-1));
#3247=DIRECTION('',(9.999999991331E-1,-2.944243847808E-5,2.944243852913E-5));
#3248=AXIS2_PLACEMENT_3D('',#3245,#3246,#3247);
#3249=PLANE('',#3248);
#3251=ORIENTED_EDGE('',*,*,#3250,.T.);
#3252=ORIENTED_EDGE('',*,*,#3234,.F.);
#3253=ORIENTED_EDGE('',*,*,#3153,.F.);
#3255=ORIENTED_EDGE('',*,*,#3254,.F.);
#3256=EDGE_LOOP('',(#3251,#3252,#3253,#3255));
#3257=FACE_OUTER_BOUND('',#3256,.F.);
#3258=ADVANCED_FACE('',(#3257),#3249,.T.);
#3259=CARTESIAN_POINT('',(5.000000086756E0,-1.077558884878E1,6.824362989460E1));
#3260=DIRECTION('',(-5.888487700684E-5,-9.999999982663E-1,0.E0));
#3261=DIRECTION('',(9.999999982663E-1,-5.888487700684E-5,0.E0));
#3262=AXIS2_PLACEMENT_3D('',#3259,#3260,#3261);
#3263=PLANE('',#3262);
#3264=ORIENTED_EDGE('',*,*,#3250,.F.);
#3266=ORIENTED_EDGE('',*,*,#3265,.F.);
#3268=ORIENTED_EDGE('',*,*,#3267,.T.);
#3269=ORIENTED_EDGE('',*,*,#2962,.T.);
#3270=ORIENTED_EDGE('',*,*,#2993,.T.);
#3272=ORIENTED_EDGE('',*,*,#3271,.T.);
#3273=EDGE_LOOP('',(#3264,#3266,#3268,#3269,#3270,#3272));
#3274=FACE_OUTER_BOUND('',#3273,.F.);
#3275=ADVANCED_FACE('',(#3274),#3263,.T.);
#3276=CARTESIAN_POINT('',(5.000000086756E0,-6.500588848776E0,6.574362989460E1));
#3277=DIRECTION('',(0.E0,0.E0,1.E0));
#3278=DIRECTION('',(1.E0,0.E0,0.E0));
#3279=AXIS2_PLACEMENT_3D('',#3276,#3277,#3278);
#3280=CYLINDRICAL_SURFACE('',#3279,4.275E0);
#3281=ORIENTED_EDGE('',*,*,#3265,.T.);
#3283=ORIENTED_EDGE('',*,*,#3282,.F.);
#3285=ORIENTED_EDGE('',*,*,#3284,.F.);
#3287=ORIENTED_EDGE('',*,*,#3286,.F.);
#3288=EDGE_LOOP('',(#3281,#3283,#3285,#3287));
#3289=FACE_OUTER_BOUND('',#3288,.F.);
#3290=ADVANCED_FACE('',(#3289),#3280,.T.);
#3291=CARTESIAN_POINT('',(5.000000086756E0,-6.500588848776E0,6.804391551398E1));
#3292=DIRECTION('',(1.332267629550E-14,2.664535259100E-14,-1.E0));
#3293=DIRECTION('',(-9.999999998589E-1,1.679873510060E-5,-1.332222868540E-14));
#3294=AXIS2_PLACEMENT_3D('',#3291,#3292,#3293);
#3295=CONICAL_SURFACE('',#3294,4.076268844385E0,4.501092680076E1);
#3296=ORIENTED_EDGE('',*,*,#3151,.F.);
#3297=ORIENTED_EDGE('',*,*,#3149,.F.);
#3299=ORIENTED_EDGE('',*,*,#3298,.T.);
#3301=ORIENTED_EDGE('',*,*,#3300,.T.);
#3302=ORIENTED_EDGE('',*,*,#3282,.T.);
#3303=ORIENTED_EDGE('',*,*,#3254,.T.);
#3304=EDGE_LOOP('',(#3296,#3297,#3299,#3301,#3302,#3303));
#3305=FACE_OUTER_BOUND('',#3304,.F.);
#3306=ADVANCED_FACE('',(#3305),#3295,.T.);
#3307=CARTESIAN_POINT('',(5.000082166548E0,-2.225588853609E0,6.784362989460E1));
#3308=DIRECTION('',(4.163789581316E-5,7.071067799606E-1,7.071067811866E-1));
#3309=DIRECTION('',(9.999999991331E-1,-2.944243845830E-5,-2.944243850935E-5));
#3310=AXIS2_PLACEMENT_3D('',#3307,#3308,#3309);
#3311=PLANE('',#3310);
#3313=ORIENTED_EDGE('',*,*,#3312,.T.);
#3314=ORIENTED_EDGE('',*,*,#3298,.F.);
#3315=ORIENTED_EDGE('',*,*,#3147,.F.);
#3316=ORIENTED_EDGE('',*,*,#3240,.T.);
#3317=EDGE_LOOP('',(#3313,#3314,#3315,#3316));
#3318=FACE_OUTER_BOUND('',#3317,.F.);
#3319=ADVANCED_FACE('',(#3318),#3311,.T.);
#3320=CARTESIAN_POINT('',(-5.E0,-2.225E0,6.824362989460E1));
#3321=DIRECTION('',(5.888487696719E-5,9.999999982663E-1,0.E0));
#3322=DIRECTION('',(9.999999982663E-1,-5.888487696719E-5,0.E0));
#3323=AXIS2_PLACEMENT_3D('',#3320,#3321,#3322);
#3324=PLANE('',#3323);
#3326=ORIENTED_EDGE('',*,*,#3325,.T.);
#3328=ORIENTED_EDGE('',*,*,#3327,.F.);
#3330=ORIENTED_EDGE('',*,*,#3329,.T.);
#3331=ORIENTED_EDGE('',*,*,#3312,.F.);
#3333=ORIENTED_EDGE('',*,*,#3332,.F.);
#3335=ORIENTED_EDGE('',*,*,#3334,.T.);
#3336=EDGE_LOOP('',(#3326,#3328,#3330,#3331,#3333,#3335));
#3337=FACE_OUTER_BOUND('',#3336,.F.);
#3338=ADVANCED_FACE('',(#3337),#3324,.T.);
#3339=CARTESIAN_POINT('',(5.000774318326E-1,-2.225071096544E0,
6.784362989460E1));
#3340=DIRECTION('',(0.E0,1.E0,0.E0));
#3341=DIRECTION('',(1.E0,0.E0,0.E0));
#3342=AXIS2_PLACEMENT_3D('',#3339,#3340,#3341);
#3343=PLANE('',#3342);
#3345=ORIENTED_EDGE('',*,*,#3344,.F.);
#3347=ORIENTED_EDGE('',*,*,#3346,.T.);
#3349=ORIENTED_EDGE('',*,*,#3348,.T.);
#3350=ORIENTED_EDGE('',*,*,#3325,.F.);
#3352=ORIENTED_EDGE('',*,*,#3351,.T.);
#3354=ORIENTED_EDGE('',*,*,#3353,.F.);
#3355=EDGE_LOOP('',(#3345,#3347,#3349,#3350,#3352,#3354));
#3356=FACE_OUTER_BOUND('',#3355,.F.);
#3357=ADVANCED_FACE('',(#3356),#3343,.T.);
#3358=CARTESIAN_POINT('',(7.743183264037E-5,-1.225071096544E0,
6.424362989460E1));
#3359=DIRECTION('',(1.E0,0.E0,0.E0));
#3360=DIRECTION('',(0.E0,1.E0,0.E0));
#3361=AXIS2_PLACEMENT_3D('',#3358,#3359,#3360);
#3362=CYLINDRICAL_SURFACE('',#3361,1.E0);
#3364=ORIENTED_EDGE('',*,*,#3363,.F.);
#3365=ORIENTED_EDGE('',*,*,#3344,.T.);
#3367=ORIENTED_EDGE('',*,*,#3366,.F.);
#3369=ORIENTED_EDGE('',*,*,#3368,.T.);
#3370=EDGE_LOOP('',(#3364,#3365,#3367,#3369));
#3371=FACE_OUTER_BOUND('',#3370,.F.);
#3372=ADVANCED_FACE('',(#3371),#3362,.F.);
#3373=CARTESIAN_POINT('',(5.000774318326E-1,5.187127885160E0,6.784362989460E1));
#3374=DIRECTION('',(-1.E0,0.E0,0.E0));
#3375=DIRECTION('',(0.E0,1.E0,0.E0));
#3376=AXIS2_PLACEMENT_3D('',#3373,#3374,#3375);
#3377=PLANE('',#3376);
#3378=ORIENTED_EDGE('',*,*,#3363,.T.);
#3380=ORIENTED_EDGE('',*,*,#3379,.T.);
#3382=ORIENTED_EDGE('',*,*,#3381,.T.);
#3384=ORIENTED_EDGE('',*,*,#3383,.T.);
#3385=ORIENTED_EDGE('',*,*,#3346,.F.);
#3386=EDGE_LOOP('',(#3378,#3380,#3382,#3384,#3385));
#3387=FACE_OUTER_BOUND('',#3386,.F.);
#3388=ADVANCED_FACE('',(#3387),#3377,.T.);
#3389=CARTESIAN_POINT('',(-4.999225681674E-1,5.187127885160E0,
6.324362989460E1));
#3390=DIRECTION('',(0.E0,0.E0,1.E0));
#3391=DIRECTION('',(1.E0,0.E0,0.E0));
#3392=AXIS2_PLACEMENT_3D('',#3389,#3390,#3391);
#3393=PLANE('',#3392);
#3394=ORIENTED_EDGE('',*,*,#3379,.F.);
#3395=ORIENTED_EDGE('',*,*,#3368,.F.);
#3397=ORIENTED_EDGE('',*,*,#3396,.F.);
#3398=ORIENTED_EDGE('',*,*,#3057,.F.);
#3399=EDGE_LOOP('',(#3394,#3395,#3397,#3398));
#3400=FACE_OUTER_BOUND('',#3399,.F.);
#3401=ADVANCED_FACE('',(#3400),#3393,.T.);
#3402=CARTESIAN_POINT('',(-4.999225681674E-1,-2.225071096544E0,
6.784362989460E1));
#3403=DIRECTION('',(1.E0,0.E0,0.E0));
#3404=DIRECTION('',(0.E0,1.E0,0.E0));
#3405=AXIS2_PLACEMENT_3D('',#3402,#3403,#3404);
#3406=PLANE('',#3405);
#3407=ORIENTED_EDGE('',*,*,#3366,.T.);
#3408=ORIENTED_EDGE('',*,*,#3353,.T.);
#3410=ORIENTED_EDGE('',*,*,#3409,.T.);
#3412=ORIENTED_EDGE('',*,*,#3411,.T.);
#3413=ORIENTED_EDGE('',*,*,#3396,.T.);
#3414=EDGE_LOOP('',(#3407,#3408,#3410,#3412,#3413));
#3415=FACE_OUTER_BOUND('',#3414,.F.);
#3416=ADVANCED_FACE('',(#3415),#3406,.T.);
#3417=CARTESIAN_POINT('',(4.023478608352E-4,1.774705558856E0,6.764962448590E1));
#3418=DIRECTION('',(-9.999999982663E-1,5.888487992650E-5,5.798588425317E-13));
#3419=DIRECTION('',(5.888487992650E-5,9.999999982663E-1,0.E0));
#3420=AXIS2_PLACEMENT_3D('',#3417,#3418,#3419);
#3421=CYLINDRICAL_SURFACE('',#3420,3.999999999999E0);
#3422=ORIENTED_EDGE('',*,*,#3409,.F.);
#3423=ORIENTED_EDGE('',*,*,#3351,.F.);
#3424=ORIENTED_EDGE('',*,*,#3334,.F.);
#3426=ORIENTED_EDGE('',*,*,#3425,.F.);
#3428=ORIENTED_EDGE('',*,*,#3427,.T.);
#3429=EDGE_LOOP('',(#3422,#3423,#3424,#3426,#3428));
#3430=FACE_OUTER_BOUND('',#3429,.F.);
#3431=ADVANCED_FACE('',(#3430),#3421,.F.);
#3432=CARTESIAN_POINT('',(-5.E0,-6.5E0,6.764962447424E1));
#3433=DIRECTION('',(0.E0,0.E0,1.E0));
#3434=DIRECTION('',(4.648738322488E-1,8.853769367283E-1,0.E0));
#3435=AXIS2_PLACEMENT_3D('',#3432,#3433,#3434);
#3436=TOROIDAL_SURFACE('',#3435,8.274999999907E0,3.999999999906E0);
#3438=ORIENTED_EDGE('',*,*,#3437,.F.);
#3440=ORIENTED_EDGE('',*,*,#3439,.T.);
#3441=ORIENTED_EDGE('',*,*,#3425,.T.);
#3443=ORIENTED_EDGE('',*,*,#3442,.T.);
#3444=EDGE_LOOP('',(#3438,#3440,#3441,#3443));
#3445=FACE_OUTER_BOUND('',#3444,.F.);
#3446=ADVANCED_FACE('',(#3445),#3436,.F.);
#3447=CARTESIAN_POINT('',(-5.E0,-6.5E0,6.764962447425E1));
#3448=DIRECTION('',(0.E0,0.E0,1.E0));
#3449=DIRECTION('',(-8.853769363253E-1,4.648738330163E-1,0.E0));
#3450=AXIS2_PLACEMENT_3D('',#3447,#3448,#3449);
#3451=TOROIDAL_SURFACE('',#3450,8.274999999907E0,3.999999999907E0);
#3452=ORIENTED_EDGE('',*,*,#2991,.T.);
#3454=ORIENTED_EDGE('',*,*,#3453,.T.);
#3455=ORIENTED_EDGE('',*,*,#3437,.T.);
#3457=ORIENTED_EDGE('',*,*,#3456,.T.);
#3458=EDGE_LOOP('',(#3452,#3454,#3455,#3457));
#3459=FACE_OUTER_BOUND('',#3458,.F.);
#3460=ADVANCED_FACE('',(#3459),#3451,.F.);
#3461=CARTESIAN_POINT('',(-5.E0,-6.5E0,6.444662616296E1));
#3462=DIRECTION('',(1.947111844750E-14,1.033161387010E-14,-1.E0));
#3463=DIRECTION('',(7.436262593186E-5,9.999999972351E-1,1.033306176503E-14));
#3464=AXIS2_PLACEMENT_3D('',#3461,#3462,#3463);
#3465=CONICAL_SURFACE('',#3464,5.505449782692E0,2.999999992631E1);
#3467=ORIENTED_EDGE('',*,*,#3466,.F.);
#3468=ORIENTED_EDGE('',*,*,#3453,.F.);
#3469=ORIENTED_EDGE('',*,*,#3006,.T.);
#3470=ORIENTED_EDGE('',*,*,#3038,.T.);
#3471=EDGE_LOOP('',(#3467,#3468,#3469,#3470));
#3472=FACE_OUTER_BOUND('',#3471,.F.);
#3473=ADVANCED_FACE('',(#3472),#3465,.T.);
#3474=CARTESIAN_POINT('',(-5.E0,-6.499999999999E0,6.444662732830E1));
#3475=DIRECTION('',(0.E0,0.E0,-1.E0));
#3476=DIRECTION('',(9.999999972351E-1,-7.436262601634E-5,0.E0));
#3477=AXIS2_PLACEMENT_3D('',#3474,#3475,#3476);
#3478=CONICAL_SURFACE('',#3477,5.505449109879E0,2.999999992631E1);
#3480=ORIENTED_EDGE('',*,*,#3479,.F.);
#3481=ORIENTED_EDGE('',*,*,#3439,.F.);
#3482=ORIENTED_EDGE('',*,*,#3466,.T.);
#3483=ORIENTED_EDGE('',*,*,#3036,.T.);
#3484=EDGE_LOOP('',(#3480,#3481,#3482,#3483));
#3485=FACE_OUTER_BOUND('',#3484,.F.);
#3486=ADVANCED_FACE('',(#3485),#3478,.T.);
#3487=CARTESIAN_POINT('',(-4.999634913762E0,-3.000000107490E-1,
6.324362989460E1));
#3488=DIRECTION('',(5.099579942612E-5,8.660254026584E-1,4.999999993499E-1));
#3489=DIRECTION('',(9.999999986997E-1,-4.416365778931E-5,-2.549789971306E-5));
#3490=AXIS2_PLACEMENT_3D('',#3487,#3488,#3489);
#3491=PLANE('',#3490);
#3492=ORIENTED_EDGE('',*,*,#3059,.F.);
#3493=ORIENTED_EDGE('',*,*,#3411,.F.);
#3494=ORIENTED_EDGE('',*,*,#3427,.F.);
#3495=ORIENTED_EDGE('',*,*,#3479,.T.);
#3496=EDGE_LOOP('',(#3492,#3493,#3494,#3495));
#3497=FACE_OUTER_BOUND('',#3496,.F.);
#3498=ADVANCED_FACE('',(#3497),#3491,.T.);
#3499=CARTESIAN_POINT('',(-5.E0,-6.5E0,6.574362989460E1));
#3500=DIRECTION('',(0.E0,0.E0,1.E0));
#3501=DIRECTION('',(1.E0,0.E0,0.E0));
#3502=AXIS2_PLACEMENT_3D('',#3499,#3500,#3501);
#3503=CYLINDRICAL_SURFACE('',#3502,4.275E0);
#3505=ORIENTED_EDGE('',*,*,#3504,.F.);
#3506=ORIENTED_EDGE('',*,*,#3236,.F.);
#3507=ORIENTED_EDGE('',*,*,#3271,.F.);
#3508=ORIENTED_EDGE('',*,*,#3456,.F.);
#3509=EDGE_LOOP('',(#3505,#3506,#3507,#3508));
#3510=FACE_OUTER_BOUND('',#3509,.F.);
#3511=ADVANCED_FACE('',(#3510),#3503,.T.);
#3512=CARTESIAN_POINT('',(-5.E0,-6.5E0,6.574362989460E1));
#3513=DIRECTION('',(0.E0,0.E0,1.E0));
#3514=DIRECTION('',(1.E0,0.E0,0.E0));
#3515=AXIS2_PLACEMENT_3D('',#3512,#3513,#3514);
#3516=CYLINDRICAL_SURFACE('',#3515,4.275E0);
#3517=ORIENTED_EDGE('',*,*,#3332,.T.);
#3518=ORIENTED_EDGE('',*,*,#3238,.F.);
#3519=ORIENTED_EDGE('',*,*,#3504,.T.);
#3520=ORIENTED_EDGE('',*,*,#3442,.F.);
#3521=EDGE_LOOP('',(#3517,#3518,#3519,#3520));
#3522=FACE_OUTER_BOUND('',#3521,.F.);
#3523=ADVANCED_FACE('',(#3522),#3516,.T.);
#3524=CARTESIAN_POINT('',(-4.999634913762E0,-3.000000107490E-1,
6.324362989460E1));
#3525=DIRECTION('',(5.099579942612E-5,8.660254026584E-1,4.999999993499E-1));
#3526=DIRECTION('',(9.999999986997E-1,-4.416365778931E-5,-2.549789971306E-5));
#3527=AXIS2_PLACEMENT_3D('',#3524,#3525,#3526);
#3528=PLANE('',#3527);
#3530=ORIENTED_EDGE('',*,*,#3529,.F.);
#3531=ORIENTED_EDGE('',*,*,#3381,.F.);
#3532=ORIENTED_EDGE('',*,*,#3055,.F.);
#3533=ORIENTED_EDGE('',*,*,#2866,.F.);
#3534=EDGE_LOOP('',(#3530,#3531,#3532,#3533));
#3535=FACE_OUTER_BOUND('',#3534,.F.);
#3536=ADVANCED_FACE('',(#3535),#3528,.T.);
#3537=CARTESIAN_POINT('',(4.023478608352E-4,1.774705558856E0,6.764962448590E1));
#3538=DIRECTION('',(-9.999999982663E-1,5.888487992650E-5,5.798588425317E-13));
#3539=DIRECTION('',(5.888487992650E-5,9.999999982663E-1,0.E0));
#3540=AXIS2_PLACEMENT_3D('',#3537,#3538,#3539);
#3541=CYLINDRICAL_SURFACE('',#3540,3.999999999999E0);
#3542=ORIENTED_EDGE('',*,*,#3327,.T.);
#3543=ORIENTED_EDGE('',*,*,#3348,.F.);
#3544=ORIENTED_EDGE('',*,*,#3383,.F.);
#3545=ORIENTED_EDGE('',*,*,#3529,.T.);
#3547=ORIENTED_EDGE('',*,*,#3546,.F.);
#3548=EDGE_LOOP('',(#3542,#3543,#3544,#3545,#3547));
#3549=FACE_OUTER_BOUND('',#3548,.F.);
#3550=ADVANCED_FACE('',(#3549),#3541,.F.);
#3551=CARTESIAN_POINT('',(5.000000086756E0,-6.500588848777E0,6.764962447425E1));
#3552=DIRECTION('',(0.E0,0.E0,1.E0));
#3553=DIRECTION('',(8.853769363252E-1,-4.648738330164E-1,0.E0));
#3554=AXIS2_PLACEMENT_3D('',#3551,#3552,#3553);
#3555=TOROIDAL_SURFACE('',#3554,8.274999999906E0,3.999999999906E0);
#3556=ORIENTED_EDGE('',*,*,#3546,.T.);
#3557=ORIENTED_EDGE('',*,*,#2864,.T.);
#3559=ORIENTED_EDGE('',*,*,#3558,.T.);
#3561=ORIENTED_EDGE('',*,*,#3560,.T.);
#3562=EDGE_LOOP('',(#3556,#3557,#3559,#3561));
#3563=FACE_OUTER_BOUND('',#3562,.F.);
#3564=ADVANCED_FACE('',(#3563),#3555,.F.);
#3565=CARTESIAN_POINT('',(5.000000086756E0,-6.500588848777E0,6.764962447425E1));
#3566=DIRECTION('',(-1.820765764317E-14,0.E0,1.E0));
#3567=DIRECTION('',(-4.648738322489E-1,-8.853769367282E-1,0.E0));
#3568=AXIS2_PLACEMENT_3D('',#3565,#3566,#3567);
#3569=TOROIDAL_SURFACE('',#3568,8.274999999907E0,3.999999999907E0);
#3570=ORIENTED_EDGE('',*,*,#3558,.F.);
#3571=ORIENTED_EDGE('',*,*,#2880,.T.);
#3573=ORIENTED_EDGE('',*,*,#3572,.T.);
#3574=ORIENTED_EDGE('',*,*,#3286,.T.);
#3575=EDGE_LOOP('',(#3570,#3571,#3573,#3574));
#3576=FACE_OUTER_BOUND('',#3575,.F.);
#3577=ADVANCED_FACE('',(#3576),#3569,.F.);
#3578=CARTESIAN_POINT('',(-4.022608875821E-4,-1.477529440763E1,
6.764962448590E1));
#3579=DIRECTION('',(9.999999982663E-1,-5.888482534497E-5,-1.318326856327E-11));
#3580=DIRECTION('',(5.888482534497E-5,9.999999982663E-1,0.E0));
#3581=AXIS2_PLACEMENT_3D('',#3578,#3579,#3580);
#3582=CYLINDRICAL_SURFACE('',#3581,3.999999999996E0);
#3583=ORIENTED_EDGE('',*,*,#2964,.F.);
#3584=ORIENTED_EDGE('',*,*,#3267,.F.);
#3585=ORIENTED_EDGE('',*,*,#3572,.F.);
#3586=ORIENTED_EDGE('',*,*,#2895,.T.);
#3587=ORIENTED_EDGE('',*,*,#2914,.F.);
#3588=EDGE_LOOP('',(#3583,#3584,#3585,#3586,#3587));
#3589=FACE_OUTER_BOUND('',#3588,.F.);
#3590=ADVANCED_FACE('',(#3589),#3582,.F.);
#3591=CARTESIAN_POINT('',(5.000000086756E0,-6.500588848776E0,6.574362989460E1));
#3592=DIRECTION('',(0.E0,0.E0,1.E0));
#3593=DIRECTION('',(1.E0,0.E0,0.E0));
#3594=AXIS2_PLACEMENT_3D('',#3591,#3592,#3593);
#3595=CYLINDRICAL_SURFACE('',#3594,4.275E0);
#3596=ORIENTED_EDGE('',*,*,#3284,.T.);
#3597=ORIENTED_EDGE('',*,*,#3300,.F.);
#3598=ORIENTED_EDGE('',*,*,#3329,.F.);
#3599=ORIENTED_EDGE('',*,*,#3560,.F.);
#3600=EDGE_LOOP('',(#3596,#3597,#3598,#3599));
#3601=FACE_OUTER_BOUND('',#3600,.F.);
#3602=ADVANCED_FACE('',(#3601),#3595,.T.);
#3603=CARTESIAN_POINT('',(7.615165013667E0,-8.135929362008E0,6.174362989460E1));
#3604=DIRECTION('',(1.558441558442E-1,9.877816555744E-1,0.E0));
#3605=DIRECTION('',(9.877816555744E-1,-1.558441558442E-1,0.E0));
#3606=AXIS2_PLACEMENT_3D('',#3603,#3604,#3605);
#3607=PLANE('',#3606);
#3609=ORIENTED_EDGE('',*,*,#3608,.T.);
#3610=ORIENTED_EDGE('',*,*,#3157,.F.);
#3612=ORIENTED_EDGE('',*,*,#3611,.F.);
#3614=ORIENTED_EDGE('',*,*,#3613,.F.);
#3615=EDGE_LOOP('',(#3609,#3610,#3612,#3614));
#3616=FACE_OUTER_BOUND('',#3615,.F.);
#3617=ADVANCED_FACE('',(#3616),#3607,.T.);
#3618=CARTESIAN_POINT('',(5.000000086756E0,-6.500588848776E0,6.174362989460E1));
#3619=DIRECTION('',(0.E0,0.E0,1.E0));
#3620=DIRECTION('',(-1.E0,0.E0,0.E0));
#3621=AXIS2_PLACEMENT_3D('',#3618,#3619,#3620);
#3622=CYLINDRICAL_SURFACE('',#3621,3.525E0);
#3624=ORIENTED_EDGE('',*,*,#3623,.F.);
#3626=ORIENTED_EDGE('',*,*,#3625,.F.);
#3628=ORIENTED_EDGE('',*,*,#3627,.T.);
#3629=ORIENTED_EDGE('',*,*,#3159,.F.);
#3630=ORIENTED_EDGE('',*,*,#3608,.F.);
#3632=ORIENTED_EDGE('',*,*,#3631,.F.);
#3634=ORIENTED_EDGE('',*,*,#3633,.F.);
#3636=ORIENTED_EDGE('',*,*,#3635,.T.);
#3637=ORIENTED_EDGE('',*,*,#3169,.F.);
#3639=ORIENTED_EDGE('',*,*,#3638,.T.);
#3640=EDGE_LOOP('',(#3624,#3626,#3628,#3629,#3630,#3632,#3634,#3636,#3637,
#3639));
#3641=FACE_OUTER_BOUND('',#3640,.F.);
#3642=ADVANCED_FACE('',(#3641),#3622,.F.);
#3643=CARTESIAN_POINT('',(8.197574181787E0,-5.024070910010E0,6.560333835381E1));
#3644=CARTESIAN_POINT('',(8.225081167063E0,-5.083639765727E0,6.560332230092E1));
#3645=CARTESIAN_POINT('',(8.281709057633E0,-5.215857767298E0,6.560328927388E1));
#3646=CARTESIAN_POINT('',(8.359217608422E0,-5.432611329434E0,6.560324404800E1));
#3647=CARTESIAN_POINT('',(8.429277430603E0,-5.682468757177E0,6.560320317007E1));
#3648=CARTESIAN_POINT('',(8.484864470231E0,-5.962103266857E0,6.560317073275E1));
#3649=CARTESIAN_POINT('',(8.519569634708E0,-6.271650870161E0,6.560315048012E1));
#3650=CARTESIAN_POINT('',(8.526071867647E0,-6.604717881184E0,6.560314668567E1));
#3651=CARTESIAN_POINT('',(8.499530675477E0,-6.944189427528E0,6.560316217379E1));
#3652=CARTESIAN_POINT('',(8.441611588573E0,-7.271937647021E0,6.560319597442E1));
#3653=CARTESIAN_POINT('',(8.355933509647E0,-7.585271385870E0,6.560324595941E1));
#3654=CARTESIAN_POINT('',(8.269331972052E0,-7.816874408630E0,6.560329650875E1));
#3655=CARTESIAN_POINT('',(8.211627719592E0,-7.946671922311E0,6.560333014403E1));
#3656=CARTESIAN_POINT('',(8.197568570097E0,-7.977117331210E0,6.560333833404E1));
#3657=CARTESIAN_POINT('',(8.200207019585E0,-5.022860585590E0,6.561996683726E1));
#3658=CARTESIAN_POINT('',(8.227736296746E0,-5.082478389211E0,6.561995081580E1));
#3659=CARTESIAN_POINT('',(8.284410064538E0,-5.214804984195E0,6.561991785950E1));
#3660=CARTESIAN_POINT('',(8.361981372577E0,-5.431736412447E0,6.561987272596E1));
#3661=CARTESIAN_POINT('',(8.432097889694E0,-5.681798700737E0,6.561983193289E1));
#3662=CARTESIAN_POINT('',(8.487729891292E0,-5.961662326394E0,6.561979956250E1));
#3663=CARTESIAN_POINT('',(8.522463117638E0,-6.271463428168E0,6.561977935175E1));
#3664=CARTESIAN_POINT('',(8.528970607240E0,-6.604803134401E0,6.561977556517E1));
#3665=CARTESIAN_POINT('',(8.502407956558E0,-6.944552648743E0,6.561979102111E1));
#3666=CARTESIAN_POINT('',(8.444442027172E0,-7.272569362547E0,6.561982475251E1));
#3667=CARTESIAN_POINT('',(8.358694619143E0,-7.586159986866E0,6.561987463201E1));
#3668=CARTESIAN_POINT('',(8.272022955602E0,-7.817953095070E0,6.561992508318E1));
#3669=CARTESIAN_POINT('',(8.214271946496E0,-7.947857238322E0,6.561995864131E1));
#3670=CARTESIAN_POINT('',(8.200201403343E0,-7.978327664299E0,6.561996681124E1));
#3671=CARTESIAN_POINT('',(8.202366119711E0,-5.021878108249E0,6.566454628074E1));
#3672=CARTESIAN_POINT('',(8.229913014517E0,-5.081535866103E0,6.566453028214E1));
#3673=CARTESIAN_POINT('',(8.286623012507E0,-5.213951007577E0,6.566449738813E1));
#3674=CARTESIAN_POINT('',(8.364243812378E0,-5.431027172444E0,6.566445232848E1));
#3675=CARTESIAN_POINT('',(8.434404981491E0,-5.681255846327E0,6.566441160572E1));
#3676=CARTESIAN_POINT('',(8.490072354580E0,-5.961305260814E0,6.566437929009E1));
#3677=CARTESIAN_POINT('',(8.524827638902E0,-6.271311686858E0,6.566435911375E1));
#3678=CARTESIAN_POINT('',(8.531339258777E0,-6.604872146363E0,6.566435533369E1));
#3679=CARTESIAN_POINT('',(8.504759744723E0,-6.944846736867E0,6.566437076294E1));
#3680=CARTESIAN_POINT('',(8.446756975380E0,-7.273081090535E0,6.566440443852E1));
#3681=CARTESIAN_POINT('',(8.360954973761E0,-7.586880317379E0,6.566445422774E1));
#3682=CARTESIAN_POINT('',(8.274227995412E0,-7.818828168886E0,6.566450460898E1));
#3683=CARTESIAN_POINT('',(8.216440047631E0,-7.948819302309E0,6.566453809084E1));
#3684=CARTESIAN_POINT('',(8.202360499867E0,-7.979310148729E0,6.566454623895E1));
#3685=CARTESIAN_POINT('',(8.181733644258E0,-5.031429795461E0,6.573974411217E1));
#3686=CARTESIAN_POINT('',(8.209101442231E0,-5.090702731474E0,6.573972784785E1));
#3687=CARTESIAN_POINT('',(8.265442673222E0,-5.222263501772E0,6.573969442784E1));
#3688=CARTESIAN_POINT('',(8.342558564829E0,-5.437938328791E0,6.573964863245E1));
#3689=CARTESIAN_POINT('',(8.412263207968E0,-5.686550877888E0,6.573960724944E1));
#3690=CARTESIAN_POINT('',(8.467568268302E0,-5.964790847886E0,6.573957440850E1));
#3691=CARTESIAN_POINT('',(8.502097303195E0,-6.272793699972E0,6.573955390448E1));
#3692=CARTESIAN_POINT('',(8.508566529722E0,-6.604198065824E0,6.573955006313E1));
#3693=CARTESIAN_POINT('',(8.482160052272E0,-6.941975234358E0,6.573956574246E1));
#3694=CARTESIAN_POINT('',(8.424534821818E0,-7.268088617457E0,6.573959996714E1));
#3695=CARTESIAN_POINT('',(8.339291139447E0,-7.579861053151E0,6.573965055781E1));
#3696=CARTESIAN_POINT('',(8.253128274906E0,-7.810311716185E0,6.573970177864E1));
#3697=CARTESIAN_POINT('',(8.195716070208E0,-7.939464227974E0,6.573973577870E1));
#3698=CARTESIAN_POINT('',(8.181728060958E0,-7.969758393460E0,6.573974404856E1));
#3699=CARTESIAN_POINT('',(8.136678858150E0,-5.052251936072E0,6.579418429933E1));
#3700=CARTESIAN_POINT('',(8.163657917946E0,-5.110685203938E0,6.579416746508E1));
#3701=CARTESIAN_POINT('',(8.219198817225E0,-5.240382097844E0,6.579413288134E1));
#3702=CARTESIAN_POINT('',(8.295219149161E0,-5.453000839126E0,6.579408548578E1));
#3703=CARTESIAN_POINT('',(8.363933417159E0,-5.698090007855E0,6.579404265847E1));
#3704=CARTESIAN_POINT('',(8.418452623428E0,-5.972386179008E0,6.579400867086E1));
#3705=CARTESIAN_POINT('',(8.452490987667E0,-6.276022946157E0,6.579398745103E1));
#3706=CARTESIAN_POINT('',(8.458868280998E0,-6.602729284831E0,6.579398347562E1));
#3707=CARTESIAN_POINT('',(8.432837056758E0,-6.935718182309E0,6.579399970213E1));
#3708=CARTESIAN_POINT('',(8.376030668059E0,-7.257209059568E0,6.579403512240E1));
#3709=CARTESIAN_POINT('',(8.291998157804E0,-7.564562935174E0,6.579408747664E1));
#3710=CARTESIAN_POINT('',(8.207059359208E0,-7.791748254621E0,6.579414049333E1));
#3711=CARTESIAN_POINT('',(8.150462674697E0,-7.919071089896E0,6.579417567112E1));
#3712=CARTESIAN_POINT('',(8.136673354184E0,-7.948936104301E0,6.579418422587E1));
#3713=CARTESIAN_POINT('',(8.093865200149E0,-5.072030277422E0,6.582115059815E1));
#3714=CARTESIAN_POINT('',(8.120475389274E0,-5.129665793236E0,6.582113322465E1));
#3715=CARTESIAN_POINT('',(8.175256881402E0,-5.257591930215E0,6.582109753164E1));
#3716=CARTESIAN_POINT('',(8.250237728637E0,-5.467307503108E0,6.582104861697E1));
#3717=CARTESIAN_POINT('',(8.318012358967E0,-5.709049843890E0,6.582100441663E1));
#3718=CARTESIAN_POINT('',(8.371786002133E0,-5.979600071626E0,6.582096933949E1));
#3719=CARTESIAN_POINT('',(8.405358866837E0,-6.279089982757E0,6.582094743939E1));
#3720=CARTESIAN_POINT('',(8.411648944434E0,-6.601334285725E0,6.582094333654E1));
#3721=CARTESIAN_POINT('',(8.385973719963E0,-6.929775393472E0,6.582096008327E1));
#3722=CARTESIAN_POINT('',(8.329944182203E0,-7.246875734351E0,6.582099663888E1));
#3723=CARTESIAN_POINT('',(8.247060788087E0,-7.550032488282E0,6.582105067199E1));
#3724=CARTESIAN_POINT('',(8.163283412317E0,-7.774115801633E0,6.582110538674E1));
#3725=CARTESIAN_POINT('',(8.107460557751E0,-7.899700335329E0,6.582114169409E1));
#3726=CARTESIAN_POINT('',(8.093859771465E0,-7.929157621808E0,6.582115052384E1));
#3727=CARTESIAN_POINT('',(8.061668118741E0,-5.086901465221E0,6.583318079133E1));
#3728=CARTESIAN_POINT('',(8.088001083488E0,-5.143937098594E0,6.583316301308E1));
#3729=CARTESIAN_POINT('',(8.142211851102E0,-5.270531711523E0,6.583312648473E1));
#3730=CARTESIAN_POINT('',(8.216411502504E0,-5.478064319697E0,6.583307642813E1));
#3731=CARTESIAN_POINT('',(8.283479989694E0,-5.717290181386E0,6.583303119505E1));
#3732=CARTESIAN_POINT('',(8.336693348291E0,-5.985023913955E0,6.583299529858E1));
#3733=CARTESIAN_POINT('',(8.369916398673E0,-6.281395954892E0,6.583297288688E1));
#3734=CARTESIAN_POINT('',(8.376140935702E0,-6.600285447228E0,6.583296868817E1));
#3735=CARTESIAN_POINT('',(8.350733237439E0,-6.925307255198E0,6.583298582620E1));
#3736=CARTESIAN_POINT('',(8.295287493944E0,-7.239106466556E0,6.583302323536E1));
#3737=CARTESIAN_POINT('',(8.213267664931E0,-7.539107415617E0,6.583307853205E1));
#3738=CARTESIAN_POINT('',(8.130363127303E0,-7.760858236392E0,6.583313452096E1));
#3739=CARTESIAN_POINT('',(8.075121840213E0,-7.885135638940E0,6.583317168124E1));
#3740=CARTESIAN_POINT('',(8.061662746637E0,-7.914286327869E0,6.583318071924E1));
#3741=CARTESIAN_POINT('',(8.028038241088E0,-5.102432137178E0,6.583869072624E1));
#3742=CARTESIAN_POINT('',(8.054081795963E0,-5.158841235326E0,6.583867252590E1));
#3743=CARTESIAN_POINT('',(8.107696758795E0,-5.284045185968E0,6.583863512406E1));
#3744=CARTESIAN_POINT('',(8.181080900452E0,-5.489297942311E0,6.583858387514E1));
#3745=CARTESIAN_POINT('',(8.247412240477E0,-5.725895707461E0,6.583853756318E1));
#3746=CARTESIAN_POINT('',(8.300040723481E0,-5.990688087693E0,6.583850081096E1));
#3747=CARTESIAN_POINT('',(8.332898610188E0,-6.283804094673E0,6.583847786489E1));
#3748=CARTESIAN_POINT('',(8.339054731207E0,-6.599190140077E0,6.583847356603E1));
#3749=CARTESIAN_POINT('',(8.313926296912E0,-6.920641142412E0,6.583849111285E1));
#3750=CARTESIAN_POINT('',(8.259089968107E0,-7.230992901191E0,6.583852941332E1));
#3751=CARTESIAN_POINT('',(8.177971618030E0,-7.527698079328E0,6.583858603066E1));
#3752=CARTESIAN_POINT('',(8.095978260485E0,-7.747012869488E0,6.583864334804E1));
#3753=CARTESIAN_POINT('',(8.041344100761E0,-7.869925075804E0,6.583868140217E1));
#3754=CARTESIAN_POINT('',(8.028032928053E0,-7.898755545056E0,6.583869065889E1));
#3755=CARTESIAN_POINT('',(7.978765098739E0,-5.125183635116E0,6.583626170360E1));
#3756=CARTESIAN_POINT('',(8.004384847001E0,-5.180674822304E0,6.583624288582E1));
#3757=CARTESIAN_POINT('',(8.057127333151E0,-5.303841402730E0,6.583620420272E1));
#3758=CARTESIAN_POINT('',(8.129317292484E0,-5.505754193909E0,6.583615120747E1));
#3759=CARTESIAN_POINT('',(8.194569219197E0,-5.738501925479E0,6.583610331455E1));
#3760=CARTESIAN_POINT('',(8.246341275227E0,-5.998985467910E0,6.583606530855E1));
#3761=CARTESIAN_POINT('',(8.278664462813E0,-6.287331734313E0,6.583604157951E1));
#3762=CARTESIAN_POINT('',(8.284720404722E0,-6.597585646042E0,6.583603713390E1));
#3763=CARTESIAN_POINT('',(8.260000887625E0,-6.913805823834E0,6.583605527978E1));
#3764=CARTESIAN_POINT('',(8.206056914482E0,-7.219107377063E0,6.583609488582E1));
#3765=CARTESIAN_POINT('',(8.126258607718E0,-7.510984423685E0,6.583615343943E1));
#3766=CARTESIAN_POINT('',(8.045599530209E0,-7.726730426558E0,6.583621269962E1));
#3767=CARTESIAN_POINT('',(7.991854432248E0,-7.847642556113E0,6.583625206780E1));
#3768=CARTESIAN_POINT('',(7.978759872204E0,-7.876003884701E0,6.583626164682E1));
#3769=CARTESIAN_POINT('',(7.916092134827E0,-5.154115030057E0,6.581052645073E1));
#3770=CARTESIAN_POINT('',(7.941173307689E0,-5.208438816895E0,6.581050684973E1));
#3771=CARTESIAN_POINT('',(7.992807066129E0,-5.329014335898E0,6.581046653382E1));
#3772=CARTESIAN_POINT('',(8.063479529604E0,-5.526679682582E0,6.581041131865E1));
#3773=CARTESIAN_POINT('',(8.127359844524E0,-5.754531545544E0,6.581036141432E1));
#3774=CARTESIAN_POINT('',(8.178043666413E0,-6.009536000429E0,6.581032181366E1));
#3775=CARTESIAN_POINT('',(8.209687442181E0,-6.291817270601E0,6.581029708867E1));
#3776=CARTESIAN_POINT('',(8.215616093415E0,-6.595545469768E0,6.581029245635E1));
#3777=CARTESIAN_POINT('',(8.191416161276E0,-6.905114406003E0,6.581031136442E1));
#3778=CARTESIAN_POINT('',(8.138606067843E0,-7.203994212445E0,6.581035263037E1));
#3779=CARTESIAN_POINT('',(8.060485135324E0,-7.489731626063E0,6.581041364959E1));
#3780=CARTESIAN_POINT('',(7.981521590043E0,-7.700939144403E0,6.581047537320E1));
#3781=CARTESIAN_POINT('',(7.928906305881E0,-7.819307608301E0,6.581051642230E1));
#3782=CARTESIAN_POINT('',(7.916087018220E0,-7.847072283187E0,6.581052641519E1));
#3783=CARTESIAN_POINT('',(7.867208450445E0,-5.176669356255E0,6.575481765234E1));
#3784=CARTESIAN_POINT('',(7.891870308786E0,-5.230082808200E0,6.575479744380E1));
#3785=CARTESIAN_POINT('',(7.942640884600E0,-5.348637934219E0,6.575475584941E1));
#3786=CARTESIAN_POINT('',(8.012132003527E0,-5.542991653342E0,6.575469890486E1));
#3787=CARTESIAN_POINT('',(8.074944608986E0,-5.767026692911E0,6.575464743083E1));
#3788=CARTESIAN_POINT('',(8.124781357372E0,-6.017759986848E0,6.575460658652E1));
#3789=CARTESIAN_POINT('',(8.155896304607E0,-6.295313628312E0,6.575458108462E1));
#3790=CARTESIAN_POINT('',(8.161725879522E0,-6.593955210200E0,6.575457630660E1));
#3791=CARTESIAN_POINT('',(8.137930368133E0,-6.898339620320E0,6.575459580952E1));
#3792=CARTESIAN_POINT('',(8.086002866003E0,-7.192213518856E0,6.575463836904E1));
#3793=CARTESIAN_POINT('',(8.009187648833E0,-7.473164511921E0,6.575470131575E1));
#3794=CARTESIAN_POINT('',(7.931544059799E0,-7.680833413253E0,6.575476494859E1));
#3795=CARTESIAN_POINT('',(7.879808390364E0,-7.797218389561E0,6.575480732378E1));
#3796=CARTESIAN_POINT('',(7.867203419430E0,-7.824517795888E0,6.575481764564E1));
#3797=CARTESIAN_POINT('',(7.850677080531E0,-5.184289934271E0,6.571510666547E1));
#3798=CARTESIAN_POINT('',(7.875197583385E0,-5.237395656933E0,6.571508625343E1));
#3799=CARTESIAN_POINT('',(7.925677189140E0,-5.355267873332E0,6.571504422382E1));
#3800=CARTESIAN_POINT('',(7.994770134713E0,-5.548502433031E0,6.571498669566E1));
#3801=CARTESIAN_POINT('',(8.057222906861E0,-5.771247796552E0,6.571493469031E1));
#3802=CARTESIAN_POINT('',(8.106774205875E0,-6.020538096665E0,6.571489342550E1));
#3803=CARTESIAN_POINT('',(8.137710959008E0,-6.296494687254E0,6.571486766082E1));
#3804=CARTESIAN_POINT('',(8.143507150301E0,-6.593418027871E0,6.571486283349E1));
#3805=CARTESIAN_POINT('',(8.119847909867E0,-6.896051086912E0,6.571488253779E1));
#3806=CARTESIAN_POINT('',(8.068217818738E0,-7.188233814612E0,6.571492553411E1));
#3807=CARTESIAN_POINT('',(7.991842640361E0,-7.467567536989E0,6.571498913520E1));
#3808=CARTESIAN_POINT('',(7.914643951775E0,-7.674040525556E0,6.571505340657E1));
#3809=CARTESIAN_POINT('',(7.863204800797E0,-7.789755036291E0,6.571509623898E1));
#3810=CARTESIAN_POINT('',(7.850672078373E0,-7.816897163402E0,6.571510667572E1));
#3811=CARTESIAN_POINT('',(7.846154771308E0,-5.186373196562E0,6.569988740276E1));
#3812=CARTESIAN_POINT('',(7.870636698417E0,-5.239394763253E0,6.569986693546E1));
#3813=CARTESIAN_POINT('',(7.921036902596E0,-5.357080234813E0,6.569982478619E1));
#3814=CARTESIAN_POINT('',(7.990021201944E0,-5.550008796506E0,6.569976709863E1));
#3815=CARTESIAN_POINT('',(8.052375797606E0,-5.772401584352E0,6.569971494783E1));
#3816=CARTESIAN_POINT('',(8.101849220502E0,-6.021297435963E0,6.569967356802E1));
#3817=CARTESIAN_POINT('',(8.132737361372E0,-6.296817499047E0,6.569964773144E1));
#3818=CARTESIAN_POINT('',(8.138524445681E0,-6.593271203550E0,6.569964289061E1));
#3819=CARTESIAN_POINT('',(8.114902380097E0,-6.895425569144E0,6.569966265004E1));
#3820=CARTESIAN_POINT('',(8.063353426927E0,-7.187146019417E0,6.569970576571E1));
#3821=CARTESIAN_POINT('',(7.987098306970E0,-7.466037612487E0,6.569976954636E1));
#3822=CARTESIAN_POINT('',(7.910021016291E0,-7.672183608428E0,6.569983399090E1));
#3823=CARTESIAN_POINT('',(7.858662782915E0,-7.787714770885E0,6.569987695022E1));
#3824=CARTESIAN_POINT('',(7.846149777026E0,-7.814813886213E0,6.569988741914E1));
#3825=B_SPLINE_SURFACE_WITH_KNOTS('',3,3,((#3643,#3644,#3645,#3646,#3647,#3648,
#3649,#3650,#3651,#3652,#3653,#3654,#3655,#3656),(#3657,#3658,#3659,#3660,#3661,
#3662,#3663,#3664,#3665,#3666,#3667,#3668,#3669,#3670),(#3671,#3672,#3673,#3674,
#3675,#3676,#3677,#3678,#3679,#3680,#3681,#3682,#3683,#3684),(#3685,#3686,#3687,
#3688,#3689,#3690,#3691,#3692,#3693,#3694,#3695,#3696,#3697,#3698),(#3699,#3700,
#3701,#3702,#3703,#3704,#3705,#3706,#3707,#3708,#3709,#3710,#3711,#3712),(#3713,
#3714,#3715,#3716,#3717,#3718,#3719,#3720,#3721,#3722,#3723,#3724,#3725,#3726),(
#3727,#3728,#3729,#3730,#3731,#3732,#3733,#3734,#3735,#3736,#3737,#3738,#3739,
#3740),(#3741,#3742,#3743,#3744,#3745,#3746,#3747,#3748,#3749,#3750,#3751,#3752,
#3753,#3754),(#3755,#3756,#3757,#3758,#3759,#3760,#3761,#3762,#3763,#3764,#3765,
#3766,#3767,#3768),(#3769,#3770,#3771,#3772,#3773,#3774,#3775,#3776,#3777,#3778,
#3779,#3780,#3781,#3782),(#3783,#3784,#3785,#3786,#3787,#3788,#3789,#3790,#3791,
#3792,#3793,#3794,#3795,#3796),(#3797,#3798,#3799,#3800,#3801,#3802,#3803,#3804,
#3805,#3806,#3807,#3808,#3809,#3810),(#3811,#3812,#3813,#3814,#3815,#3816,#3817,
#3818,#3819,#3820,#3821,#3822,#3823,#3824)),.UNSPECIFIED.,.F.,.F.,.F.,(4,1,1,1,
1,1,1,1,1,1,4),(4,1,1,1,1,1,1,1,1,1,1,4),(8.508830247994E-2,2.5E-1,5.E-1,7.5E-1,
8.75E-1,1.E0,1.125E0,1.25E0,1.5E0,1.75E0,1.905697514524E0),(4.306626905050E-1,
4.395791227467E-1,4.502009708930E-1,4.619257336799E-1,4.748156469994E-1,
4.889079845708E-1,5.042053934682E-1,5.200222637390E-1,5.351103623587E-1,
5.493728758373E-1,5.641130991576E-1,5.686690028018E-1),.UNSPECIFIED.);
#3826=ORIENTED_EDGE('',*,*,#3625,.T.);
#3827=ORIENTED_EDGE('',*,*,#3623,.T.);
#3829=ORIENTED_EDGE('',*,*,#3828,.F.);
#3831=ORIENTED_EDGE('',*,*,#3830,.F.);
#3833=ORIENTED_EDGE('',*,*,#3832,.F.);
#3835=ORIENTED_EDGE('',*,*,#3834,.F.);
#3836=EDGE_LOOP('',(#3826,#3827,#3829,#3831,#3833,#3835));
#3837=FACE_OUTER_BOUND('',#3836,.F.);
#3838=ADVANCED_FACE('',(#3837),#3825,.F.);
#3839=CARTESIAN_POINT('',(6.776804449061E0,-5.410363524317E0,6.824362989460E1));
#3840=DIRECTION('',(1.558441558442E-1,-9.877816555744E-1,0.E0));
#3841=DIRECTION('',(9.877816555744E-1,1.558441558442E-1,0.E0));
#3842=AXIS2_PLACEMENT_3D('',#3839,#3840,#3841);
#3843=PLANE('',#3842);
#3845=ORIENTED_EDGE('',*,*,#3844,.T.);
#3846=ORIENTED_EDGE('',*,*,#3828,.T.);
#3847=ORIENTED_EDGE('',*,*,#3638,.F.);
#3848=ORIENTED_EDGE('',*,*,#3167,.F.);
#3850=ORIENTED_EDGE('',*,*,#3849,.T.);
#3852=ORIENTED_EDGE('',*,*,#3851,.F.);
#3854=ORIENTED_EDGE('',*,*,#3853,.F.);
#3856=ORIENTED_EDGE('',*,*,#3855,.F.);
#3858=ORIENTED_EDGE('',*,*,#3857,.F.);
#3859=EDGE_LOOP('',(#3845,#3846,#3847,#3848,#3850,#3852,#3854,#3856,#3858));
#3860=FACE_OUTER_BOUND('',#3859,.F.);
#3861=ADVANCED_FACE('',(#3860),#3843,.F.);
#3862=CARTESIAN_POINT('',(5.001203307861E0,-6.500588848776E0,6.481520276985E1));
#3863=DIRECTION('',(0.E0,0.E0,1.E0));
#3864=DIRECTION('',(-9.999988959614E-1,-1.485959642913E-3,0.E0));
#3865=AXIS2_PLACEMENT_3D('',#3862,#3863,#3864);
#3866=TOROIDAL_SURFACE('',#3865,4.925E0,2.E0);
#3867=ORIENTED_EDGE('',*,*,#3832,.T.);
#3868=ORIENTED_EDGE('',*,*,#3830,.T.);
#3869=ORIENTED_EDGE('',*,*,#3844,.F.);
#3871=ORIENTED_EDGE('',*,*,#3870,.T.);
#3873=ORIENTED_EDGE('',*,*,#3872,.T.);
#3875=ORIENTED_EDGE('',*,*,#3874,.F.);
#3876=EDGE_LOOP('',(#3867,#3868,#3869,#3871,#3873,#3875));
#3877=FACE_OUTER_BOUND('',#3876,.F.);
#3878=ADVANCED_FACE('',(#3877),#3866,.F.);
#3879=CARTESIAN_POINT('',(5.001203307861E0,-6.500588848776E0,6.174362989460E1));
#3880=DIRECTION('',(0.E0,0.E0,1.E0));
#3881=DIRECTION('',(-1.E0,0.E0,0.E0));
#3882=AXIS2_PLACEMENT_3D('',#3879,#3880,#3881);
#3883=CYLINDRICAL_SURFACE('',#3882,2.925E0);
#3884=ORIENTED_EDGE('',*,*,#3872,.F.);
#3885=ORIENTED_EDGE('',*,*,#3870,.F.);
#3886=ORIENTED_EDGE('',*,*,#3857,.T.);
#3888=ORIENTED_EDGE('',*,*,#3887,.F.);
#3890=ORIENTED_EDGE('',*,*,#3889,.F.);
#3892=ORIENTED_EDGE('',*,*,#3891,.T.);
#3893=EDGE_LOOP('',(#3884,#3885,#3886,#3888,#3890,#3892));
#3894=FACE_OUTER_BOUND('',#3893,.F.);
#3895=ADVANCED_FACE('',(#3894),#3883,.T.);
#3896=CARTESIAN_POINT('',(-1.647740360763E-1,-1.166536297161E1,
6.174362989460E1));
#3897=DIRECTION('',(0.E0,0.E0,-1.E0));
#3898=DIRECTION('',(1.E0,0.E0,0.E0));
#3899=AXIS2_PLACEMENT_3D('',#3896,#3897,#3898);
#3900=PLANE('',#3899);
#3902=ORIENTED_EDGE('',*,*,#3901,.T.);
#3904=ORIENTED_EDGE('',*,*,#3903,.T.);
#3906=ORIENTED_EDGE('',*,*,#3905,.T.);
#3907=ORIENTED_EDGE('',*,*,#3889,.T.);
#3908=ORIENTED_EDGE('',*,*,#3887,.T.);
#3909=ORIENTED_EDGE('',*,*,#3855,.T.);
#3910=EDGE_LOOP('',(#3902,#3904,#3906,#3907,#3908,#3909));
#3911=FACE_OUTER_BOUND('',#3910,.F.);
#3912=ADVANCED_FACE('',(#3911),#3900,.T.);
#3913=CARTESIAN_POINT('',(2.195120330786E1,-6.500588848776E0,6.824362989460E1));
#3914=DIRECTION('',(0.E0,0.E0,-1.E0));
#3915=DIRECTION('',(-1.E0,0.E0,0.E0));
#3916=AXIS2_PLACEMENT_3D('',#3913,#3914,#3915);
#3917=CYLINDRICAL_SURFACE('',#3916,1.52E1);
#3918=ORIENTED_EDGE('',*,*,#3853,.T.);
#3920=ORIENTED_EDGE('',*,*,#3919,.T.);
#3922=ORIENTED_EDGE('',*,*,#3921,.F.);
#3924=ORIENTED_EDGE('',*,*,#3923,.F.);
#3926=ORIENTED_EDGE('',*,*,#3925,.T.);
#3928=ORIENTED_EDGE('',*,*,#3927,.T.);
#3929=ORIENTED_EDGE('',*,*,#3903,.F.);
#3930=ORIENTED_EDGE('',*,*,#3901,.F.);
#3931=EDGE_LOOP('',(#3918,#3920,#3922,#3924,#3926,#3928,#3929,#3930));
#3932=FACE_OUTER_BOUND('',#3931,.F.);
#3933=ADVANCED_FACE('',(#3932),#3917,.T.);
#3934=CARTESIAN_POINT('',(6.817475922350E0,-7.877298712891E0,6.611833695753E1));
#3935=CARTESIAN_POINT('',(6.796834742287E0,-7.743540315034E0,6.597080705811E1));
#3936=CARTESIAN_POINT('',(6.776193562224E0,-7.609781917178E0,6.582327715870E1));
#3937=CARTESIAN_POINT('',(6.755552382160E0,-7.476023519321E0,6.567574725929E1));
#3938=CARTESIAN_POINT('',(6.823205105933E0,-7.869523935858E0,6.612305458469E1));
#3939=CARTESIAN_POINT('',(6.802050555169E0,-7.736518102260E0,6.597552468588E1));
#3940=CARTESIAN_POINT('',(6.780896004405E0,-7.603512268661E0,6.582799478706E1));
#3941=CARTESIAN_POINT('',(6.759741453641E0,-7.470506435062E0,6.568046488824E1));
#3942=CARTESIAN_POINT('',(6.873258380244E0,-7.800707615687E0,6.616428935367E1));
#3943=CARTESIAN_POINT('',(6.847618943394E0,-7.674363606299E0,6.601675946026E1));
#3944=CARTESIAN_POINT('',(6.821979506544E0,-7.548019596910E0,6.586922956685E1));
#3945=CARTESIAN_POINT('',(6.796340069694E0,-7.421675587522E0,6.572169967344E1));
#3946=CARTESIAN_POINT('',(7.016032284247E0,-7.579746562618E0,6.628240926013E1));
#3947=CARTESIAN_POINT('',(6.977605273722E0,-7.474812116548E0,6.613487938789E1));
#3948=CARTESIAN_POINT('',(6.939178263197E0,-7.369877670478E0,6.598734951566E1));
#3949=CARTESIAN_POINT('',(6.900751252672E0,-7.264943224408E0,6.583981964343E1));
#3950=CARTESIAN_POINT('',(7.180518316072E0,-7.198883223699E0,6.642005582324E1));
#3951=CARTESIAN_POINT('',(7.127376081349E0,-7.130936713034E0,6.627252600054E1));
#3952=CARTESIAN_POINT('',(7.074233846626E0,-7.062990202369E0,6.612499617783E1));
#3953=CARTESIAN_POINT('',(7.021091611903E0,-6.995043691704E0,6.597746635513E1));
#3954=CARTESIAN_POINT('',(7.273729931741E0,-6.729987039255E0,6.649867038240E1));
#3955=CARTESIAN_POINT('',(7.212255678223E0,-6.707657885632E0,6.635114060124E1));
#3956=CARTESIAN_POINT('',(7.150781424706E0,-6.685328732008E0,6.620361082009E1));
#3957=CARTESIAN_POINT('',(7.089307171189E0,-6.662999578385E0,6.605608103893E1));
#3958=CARTESIAN_POINT('',(7.273512823485E0,-6.269065265236E0,6.649848755305E1));
#3959=CARTESIAN_POINT('',(7.212057979869E0,-6.291601244284E0,6.635095777165E1));
#3960=CARTESIAN_POINT('',(7.150603136254E0,-6.314137223332E0,6.620342799024E1));
#3961=CARTESIAN_POINT('',(7.089148292638E0,-6.336673202380E0,6.605589820884E1));
#3962=CARTESIAN_POINT('',(7.179834847767E0,-5.799609482636E0,6.641947885191E1));
#3963=CARTESIAN_POINT('',(7.126753700272E0,-5.867817140400E0,6.627194902850E1));
#3964=CARTESIAN_POINT('',(7.073672552778E0,-5.936024798163E0,6.612441920510E1));
#3965=CARTESIAN_POINT('',(7.020591405283E0,-6.004232455926E0,6.597688938169E1));
#3966=CARTESIAN_POINT('',(7.014456680381E0,-5.418618108189E0,6.628109820249E1));
#3967=CARTESIAN_POINT('',(6.976170707988E0,-5.523825382208E0,6.613356832950E1));
#3968=CARTESIAN_POINT('',(6.937884735595E0,-5.629032656228E0,6.598603845652E1));
#3969=CARTESIAN_POINT('',(6.899598763203E0,-5.734239930247E0,6.583850858354E1));
#3970=CARTESIAN_POINT('',(6.872214869723E0,-5.198973943123E0,6.616342935110E1));
#3971=CARTESIAN_POINT('',(6.846668926726E0,-5.325462862730E0,6.601589945727E1));
#3972=CARTESIAN_POINT('',(6.821122983728E0,-5.451951782338E0,6.586836956344E1));
#3973=CARTESIAN_POINT('',(6.795577040730E0,-5.578440701945E0,6.572083966961E1));
#3974=CARTESIAN_POINT('',(6.823142821061E0,-5.131514411736E0,6.612300303936E1));
#3975=CARTESIAN_POINT('',(6.801993844949E0,-5.264533809730E0,6.597547314028E1));
#3976=CARTESIAN_POINT('',(6.780844868837E0,-5.397553207725E0,6.582794324119E1));
#3977=CARTESIAN_POINT('',(6.759695892726E0,-5.530572605719E0,6.568041334210E1));
#3978=CARTESIAN_POINT('',(6.817378044230E0,-5.123693108891E0,6.611825613106E1));
#3979=CARTESIAN_POINT('',(6.796745628458E0,-5.257469573834E0,6.597072623139E1));
#3980=CARTESIAN_POINT('',(6.776113212686E0,-5.391246038778E0,6.582319633171E1));
#3981=CARTESIAN_POINT('',(6.755480796915E0,-5.525022503722E0,6.567566643203E1));
#3982=B_SPLINE_SURFACE_WITH_KNOTS('',3,3,((#3934,#3935,#3936,#3937),(#3938,
#3939,#3940,#3941),(#3942,#3943,#3944,#3945),(#3946,#3947,#3948,#3949),(#3950,
#3951,#3952,#3953),(#3954,#3955,#3956,#3957),(#3958,#3959,#3960,#3961),(#3962,
#3963,#3964,#3965),(#3966,#3967,#3968,#3969),(#3970,#3971,#3972,#3973),(#3974,
#3975,#3976,#3977),(#3978,#3979,#3980,#3981)),.UNSPECIFIED.,.F.,.F.,.F.,(4,1,1,
1,1,1,1,1,1,4),(4,4),(-9.134972391112E-3,0.E0,7.147481631026E-2,
2.432191096914E-1,4.149634030726E-1,5.867076964538E-1,7.584519898350E-1,
9.301962832161E-1,1.E0,1.009186873931E0),(8.075594720713E-9,9.999999712959E-1),
.UNSPECIFIED.);
#3984=ORIENTED_EDGE('',*,*,#3983,.F.);
#3986=ORIENTED_EDGE('',*,*,#3985,.F.);
#3988=ORIENTED_EDGE('',*,*,#3987,.T.);
#3989=ORIENTED_EDGE('',*,*,#3925,.F.);
#3991=ORIENTED_EDGE('',*,*,#3990,.F.);
#3992=ORIENTED_EDGE('',*,*,#3919,.F.);
#3993=ORIENTED_EDGE('',*,*,#3851,.T.);
#3994=EDGE_LOOP('',(#3984,#3986,#3988,#3989,#3991,#3992,#3993));
#3995=FACE_OUTER_BOUND('',#3994,.F.);
#3996=ADVANCED_FACE('',(#3995),#3982,.T.);
#3997=CARTESIAN_POINT('',(5.001203307861E0,-6.500588848776E0,6.824362989460E1));
#3998=DIRECTION('',(0.E0,0.E0,-1.E0));
#3999=DIRECTION('',(-1.E0,0.E0,0.E0));
#4000=AXIS2_PLACEMENT_3D('',#3997,#3998,#3999);
#4001=CYLINDRICAL_SURFACE('',#4000,2.25E0);
#4002=ORIENTED_EDGE('',*,*,#3985,.T.);
#4003=ORIENTED_EDGE('',*,*,#3983,.T.);
#4004=ORIENTED_EDGE('',*,*,#3849,.F.);
#4005=ORIENTED_EDGE('',*,*,#3165,.F.);
#4006=ORIENTED_EDGE('',*,*,#3163,.F.);
#4008=ORIENTED_EDGE('',*,*,#4007,.F.);
#4009=EDGE_LOOP('',(#4002,#4003,#4004,#4005,#4006,#4008));
#4010=FACE_OUTER_BOUND('',#4009,.F.);
#4011=ADVANCED_FACE('',(#4010),#4001,.F.);
#4012=CARTESIAN_POINT('',(7.764586104636E0,-7.746658329079E0,6.824362989460E1));
#4013=DIRECTION('',(1.558441558442E-1,9.877816555744E-1,0.E0));
#4014=DIRECTION('',(-9.877816555744E-1,1.558441558442E-1,0.E0));
#4015=AXIS2_PLACEMENT_3D('',#4012,#4013,#4014);
#4016=PLANE('',#4015);
#4017=ORIENTED_EDGE('',*,*,#3627,.F.);
#4018=ORIENTED_EDGE('',*,*,#3834,.T.);
#4019=ORIENTED_EDGE('',*,*,#3874,.T.);
#4020=ORIENTED_EDGE('',*,*,#3891,.F.);
#4021=ORIENTED_EDGE('',*,*,#3905,.F.);
#4022=ORIENTED_EDGE('',*,*,#3927,.F.);
#4023=ORIENTED_EDGE('',*,*,#3987,.F.);
#4024=ORIENTED_EDGE('',*,*,#4007,.T.);
#4025=ORIENTED_EDGE('',*,*,#3161,.F.);
#4026=EDGE_LOOP('',(#4017,#4018,#4019,#4020,#4021,#4022,#4023,#4024,#4025));
#4027=FACE_OUTER_BOUND('',#4026,.F.);
#4028=ADVANCED_FACE('',(#4027),#4016,.F.);
#4029=CARTESIAN_POINT('',(2.196216686796E1,-6.500588400212E0,6.593138475981E1));
#4030=DIRECTION('',(7.303071296206E-4,2.989051154705E-8,-9.999997333257E-1));
#4031=DIRECTION('',(9.978929464533E-1,6.487785687232E-2,7.287704669697E-4));
#4032=AXIS2_PLACEMENT_3D('',#4029,#4030,#4031);
#4033=CONICAL_SURFACE('',#4032,1.503415576804E1,4.504177394172E1);
#4034=ORIENTED_EDGE('',*,*,#3990,.T.);
#4035=ORIENTED_EDGE('',*,*,#3923,.T.);
#4036=ORIENTED_EDGE('',*,*,#3921,.T.);
#4037=EDGE_LOOP('',(#4034,#4035,#4036));
#4038=FACE_OUTER_BOUND('',#4037,.F.);
#4039=ADVANCED_FACE('',(#4038),#4033,.T.);
#4040=CARTESIAN_POINT('',(-1.647740360763E-1,-1.166536297161E1,
6.174362989460E1));
#4041=DIRECTION('',(0.E0,0.E0,-1.E0));
#4042=DIRECTION('',(1.E0,0.E0,0.E0));
#4043=AXIS2_PLACEMENT_3D('',#4040,#4041,#4042);
#4044=PLANE('',#4043);
#4046=ORIENTED_EDGE('',*,*,#4045,.T.);
#4047=ORIENTED_EDGE('',*,*,#3633,.T.);
#4048=ORIENTED_EDGE('',*,*,#3631,.T.);
#4049=ORIENTED_EDGE('',*,*,#3613,.T.);
#4051=ORIENTED_EDGE('',*,*,#4050,.T.);
#4053=ORIENTED_EDGE('',*,*,#4052,.T.);
#4055=ORIENTED_EDGE('',*,*,#4054,.F.);
#4057=ORIENTED_EDGE('',*,*,#4056,.T.);
#4059=ORIENTED_EDGE('',*,*,#4058,.T.);
#4061=ORIENTED_EDGE('',*,*,#4060,.T.);
#4063=ORIENTED_EDGE('',*,*,#4062,.T.);
#4065=ORIENTED_EDGE('',*,*,#4064,.T.);
#4066=ORIENTED_EDGE('',*,*,#3120,.F.);
#4068=ORIENTED_EDGE('',*,*,#4067,.T.);
#4070=ORIENTED_EDGE('',*,*,#4069,.F.);
#4072=ORIENTED_EDGE('',*,*,#4071,.T.);
#4074=ORIENTED_EDGE('',*,*,#4073,.T.);
#4075=EDGE_LOOP('',(#4046,#4047,#4048,#4049,#4051,#4053,#4055,#4057,#4059,#4061,
#4063,#4065,#4066,#4068,#4070,#4072,#4074));
#4076=FACE_OUTER_BOUND('',#4075,.F.);
#4077=ADVANCED_FACE('',(#4076),#4044,.T.);
#4078=CARTESIAN_POINT('',(8.637811506773E0,-4.742202243103E0,6.174362989460E1));
#4079=DIRECTION('',(1.558441558442E-1,-9.877816555744E-1,0.E0));
#4080=DIRECTION('',(-9.877816555744E-1,-1.558441558442E-1,0.E0));
#4081=AXIS2_PLACEMENT_3D('',#4078,#4079,#4080);
#4082=PLANE('',#4081);
#4083=ORIENTED_EDGE('',*,*,#3635,.F.);
#4084=ORIENTED_EDGE('',*,*,#4045,.F.);
#4086=ORIENTED_EDGE('',*,*,#4085,.F.);
#4087=ORIENTED_EDGE('',*,*,#3171,.F.);
#4088=EDGE_LOOP('',(#4083,#4084,#4086,#4087));
#4089=FACE_OUTER_BOUND('',#4088,.F.);
#4090=ADVANCED_FACE('',(#4089),#4082,.T.);
#4091=CARTESIAN_POINT('',(5.000000086756E0,-6.500588848776E0,6.824362989460E1));
#4092=DIRECTION('',(0.E0,0.E0,1.E0));
#4093=DIRECTION('',(-1.E0,0.E0,0.E0));
#4094=AXIS2_PLACEMENT_3D('',#4091,#4092,#4093);
#4095=CYLINDRICAL_SURFACE('',#4094,2.925E0);
#4096=ORIENTED_EDGE('',*,*,#4085,.T.);
#4097=ORIENTED_EDGE('',*,*,#4073,.F.);
#4099=ORIENTED_EDGE('',*,*,#4098,.T.);
#4100=ORIENTED_EDGE('',*,*,#3173,.F.);
#4101=EDGE_LOOP('',(#4096,#4097,#4099,#4100));
#4102=FACE_OUTER_BOUND('',#4101,.F.);
#4103=ADVANCED_FACE('',(#4102),#4095,.F.);
#4104=CARTESIAN_POINT('',(4.800000086756E0,-3.782938208977E0,4.958398787871E1));
#4105=DIRECTION('',(0.E0,0.E0,1.E0));
#4106=DIRECTION('',(-7.339449541285E-2,9.973029870822E-1,0.E0));
#4107=AXIS2_PLACEMENT_3D('',#4104,#4105,#4106);
#4108=CYLINDRICAL_SURFACE('',#4107,2.E-1);
#4109=ORIENTED_EDGE('',*,*,#4098,.F.);
#4110=ORIENTED_EDGE('',*,*,#4071,.F.);
#4112=ORIENTED_EDGE('',*,*,#4111,.T.);
#4113=ORIENTED_EDGE('',*,*,#3175,.F.);
#4114=EDGE_LOOP('',(#4109,#4110,#4112,#4113));
#4115=FACE_OUTER_BOUND('',#4114,.F.);
#4116=ADVANCED_FACE('',(#4115),#4108,.F.);
#4117=CARTESIAN_POINT('',(4.600000086756E0,-4.000588848776E0,6.824362989460E1));
#4118=DIRECTION('',(-1.E0,0.E0,0.E0));
#4119=DIRECTION('',(0.E0,-1.E0,0.E0));
#4120=AXIS2_PLACEMENT_3D('',#4117,#4118,#4119);
#4121=PLANE('',#4120);
#4123=ORIENTED_EDGE('',*,*,#4122,.F.);
#4124=ORIENTED_EDGE('',*,*,#3177,.T.);
#4125=ORIENTED_EDGE('',*,*,#4111,.F.);
#4126=ORIENTED_EDGE('',*,*,#4069,.T.);
#4127=EDGE_LOOP('',(#4123,#4124,#4125,#4126));
#4128=FACE_OUTER_BOUND('',#4127,.F.);
#4129=ADVANCED_FACE('',(#4128),#4121,.F.);
#4130=CARTESIAN_POINT('',(3.600000086756E0,-3.904605502688E0,6.824362989460E1));
#4131=DIRECTION('',(0.E0,0.E0,-1.E0));
#4132=DIRECTION('',(-1.E0,0.E0,0.E0));
#4133=AXIS2_PLACEMENT_3D('',#4130,#4131,#4132);
#4134=CYLINDRICAL_SURFACE('',#4133,1.E0);
#4135=ORIENTED_EDGE('',*,*,#3118,.T.);
#4136=ORIENTED_EDGE('',*,*,#3179,.F.);
#4137=ORIENTED_EDGE('',*,*,#4122,.T.);
#4138=ORIENTED_EDGE('',*,*,#4067,.F.);
#4139=EDGE_LOOP('',(#4135,#4136,#4137,#4138));
#4140=FACE_OUTER_BOUND('',#4139,.F.);
#4141=ADVANCED_FACE('',(#4140),#4134,.T.);
#4142=CARTESIAN_POINT('',(5.000000086756E0,-6.500588848776E0,6.824362989460E1));
#4143=DIRECTION('',(0.E0,0.E0,1.E0));
#4144=DIRECTION('',(-1.E0,0.E0,0.E0));
#4145=AXIS2_PLACEMENT_3D('',#4142,#4143,#4144);
#4146=CYLINDRICAL_SURFACE('',#4145,2.925E0);
#4147=ORIENTED_EDGE('',*,*,#3611,.T.);
#4148=ORIENTED_EDGE('',*,*,#3222,.F.);
#4150=ORIENTED_EDGE('',*,*,#4149,.T.);
#4151=ORIENTED_EDGE('',*,*,#4050,.F.);
#4152=EDGE_LOOP('',(#4147,#4148,#4150,#4151));
#4153=FACE_OUTER_BOUND('',#4152,.F.);
#4154=ADVANCED_FACE('',(#4153),#4146,.F.);
#4155=CARTESIAN_POINT('',(4.800000086756E0,-9.218239488575E0,7.880364166799E1));
#4156=DIRECTION('',(0.E0,0.E0,-1.E0));
#4157=DIRECTION('',(-7.339449541285E-2,-9.973029870822E-1,0.E0));
#4158=AXIS2_PLACEMENT_3D('',#4155,#4156,#4157);
#4159=CYLINDRICAL_SURFACE('',#4158,2.E-1);
#4160=ORIENTED_EDGE('',*,*,#4149,.F.);
#4161=ORIENTED_EDGE('',*,*,#3220,.F.);
#4163=ORIENTED_EDGE('',*,*,#4162,.T.);
#4164=ORIENTED_EDGE('',*,*,#4052,.F.);
#4165=EDGE_LOOP('',(#4160,#4161,#4163,#4164));
#4166=FACE_OUTER_BOUND('',#4165,.F.);
#4167=ADVANCED_FACE('',(#4166),#4159,.F.);
#4168=CARTESIAN_POINT('',(4.600000086756E0,-4.000588848776E0,6.824362989460E1));
#4169=DIRECTION('',(-1.E0,0.E0,0.E0));
#4170=DIRECTION('',(0.E0,-1.E0,0.E0));
#4171=AXIS2_PLACEMENT_3D('',#4168,#4169,#4170);
#4172=PLANE('',#4171);
#4174=ORIENTED_EDGE('',*,*,#4173,.F.);
#4175=ORIENTED_EDGE('',*,*,#4054,.T.);
#4176=ORIENTED_EDGE('',*,*,#4162,.F.);
#4177=ORIENTED_EDGE('',*,*,#3218,.T.);
#4178=EDGE_LOOP('',(#4174,#4175,#4176,#4177));
#4179=FACE_OUTER_BOUND('',#4178,.F.);
#4180=ADVANCED_FACE('',(#4179),#4172,.F.);
#4181=CARTESIAN_POINT('',(3.600000086756E0,-9.096572194864E0,6.824362989460E1));
#4182=DIRECTION('',(0.E0,0.E0,-1.E0));
#4183=DIRECTION('',(-1.E0,0.E0,0.E0));
#4184=AXIS2_PLACEMENT_3D('',#4181,#4182,#4183);
#4185=CYLINDRICAL_SURFACE('',#4184,1.E0);
#4187=ORIENTED_EDGE('',*,*,#4186,.T.);
#4188=ORIENTED_EDGE('',*,*,#4056,.F.);
#4189=ORIENTED_EDGE('',*,*,#4173,.T.);
#4190=ORIENTED_EDGE('',*,*,#3216,.F.);
#4191=EDGE_LOOP('',(#4187,#4188,#4189,#4190));
#4192=FACE_OUTER_BOUND('',#4191,.F.);
#4193=ADVANCED_FACE('',(#4192),#4185,.T.);
#4194=CARTESIAN_POINT('',(-3.599845223091E0,-8.096572194864E0,
6.824362989460E1));
#4195=DIRECTION('',(0.E0,-1.E0,0.E0));
#4196=DIRECTION('',(1.E0,0.E0,0.E0));
#4197=AXIS2_PLACEMENT_3D('',#4194,#4195,#4196);
#4198=PLANE('',#4197);
#4199=ORIENTED_EDGE('',*,*,#3102,.F.);
#4201=ORIENTED_EDGE('',*,*,#4200,.T.);
#4203=ORIENTED_EDGE('',*,*,#4202,.F.);
#4204=ORIENTED_EDGE('',*,*,#4058,.F.);
#4205=ORIENTED_EDGE('',*,*,#4186,.F.);
#4206=ORIENTED_EDGE('',*,*,#3214,.F.);
#4208=ORIENTED_EDGE('',*,*,#4207,.F.);
#4210=ORIENTED_EDGE('',*,*,#4209,.T.);
#4212=ORIENTED_EDGE('',*,*,#4211,.F.);
#4214=ORIENTED_EDGE('',*,*,#4213,.T.);
#4215=EDGE_LOOP('',(#4199,#4201,#4203,#4204,#4205,#4206,#4208,#4210,#4212,
#4214));
#4216=FACE_OUTER_BOUND('',#4215,.F.);
#4217=ADVANCED_FACE('',(#4216),#4198,.F.);
#4218=CARTESIAN_POINT('',(5.000000086756E0,-6.500588848776E0,6.026862989460E1));
#4219=DIRECTION('',(0.E0,0.E0,-1.E0));
#4220=DIRECTION('',(9.999163306186E-1,-1.293567787977E-2,0.E0));
#4221=AXIS2_PLACEMENT_3D('',#4218,#4219,#4220);
#4222=CONICAL_SURFACE('',#4221,4.324999999999E0,4.5E1);
#4223=ORIENTED_EDGE('',*,*,#3124,.F.);
#4225=ORIENTED_EDGE('',*,*,#4224,.T.);
#4227=ORIENTED_EDGE('',*,*,#4226,.T.);
#4229=ORIENTED_EDGE('',*,*,#4228,.T.);
#4230=ORIENTED_EDGE('',*,*,#4200,.F.);
#4231=ORIENTED_EDGE('',*,*,#3100,.F.);
#4232=ORIENTED_EDGE('',*,*,#3098,.F.);
#4233=EDGE_LOOP('',(#4223,#4225,#4227,#4229,#4230,#4231,#4232));
#4234=FACE_OUTER_BOUND('',#4233,.F.);
#4235=ADVANCED_FACE('',(#4234),#4222,.F.);
#4236=CARTESIAN_POINT('',(5.000000086756E0,-6.500588848776E0,6.106862989460E1));
#4237=DIRECTION('',(0.E0,0.E0,1.E0));
#4238=DIRECTION('',(1.E0,0.E0,0.E0));
#4239=AXIS2_PLACEMENT_3D('',#4236,#4237,#4238);
#4240=CYLINDRICAL_SURFACE('',#4239,4.2E0);
#4241=ORIENTED_EDGE('',*,*,#4064,.F.);
#4242=ORIENTED_EDGE('',*,*,#4062,.F.);
#4243=ORIENTED_EDGE('',*,*,#4060,.F.);
#4244=ORIENTED_EDGE('',*,*,#4202,.T.);
#4245=ORIENTED_EDGE('',*,*,#4228,.F.);
#4246=ORIENTED_EDGE('',*,*,#4226,.F.);
#4247=ORIENTED_EDGE('',*,*,#4224,.F.);
#4248=ORIENTED_EDGE('',*,*,#3122,.T.);
#4249=EDGE_LOOP('',(#4241,#4242,#4243,#4244,#4245,#4246,#4247,#4248));
#4250=FACE_OUTER_BOUND('',#4249,.F.);
#4251=ADVANCED_FACE('',(#4250),#4240,.F.);
#4252=CARTESIAN_POINT('',(-3.599845223091E0,-9.096572194864E0,
6.824362989460E1));
#4253=DIRECTION('',(0.E0,0.E0,1.E0));
#4254=DIRECTION('',(1.E0,0.E0,0.E0));
#4255=AXIS2_PLACEMENT_3D('',#4252,#4253,#4254);
#4256=CYLINDRICAL_SURFACE('',#4255,1.E0);
#4257=ORIENTED_EDGE('',*,*,#3212,.F.);
#4259=ORIENTED_EDGE('',*,*,#4258,.T.);
#4261=ORIENTED_EDGE('',*,*,#4260,.F.);
#4262=ORIENTED_EDGE('',*,*,#4207,.T.);
#4263=EDGE_LOOP('',(#4257,#4259,#4261,#4262));
#4264=FACE_OUTER_BOUND('',#4263,.F.);
#4265=ADVANCED_FACE('',(#4264),#4256,.T.);
#4266=CARTESIAN_POINT('',(-4.599845223091E0,-4.000588848776E0,
6.824362989460E1));
#4267=DIRECTION('',(-1.E0,0.E0,0.E0));
#4268=DIRECTION('',(0.E0,-1.E0,0.E0));
#4269=AXIS2_PLACEMENT_3D('',#4266,#4267,#4268);
#4270=PLANE('',#4269);
#4271=ORIENTED_EDGE('',*,*,#4258,.F.);
#4272=ORIENTED_EDGE('',*,*,#3210,.T.);
#4274=ORIENTED_EDGE('',*,*,#4273,.F.);
#4276=ORIENTED_EDGE('',*,*,#4275,.T.);
#4277=EDGE_LOOP('',(#4271,#4272,#4274,#4276));
#4278=FACE_OUTER_BOUND('',#4277,.F.);
#4279=ADVANCED_FACE('',(#4278),#4270,.T.);
#4280=CARTESIAN_POINT('',(-4.799845223091E0,-9.218239488575E0,
4.958398787871E1));
#4281=DIRECTION('',(0.E0,0.E0,1.E0));
#4282=DIRECTION('',(7.339449541285E-2,-9.973029870822E-1,0.E0));
#4283=AXIS2_PLACEMENT_3D('',#4280,#4281,#4282);
#4284=CYLINDRICAL_SURFACE('',#4283,2.E-1);
#4286=ORIENTED_EDGE('',*,*,#4285,.F.);
#4288=ORIENTED_EDGE('',*,*,#4287,.F.);
#4289=ORIENTED_EDGE('',*,*,#4273,.T.);
#4290=ORIENTED_EDGE('',*,*,#3208,.F.);
#4291=EDGE_LOOP('',(#4286,#4288,#4289,#4290));
#4292=FACE_OUTER_BOUND('',#4291,.F.);
#4293=ADVANCED_FACE('',(#4292),#4284,.F.);
#4294=CARTESIAN_POINT('',(-4.999845223091E0,-6.500588848776E0,
6.824362989460E1));
#4295=DIRECTION('',(0.E0,0.E0,-1.E0));
#4296=DIRECTION('',(1.E0,0.E0,0.E0));
#4297=AXIS2_PLACEMENT_3D('',#4294,#4295,#4296);
#4298=CYLINDRICAL_SURFACE('',#4297,2.925E0);
#4300=ORIENTED_EDGE('',*,*,#4299,.T.);
#4302=ORIENTED_EDGE('',*,*,#4301,.F.);
#4303=ORIENTED_EDGE('',*,*,#4285,.T.);
#4304=ORIENTED_EDGE('',*,*,#3206,.F.);
#4305=EDGE_LOOP('',(#4300,#4302,#4303,#4304));
#4306=FACE_OUTER_BOUND('',#4305,.F.);
#4307=ADVANCED_FACE('',(#4306),#4298,.F.);
#4308=CARTESIAN_POINT('',(-7.615010150001E0,-8.135929362008E0,
6.174362989460E1));
#4309=DIRECTION('',(1.558441558442E-1,-9.877816555744E-1,0.E0));
#4310=DIRECTION('',(-9.877816555744E-1,-1.558441558442E-1,0.E0));
#4311=AXIS2_PLACEMENT_3D('',#4308,#4309,#4310);
#4312=PLANE('',#4311);
#4314=ORIENTED_EDGE('',*,*,#4313,.F.);
#4316=ORIENTED_EDGE('',*,*,#4315,.F.);
#4317=ORIENTED_EDGE('',*,*,#4299,.F.);
#4318=ORIENTED_EDGE('',*,*,#3204,.F.);
#4319=EDGE_LOOP('',(#4314,#4316,#4317,#4318));
#4320=FACE_OUTER_BOUND('',#4319,.F.);
#4321=ADVANCED_FACE('',(#4320),#4312,.F.);
#4322=CARTESIAN_POINT('',(-4.999845223091E0,-6.500588848776E0,
6.174362989460E1));
#4323=DIRECTION('',(0.E0,0.E0,-1.E0));
#4324=DIRECTION('',(1.E0,0.E0,0.E0));
#4325=AXIS2_PLACEMENT_3D('',#4322,#4323,#4324);
#4326=CYLINDRICAL_SURFACE('',#4325,3.525E0);
#4328=ORIENTED_EDGE('',*,*,#4327,.F.);
#4330=ORIENTED_EDGE('',*,*,#4329,.F.);
#4332=ORIENTED_EDGE('',*,*,#4331,.T.);
#4333=ORIENTED_EDGE('',*,*,#3192,.F.);
#4335=ORIENTED_EDGE('',*,*,#4334,.F.);
#4337=ORIENTED_EDGE('',*,*,#4336,.F.);
#4339=ORIENTED_EDGE('',*,*,#4338,.F.);
#4340=ORIENTED_EDGE('',*,*,#4313,.T.);
#4341=ORIENTED_EDGE('',*,*,#3202,.F.);
#4343=ORIENTED_EDGE('',*,*,#4342,.T.);
#4344=EDGE_LOOP('',(#4328,#4330,#4332,#4333,#4335,#4337,#4339,#4340,#4341,
#4343));
#4345=FACE_OUTER_BOUND('',#4344,.F.);
#4346=ADVANCED_FACE('',(#4345),#4326,.F.);
#4347=CARTESIAN_POINT('',(-8.197418801088E0,-7.977108239491E0,
6.560333992263E1));
#4348=CARTESIAN_POINT('',(-8.213313587124E0,-7.942686802577E0,
6.560333065194E1));
#4349=CARTESIAN_POINT('',(-8.263566685464E0,-7.829076205363E0,
6.560330134234E1));
#4350=CARTESIAN_POINT('',(-8.342597448770E0,-7.621353437616E0,
6.560325522883E1));
#4351=CARTESIAN_POINT('',(-8.423845100895E0,-7.344143038922E0,
6.560320782392E1));
#4352=CARTESIAN_POINT('',(-8.484371553172E0,-7.043917184281E0,
6.560317250418E1));
#4353=CARTESIAN_POINT('',(-8.518234695711E0,-6.738203241696E0,
6.560315274298E1));
#4354=CARTESIAN_POINT('',(-8.525340873496E0,-6.441210334577E0,
6.560314859593E1));
#4355=CARTESIAN_POINT('',(-8.508931490155E0,-6.160301980393E0,
6.560315817202E1));
#4356=CARTESIAN_POINT('',(-8.473344703791E0,-5.899941698529E0,
6.560317893893E1));
#4357=CARTESIAN_POINT('',(-8.423611959932E0,-5.663906768844E0,
6.560320795924E1));
#4358=CARTESIAN_POINT('',(-8.364180105884E0,-5.451529884773E0,
6.560324263733E1));
#4359=CARTESIAN_POINT('',(-8.296032810671E0,-5.254117630408E0,
6.560328239701E1));
#4360=CARTESIAN_POINT('',(-8.238417820369E0,-5.114134198752E0,
6.560331601167E1));
#4361=CARTESIAN_POINT('',(-8.203703520750E0,-5.037679298138E0,
6.560333626066E1));
#4362=CARTESIAN_POINT('',(-8.197419446101E0,-5.024070684632E0,
6.560333992256E1));
#4363=CARTESIAN_POINT('',(-8.200051445164E0,-7.978318475989E0,
6.561996796132E1));
#4364=CARTESIAN_POINT('',(-8.215959111514E0,-7.943868756963E0,
6.561995871025E1));
#4365=CARTESIAN_POINT('',(-8.266252925102E0,-7.830164837628E0,
6.561992946310E1));
#4366=CARTESIAN_POINT('',(-8.345347684213E0,-7.622271580825E0,
6.561988344356E1));
#4367=CARTESIAN_POINT('',(-8.426661084466E0,-7.344833884382E0,
6.561983613714E1));
#4368=CARTESIAN_POINT('',(-8.487236490401E0,-7.044362057065E0,
6.561980089023E1));
#4369=CARTESIAN_POINT('',(-8.521127011877E0,-6.738397775356E0,
6.561978116991E1));
#4370=CARTESIAN_POINT('',(-8.528238934329E0,-6.441161723015E0,
6.561977703142E1));
#4371=CARTESIAN_POINT('',(-8.511816285044E0,-6.160023378784E0,
6.561978658773E1));
#4372=CARTESIAN_POINT('',(-8.476200723276E0,-5.899449868951E0,
6.561980731172E1));
#4373=CARTESIAN_POINT('',(-8.426427752678E0,-5.663221541955E0,
6.561983627204E1));
#4374=CARTESIAN_POINT('',(-8.366947807261E0,-5.450670540600E0,
6.561987087852E1));
#4375=CARTESIAN_POINT('',(-8.298745343085E0,-5.253096325814E0,
6.561991055582E1));
#4376=CARTESIAN_POINT('',(-8.241083685986E0,-5.112997956545E0,
6.561994410153E1));
#4377=CARTESIAN_POINT('',(-8.206341257640E0,-5.036480244062E0,
6.561996430808E1));
#4378=CARTESIAN_POINT('',(-8.200052090709E0,-5.022860449146E0,
6.561996796129E1));
#4379=CARTESIAN_POINT('',(-8.202210326243E0,-7.979300853477E0,
6.566454688412E1));
#4380=CARTESIAN_POINT('',(-8.218128171801E0,-7.944828049548E0,
6.566453764994E1));
#4381=CARTESIAN_POINT('',(-8.268454148606E0,-7.831048004089E0,
6.566450845727E1));
#4382=CARTESIAN_POINT('',(-8.347599395067E0,-7.623015931777E0,
6.566446251264E1));
#4383=CARTESIAN_POINT('',(-8.428964584240E0,-7.345393581521E0,
6.566441528796E1));
#4384=CARTESIAN_POINT('',(-8.489578500750E0,-7.044722295672E0,
6.566438010059E1));
#4385=CARTESIAN_POINT('',(-8.523490542575E0,-6.738555257180E0,
6.566436041388E1));
#4386=CARTESIAN_POINT('',(-8.530606978925E0,-6.441122372710E0,
6.566435628240E1));
#4387=CARTESIAN_POINT('',(-8.514173904875E0,-6.159797821338E0,
6.566436582247E1));
#4388=CARTESIAN_POINT('',(-8.478535719679E0,-5.899051560790E0,
6.566438651125E1));
#4389=CARTESIAN_POINT('',(-8.428731098061E0,-5.662666379066E0,
6.566441542229E1));
#4390=CARTESIAN_POINT('',(-8.369213276887E0,-5.449973965159E0,
6.566444997006E1));
#4391=CARTESIAN_POINT('',(-8.300967315185E0,-5.252268002499E0,
6.566448957935E1));
#4392=CARTESIAN_POINT('',(-8.243268818105E0,-5.112075963426E0,
6.566452306935E1));
#4393=CARTESIAN_POINT('',(-8.208504163528E0,-5.035506994081E0,
6.566454324005E1));
#4394=CARTESIAN_POINT('',(-8.202210972219E0,-5.021878072490E0,
6.566454688421E1));
#4395=CARTESIAN_POINT('',(-8.181578000695E0,-7.969749224738E0,
6.573974412843E1));
#4396=CARTESIAN_POINT('',(-8.197392356716E0,-7.935498785792E0,
6.573973474581E1));
#4397=CARTESIAN_POINT('',(-8.247391107382E0,-7.822452786275E0,
6.573970508528E1));
#4398=CARTESIAN_POINT('',(-8.326021581767E0,-7.615763449742E0,
6.573965838986E1));
#4399=CARTESIAN_POINT('',(-8.406857366379E0,-7.339934014339E0,
6.573961039982E1));
#4400=CARTESIAN_POINT('',(-8.467076778366E0,-7.041205384899E0,
6.573957464036E1));
#4401=CARTESIAN_POINT('',(-8.500768061370E0,-6.737017098881E0,
6.573955463398E1));
#4402=CARTESIAN_POINT('',(-8.507838167896E0,-6.441506755835E0,
6.573955043535E1));
#4403=CARTESIAN_POINT('',(-8.491512075007E0,-6.162000565902E0,
6.573956013040E1));
#4404=CARTESIAN_POINT('',(-8.456105872402E0,-5.902939379811E0,
6.573958115528E1));
#4405=CARTESIAN_POINT('',(-8.406625389617E0,-5.668081426596E0,
6.573961053589E1));
#4406=CARTESIAN_POINT('',(-8.347494834951E0,-5.456762695533E0,
6.573964564502E1));
#4407=CARTESIAN_POINT('',(-8.279692817512E0,-5.260333118863E0,
6.573968589697E1));
#4408=CARTESIAN_POINT('',(-8.222369542833E0,-5.121045737173E0,
6.573971993277E1));
#4409=CARTESIAN_POINT('',(-8.187830918729E0,-5.044970702271E0,
6.573974042910E1));
#4410=CARTESIAN_POINT('',(-8.181578642481E0,-5.031429693322E0,
6.573974412857E1));
#4411=CARTESIAN_POINT('',(-8.136523220554E0,-7.948927063045E0,
6.579418430104E1));
#4412=CARTESIAN_POINT('',(-8.152112945992E0,-7.915161820348E0,
6.579417459143E1));
#4413=CARTESIAN_POINT('',(-8.201401479076E0,-7.803717329794E0,
6.579414389769E1));
#4414=CARTESIAN_POINT('',(-8.278914912668E0,-7.599956601514E0,
6.579409557044E1));
#4415=CARTESIAN_POINT('',(-8.358602183902E0,-7.328036178944E0,
6.579404590561E1));
#4416=CARTESIAN_POINT('',(-8.417965911681E0,-7.033541745276E0,
6.579400889754E1));
#4417=CARTESIAN_POINT('',(-8.451178428557E0,-6.733665476096E0,
6.579398819275E1));
#4418=CARTESIAN_POINT('',(-8.458148063458E0,-6.442344311978E0,
6.579398384753E1));
#4419=CARTESIAN_POINT('',(-8.442053975092E0,-6.166800380881E0,
6.579399388106E1));
#4420=CARTESIAN_POINT('',(-8.407150898663E0,-5.911411420922E0,
6.579401563996E1));
#4421=CARTESIAN_POINT('',(-8.358373495826E0,-5.679882304224E0,
6.579404604627E1));
#4422=CARTESIAN_POINT('',(-8.300083076187E0,-5.471558418646E0,
6.579408238118E1));
#4423=CARTESIAN_POINT('',(-8.233244314704E0,-5.277912300528E0,
6.579412403814E1));
#4424=CARTESIAN_POINT('',(-8.176735344148E0,-5.140598346324E0,
6.579415926282E1));
#4425=CARTESIAN_POINT('',(-8.142687320763E0,-5.065601022961E0,
6.579418047399E1));
#4426=CARTESIAN_POINT('',(-8.136523853214E0,-5.052251837749E0,
6.579418430107E1));
#4427=CARTESIAN_POINT('',(-8.093709571922E0,-7.929148703378E0,
6.582115059115E1));
#4428=CARTESIAN_POINT('',(-8.109086147134E0,-7.895844435965E0,
6.582114057017E1));
#4429=CARTESIAN_POINT('',(-8.157700771016E0,-7.785921469762E0,
6.582110889201E1));
#4430=CARTESIAN_POINT('',(-8.234154322365E0,-7.584942879193E0,
6.582105901583E1));
#4431=CARTESIAN_POINT('',(-8.312751912666E0,-7.316735633188E0,
6.582100775874E1));
#4432=CARTESIAN_POINT('',(-8.371303827414E0,-7.026262975846E0,
6.582096956432E1));
#4433=CARTESIAN_POINT('',(-8.404062138708E0,-6.730482207016E0,
6.582094819577E1));
#4434=CARTESIAN_POINT('',(-8.410936457333E0,-6.443139795296E0,
6.582094371126E1));
#4435=CARTESIAN_POINT('',(-8.395062469769E0,-6.171359114367E0,
6.582095406644E1));
#4436=CARTESIAN_POINT('',(-8.360636713561E0,-5.919458030248E0,
6.582097652288E1));
#4437=CARTESIAN_POINT('',(-8.312526348014E0,-5.691090773724E0,
6.582100790394E1));
#4438=CARTESIAN_POINT('',(-8.255033023542E0,-5.485611665547E0,
6.582104540365E1));
#4439=CARTESIAN_POINT('',(-8.189108208030E0,-5.294609696473E0,
6.582108839608E1));
#4440=CARTESIAN_POINT('',(-8.133371892624E0,-5.159170539410E0,
6.582112474985E1));
#4441=CARTESIAN_POINT('',(-8.099789393582E0,-5.085197118313E0,
6.582114664114E1));
#4442=CARTESIAN_POINT('',(-8.093710195917E0,-5.072030181009E0,
6.582115059107E1));
#4443=CARTESIAN_POINT('',(-8.061512498415E0,-7.914277502203E0,
6.583318077947E1));
#4444=CARTESIAN_POINT('',(-8.076728880794E0,-7.881319872531E0,
6.583317052413E1));
#4445=CARTESIAN_POINT('',(-8.124837032497E0,-7.772541028457E0,
6.583313810478E1));
#4446=CARTESIAN_POINT('',(-8.200494053492E0,-7.573654419376E0,
6.583308706434E1));
#4447=CARTESIAN_POINT('',(-8.278272740082E0,-7.308239123171E0,
6.583303460956E1));
#4448=CARTESIAN_POINT('',(-8.336214583976E0,-7.020790355536E0,
6.583299552302E1));
#4449=CARTESIAN_POINT('',(-8.368631568185E0,-6.728088843669E0,
6.583297365529E1));
#4450=CARTESIAN_POINT('',(-8.375434258789E0,-6.443737884397E0,
6.583296906602E1));
#4451=CARTESIAN_POINT('',(-8.359725672245E0,-6.174786635556E0,
6.583297966310E1));
#4452=CARTESIAN_POINT('',(-8.325658614766E0,-5.925507971347E0,
6.583300264411E1));
#4453=CARTESIAN_POINT('',(-8.278049523774E0,-5.699518059314E0,
6.583303475824E1));
#4454=CARTESIAN_POINT('',(-8.221155221178E0,-5.496177938602E0,
6.583307313390E1));
#4455=CARTESIAN_POINT('',(-8.155917254087E0,-5.307164159969E0,
6.583311713076E1));
#4456=CARTESIAN_POINT('',(-8.100761616279E0,-5.173134747648E0,
6.583315433342E1));
#4457=CARTESIAN_POINT('',(-8.067528980618E0,-5.099931262921E0,
6.583317673647E1));
#4458=CARTESIAN_POINT('',(-8.061513115897E0,-5.086901369859E0,
6.583318077923E1));
#4459=CARTESIAN_POINT('',(-8.027882629913E0,-7.898746816689E0,
6.583869071058E1));
#4460=CARTESIAN_POINT('',(-8.042931778128E0,-7.866151225867E0,
6.583868021024E1));
#4461=CARTESIAN_POINT('',(-8.090511198575E0,-7.758567326585E0,
6.583864701599E1));
#4462=CARTESIAN_POINT('',(-8.165336697192E0,-7.561865567425E0,
6.583859475996E1));
#4463=CARTESIAN_POINT('',(-8.242260523290E0,-7.299366068202E0,
6.583854105398E1));
#4464=CARTESIAN_POINT('',(-8.299565520173E0,-7.015075242782E0,
6.583850103566E1));
#4465=CARTESIAN_POINT('',(-8.331626200384E0,-6.725589439874E0,
6.583847864651E1));
#4466=CARTESIAN_POINT('',(-8.338354120378E0,-6.444362471898E0,
6.583847394783E1));
#4467=CARTESIAN_POINT('',(-8.322818191839E0,-6.178366021087E0,
6.583848479757E1));
#4468=CARTESIAN_POINT('',(-8.289125573456E0,-5.931825996466E0,
6.583850832650E1));
#4469=CARTESIAN_POINT('',(-8.242039759353E0,-5.708318826010E0,
6.583854120634E1));
#4470=CARTESIAN_POINT('',(-8.185770779588E0,-5.507212566749E0,
6.583858049693E1));
#4471=CARTESIAN_POINT('',(-8.121249828686E0,-5.320275211379E0,
6.583862554303E1));
#4472=CARTESIAN_POINT('',(-8.066700383294E0,-5.187718145391E0,
6.583866363216E1));
#4473=CARTESIAN_POINT('',(-8.033832988552E0,-5.115318802446E0,
6.583868656997E1));
#4474=CARTESIAN_POINT('',(-8.027883240596E0,-5.102432042464E0,
6.583869071045E1));
#4475=CARTESIAN_POINT('',(-7.978609502660E0,-7.875995299673E0,
6.583626168436E1));
#4476=CARTESIAN_POINT('',(-7.993413756180E0,-7.843930117040E0,
6.583625082479E1));
#4477=CARTESIAN_POINT('',(-8.040218916679E0,-7.738096866240E0,
6.583621649407E1));
#4478=CARTESIAN_POINT('',(-8.113826778296E0,-7.544595924122E0,
6.583616245775E1));
#4479=CARTESIAN_POINT('',(-8.189498819289E0,-7.286367942485E0,
6.583610691823E1));
#4480=CARTESIAN_POINT('',(-8.245871288019E0,-7.006703243150E0,
6.583606553477E1));
#4481=CARTESIAN_POINT('',(-8.277410242146E0,-6.721928107984E0,
6.583604238161E1));
#4482=CARTESIAN_POINT('',(-8.284028678108E0,-6.445277418122E0,
6.583603752264E1));
#4483=CARTESIAN_POINT('',(-8.268745567072E0,-6.183609405534E0,
6.583604874256E1));
#4484=CARTESIAN_POINT('',(-8.235601231307E0,-5.941081210656E0,
6.583607307430E1));
#4485=CARTESIAN_POINT('',(-8.189281647756E0,-5.721211062714E0,
6.583610707606E1));
#4486=CARTESIAN_POINT('',(-8.133928335915E0,-5.523377301834E0,
6.583614770717E1));
#4487=CARTESIAN_POINT('',(-8.070457336524E0,-5.339481876096E0,
6.583619429071E1));
#4488=CARTESIAN_POINT('',(-8.016795574889E0,-5.209081834391E0,
6.583623367839E1));
#4489=CARTESIAN_POINT('',(-7.984463031143E0,-5.137860602176E0,
6.583625740007E1));
#4490=CARTESIAN_POINT('',(-7.978610103394E0,-5.125183540578E0,
6.583626168423E1));
#4491=CARTESIAN_POINT('',(-7.915936560562E0,-7.847063881677E0,
6.581052643191E1));
#4492=CARTESIAN_POINT('',(-7.930429600779E0,-7.815673272834E0,
6.581051511482E1));
#4493=CARTESIAN_POINT('',(-7.976250838060E0,-7.712066464726E0,
6.581047933619E1));
#4494=CARTESIAN_POINT('',(-8.048311384399E0,-7.522636074457E0,
6.581042303701E1));
#4495=CARTESIAN_POINT('',(-8.122392774537E0,-7.269839975085E0,
6.581036516461E1));
#4496=CARTESIAN_POINT('',(-8.177580309801E0,-6.996057829318E0,
6.581032204489E1));
#4497=CARTESIAN_POINT('',(-8.208456336316E0,-6.717272573767E0,
6.581029791989E1));
#4498=CARTESIAN_POINT('',(-8.214935658246E0,-6.446440808118E0,
6.581029285703E1));
#4499=CARTESIAN_POINT('',(-8.199973786202E0,-6.190276599015E0,
6.581030454783E1));
#4500=CARTESIAN_POINT('',(-8.167526125826E0,-5.952849709189E0,
6.581032990071E1));
#4501=CARTESIAN_POINT('',(-8.122180170831E0,-5.737604398195E0,
6.581036532955E1));
#4502=CARTESIAN_POINT('',(-8.067990400003E0,-5.543932087399E0,
6.581040766572E1));
#4503=CARTESIAN_POINT('',(-8.005853610284E0,-5.363905062709E0,
6.581045620515E1));
#4504=CARTESIAN_POINT('',(-7.953319892133E0,-5.236248220135E0,
6.581049724391E1));
#4505=CARTESIAN_POINT('',(-7.921667036837E0,-5.166525301467E0,
6.581052196341E1));
#4506=CARTESIAN_POINT('',(-7.915937148660E0,-5.154114934518E0,
6.581052643171E1));
#4507=CARTESIAN_POINT('',(-7.867053690388E0,-7.824509905325E0,
6.575481854807E1));
#4508=CARTESIAN_POINT('',(-7.881304435590E0,-7.793645318281E0,
6.575480687321E1));
#4509=CARTESIAN_POINT('',(-7.926359655335E0,-7.691774600568E0,
6.575476996150E1));
#4510=CARTESIAN_POINT('',(-7.997215639745E0,-7.505517965865E0,
6.575471189984E1));
#4511=CARTESIAN_POINT('',(-8.070058823544E0,-7.256956555236E0,
6.575465220674E1));
#4512=CARTESIAN_POINT('',(-8.124324030203E0,-6.987760020485E0,
6.575460773302E1));
#4513=CARTESIAN_POINT('',(-8.154684067406E0,-6.713643761555E0,
6.575458284990E1));
#4514=CARTESIAN_POINT('',(-8.161055111728E0,-6.447347623643E0,
6.575457762802E1));
#4515=CARTESIAN_POINT('',(-8.146343273020E0,-6.195473445799E0,
6.575458968610E1));
#4516=CARTESIAN_POINT('',(-8.114437875668E0,-5.962022984506E0,
6.575461583547E1));
#4517=CARTESIAN_POINT('',(-8.069849780184E0,-5.750382893815E0,
6.575465237750E1));
#4518=CARTESIAN_POINT('',(-8.016565735796E0,-5.559954800659E0,
6.575469604354E1));
#4519=CARTESIAN_POINT('',(-7.955467578775E0,-5.382943775460E0,
6.575474610902E1));
#4520=CARTESIAN_POINT('',(-7.903812052653E0,-5.257425867075E0,
6.575478843460E1));
#4521=CARTESIAN_POINT('',(-7.872688364406E0,-5.188871294858E0,
6.575481393359E1));
#4522=CARTESIAN_POINT('',(-7.867054268667E0,-5.176668892092E0,
6.575481854772E1));
#4523=CARTESIAN_POINT('',(-7.850522401020E0,-7.816889355390E0,
6.571510874967E1));
#4524=CARTESIAN_POINT('',(-7.864691464956E0,-7.786202586660E0,
6.571509695327E1));
#4525=CARTESIAN_POINT('',(-7.909488457884E0,-7.684918711699E0,
6.571505965618E1));
#4526=CARTESIAN_POINT('',(-7.979938425085E0,-7.499734713229E0,
6.571500099994E1));
#4527=CARTESIAN_POINT('',(-8.052364305083E0,-7.252604222951E0,
6.571494069046E1));
#4528=CARTESIAN_POINT('',(-8.106318698909E0,-6.984956940361E0,
6.571489575896E1));
#4529=CARTESIAN_POINT('',(-8.136504866309E0,-6.712417942586E0,
6.571487061939E1));
#4530=CARTESIAN_POINT('',(-8.142839425985E0,-6.447653945825E0,
6.571486534375E1));
#4531=CARTESIAN_POINT('',(-8.128211837833E0,-6.197228962732E0,
6.571487752605E1));
#4532=CARTESIAN_POINT('',(-8.096489167188E0,-5.965121836558E0,
6.571490394479E1));
#4533=CARTESIAN_POINT('',(-8.052156464355E0,-5.754699792037E0,
6.571494086334E1));
#4534=CARTESIAN_POINT('',(-7.999177667014E0,-5.565367908969E0,
6.571498497910E1));
#4535=CARTESIAN_POINT('',(-7.938429580632E0,-5.389376120026E0,
6.571503556096E1));
#4536=CARTESIAN_POINT('',(-7.887070079249E0,-5.264581166049E0,
6.571507832118E1));
#4537=CARTESIAN_POINT('',(-7.856124778666E0,-5.196421537479E0,
6.571510408448E1));
#4538=CARTESIAN_POINT('',(-7.850522976002E0,-5.184289435664E0,
6.571510874925E1));
#4539=CARTESIAN_POINT('',(-7.846000153834E0,-7.814806119020E0,
6.569989052960E1));
#4540=CARTESIAN_POINT('',(-7.860146927238E0,-7.784167978555E0,
6.569987869984E1));
#4541=CARTESIAN_POINT('',(-7.904873452881E0,-7.683044581853E0,
6.569984129688E1));
#4542=CARTESIAN_POINT('',(-7.975212631673E0,-7.498153870612E0,
6.569978247829E1));
#4543=CARTESIAN_POINT('',(-8.047524654796E0,-7.251414573453E0,
6.569972200005E1));
#4544=CARTESIAN_POINT('',(-8.101394253570E0,-6.984190782741E0,
6.569967694336E1));
#4545=CARTESIAN_POINT('',(-8.131532988815E0,-6.712082899145E0,
6.569965173361E1));
#4546=CARTESIAN_POINT('',(-8.137857595593E0,-6.447737670109E0,
6.569964644326E1));
#4547=CARTESIAN_POINT('',(-8.123252990871E0,-6.197708787103E0,
6.569965865955E1));
#4548=CARTESIAN_POINT('',(-8.091580169323E0,-5.965968843096E0,
6.569968515198E1));
#4549=CARTESIAN_POINT('',(-8.047317142762E0,-5.755879758609E0,
6.569972217354E1));
#4550=CARTESIAN_POINT('',(-7.994421628090E0,-5.566847558318E0,
6.569976641233E1));
#4551=CARTESIAN_POINT('',(-7.933769060538E0,-5.391134438290E0,
6.569981713551E1));
#4552=CARTESIAN_POINT('',(-7.882490337638E0,-5.266537171237E0,
6.569986001451E1));
#4553=CARTESIAN_POINT('',(-7.851593717913E0,-5.198485546793E0,
6.569988585026E1));
#4554=CARTESIAN_POINT('',(-7.846000727920E0,-5.186372670291E0,
6.569989052917E1));
#4555=B_SPLINE_SURFACE_WITH_KNOTS('',3,3,((#4347,#4348,#4349,#4350,#4351,#4352,
#4353,#4354,#4355,#4356,#4357,#4358,#4359,#4360,#4361,#4362),(#4363,#4364,#4365,
#4366,#4367,#4368,#4369,#4370,#4371,#4372,#4373,#4374,#4375,#4376,#4377,#4378),(
#4379,#4380,#4381,#4382,#4383,#4384,#4385,#4386,#4387,#4388,#4389,#4390,#4391,
#4392,#4393,#4394),(#4395,#4396,#4397,#4398,#4399,#4400,#4401,#4402,#4403,#4404,
#4405,#4406,#4407,#4408,#4409,#4410),(#4411,#4412,#4413,#4414,#4415,#4416,#4417,
#4418,#4419,#4420,#4421,#4422,#4423,#4424,#4425,#4426),(#4427,#4428,#4429,#4430,
#4431,#4432,#4433,#4434,#4435,#4436,#4437,#4438,#4439,#4440,#4441,#4442),(#4443,
#4444,#4445,#4446,#4447,#4448,#4449,#4450,#4451,#4452,#4453,#4454,#4455,#4456,
#4457,#4458),(#4459,#4460,#4461,#4462,#4463,#4464,#4465,#4466,#4467,#4468,#4469,
#4470,#4471,#4472,#4473,#4474),(#4475,#4476,#4477,#4478,#4479,#4480,#4481,#4482,
#4483,#4484,#4485,#4486,#4487,#4488,#4489,#4490),(#4491,#4492,#4493,#4494,#4495,
#4496,#4497,#4498,#4499,#4500,#4501,#4502,#4503,#4504,#4505,#4506),(#4507,#4508,
#4509,#4510,#4511,#4512,#4513,#4514,#4515,#4516,#4517,#4518,#4519,#4520,#4521,
#4522),(#4523,#4524,#4525,#4526,#4527,#4528,#4529,#4530,#4531,#4532,#4533,#4534,
#4535,#4536,#4537,#4538),(#4539,#4540,#4541,#4542,#4543,#4544,#4545,#4546,#4547,
#4548,#4549,#4550,#4551,#4552,#4553,#4554)),.UNSPECIFIED.,.F.,.F.,.F.,(4,1,1,1,
1,1,1,1,1,1,4),(4,1,1,1,1,1,1,1,1,1,1,1,1,4),(8.509335885266E-2,2.5E-1,5.E-1,
7.5E-1,8.75E-1,1.E0,1.125E0,1.25E0,1.5E0,1.75E0,1.905686840572E0),(
4.314490145553E-1,4.366005564125E-1,4.483261049186E-1,4.616249598397E-1,
4.758117581774E-1,4.898916097778E-1,5.033703190013E-1,5.161357631149E-1,
5.280905089133E-1,5.390480664895E-1,5.488907325875E-1,5.580418138284E-1,
5.674139693762E-1,5.694506728653E-1),.UNSPECIFIED.);
#4556=ORIENTED_EDGE('',*,*,#4329,.T.);
#4557=ORIENTED_EDGE('',*,*,#4327,.T.);
#4559=ORIENTED_EDGE('',*,*,#4558,.F.);
#4561=ORIENTED_EDGE('',*,*,#4560,.F.);
#4563=ORIENTED_EDGE('',*,*,#4562,.F.);
#4565=ORIENTED_EDGE('',*,*,#4564,.F.);
#4566=EDGE_LOOP('',(#4556,#4557,#4559,#4561,#4563,#4565));
#4567=FACE_OUTER_BOUND('',#4566,.F.);
#4568=ADVANCED_FACE('',(#4567),#4555,.F.);
#4569=CARTESIAN_POINT('',(-7.764431240970E0,-7.746658329079E0,
6.824362989460E1));
#4570=DIRECTION('',(1.558441558442E-1,-9.877816555744E-1,0.E0));
#4571=DIRECTION('',(9.877816555744E-1,1.558441558442E-1,0.E0));
#4572=AXIS2_PLACEMENT_3D('',#4569,#4570,#4571);
#4573=PLANE('',#4572);
#4575=ORIENTED_EDGE('',*,*,#4574,.T.);
#4576=ORIENTED_EDGE('',*,*,#4558,.T.);
#4577=ORIENTED_EDGE('',*,*,#4342,.F.);
#4578=ORIENTED_EDGE('',*,*,#3200,.F.);
#4580=ORIENTED_EDGE('',*,*,#4579,.T.);
#4582=ORIENTED_EDGE('',*,*,#4581,.F.);
#4584=ORIENTED_EDGE('',*,*,#4583,.F.);
#4586=ORIENTED_EDGE('',*,*,#4585,.F.);
#4588=ORIENTED_EDGE('',*,*,#4587,.F.);
#4589=EDGE_LOOP('',(#4575,#4576,#4577,#4578,#4580,#4582,#4584,#4586,#4588));
#4590=FACE_OUTER_BOUND('',#4589,.F.);
#4591=ADVANCED_FACE('',(#4590),#4573,.T.);
#4592=CARTESIAN_POINT('',(-5.001048444196E0,-6.500588848776E0,
6.481520276985E1));
#4593=DIRECTION('',(0.E0,0.E0,-1.E0));
#4594=DIRECTION('',(9.999988959614E-1,1.485959642835E-3,0.E0));
#4595=AXIS2_PLACEMENT_3D('',#4592,#4593,#4594);
#4596=TOROIDAL_SURFACE('',#4595,4.925E0,2.E0);
#4597=ORIENTED_EDGE('',*,*,#4562,.T.);
#4598=ORIENTED_EDGE('',*,*,#4560,.T.);
#4599=ORIENTED_EDGE('',*,*,#4574,.F.);
#4601=ORIENTED_EDGE('',*,*,#4600,.T.);
#4603=ORIENTED_EDGE('',*,*,#4602,.T.);
#4605=ORIENTED_EDGE('',*,*,#4604,.F.);
#4606=EDGE_LOOP('',(#4597,#4598,#4599,#4601,#4603,#4605));
#4607=FACE_OUTER_BOUND('',#4606,.F.);
#4608=ADVANCED_FACE('',(#4607),#4596,.F.);
#4609=CARTESIAN_POINT('',(-5.001048444196E0,-6.500588848776E0,
6.174362989460E1));
#4610=DIRECTION('',(0.E0,0.E0,-1.E0));
#4611=DIRECTION('',(1.E0,0.E0,0.E0));
#4612=AXIS2_PLACEMENT_3D('',#4609,#4610,#4611);
#4613=CYLINDRICAL_SURFACE('',#4612,2.925E0);
#4614=ORIENTED_EDGE('',*,*,#4602,.F.);
#4615=ORIENTED_EDGE('',*,*,#4600,.F.);
#4616=ORIENTED_EDGE('',*,*,#4587,.T.);
#4618=ORIENTED_EDGE('',*,*,#4617,.F.);
#4620=ORIENTED_EDGE('',*,*,#4619,.F.);
#4622=ORIENTED_EDGE('',*,*,#4621,.T.);
#4623=EDGE_LOOP('',(#4614,#4615,#4616,#4618,#4620,#4622));
#4624=FACE_OUTER_BOUND('',#4623,.F.);
#4625=ADVANCED_FACE('',(#4624),#4613,.T.);
#4626=CARTESIAN_POINT('',(-1.016477412283E1,-1.166477412283E1,
6.174362989460E1));
#4627=DIRECTION('',(0.E0,0.E0,-1.E0));
#4628=DIRECTION('',(1.E0,0.E0,0.E0));
#4629=AXIS2_PLACEMENT_3D('',#4626,#4627,#4628);
#4630=PLANE('',#4629);
#4632=ORIENTED_EDGE('',*,*,#4631,.T.);
#4634=ORIENTED_EDGE('',*,*,#4633,.T.);
#4636=ORIENTED_EDGE('',*,*,#4635,.T.);
#4637=ORIENTED_EDGE('',*,*,#4619,.T.);
#4638=ORIENTED_EDGE('',*,*,#4617,.T.);
#4639=ORIENTED_EDGE('',*,*,#4585,.T.);
#4640=EDGE_LOOP('',(#4632,#4634,#4636,#4637,#4638,#4639));
#4641=FACE_OUTER_BOUND('',#4640,.F.);
#4642=ADVANCED_FACE('',(#4641),#4630,.T.);
#4643=CARTESIAN_POINT('',(-2.195104844420E1,-6.500588848776E0,
6.824362989460E1));
#4644=DIRECTION('',(0.E0,0.E0,1.E0));
#4645=DIRECTION('',(1.E0,0.E0,0.E0));
#4646=AXIS2_PLACEMENT_3D('',#4643,#4644,#4645);
#4647=CYLINDRICAL_SURFACE('',#4646,1.52E1);
#4648=ORIENTED_EDGE('',*,*,#4583,.T.);
#4650=ORIENTED_EDGE('',*,*,#4649,.T.);
#4652=ORIENTED_EDGE('',*,*,#4651,.F.);
#4654=ORIENTED_EDGE('',*,*,#4653,.F.);
#4656=ORIENTED_EDGE('',*,*,#4655,.T.);
#4658=ORIENTED_EDGE('',*,*,#4657,.T.);
#4659=ORIENTED_EDGE('',*,*,#4633,.F.);
#4660=ORIENTED_EDGE('',*,*,#4631,.F.);
#4661=EDGE_LOOP('',(#4648,#4650,#4652,#4654,#4656,#4658,#4659,#4660));
#4662=FACE_OUTER_BOUND('',#4661,.F.);
#4663=ADVANCED_FACE('',(#4662),#4647,.T.);
#4664=CARTESIAN_POINT('',(-6.817320113298E0,-5.123875531982E0,
6.611833611578E1));
#4665=CARTESIAN_POINT('',(-6.796679016466E0,-5.257634284242E0,
6.597080622995E1));
#4666=CARTESIAN_POINT('',(-6.776037919634E0,-5.391393036501E0,
6.582327634413E1));
#4667=CARTESIAN_POINT('',(-6.755396822801E0,-5.525151788760E0,
6.567574645830E1));
#4668=CARTESIAN_POINT('',(-6.823049726263E0,-5.131650886620E0,
6.612305409849E1));
#4669=CARTESIAN_POINT('',(-6.801895220342E0,-5.264657018174E0,
6.597552421326E1));
#4670=CARTESIAN_POINT('',(-6.780740714421E0,-5.397663149728E0,
6.582799432802E1));
#4671=CARTESIAN_POINT('',(-6.759586208500E0,-5.530669281282E0,
6.568046444278E1));
#4672=CARTESIAN_POINT('',(-6.873039365525E0,-5.200379833183E0,
6.616423646519E1));
#4673=CARTESIAN_POINT('',(-6.847405676174E0,-5.326732593851E0,
6.601670658531E1));
#4674=CARTESIAN_POINT('',(-6.821771986823E0,-5.453085354518E0,
6.586917670544E1));
#4675=CARTESIAN_POINT('',(-6.796138297472E0,-5.579438115185E0,
6.572164682557E1));
#4676=CARTESIAN_POINT('',(-7.015760716439E0,-5.421228291531E0,
6.628231232580E1));
#4677=CARTESIAN_POINT('',(-6.977344156224E0,-5.526182402991E0,
6.613478246699E1));
#4678=CARTESIAN_POINT('',(-6.938927596009E0,-5.631136514450E0,
6.598725260817E1));
#4679=CARTESIAN_POINT('',(-6.900511035793E0,-5.736090625909E0,
6.583972274936E1));
#4680=CARTESIAN_POINT('',(-7.180264847741E0,-5.801970768914E0,
6.641997285522E1));
#4681=CARTESIAN_POINT('',(-7.127131432568E0,-5.869948735286E0,
6.627244304596E1));
#4682=CARTESIAN_POINT('',(-7.073998017396E0,-5.937926701659E0,
6.612491323669E1));
#4683=CARTESIAN_POINT('',(-7.020864602223E0,-6.005904668031E0,
6.597738342743E1));
#4684=CARTESIAN_POINT('',(-7.273551177566E0,-6.270909926837E0,
6.649865018188E1));
#4685=CARTESIAN_POINT('',(-7.212079063344E0,-6.293266379308E0,
6.635112041443E1));
#4686=CARTESIAN_POINT('',(-7.150606949121E0,-6.315622831780E0,
6.620359064699E1));
#4687=CARTESIAN_POINT('',(-7.089134834899E0,-6.337979284251E0,
6.605606087954E1));
#4688=CARTESIAN_POINT('',(-7.273384330888E0,-6.731879771678E0,
6.649850974573E1));
#4689=CARTESIAN_POINT('',(-7.211927134116E0,-6.709366413224E0,
6.635097997836E1));
#4690=CARTESIAN_POINT('',(-7.150469937344E0,-6.686853054770E0,
6.620345021100E1));
#4691=CARTESIAN_POINT('',(-7.089012740572E0,-6.664339696315E0,
6.605592044363E1));
#4692=CARTESIAN_POINT('',(-7.179741531922E0,-7.201357013073E0,
6.641953057948E1));
#4693=CARTESIAN_POINT('',(-7.126654885450E0,-7.133169885831E0,
6.627200077034E1));
#4694=CARTESIAN_POINT('',(-7.073568238979E0,-7.064982758590E0,
6.612447096121E1));
#4695=CARTESIAN_POINT('',(-7.020481592507E0,-6.996795631349E0,
6.597694115207E1));
#4696=CARTESIAN_POINT('',(-7.014395901495E0,-7.582391299194E0,
6.628117632327E1));
#4697=CARTESIAN_POINT('',(-6.976101509763E0,-7.477200359322E0,
6.613364646456E1));
#4698=CARTESIAN_POINT('',(-6.937807118030E0,-7.372009419450E0,
6.598611660585E1));
#4699=CARTESIAN_POINT('',(-6.899512726298E0,-7.266818479579E0,
6.583858674714E1));
#4700=CARTESIAN_POINT('',(-6.872126566587E0,-7.802109143029E0,
6.616348415305E1));
#4701=CARTESIAN_POINT('',(-6.846574663914E0,-7.675629416768E0,
6.601595427336E1));
#4702=CARTESIAN_POINT('',(-6.821022761242E0,-7.549149690507E0,
6.586842439367E1));
#4703=CARTESIAN_POINT('',(-6.795470858569E0,-7.422669964246E0,
6.572089451398E1));
#4704=CARTESIAN_POINT('',(-6.822986693164E0,-7.869661604393E0,
6.612300199698E1));
#4705=CARTESIAN_POINT('',(-6.801837834976E0,-7.736642409499E0,
6.597547211198E1));
#4706=CARTESIAN_POINT('',(-6.780688976787E0,-7.603623214605E0,
6.582794222699E1));
#4707=CARTESIAN_POINT('',(-6.759540118599E0,-7.470604019710E0,
6.568041234199E1));
#4708=CARTESIAN_POINT('',(-6.817221531757E0,-7.877483402642E0,
6.611825477531E1));
#4709=CARTESIAN_POINT('',(-6.796589268406E0,-7.743707093517E0,
6.597072488972E1));
#4710=CARTESIAN_POINT('',(-6.775957005055E0,-7.609930784392E0,
6.582319500413E1));
#4711=CARTESIAN_POINT('',(-6.755324741704E0,-7.476154475267E0,
6.567566511854E1));
#4712=B_SPLINE_SURFACE_WITH_KNOTS('',3,3,((#4664,#4665,#4666,#4667),(#4668,
#4669,#4670,#4671),(#4672,#4673,#4674,#4675),(#4676,#4677,#4678,#4679),(#4680,
#4681,#4682,#4683),(#4684,#4685,#4686,#4687),(#4688,#4689,#4690,#4691),(#4692,
#4693,#4694,#4695),(#4696,#4697,#4698,#4699),(#4700,#4701,#4702,#4703),(#4704,
#4705,#4706,#4707),(#4708,#4709,#4710,#4711)),.UNSPECIFIED.,.F.,.F.,.F.,(4,1,1,
1,1,1,1,1,1,4),(4,4),(-9.136291473598E-3,0.E0,7.137684579689E-2,
2.431164198874E-1,4.148559939780E-1,5.865955680686E-1,7.583351421591E-1,
9.300747162497E-1,1.E0,1.009189233299E0),(4.693176716697E-8,9.999999724539E-1),
.UNSPECIFIED.);
#4714=ORIENTED_EDGE('',*,*,#4713,.F.);
#4716=ORIENTED_EDGE('',*,*,#4715,.F.);
#4718=ORIENTED_EDGE('',*,*,#4717,.T.);
#4719=ORIENTED_EDGE('',*,*,#4655,.F.);
#4721=ORIENTED_EDGE('',*,*,#4720,.F.);
#4722=ORIENTED_EDGE('',*,*,#4649,.F.);
#4723=ORIENTED_EDGE('',*,*,#4581,.T.);
#4724=EDGE_LOOP('',(#4714,#4716,#4718,#4719,#4721,#4722,#4723));
#4725=FACE_OUTER_BOUND('',#4724,.F.);
#4726=ADVANCED_FACE('',(#4725),#4712,.T.);
#4727=CARTESIAN_POINT('',(-5.001048444196E0,-6.500588848776E0,
6.824362989460E1));
#4728=DIRECTION('',(0.E0,0.E0,1.E0));
#4729=DIRECTION('',(1.E0,0.E0,0.E0));
#4730=AXIS2_PLACEMENT_3D('',#4727,#4728,#4729);
#4731=CYLINDRICAL_SURFACE('',#4730,2.25E0);
#4732=ORIENTED_EDGE('',*,*,#4715,.T.);
#4733=ORIENTED_EDGE('',*,*,#4713,.T.);
#4734=ORIENTED_EDGE('',*,*,#4579,.F.);
#4735=ORIENTED_EDGE('',*,*,#3198,.F.);
#4736=ORIENTED_EDGE('',*,*,#3196,.F.);
#4738=ORIENTED_EDGE('',*,*,#4737,.F.);
#4739=EDGE_LOOP('',(#4732,#4733,#4734,#4735,#4736,#4738));
#4740=FACE_OUTER_BOUND('',#4739,.F.);
#4741=ADVANCED_FACE('',(#4740),#4731,.F.);
#4742=CARTESIAN_POINT('',(-6.776649585396E0,-5.410363524317E0,
6.824362989460E1));
#4743=DIRECTION('',(1.558441558442E-1,9.877816555744E-1,0.E0));
#4744=DIRECTION('',(-9.877816555744E-1,1.558441558442E-1,0.E0));
#4745=AXIS2_PLACEMENT_3D('',#4742,#4743,#4744);
#4746=PLANE('',#4745);
#4747=ORIENTED_EDGE('',*,*,#4331,.F.);
#4748=ORIENTED_EDGE('',*,*,#4564,.T.);
#4749=ORIENTED_EDGE('',*,*,#4604,.T.);
#4750=ORIENTED_EDGE('',*,*,#4621,.F.);
#4751=ORIENTED_EDGE('',*,*,#4635,.F.);
#4752=ORIENTED_EDGE('',*,*,#4657,.F.);
#4753=ORIENTED_EDGE('',*,*,#4717,.F.);
#4754=ORIENTED_EDGE('',*,*,#4737,.T.);
#4755=ORIENTED_EDGE('',*,*,#3194,.F.);
#4756=EDGE_LOOP('',(#4747,#4748,#4749,#4750,#4751,#4752,#4753,#4754,#4755));
#4757=FACE_OUTER_BOUND('',#4756,.F.);
#4758=ADVANCED_FACE('',(#4757),#4746,.T.);
#4759=CARTESIAN_POINT('',(-2.196201527921E1,-6.500588421997E0,
6.593138816725E1));
#4760=DIRECTION('',(-7.305260454117E-4,2.842114922169E-8,-9.999997331658E-1));
#4761=DIRECTION('',(-9.978929512060E-1,-6.487778135940E-2,7.289851420058E-4));
#4762=AXIS2_PLACEMENT_3D('',#4759,#4760,#4761);
#4763=CONICAL_SURFACE('',#4762,1.503415891843E1,4.504178646028E1);
#4764=ORIENTED_EDGE('',*,*,#4720,.T.);
#4765=ORIENTED_EDGE('',*,*,#4653,.T.);
#4766=ORIENTED_EDGE('',*,*,#4651,.T.);
#4767=EDGE_LOOP('',(#4764,#4765,#4766));
#4768=FACE_OUTER_BOUND('',#4767,.F.);
#4769=ADVANCED_FACE('',(#4768),#4763,.T.);
#4770=CARTESIAN_POINT('',(-8.637656643108E0,-4.742202243103E0,
6.174362989460E1));
#4771=DIRECTION('',(1.558441558442E-1,9.877816555744E-1,0.E0));
#4772=DIRECTION('',(9.877816555744E-1,-1.558441558442E-1,0.E0));
#4773=AXIS2_PLACEMENT_3D('',#4770,#4771,#4772);
#4774=PLANE('',#4773);
#4775=ORIENTED_EDGE('',*,*,#4334,.T.);
#4776=ORIENTED_EDGE('',*,*,#3190,.F.);
#4778=ORIENTED_EDGE('',*,*,#4777,.F.);
#4780=ORIENTED_EDGE('',*,*,#4779,.F.);
#4781=EDGE_LOOP('',(#4775,#4776,#4778,#4780));
#4782=FACE_OUTER_BOUND('',#4781,.F.);
#4783=ADVANCED_FACE('',(#4782),#4774,.F.);
#4784=CARTESIAN_POINT('',(-4.999845223091E0,-6.500588848776E0,
6.824362989460E1));
#4785=DIRECTION('',(0.E0,0.E0,-1.E0));
#4786=DIRECTION('',(1.E0,0.E0,0.E0));
#4787=AXIS2_PLACEMENT_3D('',#4784,#4785,#4786);
#4788=CYLINDRICAL_SURFACE('',#4787,2.925E0);
#4789=ORIENTED_EDGE('',*,*,#4777,.T.);
#4790=ORIENTED_EDGE('',*,*,#3188,.F.);
#4792=ORIENTED_EDGE('',*,*,#4791,.T.);
#4794=ORIENTED_EDGE('',*,*,#4793,.F.);
#4795=EDGE_LOOP('',(#4789,#4790,#4792,#4794));
#4796=FACE_OUTER_BOUND('',#4795,.F.);
#4797=ADVANCED_FACE('',(#4796),#4788,.F.);
#4798=CARTESIAN_POINT('',(-4.799845223091E0,-3.782938208977E0,
7.880364166799E1));
#4799=DIRECTION('',(0.E0,0.E0,-1.E0));
#4800=DIRECTION('',(7.339449541285E-2,9.973029870822E-1,0.E0));
#4801=AXIS2_PLACEMENT_3D('',#4798,#4799,#4800);
#4802=CYLINDRICAL_SURFACE('',#4801,2.E-1);
#4803=ORIENTED_EDGE('',*,*,#4791,.F.);
#4804=ORIENTED_EDGE('',*,*,#3186,.F.);
#4806=ORIENTED_EDGE('',*,*,#4805,.T.);
#4808=ORIENTED_EDGE('',*,*,#4807,.F.);
#4809=EDGE_LOOP('',(#4803,#4804,#4806,#4808));
#4810=FACE_OUTER_BOUND('',#4809,.F.);
#4811=ADVANCED_FACE('',(#4810),#4802,.F.);
#4812=CARTESIAN_POINT('',(-4.599845223091E0,-4.000588848776E0,
6.824362989460E1));
#4813=DIRECTION('',(-1.E0,0.E0,0.E0));
#4814=DIRECTION('',(0.E0,-1.E0,0.E0));
#4815=AXIS2_PLACEMENT_3D('',#4812,#4813,#4814);
#4816=PLANE('',#4815);
#4818=ORIENTED_EDGE('',*,*,#4817,.F.);
#4820=ORIENTED_EDGE('',*,*,#4819,.T.);
#4821=ORIENTED_EDGE('',*,*,#4805,.F.);
#4822=ORIENTED_EDGE('',*,*,#3184,.T.);
#4823=EDGE_LOOP('',(#4818,#4820,#4821,#4822));
#4824=FACE_OUTER_BOUND('',#4823,.F.);
#4825=ADVANCED_FACE('',(#4824),#4816,.T.);
#4826=CARTESIAN_POINT('',(-3.599845223091E0,-3.904605502688E0,
6.824362989460E1));
#4827=DIRECTION('',(0.E0,0.E0,1.E0));
#4828=DIRECTION('',(1.E0,0.E0,0.E0));
#4829=AXIS2_PLACEMENT_3D('',#4826,#4827,#4828);
#4830=CYLINDRICAL_SURFACE('',#4829,1.E0);
#4831=ORIENTED_EDGE('',*,*,#3133,.T.);
#4833=ORIENTED_EDGE('',*,*,#4832,.F.);
#4834=ORIENTED_EDGE('',*,*,#4817,.T.);
#4835=ORIENTED_EDGE('',*,*,#3182,.F.);
#4836=EDGE_LOOP('',(#4831,#4833,#4834,#4835));
#4837=FACE_OUTER_BOUND('',#4836,.F.);
#4838=ADVANCED_FACE('',(#4837),#4830,.T.);
#4839=CARTESIAN_POINT('',(-1.647740360763E-1,-1.166536297161E1,
6.174362989460E1));
#4840=DIRECTION('',(0.E0,0.E0,-1.E0));
#4841=DIRECTION('',(1.E0,0.E0,0.E0));
#4842=AXIS2_PLACEMENT_3D('',#4839,#4840,#4841);
#4843=PLANE('',#4842);
#4844=ORIENTED_EDGE('',*,*,#4315,.T.);
#4845=ORIENTED_EDGE('',*,*,#4338,.T.);
#4846=ORIENTED_EDGE('',*,*,#4336,.T.);
#4847=ORIENTED_EDGE('',*,*,#4779,.T.);
#4848=ORIENTED_EDGE('',*,*,#4793,.T.);
#4849=ORIENTED_EDGE('',*,*,#4807,.T.);
#4850=ORIENTED_EDGE('',*,*,#4819,.F.);
#4851=ORIENTED_EDGE('',*,*,#4832,.T.);
#4852=ORIENTED_EDGE('',*,*,#3131,.T.);
#4854=ORIENTED_EDGE('',*,*,#4853,.T.);
#4856=ORIENTED_EDGE('',*,*,#4855,.T.);
#4858=ORIENTED_EDGE('',*,*,#4857,.T.);
#4859=ORIENTED_EDGE('',*,*,#4209,.F.);
#4860=ORIENTED_EDGE('',*,*,#4260,.T.);
#4861=ORIENTED_EDGE('',*,*,#4275,.F.);
#4862=ORIENTED_EDGE('',*,*,#4287,.T.);
#4863=ORIENTED_EDGE('',*,*,#4301,.T.);
#4864=EDGE_LOOP('',(#4844,#4845,#4846,#4847,#4848,#4849,#4850,#4851,#4852,#4854,
#4856,#4858,#4859,#4860,#4861,#4862,#4863));
#4865=FACE_OUTER_BOUND('',#4864,.F.);
#4866=ADVANCED_FACE('',(#4865),#4843,.T.);
#4867=CARTESIAN_POINT('',(-5.E0,-6.5E0,6.106862989460E1));
#4868=DIRECTION('',(0.E0,0.E0,1.E0));
#4869=DIRECTION('',(1.E0,0.E0,0.E0));
#4870=AXIS2_PLACEMENT_3D('',#4867,#4868,#4869);
#4871=CYLINDRICAL_SURFACE('',#4870,4.2E0);
#4872=ORIENTED_EDGE('',*,*,#4857,.F.);
#4873=ORIENTED_EDGE('',*,*,#4855,.F.);
#4874=ORIENTED_EDGE('',*,*,#4853,.F.);
#4875=ORIENTED_EDGE('',*,*,#3129,.T.);
#4877=ORIENTED_EDGE('',*,*,#4876,.F.);
#4879=ORIENTED_EDGE('',*,*,#4878,.F.);
#4881=ORIENTED_EDGE('',*,*,#4880,.F.);
#4882=ORIENTED_EDGE('',*,*,#4211,.T.);
#4883=EDGE_LOOP('',(#4872,#4873,#4874,#4875,#4877,#4879,#4881,#4882));
#4884=FACE_OUTER_BOUND('',#4883,.F.);
#4885=ADVANCED_FACE('',(#4884),#4871,.F.);
#4886=CARTESIAN_POINT('',(-5.E0,-6.5E0,6.026862989460E1));
#4887=DIRECTION('',(0.E0,2.975532142691E-14,-1.E0));
#4888=DIRECTION('',(9.999163306186E-1,-1.293567787979E-2,0.E0));
#4889=AXIS2_PLACEMENT_3D('',#4886,#4887,#4888);
#4890=CONICAL_SURFACE('',#4889,4.324999999999E0,4.5E1);
#4891=ORIENTED_EDGE('',*,*,#3127,.F.);
#4892=ORIENTED_EDGE('',*,*,#3106,.F.);
#4893=ORIENTED_EDGE('',*,*,#3104,.F.);
#4894=ORIENTED_EDGE('',*,*,#4213,.F.);
#4895=ORIENTED_EDGE('',*,*,#4880,.T.);
#4896=ORIENTED_EDGE('',*,*,#4878,.T.);
#4897=ORIENTED_EDGE('',*,*,#4876,.T.);
#4898=EDGE_LOOP('',(#4891,#4892,#4893,#4894,#4895,#4896,#4897));
#4899=FACE_OUTER_BOUND('',#4898,.F.);
#4900=ADVANCED_FACE('',(#4899),#4890,.F.);
#4901=CLOSED_SHELL('',(#2872,#2887,#2902,#2919,#2934,#2951,#2969,#2981,#2997,
#3011,#3028,#3047,#3066,#3082,#3110,#3137,#3226,#3244,#3258,#3275,#3290,#3306,
#3319,#3338,#3357,#3372,#3388,#3401,#3416,#3431,#3446,#3460,#3473,#3486,#3498,
#3511,#3523,#3536,#3550,#3564,#3577,#3590,#3602,#3617,#3642,#3838,#3861,#3878,
#3895,#3912,#3933,#3996,#4011,#4028,#4039,#4077,#4090,#4103,#4116,#4129,#4141,
#4154,#4167,#4180,#4193,#4217,#4235,#4251,#4265,#4279,#4293,#4307,#4321,#4346,
#4568,#4591,#4608,#4625,#4642,#4663,#4726,#4741,#4758,#4769,#4783,#4797,#4811,
#4825,#4838,#4866,#4885,#4900));
#4902=MANIFOLD_SOLID_BREP('',#4901);
#4903=FILL_AREA_STYLE_COLOUR('',#75);
#4904=FILL_AREA_STYLE('',(#4903));
#4905=SURFACE_STYLE_FILL_AREA(#4904);
#4906=SURFACE_SIDE_STYLE('',(#4905));
#4907=SURFACE_STYLE_USAGE(.BOTH.,#4906);
#4908=PRESENTATION_STYLE_ASSIGNMENT((#4907));
#321=STYLED_ITEM('',(#4908),#4902);
#4910=DIMENSIONAL_EXPONENTS(0.E0,0.E0,0.E0,0.E0,0.E0,0.E0,0.E0);
#4912=PLANE_ANGLE_MEASURE_WITH_UNIT(PLANE_ANGLE_MEASURE(1.745329251994E-2),
#4911);
#4913=(CONVERSION_BASED_UNIT('DEGREE',#4912)NAMED_UNIT(*)PLANE_ANGLE_UNIT());
#4915=UNCERTAINTY_MEASURE_WITH_UNIT(LENGTH_MEASURE(5.E-3),#4909,'closure',
'Maximum model space distance between geometric entities at asserted connectivities');
#4916=(GEOMETRIC_REPRESENTATION_CONTEXT(3)GLOBAL_UNCERTAINTY_ASSIGNED_CONTEXT((
#4915))GLOBAL_UNIT_ASSIGNED_CONTEXT((#4909,#4913,#4914))REPRESENTATION_CONTEXT(
'ID1','3'));
#4918=MECHANICAL_DESIGN_GEOMETRIC_PRESENTATION_REPRESENTATION('',(#329,#337,
#344,#352,#359,#366,#374,#381,#389,#396,#403,#410,#417,#425,#432,#440,#447,#457,
#467,#474,#481,#488,#495,#502,#509,#516,#523,#530,#537,#544,#551,#558,#566,#574,
#582,#590,#597,#605,#613,#620,#628,#636,#643,#650,#660,#670,#678,#686,#693,#701,
#709,#716,#723,#731,#738,#746,#754,#761,#769,#776,#784,#792,#800,#808,#816,#824,
#831,#839,#846,#854,#862,#869,#877,#884,#892,#900,#908,#915,#923,#931,#939,#946,
#954,#962,#969,#976,#983,#990,#997,#1004,#1011,#1019,#1027,#1034,#1041,#1048,
#1055,#1062,#1069,#1076,#1084,#1092,#1099,#1106,#1114,#1121,#1128,#1136,#1144,
#1151,#1159,#1166,#1173,#1180,#1188,#1196,#1204,#1212,#1220,#1228,#1236,#1243,
#1251,#1258,#1266,#1273,#1280,#1287,#1294,#1301,#1309,#1317,#1325,#1333,#1341,
#1349,#1357,#1364,#1371,#1378,#1385,#1392,#1399,#1407,#1415,#1425,#1438,#1445,
#1453,#1461,#1469,#1477,#1484,#1491,#1499,#1507,#1514,#1522,#1530,#1537,#1544,
#1554,#1564,#1571,#1581,#1591,#1601,#1611,#1624,#1634,#1641,#1660,#1668,#1676,
#1683,#1691,#1699,#1706,#1714,#1722,#1730,#1737,#1745,#1753,#1761,#1769,#1777,
#1785,#1792,#1799,#1806,#1813,#1820,#1827,#1834,#1841,#1848,#1855,#1862,#1869,
#1876,#1883,#1893,#1900,#1910,#1918,#1926,#1934,#1941,#1948,#1955,#1962,#1969,
#1976,#1983,#1990,#1997,#2004,#2011,#2018,#2026,#2034,#2044,#2057,#2064,#2072,
#2080,#2088,#2096,#2103,#2110,#2118,#2126,#2133,#2141,#2149,#2156,#2163,#2173,
#2183,#2190,#2200,#2210,#2220,#2230,#2243,#2253,#2260,#2279,#2287,#2295,#2302,
#2309,#2316,#2323,#2330,#2337,#2344,#2351,#2358,#2366,#2374,#2381,#2389,#2397,
#2405,#2412,#2420,#2428,#2436,#2444,#2452,#2460,#2467,#2474,#2482,#2490,#2498,
#321),#4916);
#4919=APPLICATION_CONTEXT(
'CONFIGURATION CONTROLLED 3D DESIGNS OF MECHANICAL PARTS AND ASSEMBLIES');
#4920=APPLICATION_PROTOCOL_DEFINITION('international standard',
'config_control_design',1994,#4919);
#4921=DESIGN_CONTEXT('',#4919,'design');
#4922=MECHANICAL_CONTEXT('',#4919,'mechanical');
#4923=PRODUCT('TRACK-SWITCH-D3-1','TRACK-SWITCH-D3-1','NOT SPECIFIED',(#4922));
#4924=PRODUCT_DEFINITION_FORMATION_WITH_SPECIFIED_SOURCE('1','LAST_VERSION',
#4923,.MADE.);
#4928=PRODUCT_CATEGORY('part','');
#4929=PRODUCT_RELATED_PRODUCT_CATEGORY('detail','',(#4923));
#4930=PRODUCT_CATEGORY_RELATIONSHIP('','',#4928,#4929);
#4931=SECURITY_CLASSIFICATION_LEVEL('unclassified');
#4932=SECURITY_CLASSIFICATION('','',#4931);
#4933=CC_DESIGN_SECURITY_CLASSIFICATION(#4932,(#4924));
#4934=APPROVAL_STATUS('approved');
#4935=APPROVAL(#4934,'');
#4936=CC_DESIGN_APPROVAL(#4935,(#4932,#4924,#4925));
#4937=CALENDAR_DATE(126,13,4);
#4938=COORDINATED_UNIVERSAL_TIME_OFFSET(8,0,.AHEAD.);
#4939=LOCAL_TIME(10,4,2.9E1,#4938);
#4940=DATE_AND_TIME(#4937,#4939);
#4941=APPROVAL_DATE_TIME(#4940,#4935);
#4942=DATE_TIME_ROLE('creation_date');
#4943=CC_DESIGN_DATE_AND_TIME_ASSIGNMENT(#4940,#4942,(#4925));
#4944=DATE_TIME_ROLE('classification_date');
#4945=CC_DESIGN_DATE_AND_TIME_ASSIGNMENT(#4940,#4944,(#4932));
#4946=PERSON('UNSPECIFIED','UNSPECIFIED',$,$,$,$);
#4947=ORGANIZATION('UNSPECIFIED','UNSPECIFIED','UNSPECIFIED');
#4948=PERSON_AND_ORGANIZATION(#4946,#4947);
#4949=APPROVAL_ROLE('approver');
#4950=APPROVAL_PERSON_ORGANIZATION(#4948,#4935,#4949);
#4951=PERSON_AND_ORGANIZATION_ROLE('creator');
#4952=CC_DESIGN_PERSON_AND_ORGANIZATION_ASSIGNMENT(#4948,#4951,(#4924,#4925));
#4953=PERSON_AND_ORGANIZATION_ROLE('design_supplier');
#4954=CC_DESIGN_PERSON_AND_ORGANIZATION_ASSIGNMENT(#4948,#4953,(#4924));
#4955=PERSON_AND_ORGANIZATION_ROLE('classification_officer');
#4956=CC_DESIGN_PERSON_AND_ORGANIZATION_ASSIGNMENT(#4948,#4955,(#4932));
#4957=PERSON_AND_ORGANIZATION_ROLE('design_owner');
#4958=CC_DESIGN_PERSON_AND_ORGANIZATION_ASSIGNMENT(#4948,#4957,(#4923));
#1=DRAUGHTING_PRE_DEFINED_COLOUR('black');
#2=COLOUR_RGB('',0.E0,0.E0,4.7E-1);
#3=COLOUR_RGB('',0.E0,0.E0,5.02E-1);
#4=COLOUR_RGB('',0.E0,0.E0,5.45E-1);
#5=COLOUR_RGB('',0.E0,0.E0,6.E-1);
#6=COLOUR_RGB('',0.E0,0.E0,8.E-1);
#7=COLOUR_RGB('',0.E0,0.E0,8.04E-1);
#8=DRAUGHTING_PRE_DEFINED_COLOUR('blue');
#9=COLOUR_RGB('',0.E0,1.E-2,1.E0);
#10=COLOUR_RGB('',0.E0,2.8E-2,7.E-1);
#11=COLOUR_RGB('',0.E0,3.1E-2,3.4E-1);
#12=COLOUR_RGB('',0.E0,2.E-1,1.E0);
#13=COLOUR_RGB('',0.E0,2.58E-1,5.6E-1);
#14=COLOUR_RGB('',0.E0,3.3E-1,0.E0);
#15=COLOUR_RGB('',0.E0,3.3E-1,3.3E-1);
#16=COLOUR_RGB('',0.E0,3.92E-1,0.E0);
#17=COLOUR_RGB('',0.E0,4.E-1,0.E0);
#18=COLOUR_RGB('',0.E0,4.E-1,4.E-1);
#19=COLOUR_RGB('',0.E0,4.E-1,1.E0);
#20=COLOUR_RGB('',0.E0,5.02E-1,0.E0);
#21=COLOUR_RGB('',0.E0,5.02E-1,5.02E-1);
#22=COLOUR_RGB('',0.E0,5.3E-1,5.3E-1);
#23=COLOUR_RGB('',0.E0,5.45E-1,5.45E-1);
#24=COLOUR_RGB('',0.E0,6.E-1,0.E0);
#25=COLOUR_RGB('',0.E0,6.E-1,6.E-1);
#26=COLOUR_RGB('',0.E0,6.E-1,1.E0);
#27=COLOUR_RGB('',0.E0,7.49E-1,1.E0);
#28=COLOUR_RGB('',0.E0,8.E-1,0.E0);
#29=COLOUR_RGB('',0.E0,8.E-1,8.E-1);
#30=COLOUR_RGB('',0.E0,8.E-1,1.E0);
#31=COLOUR_RGB('',0.E0,8.08E-1,8.2E-1);
#32=COLOUR_RGB('',0.E0,9.3E-1,0.E0);
#33=COLOUR_RGB('',0.E0,9.3E-1,9.3E-1);
#34=COLOUR_RGB('',0.E0,9.8E-1,6.04E-1);
#35=DRAUGHTING_PRE_DEFINED_COLOUR('green');
#36=COLOUR_RGB('',0.E0,1.E0,2.E-1);
#37=COLOUR_RGB('',0.E0,1.E0,4.E-1);
#38=COLOUR_RGB('',0.E0,1.E0,4.98E-1);
#39=COLOUR_RGB('',0.E0,1.E0,6.E-1);
#40=COLOUR_RGB('',0.E0,1.E0,8.E-1);
#41=DRAUGHTING_PRE_DEFINED_COLOUR('cyan');
#42=COLOUR_RGB('',1.9E-2,6.37E-1,6.37E-1);
#43=COLOUR_RGB('',2.8E-2,5.37E-1,3.7E-2);
#44=COLOUR_RGB('',3.1E-2,2.E-1,6.27E-1);
#45=COLOUR_RGB('',3.1E-2,1.99E-1,6.3E-1);
#46=COLOUR_RGB('',3.E-2,9.81E-1,9.81E-1);
#47=COLOUR_RGB('',3.5E-2,5.14E-1,1.73E-1);
#48=COLOUR_RGB('',6.6E-2,4.E-3,5.93E-1);
#49=COLOUR_RGB('',6.5E-2,9.81E-1,6.2E-2);
#50=COLOUR_RGB('',7.E-2,7.E-2,1.E0);
#51=COLOUR_RGB('',7.E-2,6.E-1,3.E-1);
#52=COLOUR_RGB('',7.8E-2,7.8E-2,7.8E-2);
#53=COLOUR_RGB('',8.E-2,1.E-1,1.1E-1);
#54=COLOUR_RGB('',9.8E-2,9.8E-2,4.39E-1);
#55=COLOUR_RGB('',1.01E-1,6.3E-1,5.03E-1);
#56=COLOUR_RGB('',1.18E-1,5.65E-1,1.E0);
#57=COLOUR_RGB('',1.25E-1,6.98E-1,6.67E-1);
#58=COLOUR_RGB('',1.33E-1,5.45E-1,1.33E-1);
#59=COLOUR_RGB('',1.44E-1,3.4E-2,0.E0);
#60=COLOUR_RGB('',1.7E-1,1.7E-1,1.8E-1);
#61=COLOUR_RGB('',1.8E-1,5.45E-1,3.41E-1);
#62=COLOUR_RGB('',1.84E-1,3.1E-1,3.1E-1);
#63=COLOUR_RGB('',1.9E-1,2.3E-1,3.1E-1);
#64=COLOUR_RGB('',1.96E-1,8.04E-1,1.96E-1);
#65=COLOUR_RGB('',2.E-1,2.E-1,2.E-1);
#66=COLOUR_RGB('',2.E-1,1.E0,0.E0);
#67=COLOUR_RGB('',2.E-1,1.E0,2.E-1);
#68=COLOUR_RGB('',2.E-1,1.E0,1.E0);
#69=COLOUR_RGB('',2.12E-1,5.14E-1,4.16E-1);
#70=COLOUR_RGB('',2.28E-1,2.26E-1,2.52E-1);
#71=COLOUR_RGB('',2.3E-1,3.82E-1,5.6E-1);
#72=COLOUR_RGB('',2.35E-1,7.02E-1,4.43E-1);
#73=COLOUR_RGB('',2.43E-1,8.78E-1,8.16E-1);
#74=COLOUR_RGB('',2.45E-1,5.18E-1,9.48E-1);
#75=COLOUR_RGB('',2.49E-1,5.93E-1,6.3E-1);
#76=COLOUR_RGB('',2.52E-1,2.52E-1,2.52E-1);
#77=COLOUR_RGB('',2.55E-1,4.12E-1,1.E0);
#78=COLOUR_RGB('',2.7E-1,0.E0,4.E-1);
#79=COLOUR_RGB('',2.7E-1,2.7E-1,0.E0);
#80=COLOUR_RGB('',2.7E-1,2.7E-1,1.E0);
#81=COLOUR_RGB('',2.75E-1,5.1E-1,7.06E-1);
#82=COLOUR_RGB('',2.8E-1,2.8E-1,2.8E-1);
#83=COLOUR_RGB('',2.82E-1,2.39E-1,5.45E-1);
#84=COLOUR_RGB('',2.82E-1,8.2E-1,8.E-1);
#85=COLOUR_RGB('',2.94E-1,0.E0,5.1E-1);
#86=COLOUR_RGB('',3.24E-1,5.77E-1,8.1E-1);
#87=COLOUR_RGB('',3.3E-1,0.E0,0.E0);
#88=COLOUR_RGB('',3.3E-1,0.E0,3.3E-1);
#89=COLOUR_RGB('',3.3E-1,0.E0,5.3E-1);
#90=COLOUR_RGB('',3.33E-1,4.2E-1,1.84E-1);
#91=COLOUR_RGB('',3.36E-1,2.55E-1,1.9E-2);
#92=COLOUR_RGB('',3.44E-1,3.63E-1,3.74E-1);
#93=COLOUR_RGB('',3.55E-1,3.53E-1,3.93E-1);
#94=COLOUR_RGB('',3.73E-1,6.2E-1,6.27E-1);
#95=COLOUR_RGB('',3.75E-1,3.8E-1,4.22E-1);
#96=COLOUR_RGB('',3.81E-1,4.41E-1,5.96E-1);
#97=COLOUR_RGB('',3.9E-1,4.4E-1,4.9E-1);
#98=COLOUR_RGB('',3.92E-1,4.37E-1,4.9E-1);
#99=COLOUR_RGB('',3.92E-1,5.84E-1,9.29E-1);
#100=COLOUR_RGB('',4.E-1,0.E0,4.E-1);
#101=COLOUR_RGB('',4.E-1,0.E0,6.7E-1);
#102=COLOUR_RGB('',4.E-1,1.3E-1,0.E0);
#103=COLOUR_RGB('',3.99E-1,3.97E-1,6.41E-1);
#104=COLOUR_RGB('',4.E-1,4.E-1,0.E0);
#105=COLOUR_RGB('',4.E-1,4.E-1,1.E0);
#106=COLOUR_RGB('',4.E-1,8.04E-1,6.67E-1);
#107=COLOUR_RGB('',4.E-1,1.E0,0.E0);
#108=COLOUR_RGB('',4.E-1,1.E0,4.E-1);
#109=COLOUR_RGB('',4.E-1,1.E0,1.E0);
#110=COLOUR_RGB('',4.12E-1,4.12E-1,4.12E-1);
#111=COLOUR_RGB('',4.16E-1,3.53E-1,8.04E-1);
#112=COLOUR_RGB('',4.2E-1,4.2E-1,4.2E-1);
#113=COLOUR_RGB('',4.2E-1,5.57E-1,1.37E-1);
#114=COLOUR_RGB('',4.26E-1,4.26E-1,4.26E-1);
#115=COLOUR_RGB('',4.39E-1,5.02E-1,5.65E-1);
#116=COLOUR_RGB('',4.38E-1,5.03E-1,6.E-1);
#117=COLOUR_RGB('',4.4E-1,5.E-1,6.E-1);
#118=COLOUR_RGB('',4.67E-1,5.33E-1,6.E-1);
#119=COLOUR_RGB('',4.7E-1,0.E0,0.E0);
#120=COLOUR_RGB('',4.7E-1,0.E0,8.E-1);
#121=COLOUR_RGB('',4.7E-1,0.E0,8.7E-1);
#122=COLOUR_RGB('',4.7E-1,2.E-1,7.E-2);
#123=COLOUR_RGB('',4.7E-1,4.7E-1,4.7E-1);
#124=COLOUR_RGB('',4.82E-1,4.08E-1,9.33E-1);
#125=COLOUR_RGB('',4.86E-1,9.88E-1,0.E0);
#126=COLOUR_RGB('',4.99E-1,4.96E-1,5.52E-1);
#127=COLOUR_RGB('',4.98E-1,1.E0,0.E0);
#128=COLOUR_RGB('',4.98E-1,1.E0,8.31E-1);
#129=COLOUR_RGB('',5.02E-1,0.E0,0.E0);
#130=COLOUR_RGB('',5.02E-1,0.E0,5.02E-1);
#131=COLOUR_RGB('',5.02E-1,5.02E-1,0.E0);
#132=COLOUR_RGB('',5.02E-1,5.02E-1,5.02E-1);
#133=COLOUR_RGB('',5.1E-1,3.97E-1,1.07E-1);
#134=COLOUR_RGB('',5.1E-1,4.E-1,1.1E-1);
#135=COLOUR_RGB('',5.3E-1,0.E0,9.3E-1);
#136=COLOUR_RGB('',5.3E-1,2.7E-1,1.3E-1);
#137=COLOUR_RGB('',5.3E-1,5.3E-1,1.E0);
#138=COLOUR_RGB('',5.29E-1,8.08E-1,9.22E-1);
#139=COLOUR_RGB('',5.29E-1,8.08E-1,9.8E-1);
#140=COLOUR_RGB('',5.41E-1,1.69E-1,8.86E-1);
#141=COLOUR_RGB('',5.45E-1,0.E0,0.E0);
#142=COLOUR_RGB('',5.45E-1,0.E0,5.45E-1);
#143=COLOUR_RGB('',5.45E-1,2.71E-1,7.5E-2);
#144=COLOUR_RGB('',5.5E-1,5.5E-1,5.5E-1);
#145=COLOUR_RGB('',5.5E-1,6.5E-1,7.3E-1);
#146=COLOUR_RGB('',5.61E-1,7.37E-1,5.61E-1);
#147=COLOUR_RGB('',5.65E-1,9.33E-1,5.65E-1);
#148=COLOUR_RGB('',5.71E-1,6.1E-1,6.33E-1);
#149=COLOUR_RGB('',5.76E-1,4.39E-1,8.59E-1);
#150=COLOUR_RGB('',5.8E-1,0.E0,8.27E-1);
#151=COLOUR_RGB('',5.96E-1,5.96E-1,5.96E-1);
#152=COLOUR_RGB('',5.96E-1,9.84E-1,5.96E-1);
#153=COLOUR_RGB('',6.E-1,0.E0,6.E-1);
#154=COLOUR_RGB('',6.E-1,1.96E-1,8.E-1);
#155=COLOUR_RGB('',6.E-1,2.E-1,1.E0);
#156=COLOUR_RGB('',6.E-1,3.3E-1,2.E-1);
#157=COLOUR_RGB('',6.E-1,6.E-1,0.E0);
#158=COLOUR_RGB('',6.E-1,6.E-1,1.E0);
#159=COLOUR_RGB('',6.E-1,1.E0,6.E-1);
#160=COLOUR_RGB('',6.E-1,1.E0,1.E0);
#161=COLOUR_RGB('',6.04E-1,8.04E-1,1.96E-1);
#162=COLOUR_RGB('',6.1E-1,0.E0,6.E-2);
#163=COLOUR_RGB('',6.16E-1,6.96E-1,7.7E-1);
#164=COLOUR_RGB('',6.2E-1,6.2E-1,6.2E-1);
#165=COLOUR_RGB('',6.27E-1,3.22E-1,1.76E-1);
#166=COLOUR_RGB('',6.4E-1,4.64E-1,3.01E-1);
#167=COLOUR_RGB('',6.4E-1,6.5E-1,6.5E-1);
#168=COLOUR_RGB('',6.47E-1,1.65E-1,1.65E-1);
#169=COLOUR_RGB('',6.56E-1,3.3E-2,6.E-1);
#170=COLOUR_RGB('',6.59E-1,1.5E-2,2.9E-2);
#171=COLOUR_RGB('',6.63E-1,6.63E-1,6.63E-1);
#172=COLOUR_RGB('',6.7E-1,0.E0,0.E0);
#173=COLOUR_RGB('',6.7E-1,0.E0,5.3E-1);
#174=COLOUR_RGB('',6.7E-1,4.E-1,2.7E-1);
#175=COLOUR_RGB('',6.7E-1,4.E-1,1.E0);
#176=COLOUR_RGB('',6.7E-1,6.7E-1,1.E0);
#177=COLOUR_RGB('',6.7E-1,1.E0,0.E0);
#178=COLOUR_RGB('',6.78E-1,8.47E-1,9.02E-1);
#179=COLOUR_RGB('',6.78E-1,1.E0,1.84E-1);
#180=COLOUR_RGB('',6.8E-1,8.1E-1,1.E0);
#181=COLOUR_RGB('',6.87E-1,6.83E-1,7.59E-1);
#182=COLOUR_RGB('',6.86E-1,9.33E-1,9.33E-1);
#183=COLOUR_RGB('',6.9E-1,7.69E-1,8.71E-1);
#184=COLOUR_RGB('',6.9E-1,8.78E-1,9.02E-1);
#185=COLOUR_RGB('',6.98E-1,1.33E-1,1.33E-1);
#186=COLOUR_RGB('',7.22E-1,5.25E-1,4.3E-2);
#187=COLOUR_RGB('',7.3E-1,2.7E-1,1.E0);
#188=COLOUR_RGB('',7.29E-1,3.33E-1,8.27E-1);
#189=COLOUR_RGB('',7.3E-1,4.E-1,0.E0);
#190=COLOUR_RGB('',7.3E-1,4.7E-1,3.3E-1);
#191=COLOUR_RGB('',7.3E-1,7.3E-1,7.3E-1);
#192=COLOUR_RGB('',7.37E-1,5.61E-1,5.61E-1);
#193=COLOUR_RGB('',7.4E-1,4.E-1,4.E-1);
#194=COLOUR_RGB('',7.41E-1,7.18E-1,4.2E-1);
#195=COLOUR_RGB('',7.5E-1,7.2E-1,0.E0);
#196=COLOUR_RGB('',7.53E-1,7.53E-1,7.53E-1);
#197=COLOUR_RGB('',7.8E-1,8.2E-2,5.22E-1);
#198=COLOUR_RGB('',8.E-1,0.E0,8.E-1);
#199=COLOUR_RGB('',8.E-1,5.3E-1,4.E-1);
#200=COLOUR_RGB('',8.E-1,6.E-1,1.E0);
#201=COLOUR_RGB('',8.E-1,8.E-1,0.E0);
#202=COLOUR_RGB('',8.E-1,8.E-1,1.E0);
#203=COLOUR_RGB('',8.E-1,1.E0,8.E-1);
#204=COLOUR_RGB('',8.E-1,1.E0,1.E0);
#205=COLOUR_RGB('',8.04E-1,3.61E-1,3.61E-1);
#206=COLOUR_RGB('',8.04E-1,5.22E-1,2.47E-1);
#207=COLOUR_RGB('',8.07E-1,7.65E-1,5.8E-2);
#208=COLOUR_RGB('',8.2E-1,6.E-1,2.4E-1);
#209=COLOUR_RGB('',8.19E-1,7.11E-1,5.6E-2);
#210=COLOUR_RGB('',8.24E-1,4.12E-1,1.18E-1);
#211=COLOUR_RGB('',8.24E-1,7.06E-1,5.49E-1);
#212=COLOUR_RGB('',8.26E-1,8.26E-1,8.26E-1);
#213=COLOUR_RGB('',8.3E-1,3.E-2,3.E-2);
#214=COLOUR_RGB('',8.41E-1,8.01E-1,7.15E-1);
#215=COLOUR_RGB('',8.4E-1,8.4E-1,8.5E-1);
#216=COLOUR_RGB('',8.42E-1,8.99E-1,9.33E-1);
#217=COLOUR_RGB('',8.47E-1,7.49E-1,8.47E-1);
#218=COLOUR_RGB('',8.55E-1,4.39E-1,8.39E-1);
#219=COLOUR_RGB('',8.55E-1,6.47E-1,1.25E-1);
#220=COLOUR_RGB('',8.59E-1,4.39E-1,5.76E-1);
#221=COLOUR_RGB('',8.6E-1,4.7E-1,1.6E-1);
#222=COLOUR_RGB('',8.63E-1,7.8E-2,2.35E-1);
#223=COLOUR_RGB('',8.63E-1,8.63E-1,8.63E-1);
#224=COLOUR_RGB('',8.67E-1,6.27E-1,8.67E-1);
#225=COLOUR_RGB('',8.7E-1,0.E0,0.E0);
#226=COLOUR_RGB('',8.7E-1,6.E-1,4.7E-1);
#227=COLOUR_RGB('',8.71E-1,7.22E-1,5.29E-1);
#228=COLOUR_RGB('',8.784E-1,9.49E-1,1.E0);
#229=COLOUR_RGB('',8.78E-1,1.E0,1.E0);
#230=COLOUR_RGB('',9.E-1,8.3E-1,1.2E-1);
#231=COLOUR_RGB('',9.02E-1,9.02E-1,9.8E-1);
#232=COLOUR_RGB('',9.14E-1,5.88E-1,4.78E-1);
#233=COLOUR_RGB('',9.3E-1,0.E0,9.3E-1);
#234=COLOUR_RGB('',9.3E-1,6.7E-1,5.3E-1);
#235=COLOUR_RGB('',9.3E-1,8.E-1,1.E0);
#236=COLOUR_RGB('',9.3E-1,9.3E-1,0.E0);
#237=COLOUR_RGB('',9.3E-1,1.E0,9.3E-1);
#238=COLOUR_RGB('',9.3E-1,1.E0,1.E0);
#239=COLOUR_RGB('',9.33E-1,5.1E-1,9.33E-1);
#240=COLOUR_RGB('',9.33E-1,9.1E-1,6.67E-1);
#241=COLOUR_RGB('',9.41E-1,5.02E-1,5.02E-1);
#242=COLOUR_RGB('',9.41E-1,9.02E-1,5.49E-1);
#243=COLOUR_RGB('',9.41E-1,9.73E-1,1.E0);
#244=COLOUR_RGB('',9.41E-1,1.E0,9.41E-1);
#245=COLOUR_RGB('',9.41E-1,1.E0,1.E0);
#246=COLOUR_RGB('',9.57E-1,6.43E-1,3.76E-1);
#247=COLOUR_RGB('',9.59E-1,4.9E-2,8.78E-1);
#248=COLOUR_RGB('',9.61E-1,8.71E-1,7.02E-1);
#249=COLOUR_RGB('',9.61E-1,9.61E-1,8.63E-1);
#250=COLOUR_RGB('',9.6E-1,9.6E-1,9.6E-1);
#251=COLOUR_RGB('',9.61E-1,1.E0,9.8E-1);
#252=COLOUR_RGB('',9.73E-1,9.73E-1,1.E0);
#253=COLOUR_RGB('',9.8E-1,5.02E-1,4.47E-1);
#254=COLOUR_RGB('',9.8E-1,6.47E-1,0.E0);
#255=COLOUR_RGB('',9.8E-1,9.22E-1,8.43E-1);
#256=COLOUR_RGB('',9.8E-1,9.41E-1,9.02E-1);
#257=COLOUR_RGB('',9.8E-1,9.8E-1,8.24E-1);
#258=COLOUR_RGB('',9.89E-1,9.04E-1,2.3E-2);
#259=COLOUR_RGB('',9.92E-1,9.61E-1,9.02E-1);
#260=DRAUGHTING_PRE_DEFINED_COLOUR('red');
#261=COLOUR_RGB('',1.E0,0.E0,2.7E-1);
#262=COLOUR_RGB('',1.E0,0.E0,4.7E-1);
#263=COLOUR_RGB('',1.E0,0.E0,7.8E-1);
#264=DRAUGHTING_PRE_DEFINED_COLOUR('magenta');
#265=COLOUR_RGB('',1.E0,2.7E-2,2.7E-2);
#266=COLOUR_RGB('',1.E0,3.E-2,3.E-2);
#267=COLOUR_RGB('',1.E0,7.E-2,7.E-2);
#268=COLOUR_RGB('',1.E0,7.8E-2,5.76E-1);
#269=COLOUR_RGB('',1.E0,2.E-1,1.E0);
#270=COLOUR_RGB('',1.E0,2.7E-1,0.E0);
#271=COLOUR_RGB('',1.E0,2.7E-1,2.7E-1);
#272=COLOUR_RGB('',1.E0,3.6E-1,0.E0);
#273=COLOUR_RGB('',1.E0,3.88E-1,2.78E-1);
#274=COLOUR_RGB('',1.E0,4.E-1,1.E0);
#275=COLOUR_RGB('',1.E0,4.12E-1,7.06E-1);
#276=COLOUR_RGB('',1.E0,4.7E-1,0.E0);
#277=COLOUR_RGB('',1.E0,4.7E-1,4.7E-1);
#278=COLOUR_RGB('',1.E0,4.7E-1,5.3E-1);
#279=COLOUR_RGB('',1.E0,4.98E-1,3.14E-1);
#280=COLOUR_RGB('',1.E0,5.49E-1,0.E0);
#281=COLOUR_RGB('',1.E0,6.E-1,1.E0);
#282=COLOUR_RGB('',1.E0,6.27E-1,4.78E-1);
#283=COLOUR_RGB('',1.E0,6.47E-1,0.E0);
#284=COLOUR_RGB('',1.E0,6.7E-1,0.E0);
#285=COLOUR_RGB('',1.E0,6.7E-1,6.7E-1);
#286=COLOUR_RGB('',1.E0,7.14E-1,7.57E-1);
#287=COLOUR_RGB('',1.E0,7.2E-1,0.E0);
#288=COLOUR_RGB('',1.E0,7.3E-1,5.3E-1);
#289=COLOUR_RGB('',1.E0,7.3E-1,6.E-1);
#290=COLOUR_RGB('',1.E0,7.53E-1,7.96E-1);
#291=COLOUR_RGB('',1.E0,7.7E-1,6.E-2);
#292=COLOUR_RGB('',1.E0,8.E-1,8.E-1);
#293=COLOUR_RGB('',1.E0,8.E-1,1.E0);
#294=COLOUR_RGB('',1.E0,8.43E-1,0.E0);
#295=COLOUR_RGB('',1.E0,8.55E-1,7.25E-1);
#296=COLOUR_RGB('',1.E0,8.7E-1,0.E0);
#297=COLOUR_RGB('',1.E0,8.71E-1,6.78E-1);
#298=COLOUR_RGB('',1.E0,8.94E-1,7.1E-1);
#299=COLOUR_RGB('',1.E0,8.94E-1,7.69E-1);
#300=COLOUR_RGB('',1.E0,8.94E-1,8.82E-1);
#301=COLOUR_RGB('',1.E0,9.22E-1,8.04E-1);
#302=COLOUR_RGB('',1.E0,9.3E-1,9.3E-1);
#303=COLOUR_RGB('',1.E0,9.3E-1,1.E0);
#304=COLOUR_RGB('',1.E0,9.37E-1,8.35E-1);
#305=COLOUR_RGB('',1.E0,9.41E-1,9.61E-1);
#306=COLOUR_RGB('',1.E0,9.61E-1,9.33E-1);
#307=COLOUR_RGB('',1.E0,9.73E-1,8.63E-1);
#308=COLOUR_RGB('',1.E0,9.8E-1,8.04E-1);
#309=COLOUR_RGB('',1.E0,9.8E-1,9.41E-1);
#310=COLOUR_RGB('',1.E0,9.8E-1,9.8E-1);
#311=DRAUGHTING_PRE_DEFINED_COLOUR('yellow');
#312=COLOUR_RGB('',1.E0,1.E0,1.3E-1);
#313=COLOUR_RGB('',1.E0,1.E0,3.3E-1);
#314=COLOUR_RGB('',1.E0,1.E0,5.3E-1);
#315=COLOUR_RGB('',1.E0,1.E0,7.3E-1);
#316=COLOUR_RGB('',1.E0,1.E0,8.78E-1);
#317=COLOUR_RGB('',1.E0,1.E0,9.3E-1);
#318=COLOUR_RGB('',1.E0,1.E0,9.41E-1);
#319=COLOUR_RGB('',1.E0,1.E0,9.49E-1);
#320=DRAUGHTING_PRE_DEFINED_COLOUR('white');
#334=CIRCLE('',#333,6.200000000004E0);
#349=CIRCLE('',#348,6.199999999999E0);
#371=CIRCLE('',#370,1.E0);
#386=CIRCLE('',#385,3.999999999996E0);
#422=CIRCLE('',#421,1.E0);
#437=CIRCLE('',#436,3.999999999996E0);
#454=B_SPLINE_CURVE_WITH_KNOTS('',3,(#448,#449,#450,#451,#452,#453),
.UNSPECIFIED.,.F.,.F.,(4,1,1,4),(0.E0,3.333333333333E-1,6.666666666667E-1,1.E0),
.UNSPECIFIED.);
#464=B_SPLINE_CURVE_WITH_KNOTS('',3,(#458,#459,#460,#461,#462,#463),
.UNSPECIFIED.,.F.,.F.,(4,1,1,4),(0.E0,3.333333333333E-1,6.666666666667E-1,1.E0),
.UNSPECIFIED.);
#563=CIRCLE('',#562,6.2E0);
#571=CIRCLE('',#570,6.2E0);
#579=CIRCLE('',#578,6.2E0);
#587=CIRCLE('',#586,6.2E0);
#602=CIRCLE('',#601,4.449999999998E0);
#610=CIRCLE('',#609,4.449999999998E0);
#625=CIRCLE('',#624,4.449999999999E0);
#633=CIRCLE('',#632,4.449999999999E0);
#657=B_SPLINE_CURVE_WITH_KNOTS('',3,(#651,#652,#653,#654,#655,#656),
.UNSPECIFIED.,.F.,.F.,(4,1,1,4),(0.E0,3.333333333333E-1,6.666666666667E-1,1.E0),
.UNSPECIFIED.);
#667=B_SPLINE_CURVE_WITH_KNOTS('',3,(#661,#662,#663,#664,#665,#666),
.UNSPECIFIED.,.F.,.F.,(4,1,1,4),(0.E0,3.333333333333E-1,6.666666666667E-1,1.E0),
.UNSPECIFIED.);
#675=CIRCLE('',#674,3.876478274714E0);
#683=CIRCLE('',#682,3.876478274714E0);
#698=CIRCLE('',#697,3.876478274713E0);
#706=CIRCLE('',#705,3.876478274713E0);
#728=CIRCLE('',#727,3.525E0);
#743=CIRCLE('',#742,2.25E0);
#751=CIRCLE('',#750,2.25E0);
#766=CIRCLE('',#765,3.525E0);
#781=CIRCLE('',#780,2.925E0);
#789=CIRCLE('',#788,2.E-1);
#797=CIRCLE('',#796,1.E0);
#805=CIRCLE('',#804,1.E0);
#813=CIRCLE('',#812,2.E-1);
#821=CIRCLE('',#820,2.925E0);
#836=CIRCLE('',#835,3.525E0);
#851=CIRCLE('',#850,2.25E0);
#859=CIRCLE('',#858,2.25E0);
#874=CIRCLE('',#873,3.525E0);
#889=CIRCLE('',#888,2.925E0);
#897=CIRCLE('',#896,2.E-1);
#905=CIRCLE('',#904,1.E0);
#920=CIRCLE('',#919,1.E0);
#928=CIRCLE('',#927,2.E-1);
#936=CIRCLE('',#935,2.925E0);
#951=CIRCLE('',#950,4.276048192205E0);
#959=CIRCLE('',#958,4.275815122966E0);
#1016=CIRCLE('',#1015,4.276048192205E0);
#1024=CIRCLE('',#1023,4.275815122966E0);
#1081=B_SPLINE_CURVE_WITH_KNOTS('',3,(#1077,#1078,#1079,#1080),.UNSPECIFIED.,
.F.,.F.,(4,4),(0.E0,1.E0),.UNSPECIFIED.);
#1089=B_SPLINE_CURVE_WITH_KNOTS('',3,(#1085,#1086,#1087,#1088),.UNSPECIFIED.,
.F.,.F.,(4,4),(0.E0,1.E0),.UNSPECIFIED.);
#1111=CIRCLE('',#1110,1.E0);
#1133=CIRCLE('',#1132,3.999999999999E0);
#1141=CIRCLE('',#1140,1.E0);
#1156=CIRCLE('',#1155,3.999999999999E0);
#1185=CIRCLE('',#1184,4.810898218994E0);
#1193=CIRCLE('',#1192,3.999999999906E0);
#1201=CIRCLE('',#1200,4.275000000001E0);
#1209=CIRCLE('',#1208,3.999999999907E0);
#1217=CIRCLE('',#1216,4.810899564618E0);
#1225=CIRCLE('',#1224,3.999999999907E0);
#1233=CIRCLE('',#1232,4.275E0);
#1248=CIRCLE('',#1247,6.200000000001E0);
#1263=CIRCLE('',#1262,6.199999999998E0);
#1306=CIRCLE('',#1305,3.999999999906E0);
#1314=CIRCLE('',#1313,4.810899566102E0);
#1322=CIRCLE('',#1321,3.999999999906E0);
#1330=CIRCLE('',#1329,4.275E0);
#1338=CIRCLE('',#1337,4.810898218998E0);
#1346=CIRCLE('',#1345,3.999999999907E0);
#1354=CIRCLE('',#1353,4.275E0);
#1404=CIRCLE('',#1403,3.525E0);
#1412=CIRCLE('',#1411,3.525E0);
#1422=B_SPLINE_CURVE_WITH_KNOTS('',3,(#1416,#1417,#1418,#1419,#1420,#1421),
.UNSPECIFIED.,.F.,.F.,(4,1,1,4),(0.E0,3.333333333333E-1,6.666666666667E-1,1.E0),
.UNSPECIFIED.);
#1435=B_SPLINE_CURVE_WITH_KNOTS('',3,(#1426,#1427,#1428,#1429,#1430,#1431,#1432,
#1433,#1434),.UNSPECIFIED.,.F.,.F.,(4,1,1,1,1,1,4),(0.E0,1.666666666667E-1,
3.333333333333E-1,5.E-1,6.666666666667E-1,8.333333333333E-1,1.E0),
.UNSPECIFIED.);
#1450=CIRCLE('',#1449,3.145918851039E0);
#1458=CIRCLE('',#1457,3.145918851039E0);
#1466=CIRCLE('',#1465,2.925E0);
#1474=CIRCLE('',#1473,2.925E0);
#1496=CIRCLE('',#1495,1.52E1);
#1504=CIRCLE('',#1503,1.52E1);
#1519=CIRCLE('',#1518,2.925E0);
#1527=CIRCLE('',#1526,2.925E0);
#1551=B_SPLINE_CURVE_WITH_KNOTS('',3,(#1545,#1546,#1547,#1548,#1549,#1550),
.UNSPECIFIED.,.F.,.F.,(4,1,1,4),(0.E0,3.333333333333E-1,6.666666666667E-1,1.E0),
.UNSPECIFIED.);
#1561=B_SPLINE_CURVE_WITH_KNOTS('',3,(#1555,#1556,#1557,#1558,#1559,#1560),
.UNSPECIFIED.,.F.,.F.,(4,1,1,4),(0.E0,3.333333333333E-1,6.666666666667E-1,1.E0),
.UNSPECIFIED.);
#1578=B_SPLINE_CURVE_WITH_KNOTS('',3,(#1572,#1573,#1574,#1575,#1576,#1577),
.UNSPECIFIED.,.F.,.F.,(4,1,1,4),(0.E0,3.333333333333E-1,6.666666666667E-1,1.E0),
.UNSPECIFIED.);
#1588=B_SPLINE_CURVE_WITH_KNOTS('',3,(#1582,#1583,#1584,#1585,#1586,#1587),
.UNSPECIFIED.,.F.,.F.,(4,1,1,4),(0.E0,3.333333333333E-1,6.666666666667E-1,1.E0),
.UNSPECIFIED.);
#1598=B_SPLINE_CURVE_WITH_KNOTS('',3,(#1592,#1593,#1594,#1595,#1596,#1597),
.UNSPECIFIED.,.F.,.F.,(4,1,1,4),(0.E0,3.333333333333E-1,6.666666666667E-1,1.E0),
.UNSPECIFIED.);
#1608=B_SPLINE_CURVE_WITH_KNOTS('',3,(#1602,#1603,#1604,#1605,#1606,#1607),
.UNSPECIFIED.,.F.,.F.,(4,1,1,4),(0.E0,3.333333333333E-1,6.666666666667E-1,1.E0),
.UNSPECIFIED.);
#1621=B_SPLINE_CURVE_WITH_KNOTS('',3,(#1612,#1613,#1614,#1615,#1616,#1617,#1618,
#1619,#1620),.UNSPECIFIED.,.F.,.F.,(4,1,1,1,1,1,4),(0.E0,1.666666666667E-1,
3.333333333333E-1,5.E-1,6.666666666667E-1,8.333333333333E-1,1.E0),
.UNSPECIFIED.);
#1631=B_SPLINE_CURVE_WITH_KNOTS('',3,(#1625,#1626,#1627,#1628,#1629,#1630),
.UNSPECIFIED.,.F.,.F.,(4,1,1,4),(0.E0,3.333333333333E-1,6.666666666667E-1,1.E0),
.UNSPECIFIED.);
#1657=B_SPLINE_CURVE_WITH_KNOTS('',3,(#1642,#1643,#1644,#1645,#1646,#1647,#1648,
#1649,#1650,#1651,#1652,#1653,#1654,#1655,#1656),.UNSPECIFIED.,.F.,.F.,(4,1,1,1,
1,1,1,1,1,1,1,1,4),(0.E0,8.333333333333E-2,1.666666666667E-1,2.5E-1,
3.333333333333E-1,4.166666666667E-1,5.E-1,5.833333333333E-1,6.666666666667E-1,
7.5E-1,8.333333333333E-1,9.166666666667E-1,1.E0),.UNSPECIFIED.);
#1665=CIRCLE('',#1664,1.521109124001E1);
#1673=CIRCLE('',#1672,1.521109124266E1);
#1688=CIRCLE('',#1687,3.525E0);
#1696=CIRCLE('',#1695,3.525E0);
#1711=CIRCLE('',#1710,2.925E0);
#1719=CIRCLE('',#1718,2.E-1);
#1727=CIRCLE('',#1726,1.E0);
#1742=CIRCLE('',#1741,4.2E0);
#1750=CIRCLE('',#1749,4.2E0);
#1758=CIRCLE('',#1757,4.2E0);
#1766=CIRCLE('',#1765,1.E0);
#1774=CIRCLE('',#1773,2.E-1);
#1782=CIRCLE('',#1781,2.925E0);
#1890=B_SPLINE_CURVE_WITH_KNOTS('',3,(#1884,#1885,#1886,#1887,#1888,#1889),
.UNSPECIFIED.,.F.,.F.,(4,1,1,4),(0.E0,3.333333333333E-1,6.666666666667E-1,1.E0),
.UNSPECIFIED.);
#1907=B_SPLINE_CURVE_WITH_KNOTS('',3,(#1901,#1902,#1903,#1904,#1905,#1906),
.UNSPECIFIED.,.F.,.F.,(4,1,1,4),(0.E0,3.333333333333E-1,6.666666666667E-1,1.E0),
.UNSPECIFIED.);
#1915=CIRCLE('',#1914,4.199999999999E0);
#1923=CIRCLE('',#1922,4.199999999999E0);
#1931=CIRCLE('',#1930,4.199999999999E0);
#2023=CIRCLE('',#2022,3.525E0);
#2031=CIRCLE('',#2030,3.525E0);
#2041=B_SPLINE_CURVE_WITH_KNOTS('',3,(#2035,#2036,#2037,#2038,#2039,#2040),
.UNSPECIFIED.,.F.,.F.,(4,1,1,4),(0.E0,3.333333333333E-1,6.666666666667E-1,1.E0),
.UNSPECIFIED.);
#2054=B_SPLINE_CURVE_WITH_KNOTS('',3,(#2045,#2046,#2047,#2048,#2049,#2050,#2051,
#2052,#2053),.UNSPECIFIED.,.F.,.F.,(4,1,1,1,1,1,4),(0.E0,1.666666666667E-1,
3.333333333333E-1,5.E-1,6.666666666667E-1,8.333333333333E-1,1.E0),
.UNSPECIFIED.);
#2069=CIRCLE('',#2068,3.145920375917E0);
#2077=CIRCLE('',#2076,3.145920375917E0);
#2085=CIRCLE('',#2084,2.925E0);
#2093=CIRCLE('',#2092,2.925E0);
#2115=CIRCLE('',#2114,1.52E1);
#2123=CIRCLE('',#2122,1.52E1);
#2138=CIRCLE('',#2137,2.925E0);
#2146=CIRCLE('',#2145,2.925E0);
#2170=B_SPLINE_CURVE_WITH_KNOTS('',3,(#2164,#2165,#2166,#2167,#2168,#2169),
.UNSPECIFIED.,.F.,.F.,(4,1,1,4),(0.E0,3.333333333333E-1,6.666666666667E-1,1.E0),
.UNSPECIFIED.);
#2180=B_SPLINE_CURVE_WITH_KNOTS('',3,(#2174,#2175,#2176,#2177,#2178,#2179),
.UNSPECIFIED.,.F.,.F.,(4,1,1,4),(0.E0,3.333333333333E-1,6.666666666667E-1,1.E0),
.UNSPECIFIED.);
#2197=B_SPLINE_CURVE_WITH_KNOTS('',3,(#2191,#2192,#2193,#2194,#2195,#2196),
.UNSPECIFIED.,.F.,.F.,(4,1,1,4),(0.E0,3.333333333333E-1,6.666666666667E-1,1.E0),
.UNSPECIFIED.);
#2207=B_SPLINE_CURVE_WITH_KNOTS('',3,(#2201,#2202,#2203,#2204,#2205,#2206),
.UNSPECIFIED.,.F.,.F.,(4,1,1,4),(0.E0,3.333333333333E-1,6.666666666667E-1,1.E0),
.UNSPECIFIED.);
#2217=B_SPLINE_CURVE_WITH_KNOTS('',3,(#2211,#2212,#2213,#2214,#2215,#2216),
.UNSPECIFIED.,.F.,.F.,(4,1,1,4),(0.E0,3.333333333333E-1,6.666666666667E-1,1.E0),
.UNSPECIFIED.);
#2227=B_SPLINE_CURVE_WITH_KNOTS('',3,(#2221,#2222,#2223,#2224,#2225,#2226),
.UNSPECIFIED.,.F.,.F.,(4,1,1,4),(0.E0,3.333333333333E-1,6.666666666667E-1,1.E0),
.UNSPECIFIED.);
#2240=B_SPLINE_CURVE_WITH_KNOTS('',3,(#2231,#2232,#2233,#2234,#2235,#2236,#2237,
#2238,#2239),.UNSPECIFIED.,.F.,.F.,(4,1,1,1,1,1,4),(0.E0,1.666666666667E-1,
3.333333333333E-1,5.E-1,6.666666666667E-1,8.333333333333E-1,1.E0),
.UNSPECIFIED.);
#2250=B_SPLINE_CURVE_WITH_KNOTS('',3,(#2244,#2245,#2246,#2247,#2248,#2249),
.UNSPECIFIED.,.F.,.F.,(4,1,1,4),(0.E0,3.333333333333E-1,6.666666666667E-1,1.E0),
.UNSPECIFIED.);
#2276=B_SPLINE_CURVE_WITH_KNOTS('',3,(#2261,#2262,#2263,#2264,#2265,#2266,#2267,
#2268,#2269,#2270,#2271,#2272,#2273,#2274,#2275),.UNSPECIFIED.,.F.,.F.,(4,1,1,1,
1,1,1,1,1,1,1,1,4),(0.E0,8.333333333333E-2,1.666666666667E-1,2.5E-1,
3.333333333333E-1,4.166666666667E-1,5.E-1,5.833333333333E-1,6.666666666667E-1,
7.5E-1,8.333333333333E-1,9.166666666667E-1,1.E0),.UNSPECIFIED.);
#2284=CIRCLE('',#2283,1.521109455698E1);
#2292=CIRCLE('',#2291,1.521109455444E1);
#2363=CIRCLE('',#2362,3.525E0);
#2371=CIRCLE('',#2370,3.525E0);
#2386=CIRCLE('',#2385,2.925E0);
#2394=CIRCLE('',#2393,2.E-1);
#2402=CIRCLE('',#2401,1.E0);
#2417=CIRCLE('',#2416,4.2E0);
#2425=CIRCLE('',#2424,4.2E0);
#2433=CIRCLE('',#2432,4.2E0);
#2441=CIRCLE('',#2440,1.E0);
#2449=CIRCLE('',#2448,2.E-1);
#2457=CIRCLE('',#2456,2.925E0);
#2479=CIRCLE('',#2478,4.199999999999E0);
#2487=CIRCLE('',#2486,4.2E0);
#2495=CIRCLE('',#2494,4.2E0);
#2862=EDGE_CURVE('',#2501,#2502,#341,.T.);
#2864=EDGE_CURVE('',#2504,#2501,#1314,.T.);
#2866=EDGE_CURVE('',#2504,#2506,#325,.T.);
#2868=EDGE_CURVE('',#2506,#2502,#334,.T.);
#2878=EDGE_CURVE('',#2509,#2510,#356,.T.);
#2880=EDGE_CURVE('',#2501,#2509,#1338,.T.);
#2883=EDGE_CURVE('',#2502,#2510,#349,.T.);
#2893=EDGE_CURVE('',#2513,#2514,#393,.T.);
#2895=EDGE_CURVE('',#2509,#2513,#1361,.T.);
#2898=EDGE_CURVE('',#2510,#2514,#363,.T.);
#2908=EDGE_CURVE('',#2516,#2514,#407,.T.);
#2910=EDGE_CURVE('',#2516,#2518,#371,.T.);
#2912=EDGE_CURVE('',#2518,#2520,#378,.T.);
#2914=EDGE_CURVE('',#2520,#2513,#386,.T.);
#2925=EDGE_CURVE('',#2523,#2524,#400,.T.);
#2927=EDGE_CURVE('',#2516,#2524,#478,.T.);
#2930=EDGE_CURVE('',#2514,#2523,#414,.T.);
#2940=EDGE_CURVE('',#2527,#2528,#444,.T.);
#2942=EDGE_CURVE('',#2527,#2524,#422,.T.);
#2945=EDGE_CURVE('',#2523,#2530,#429,.T.);
#2947=EDGE_CURVE('',#2530,#2528,#437,.T.);
#2957=EDGE_CURVE('',#2527,#2518,#471,.T.);
#2960=EDGE_CURVE('',#2528,#2531,#454,.T.);
#2962=EDGE_CURVE('',#2533,#2531,#980,.T.);
#2964=EDGE_CURVE('',#2533,#2520,#464,.T.);
#2989=EDGE_CURVE('',#2530,#2535,#485,.T.);
#2991=EDGE_CURVE('',#2537,#2535,#1209,.T.);
#2993=EDGE_CURVE('',#2531,#2537,#987,.T.);
#3004=EDGE_CURVE('',#2523,#2539,#492,.T.);
#3006=EDGE_CURVE('',#2535,#2539,#1240,.T.);
#3017=EDGE_CURVE('',#2541,#2539,#499,.T.);
#3022=EDGE_CURVE('',#2510,#2543,#506,.T.);
#3024=EDGE_CURVE('',#2543,#2541,#513,.T.);
#3034=EDGE_CURVE('',#2546,#2547,#548,.T.);
#3036=EDGE_CURVE('',#2549,#2546,#1263,.T.);
#3038=EDGE_CURVE('',#2539,#2549,#1248,.T.);
#3041=EDGE_CURVE('',#2551,#2541,#571,.T.);
#3043=EDGE_CURVE('',#2547,#2551,#563,.T.);
#3053=EDGE_CURVE('',#2553,#2506,#520,.T.);
#3055=EDGE_CURVE('',#2506,#2555,#527,.T.);
#3057=EDGE_CURVE('',#2555,#2557,#534,.T.);
#3059=EDGE_CURVE('',#2557,#2546,#541,.T.);
#3062=EDGE_CURVE('',#2547,#2553,#555,.T.);
#3076=EDGE_CURVE('',#2559,#2553,#587,.T.);
#3078=EDGE_CURVE('',#2543,#2559,#579,.T.);
#3096=EDGE_CURVE('',#2562,#2563,#594,.T.);
#3098=EDGE_CURVE('',#2563,#2565,#602,.T.);
#3100=EDGE_CURVE('',#2565,#2567,#610,.T.);
#3102=EDGE_CURVE('',#2567,#2569,#617,.T.);
#3104=EDGE_CURVE('',#2569,#2571,#625,.T.);
#3106=EDGE_CURVE('',#2571,#2562,#633,.T.);
#3116=EDGE_CURVE('',#2574,#2575,#640,.T.);
#3118=EDGE_CURVE('',#2577,#2575,#1824,.T.);
#3120=EDGE_CURVE('',#2577,#2579,#647,.T.);
#3122=EDGE_CURVE('',#2581,#2579,#1945,.T.);
#3124=EDGE_CURVE('',#2581,#2563,#657,.T.);
#3127=EDGE_CURVE('',#2562,#2582,#667,.T.);
#3129=EDGE_CURVE('',#2584,#2582,#2464,.T.);
#3131=EDGE_CURVE('',#2586,#2584,#2409,.T.);
#3133=EDGE_CURVE('',#2574,#2586,#2341,.T.);
#3143=EDGE_CURVE('',#2589,#2590,#675,.T.);
#3145=EDGE_CURVE('',#2590,#2592,#683,.T.);
#3147=EDGE_CURVE('',#2592,#2594,#690,.T.);
#3149=EDGE_CURVE('',#2594,#2597,#698,.T.);
#3151=EDGE_CURVE('',#2597,#2598,#706,.T.);
#3153=EDGE_CURVE('',#2598,#2589,#713,.T.);
#3157=EDGE_CURVE('',#2601,#2602,#720,.T.);
#3159=EDGE_CURVE('',#2602,#2604,#728,.T.);
#3161=EDGE_CURVE('',#2604,#2606,#735,.T.);
#3163=EDGE_CURVE('',#2606,#2609,#743,.T.);
#3165=EDGE_CURVE('',#2609,#2610,#751,.T.);
#3167=EDGE_CURVE('',#2610,#2612,#758,.T.);
#3169=EDGE_CURVE('',#2612,#2614,#766,.T.);
#3171=EDGE_CURVE('',#2614,#2616,#773,.T.);
#3173=EDGE_CURVE('',#2616,#2618,#781,.T.);
#3175=EDGE_CURVE('',#2618,#2620,#789,.T.);
#3177=EDGE_CURVE('',#2622,#2620,#1810,.T.);
#3179=EDGE_CURVE('',#2622,#2575,#797,.T.);
#3182=EDGE_CURVE('',#2574,#2624,#805,.T.);
#3184=EDGE_CURVE('',#2626,#2624,#2334,.T.);
#3186=EDGE_CURVE('',#2626,#2628,#813,.T.);
#3188=EDGE_CURVE('',#2628,#2630,#821,.T.);
#3190=EDGE_CURVE('',#2630,#2632,#828,.T.);
#3192=EDGE_CURVE('',#2632,#2634,#836,.T.);
#3194=EDGE_CURVE('',#2634,#2636,#843,.T.);
#3196=EDGE_CURVE('',#2636,#2638,#851,.T.);
#3198=EDGE_CURVE('',#2638,#2640,#859,.T.);
#3200=EDGE_CURVE('',#2640,#2642,#866,.T.);
#3202=EDGE_CURVE('',#2642,#2644,#874,.T.);
#3204=EDGE_CURVE('',#2644,#2646,#881,.T.);
#3206=EDGE_CURVE('',#2646,#2648,#889,.T.);
#3208=EDGE_CURVE('',#2648,#2650,#897,.T.);
#3210=EDGE_CURVE('',#2652,#2650,#1966,.T.);
#3212=EDGE_CURVE('',#2652,#2654,#905,.T.);
#3214=EDGE_CURVE('',#2654,#2656,#912,.T.);
#3216=EDGE_CURVE('',#2656,#2658,#920,.T.);
#3218=EDGE_CURVE('',#2660,#2658,#1866,.T.);
#3220=EDGE_CURVE('',#2660,#2662,#928,.T.);
#3222=EDGE_CURVE('',#2662,#2601,#936,.T.);
#3234=EDGE_CURVE('',#2589,#2813,#943,.T.);
#3236=EDGE_CURVE('',#2813,#2815,#951,.T.);
#3238=EDGE_CURVE('',#2815,#2817,#959,.T.);
#3240=EDGE_CURVE('',#2592,#2817,#1045,.T.);
#3250=EDGE_CURVE('',#2819,#2813,#966,.T.);
#3254=EDGE_CURVE('',#2819,#2598,#1031,.T.);
#3265=EDGE_CURVE('',#2821,#2819,#1001,.T.);
#3267=EDGE_CURVE('',#2821,#2533,#973,.T.);
#3271=EDGE_CURVE('',#2537,#2813,#994,.T.);
#3282=EDGE_CURVE('',#2823,#2819,#1024,.T.);
#3284=EDGE_CURVE('',#2825,#2823,#1368,.T.);
#3286=EDGE_CURVE('',#2821,#2825,#1354,.T.);
#3298=EDGE_CURVE('',#2594,#2827,#1008,.T.);
#3300=EDGE_CURVE('',#2827,#2823,#1016,.T.);
#3312=EDGE_CURVE('',#2817,#2827,#1038,.T.);
#3325=EDGE_CURVE('',#2830,#2831,#1052,.T.);
#3327=EDGE_CURVE('',#2833,#2831,#1291,.T.);
#3329=EDGE_CURVE('',#2833,#2827,#1059,.T.);
#3332=EDGE_CURVE('',#2835,#2817,#1277,.T.);
#3334=EDGE_CURVE('',#2835,#2830,#1066,.T.);
#3344=EDGE_CURVE('',#2838,#2839,#1096,.T.);
#3346=EDGE_CURVE('',#2838,#2841,#1073,.T.);
#3348=EDGE_CURVE('',#2841,#2831,#1081,.T.);
#3351=EDGE_CURVE('',#2830,#2842,#1089,.T.);
#3353=EDGE_CURVE('',#2839,#2842,#1148,.T.);
#3363=EDGE_CURVE('',#2838,#2844,#1111,.T.);
#3366=EDGE_CURVE('',#2846,#2839,#1141,.T.);
#3368=EDGE_CURVE('',#2846,#2844,#1103,.T.);
#3379=EDGE_CURVE('',#2844,#2555,#1118,.T.);
#3381=EDGE_CURVE('',#2555,#2848,#1125,.T.);
#3383=EDGE_CURVE('',#2848,#2841,#1133,.T.);
#3396=EDGE_CURVE('',#2557,#2846,#1170,.T.);
#3409=EDGE_CURVE('',#2842,#2850,#1156,.T.);
#3411=EDGE_CURVE('',#2850,#2557,#1163,.T.);
#3425=EDGE_CURVE('',#2852,#2835,#1193,.T.);
#3427=EDGE_CURVE('',#2852,#2850,#1177,.T.);
#3437=EDGE_CURVE('',#2855,#2856,#1225,.T.);
#3439=EDGE_CURVE('',#2855,#2852,#1185,.T.);
#3442=EDGE_CURVE('',#2835,#2856,#1201,.T.);
#3453=EDGE_CURVE('',#2535,#2855,#1217,.T.);
#3456=EDGE_CURVE('',#2856,#2537,#1233,.T.);
#3466=EDGE_CURVE('',#2855,#2549,#1255,.T.);
#3479=EDGE_CURVE('',#2852,#2546,#1270,.T.);
#3504=EDGE_CURVE('',#2815,#2856,#1284,.T.);
#3529=EDGE_CURVE('',#2848,#2504,#1298,.T.);
#3546=EDGE_CURVE('',#2833,#2504,#1306,.T.);
#3558=EDGE_CURVE('',#2501,#2825,#1322,.T.);
#3560=EDGE_CURVE('',#2825,#2833,#1330,.T.);
#3572=EDGE_CURVE('',#2509,#2821,#1346,.T.);
#3608=EDGE_CURVE('',#2664,#2602,#1375,.T.);
#3611=EDGE_CURVE('',#2666,#2601,#1838,.T.);
#3613=EDGE_CURVE('',#2664,#2666,#1703,.T.);
#3623=EDGE_CURVE('',#2669,#2670,#1412,.T.);
#3625=EDGE_CURVE('',#2672,#2669,#1404,.T.);
#3627=EDGE_CURVE('',#2672,#2604,#1382,.T.);
#3631=EDGE_CURVE('',#2674,#2664,#1696,.T.);
#3633=EDGE_CURVE('',#2676,#2674,#1688,.T.);
#3635=EDGE_CURVE('',#2676,#2614,#1389,.T.);
#3638=EDGE_CURVE('',#2612,#2670,#1396,.T.);
#3828=EDGE_CURVE('',#2677,#2670,#1435,.T.);
#3830=EDGE_CURVE('',#2679,#2677,#1458,.T.);
#3832=EDGE_CURVE('',#2681,#2679,#1450,.T.);
#3834=EDGE_CURVE('',#2672,#2681,#1621,.T.);
#3844=EDGE_CURVE('',#2682,#2677,#1422,.T.);
#3849=EDGE_CURVE('',#2610,#2684,#1442,.T.);
#3851=EDGE_CURVE('',#2685,#2684,#1588,.T.);
#3853=EDGE_CURVE('',#2687,#2685,#1541,.T.);
#3855=EDGE_CURVE('',#2689,#2687,#1534,.T.);
#3857=EDGE_CURVE('',#2682,#2689,#1481,.T.);
#3870=EDGE_CURVE('',#2682,#2692,#1466,.T.);
#3872=EDGE_CURVE('',#2692,#2693,#1474,.T.);
#3874=EDGE_CURVE('',#2681,#2693,#1631,.T.);
#3887=EDGE_CURVE('',#2697,#2689,#1527,.T.);
#3889=EDGE_CURVE('',#2696,#2697,#1519,.T.);
#3891=EDGE_CURVE('',#2696,#2693,#1488,.T.);
#3901=EDGE_CURVE('',#2687,#2699,#1496,.T.);
#3903=EDGE_CURVE('',#2699,#2701,#1504,.T.);
#3905=EDGE_CURVE('',#2701,#2696,#1511,.T.);
#3919=EDGE_CURVE('',#2685,#2702,#1551,.T.);
#3921=EDGE_CURVE('',#2706,#2702,#1673,.T.);
#3923=EDGE_CURVE('',#2705,#2706,#1665,.T.);
#3925=EDGE_CURVE('',#2705,#2707,#1561,.T.);
#3927=EDGE_CURVE('',#2707,#2701,#1568,.T.);
#3983=EDGE_CURVE('',#2709,#2684,#1608,.T.);
#3985=EDGE_CURVE('',#2708,#2709,#1598,.T.);
#3987=EDGE_CURVE('',#2708,#2707,#1578,.T.);
#3990=EDGE_CURVE('',#2702,#2705,#1657,.T.);
#4007=EDGE_CURVE('',#2708,#2606,#1638,.T.);
#4045=EDGE_CURVE('',#2741,#2676,#1680,.T.);
#4050=EDGE_CURVE('',#2666,#2743,#1711,.T.);
#4052=EDGE_CURVE('',#2743,#2745,#1719,.T.);
#4054=EDGE_CURVE('',#2747,#2745,#1859,.T.);
#4056=EDGE_CURVE('',#2747,#2749,#1727,.T.);
#4058=EDGE_CURVE('',#2749,#2751,#1734,.T.);
#4060=EDGE_CURVE('',#2751,#2753,#1742,.T.);
#4062=EDGE_CURVE('',#2753,#2755,#1750,.T.);
#4064=EDGE_CURVE('',#2755,#2579,#1758,.T.);
#4067=EDGE_CURVE('',#2577,#2757,#1766,.T.);
#4069=EDGE_CURVE('',#2759,#2757,#1817,.T.);
#4071=EDGE_CURVE('',#2759,#2761,#1774,.T.);
#4073=EDGE_CURVE('',#2761,#2741,#1782,.T.);
#4085=EDGE_CURVE('',#2616,#2741,#1789,.T.);
#4098=EDGE_CURVE('',#2761,#2618,#1796,.T.);
#4111=EDGE_CURVE('',#2759,#2620,#1803,.T.);
#4122=EDGE_CURVE('',#2622,#2757,#1831,.T.);
#4149=EDGE_CURVE('',#2662,#2743,#1845,.T.);
#4162=EDGE_CURVE('',#2660,#2745,#1852,.T.);
#4173=EDGE_CURVE('',#2747,#2658,#1880,.T.);
#4186=EDGE_CURVE('',#2656,#2749,#1873,.T.);
#4200=EDGE_CURVE('',#2567,#2801,#1890,.T.);
#4202=EDGE_CURVE('',#2751,#2801,#1938,.T.);
#4207=EDGE_CURVE('',#2733,#2654,#1959,.T.);
#4209=EDGE_CURVE('',#2733,#2731,#1897,.T.);
#4211=EDGE_CURVE('',#2803,#2731,#2471,.T.);
#4213=EDGE_CURVE('',#2803,#2569,#1907,.T.);
#4224=EDGE_CURVE('',#2581,#2805,#1915,.T.);
#4226=EDGE_CURVE('',#2805,#2807,#1923,.T.);
#4228=EDGE_CURVE('',#2807,#2801,#1931,.T.);
#4258=EDGE_CURVE('',#2652,#2735,#1952,.T.);
#4260=EDGE_CURVE('',#2733,#2735,#2441,.T.);
#4273=EDGE_CURVE('',#2737,#2650,#1980,.T.);
#4275=EDGE_CURVE('',#2737,#2735,#1973,.T.);
#4285=EDGE_CURVE('',#2739,#2648,#1994,.T.);
#4287=EDGE_CURVE('',#2737,#2739,#2449,.T.);
#4299=EDGE_CURVE('',#2646,#2712,#1987,.T.);
#4301=EDGE_CURVE('',#2739,#2712,#2457,.T.);
#4313=EDGE_CURVE('',#2713,#2644,#2008,.T.);
#4315=EDGE_CURVE('',#2712,#2713,#2355,.T.);
#4327=EDGE_CURVE('',#2764,#2765,#2031,.T.);
#4329=EDGE_CURVE('',#2767,#2764,#2023,.T.);
#4331=EDGE_CURVE('',#2767,#2634,#2001,.T.);
#4334=EDGE_CURVE('',#2717,#2632,#2299,.T.);
#4336=EDGE_CURVE('',#2716,#2717,#2371,.T.);
#4338=EDGE_CURVE('',#2713,#2716,#2363,.T.);
#4342=EDGE_CURVE('',#2642,#2765,#2015,.T.);
#4558=EDGE_CURVE('',#2768,#2765,#2054,.T.);
#4560=EDGE_CURVE('',#2770,#2768,#2077,.T.);
#4562=EDGE_CURVE('',#2772,#2770,#2069,.T.);
#4564=EDGE_CURVE('',#2767,#2772,#2240,.T.);
#4574=EDGE_CURVE('',#2773,#2768,#2041,.T.);
#4579=EDGE_CURVE('',#2640,#2775,#2061,.T.);
#4581=EDGE_CURVE('',#2776,#2775,#2207,.T.);
#4583=EDGE_CURVE('',#2778,#2776,#2160,.T.);
#4585=EDGE_CURVE('',#2780,#2778,#2153,.T.);
#4587=EDGE_CURVE('',#2773,#2780,#2100,.T.);
#4600=EDGE_CURVE('',#2773,#2783,#2085,.T.);
#4602=EDGE_CURVE('',#2783,#2784,#2093,.T.);
#4604=EDGE_CURVE('',#2772,#2784,#2250,.T.);
#4617=EDGE_CURVE('',#2786,#2780,#2146,.T.);
#4619=EDGE_CURVE('',#2788,#2786,#2138,.T.);
#4621=EDGE_CURVE('',#2788,#2784,#2107,.T.);
#4631=EDGE_CURVE('',#2778,#2790,#2115,.T.);
#4633=EDGE_CURVE('',#2790,#2792,#2123,.T.);
#4635=EDGE_CURVE('',#2792,#2788,#2130,.T.);
#4649=EDGE_CURVE('',#2776,#2793,#2170,.T.);
#4651=EDGE_CURVE('',#2797,#2793,#2292,.T.);
#4653=EDGE_CURVE('',#2796,#2797,#2284,.T.);
#4655=EDGE_CURVE('',#2796,#2798,#2180,.T.);
#4657=EDGE_CURVE('',#2798,#2792,#2187,.T.);
#4713=EDGE_CURVE('',#2800,#2775,#2227,.T.);
#4715=EDGE_CURVE('',#2799,#2800,#2217,.T.);
#4717=EDGE_CURVE('',#2799,#2798,#2197,.T.);
#4720=EDGE_CURVE('',#2793,#2796,#2276,.T.);
#4737=EDGE_CURVE('',#2799,#2636,#2257,.T.);
#4777=EDGE_CURVE('',#2719,#2630,#2306,.T.);
#4779=EDGE_CURVE('',#2717,#2719,#2378,.T.);
#4791=EDGE_CURVE('',#2628,#2721,#2313,.T.);
#4793=EDGE_CURVE('',#2719,#2721,#2386,.T.);
#4805=EDGE_CURVE('',#2626,#2723,#2320,.T.);
#4807=EDGE_CURVE('',#2721,#2723,#2394,.T.);
#4817=EDGE_CURVE('',#2725,#2624,#2348,.T.);
#4819=EDGE_CURVE('',#2725,#2723,#2327,.T.);
#4832=EDGE_CURVE('',#2725,#2586,#2402,.T.);
#4853=EDGE_CURVE('',#2584,#2727,#2417,.T.);
#4855=EDGE_CURVE('',#2727,#2729,#2425,.T.);
#4857=EDGE_CURVE('',#2729,#2731,#2433,.T.);
#4876=EDGE_CURVE('',#2809,#2582,#2495,.T.);
#4878=EDGE_CURVE('',#2811,#2809,#2487,.T.);
#4880=EDGE_CURVE('',#2803,#2811,#2479,.T.);
#4909=(LENGTH_UNIT()NAMED_UNIT(*)SI_UNIT(.MILLI.,.METRE.));
#4911=(NAMED_UNIT(*)PLANE_ANGLE_UNIT()SI_UNIT($,.RADIAN.));
#4914=(NAMED_UNIT(*)SI_UNIT($,.STERADIAN.)SOLID_ANGLE_UNIT());
#4917=ADVANCED_BREP_SHAPE_REPRESENTATION('',(#4902),#4916);
#4925=PRODUCT_DEFINITION('design','',#4924,#4921);
#4926=PRODUCT_DEFINITION_SHAPE('','SHAPE FOR TRACK-SWITCH-D3-1.',#4925);
#4927=SHAPE_DEFINITION_REPRESENTATION(#4926,#4917);
ENDSEC;
END-ISO-10303-21;
